ProfileURL,Name/Handle,Platform,FollowerCount,Email,Tags,OutreachStatus,LastScrapedAt,Region,Language,PrimaryAITool,SampleContentURL,AIGCVerdict,DiscoveredAt,Source,Notes,FeedURL,ContactSourceURL,EvidenceJSON
https://youtube.com/@fadimantium,@fadimantium,,358,not exposed,"AIGC,YouTube,Runway,small-creator",New,2026-08-13T18:05:09Z,,,Runway,https://www.youtube.com/watch?v=BaxaakH32dI,yes,2026-07-06T02:17:00Z,YouTube routine exact API refresh,api_refresh: YouTube subscribers=358; videos=214; channelId=UCrkZv-P_jP6kPV4m8m-zJEw; recent_title=Truth Bomb,https://www.youtube.com/feeds/videos.xml?channel_id=UCrkZv-P_jP6kPV4m8m-zJEw,https://youtube.com/@fadimantium/about,"{""follower_count"":{""source"":""youtube_data_api.channels.list"",""channelId"":""UCrkZv-P_jP6kPV4m8m-zJEw"",""profileUrl"":""https://youtube.com/@fadimantium""},""bio"":{""source"":""youtube_data_api.channels.list"",""channel_id"":""UCrkZv-P_jP6kPV4m8m-zJEw""},""aigc_verdict"":{""source"":""existing_or_api_only_no_frame"",""verdict"":""yes""},""youtube_channel_id"":""UCrkZv-P_jP6kPV4m8m-zJEw"",""recent_uploads"":{""source"":""youtube_data_api.search.list"",""channelId"":""UCrkZv-P_jP6kPV4m8m-zJEw"",""sample"":""https://www.youtube.com/watch?v=BaxaakH32dI""}}"
https://youtube.com/@drdreamstv,@drdreamstv,YouTube,3550,not exposed,"AIGC,YouTube,Sora,small-creator",New,2026-08-10T18:04:29Z,,,Sora,https://www.youtube.com/watch?v=wBE3wzaB6R4,yes,2026-07-06T02:17:00Z,YouTube routine exact API refresh,api_refresh: YouTube subscribers=3550; videos=78; channelId=UC81_dsd-w6Q-kaAT82P_EIw; recent_title=Riders of the Wasteland — NUKE RIDERS,https://www.youtube.com/feeds/videos.xml?channel_id=UC81_dsd-w6Q-kaAT82P_EIw,https://youtube.com/@drdreamstv/about,"{""follower_count"":{""source"":""youtube_data_api.channels.list"",""channelId"":""UC81_dsd-w6Q-kaAT82P_EIw"",""profileUrl"":""https://youtube.com/@drdreamstv""},""bio"":{""source"":""youtube_data_api.channels.list"",""channel_id"":""UC81_dsd-w6Q-kaAT82P_EIw""},""aigc_verdict"":{""source"":""existing_or_api_only_no_frame"",""verdict"":""yes""},""youtube_channel_id"":""UC81_dsd-w6Q-kaAT82P_EIw"",""uploads"":{""source"":""youtube_data_api.search.list"",""channel_id"":""UC81_dsd-w6Q-kaAT82P_EIw"",""sample"":""https://www.youtube.com/watch?v=wBE3wzaB6R4""},""recent_uploads"":{""source"":""youtube_data_api.search.list"",""channelId"":""UC81_dsd-w6Q-kaAT82P_EIw"",""sample"":""https://www.youtube.com/watch?v=wBE3wzaB6R4""}}"
https://youtube.com/@artificialindie,@artificialindie,YouTube,50,not exposed,"AIGC,YouTube,Sora,small-creator",New,2026-08-13T18:05:09Z,,,Sora,https://www.youtube.com/watch?v=TtjGlc5YWDE,unsure,2026-07-06T02:17:00Z,YouTube routine exact API refresh,api_refresh: YouTube subscribers=50; videos=17; channelId=UC80006r7rG06yBJRl7qG-1g; recent_title=Balloons 🎈 - Indie Short Film,https://www.youtube.com/feeds/videos.xml?channel_id=UC80006r7rG06yBJRl7qG-1g,https://youtube.com/@artificialindie/about,"{""follower_count"":{""source"":""youtube_data_api.channels.list"",""channelId"":""UC80006r7rG06yBJRl7qG-1g"",""profileUrl"":""https://youtube.com/@artificialindie""},""bio"":{""source"":""youtube_data_api.channels.list"",""channel_id"":""UC80006r7rG06yBJRl7qG-1g""},""aigc_verdict"":{""source"":""existing_or_api_only_no_frame"",""verdict"":""unsure""},""youtube_channel_id"":""UC80006r7rG06yBJRl7qG-1g"",""recent_uploads"":{""source"":""youtube_data_api.search.list"",""channelId"":""UC80006r7rG06yBJRl7qG-1g"",""sample"":""https://www.youtube.com/watch?v=TtjGlc5YWDE""}}"
https://youtube.com/@krisjcgarcia,@krisjcgarcia,YouTube,843,not exposed,"AIGC,YouTube,Sora,small-creator",New,2026-08-13T18:05:09Z,,,Sora,https://www.youtube.com/watch?v=5sa7U_KhhOU,yes,2026-07-06T02:17:00Z,YouTube routine exact API refresh,api_refresh: YouTube subscribers=843; videos=86; channelId=UCeOWTS0HXH1cFk5Dm-6QqNQ; recent_title=The Land of Imagination ,https://www.youtube.com/feeds/videos.xml?channel_id=UCeOWTS0HXH1cFk5Dm-6QqNQ,https://youtube.com/@krisjcgarcia/about,"{""follower_count"":{""source"":""youtube_data_api.channels.list"",""channelId"":""UCeOWTS0HXH1cFk5Dm-6QqNQ"",""profileUrl"":""https://youtube.com/@krisjcgarcia""},""bio"":{""source"":""youtube_data_api.channels.list"",""channel_id"":""UCeOWTS0HXH1cFk5Dm-6QqNQ""},""aigc_verdict"":{""source"":""existing_or_api_only_no_frame"",""verdict"":""yes""},""youtube_channel_id"":""UCeOWTS0HXH1cFk5Dm-6QqNQ"",""recent_uploads"":{""source"":""youtube_data_api.search.list"",""channelId"":""UCeOWTS0HXH1cFk5Dm-6QqNQ"",""sample"":""https://www.youtube.com/watch?v=5sa7U_KhhOU""}}"
https://youtube.com/@natalia.but_ai,@natalia.but_ai,YouTube,37,not exposed,"AIGC,YouTube,Runway,small-creator",New,2026-08-13T18:05:09Z,,,Runway,https://www.youtube.com/watch?v=PnibaNvja6w,yes,2026-07-06T02:17:00Z,YouTube routine exact API refresh,api_refresh: YouTube subscribers=37; videos=13; channelId=UCxzewjvhdcCaNULDiYHtP9w; recent_title=The Possession — AI Spec Commercial,https://www.youtube.com/feeds/videos.xml?channel_id=UCxzewjvhdcCaNULDiYHtP9w,https://youtube.com/@natalia.but_ai/about,"{""follower_count"":{""source"":""youtube_data_api.channels.list"",""channelId"":""UCxzewjvhdcCaNULDiYHtP9w"",""profileUrl"":""https://youtube.com/@natalia.but_ai""},""bio"":{""source"":""youtube_data_api.channels.list"",""channel_id"":""UCxzewjvhdcCaNULDiYHtP9w""},""aigc_verdict"":{""source"":""existing_or_api_only_no_frame"",""verdict"":""yes""},""youtube_channel_id"":""UCxzewjvhdcCaNULDiYHtP9w"",""recent_uploads"":{""source"":""youtube_data_api.search.list"",""channelId"":""UCxzewjvhdcCaNULDiYHtP9w"",""sample"":""https://www.youtube.com/watch?v=PnibaNvja6w""}}"
https://vimeo.com/spasmdesign,Pierre-Alexandre Loy,Vimeo,65,,"AIGC,Vimeo,API",New,2026-08-08T06:34:38Z,"Paris, France",,Runway,https://vimeo.com/1203457589,unsure,2026-07-06T04:04:38Z,vimeo_api_refresh,API-only Vimeo refresh/discovery; visual AIGC review not performed in routine lane; sole_or_small: unknown,,www.spasmdesign.com,"{""follower_count"":{""source"":""vimeo_api"",""url"":""https://api.vimeo.com/users/2156252""},""profile"":{""source"":""vimeo_api"",""url"":""https://vimeo.com/spasmdesign""},""aigc_verdict"":{""source"":""api_text_only"",""url"":""https://vimeo.com/1203457589"",""note"":""Routine API lane does not infer visual verdict; left unsure unless already reviewed.""}}"
https://vimeo.com/melitar,Melita Radocaj,Vimeo,10,,"AIGC,Vimeo",New,2026-08-10T06:27:40Z,"München, Deutschland",,Runway,https://vimeo.com/1214582017,unsure,2026-07-06T04:04:38Z,Vimeo API refresh,videos_total: 63,,https://melitaradocaj.com/,"{""follower_count"":{""source"":""vimeo_api"",""url"":""https://api.vimeo.com/users/melitar""},""profile"":{""source"":""vimeo_api"",""url"":""https://vimeo.com/melitar""},""aigc_verdict"":{""source"":""api_search_metadata"",""url"":""https://vimeo.com/melitar"",""note"":""API search/profile only; visual frame review not performed in this routine lane""}}"
https://civitai.com/user/kurutai,KurutAI,Civitai,,,"AIGC,Civitai,video",New,2026-08-10T06:27:40Z,,,Civitai,https://image.civitai.com/xG1nkqKTMzGDvpLrqFT7WA/1e276727-fd21-405d-a4d7-c8b3dc7a6730/original=true/1e276727-fd21-405d-a4d7-c8b3dc7a6730.mp4,yes,2026-07-06T04:04:38Z,Civitai API /images type=video sort=Newest,discovered_from_public_sfw_video_feed,,https://civitai.com/user/KurutAI,"{""video_content"":{""source"":""civitai_images_api"",""url"":""https://image.civitai.com/xG1nkqKTMzGDvpLrqFT7WA/1e276727-fd21-405d-a4d7-c8b3dc7a6730/original=true/1e276727-fd21-405d-a4d7-c8b3dc7a6730.mp4"",""type"":""video"",""nsfw"":false},""aigc_verdict"":{""source"":""civitai_video_api"",""url"":""https://image.civitai.com/xG1nkqKTMzGDvpLrqFT7WA/1e276727-fd21-405d-a4d7-c8b3dc7a6730/original=true/1e276727-fd21-405d-a4d7-c8b3dc7a6730.mp4"",""note"":""Civitai public video item confirms AI-generated video output""}}"
https://civitai.com/user/nyuvisionx,nyuvisionx,Civitai,,,"AIGC,Civitai,video",New,2026-08-10T06:27:40Z,,,Civitai,https://image.civitai.com/xG1nkqKTMzGDvpLrqFT7WA/aff6f44c-97fd-4ae6-a112-9eb7eed1a55b/original=true/aff6f44c-97fd-4ae6-a112-9eb7eed1a55b.mp4,yes,2026-07-06T04:04:38Z,Civitai API refresh,public_sfw_video_items: 10,,https://civitai.com/user/nyuvisionx,"{""video_content"":{""source"":""civitai_images_api"",""url"":""https://civitai.com/api/v1/images"",""items"":10,""type"":""video"",""nsfw"":false},""aigc_verdict"":{""source"":""civitai_video_api"",""url"":""https://image.civitai.com/xG1nkqKTMzGDvpLrqFT7WA/aff6f44c-97fd-4ae6-a112-9eb7eed1a55b/original=true/aff6f44c-97fd-4ae6-a112-9eb7eed1a55b.mp4"",""note"":""Civitai public video item confirms AI-generated video output""}}"
https://instagram.com/dariondanjou,Darion D'Anjou (@dariondanjou),Instagram,5561,,"AIGC,AI filmmaker,Instagram",New,2026-07-07T02:53:01Z,US,en,,https://www.instagram.com/dariondanjou/,yes,2026-07-07T02:53:01Z,SearXNG shortlist; Instagram computer_use AX profile read 2026-07-07,"Profile bio: Film Director; ai filmmaker | writer | director | artist. 227 posts, 5,561 followers, 4,923 following. Public link-in-bio youtu.be/QusCVK_AYdk?si=enOuOzW-xVdFfaWN and 2 more; Threads dariondanjou. Sole/small-looking; no public email visible in profile header.",,https://www.instagram.com/dariondanjou/,"{""follower_count"":{""source"":""computer_use_ax"",""url"":""https://www.instagram.com/dariondanjou/"",""value"":5561},""bio"":{""source"":""computer_use_ax"",""text"":""Film Director; ai filmmaker | writer | director | artist; pre-save blaise single terms&conditions link below""},""aigc_verdict"":{""source"":""computer_use_ax"",""evidence"":""Bio says ai filmmaker; grid includes AI-themed pinned/clip captions.""}}"
https://instagram.com/ai_anav,Anav Nayar (@ai_anav),Instagram,18800,,"AIGC,AI filmmaker,Instagram,verified",New,2026-07-07T02:53:01Z,,en,,https://www.instagram.com/ai_anav/,yes,2026-07-07T02:53:01Z,SearXNG shortlist; Instagram computer_use AX profile read 2026-07-07,"Verified. Profile bio: Artist; Are we human or are we dancer? Screenwriter | AI Filmmaker; @wizloopstudios; DM/email for work & collabs. 114 posts, 18.8K followers, 1 following. Over 10k follower threshold, but still likely individual/small studio. No public email text visible in profile header.",,https://www.instagram.com/ai_anav/,"{""follower_count"":{""source"":""computer_use_ax"",""url"":""https://www.instagram.com/ai_anav/"",""value"":18800},""bio"":{""source"":""computer_use_ax"",""text"":""Artist; Are we human or are we dancer? Screenwriter | AI Filmmaker; @wizloopstudios; DM/email for work & collabs""},""aigc_verdict"":{""source"":""computer_use_ax"",""evidence"":""Bio says AI Filmmaker; grid captions include all visuals created using AI and #aifilmmaking/#aiart.""}}"
https://instagram.com/kseniia_saraieva,@kseniia_saraieva,Instagram,2190,,"AIGC,AI filmmaker,AI curator,Instagram",New,2026-07-07T02:53:01Z,EU,en,Caimera AI,https://www.instagram.com/kseniia_saraieva/,yes,2026-07-07T02:53:01Z,SearXNG shortlist; Instagram computer_use AX profile read 2026-07-07,"Profile bio: AI Filmmaker | Curator | Researcher | from UA | based NL | Creative Partnership Program: Caimera AI. 169 posts, 2,190 followers, 5,298 following. Public link artbeyondcreator.net and 1 more; Threads kseniia_saraieva. Sole/small-looking; no public email visible in profile header.",,https://www.instagram.com/kseniia_saraieva/,"{""follower_count"":{""source"":""computer_use_ax"",""url"":""https://www.instagram.com/kseniia_saraieva/"",""value"":2190},""bio"":{""source"":""computer_use_ax"",""text"":""AI Filmmaker | Curator | Researcher | from UA | based NL | Creative Partnership Program: Caimera AI""},""aigc_verdict"":{""source"":""computer_use_ax"",""evidence"":""Bio says AI Filmmaker/Curator; visible grid and captions discuss AI tools, AI companion/robot/aiculture, and AI culture panels.""}}"
https://reddit.com/user/hayailearn,@hayailearn,Reddit,,,"AIGC,Reddit,search-index",New,2026-08-08T02:16:33Z,,,,https://www.reddit.com/user/hayailearn/,unsure,2026-07-17T02:17:27Z,"searxng ""AI video creator"" site:reddit.com/user",Reddit discovery-only; no keyless profiling API from this host; follower count intentionally empty; AIGC verdict unsure.,,https://www.reddit.com/user/hayailearn/,"{""discovery"":{""source"":""searxng"",""query"":""\""AI video creator\"" site:reddit.com/user"",""url"":""https://www.reddit.com/user/hayailearn/"",""title"":""u/hayailearn - Reddit"",""snippet"":""20 Sept 2024 ... [Hiring] Short form AI Video Creator & Editor \u00b7 Video editing skills are important, like being able to create smooth transitions and effects.""},""aigc_verdict"":{""source"":""search_index_only"",""verdict"":""unsure""},""follower_count"":{""source"":""not_profiled_no_keyless_reddit_api"",""value"":""""}}"
https://reddit.com/user/poonfoox,u/poonfoox,Reddit,,,"AIGC,Reddit,AI video",New,2026-07-17T02:17:27Z,,,,,unsure,2026-07-17T02:17:27Z,"searxng site:reddit.com/user ""AI video creator""",Reddit discovery-only; no keyless profiling API from server IP; follower count intentionally empty; AIGC verdict unsure from search source.,,https://www.reddit.com/user/poonfoox/,"{""discovery"":{""tool"":""searxng"",""query"":""site:reddit.com/user \""AI video creator\"""",""source_url"":""https://www.reddit.com/user/poonfoox/"",""title"":""u/poonfoox - Reddit"",""snippet"":""14 Aug 2020 ... Made over a couple days using Bing AI video creator (3 free generations every few hours), here's my bowling diss track in video form. https\u00a0...""}}"
https://reddit.com/user/animated_tales,u/Animated_Tales,Reddit,,,"AIGC,Reddit,AI video",New,2026-07-17T02:17:27Z,,,,,unsure,2026-07-17T02:17:27Z,"searxng site:reddit.com/user ""AI video creator""",Reddit discovery-only; no keyless profiling API from server IP; follower count intentionally empty; AIGC verdict unsure from search source.,,https://www.reddit.com/user/Animated_Tales/,"{""discovery"":{""tool"":""searxng"",""query"":""site:reddit.com/user \""AI video creator\"""",""source_url"":""https://www.reddit.com/user/Animated_Tales/"",""title"":""Animated_Tales - Reddit"",""snippet"":""3 Apr 2026 ... Looking for AI Video Creator (Short Film Style) \u2014 Paid Work \u00b7 Animated_Tales commented 24 days ago. Interesting. Upvote 1. Downvote""}}"
https://reddit.com/user/mima87,u/Mima87,Reddit,,,"AIGC,Reddit,AI video",New,2026-07-17T02:17:27Z,,,,,unsure,2026-07-17T02:17:27Z,"searxng site:reddit.com/user ""AI video creator""",Reddit discovery-only; no keyless profiling API from server IP; follower count intentionally empty; AIGC verdict unsure from search source.,,https://www.reddit.com/user/Mima87/,"{""discovery"":{""tool"":""searxng"",""query"":""site:reddit.com/user \""AI video creator\"""",""source_url"":""https://www.reddit.com/user/Mima87/"",""title"":""u/Mima87 - Reddit"",""snippet"":""25 Jan 2024 ... Time Traveler's Guide to the World Turn ideas into videos | AI video creator \u00b7 https://ai.invideo.io/watch/ieOPW2EVk6I. Sorry, this post has\u00a0...""}}"
https://reddit.com/user/reayman13,u/reayman13,Reddit,,,"AIGC,Reddit,AI video",New,2026-07-18T02:15:50Z,,,,,unsure,2026-07-17T02:17:27Z,SearXNG/ddgs site:reddit.com (r/aivideo + /user),discovery-only; Reddit keyless profiling unavailable; needs later profile/OAuth/frame review,,https://www.reddit.com/user/reayman13/,"{""identity"":{""source"":""searxng"",""url"":""https://www.reddit.com/user/reayman13/"",""search_result_url"":""https://www.reddit.com/user/reayman13/"",""title"":""OrangeCitron (u/reayman13) - Reddit""},""aigc_lead"":{""source"":""searxng"",""query"":""\""AI video creator\"" site:reddit.com/user"",""snippet"":""YOUTUBE thumbnail The Hachieman · TIKTOK thumbnail orangecitron13 · INSTAGRAM thumbnail orange_citron_. AI video creator and more. About. Overview Posts ...""},""follower_count"":{""source"":""not_collected"",""reason"":""Reddit has no keyless profiling API in this routine""},""aigc_verdict"":{""source"":""not_profiled"",""reason"":""ROUTINE.md rule 9: search-snippet leads append as unsure until API/frame review""}}"
https://reddit.com/user/veganhacktivists,u/veganhacktivists,Reddit,,,"AIGC,Reddit,AI video",New,2026-07-17T02:17:27Z,,,,,unsure,2026-07-17T02:17:27Z,"searxng site:reddit.com/user ""AI video creator""",Reddit discovery-only; no keyless profiling API from server IP; follower count intentionally empty; AIGC verdict unsure from search source.,,https://www.reddit.com/user/veganhacktivists/,"{""discovery"":{""tool"":""searxng"",""query"":""site:reddit.com/user \""AI video creator\"""",""source_url"":""https://www.reddit.com/user/veganhacktivists/"",""title"":""Vegan Hacktivists (u/veganhacktivists) - Reddit"",""snippet"":""Design & Multimedia volunteer needed! Animator or AI Video Creator for Alternative Protein Videos ... Description: Clean Meat Alliance is making youtube videos\u00a0...""}}"
https://reddit.com/user/richphone198,u/RichPhone198,Reddit,,,"AIGC,Reddit,AI video",New,2026-07-17T02:17:27Z,,,,,unsure,2026-07-17T02:17:27Z,"searxng site:reddit.com/user ""AI video creator""",Reddit discovery-only; no keyless profiling API from server IP; follower count intentionally empty; AIGC verdict unsure from search source.,,https://www.reddit.com/user/RichPhone198/,"{""discovery"":{""tool"":""searxng"",""query"":""site:reddit.com/user \""AI video creator\"""",""source_url"":""https://www.reddit.com/user/RichPhone198/"",""title"":""JOYBOY (u/RichPhone198) - Reddit"",""snippet"":""3 Feb 2024 ... [For Hire] AI Video Creator (Veo, Kling, HeyGen) \u2014 short-form, UGC ads & AI-avatar videos \u2014 from $15/hr or per-project ... Sorry, this post was\u00a0...""}}"
https://reddit.com/user/left_imagination634,u/Left_Imagination634,Reddit,,,"AIGC,Reddit,AI video",New,2026-07-17T02:17:27Z,,,,,unsure,2026-07-17T02:17:27Z,"searxng site:reddit.com/user ""AI video creator""",Reddit discovery-only; no keyless profiling API from server IP; follower count intentionally empty; AIGC verdict unsure from search source.,,https://www.reddit.com/user/Left_Imagination634/,"{""discovery"":{""tool"":""searxng"",""query"":""site:reddit.com/user \""AI video creator\"""",""source_url"":""https://www.reddit.com/user/Left_Imagination634/"",""title"":""u/Left_Imagination634 - Reddit"",""snippet"":""1 Mar 2022 ... im ai im ai. i hear that sentence from your video, being an ai video creator the challenge is to make a video without being able to tell if its\u00a0...""}}"
https://reddit.com/user/honeydew-stunning,u/Honeydew-Stunning,Reddit,,,"AIGC,Reddit,AI video,Sora",New,2026-07-18T02:15:50Z,,,Sora,https://www.reddit.com/user/Honeydew-Stunning/comments/1uejcer/sora_vs_runway_the_ai_video_war_shorts/,unsure,2026-07-17T02:17:27Z,SearXNG/ddgs site:reddit.com (r/aivideo + /user),discovery-only; Reddit keyless profiling unavailable; needs later profile/OAuth/frame review,,https://www.reddit.com/user/Honeydew-Stunning/comments/1uejcer/sora_vs_runway_the_ai_video_war_shorts/,"{""identity"":{""source"":""searxng"",""url"":""https://www.reddit.com/user/Honeydew-Stunning/"",""search_result_url"":""https://www.reddit.com/user/Honeydew-Stunning/comments/1uejcer/sora_vs_runway_the_ai_video_war_shorts/"",""title"":""Sora vs Runway: The AI Video War #shorts : u/Honeydew-Stunning""},""aigc_lead"":{""source"":""searxng"",""query"":""Runway \""AI video\"" site:reddit.com/user"",""snippet"":""24 Jun 2026 ... Sora vs Runway: The AI Video War #shorts. Play. Upvote 1. Downvote 0 Go to comments. Share. Comments Section. Snoo Wave.""},""follower_count"":{""source"":""not_collected"",""reason"":""Reddit has no keyless profiling API in this routine""},""aigc_verdict"":{""source"":""not_profiled"",""reason"":""ROUTINE.md rule 9: search-snippet leads append as unsure until API/frame review""}}"
https://reddit.com/user/aivideoschool,u/AIVideoSchool,Reddit,,,"AIGC,AI video,Reddit",New,2026-08-10T02:12:34Z,,,Runway,https://www.reddit.com/user/AIVideoSchool/,unsure,2026-07-17T02:17:27Z,searxng site:reddit.com/user Kling AI video,Reddit discovery-only; no keyless profiling API from server IP; follower count intentionally empty.,,https://www.reddit.com/user/AIVideoSchool/,"{""discovery"":{""tool"":""searxng"",""query"":""site:reddit.com/user Kling AI video"",""source_url"":""https://www.reddit.com/user/AIVideoSchool/"",""title"":""u/AIVideoSchool - Reddit""}}"
https://reddit.com/user/eidedodidei,u/EideDoDidei,Reddit,,,"AIGC,Reddit,AI video",New,2026-07-17T02:17:27Z,,,Sora,,unsure,2026-07-17T02:17:27Z,searxng site:reddit.com/user Sora Runway,Reddit discovery-only; no keyless profiling API from server IP; follower count intentionally empty; AIGC verdict unsure from search source.,,https://www.reddit.com/user/EideDoDidei/comments/,"{""discovery"":{""tool"":""searxng"",""query"":""site:reddit.com/user Sora Runway"",""source_url"":""https://www.reddit.com/user/EideDoDidei/comments/"",""title"":""EideDoDidei - Reddit"",""snippet"":""Runway has long generation times and they ban you if you actually try to ... Why is it SO MUCH more filtered than Sora 2 or Gemini or any of the other AI models?""}}"
https://reddit.com/user/kaustubh099,u/Kaustubh099,Reddit,,,"AIGC,Reddit,AI video",New,2026-07-17T02:17:27Z,,,Sora,,unsure,2026-07-17T02:17:27Z,searxng site:reddit.com/user Sora Runway,Reddit discovery-only; no keyless profiling API from server IP; follower count intentionally empty; AIGC verdict unsure from search source.,,https://www.reddit.com/user/Kaustubh099/,"{""discovery"":{""tool"":""searxng"",""query"":""site:reddit.com/user Sora Runway"",""source_url"":""https://www.reddit.com/user/Kaustubh099/"",""title"":""aspecial_one (u/Kaustubh099) - Reddit"",""snippet"":""4 days ago ... Also want someone who can ride trends viral-style edits, trending audio/formats, plus AI-generated video content (think Sora/Runway-style clips,\u00a0...""}}"
https://reddit.com/user/jwallyman51,u/Jwallyman51,Reddit,,,"AIGC,AI video,Reddit",New,2026-08-10T02:12:34Z,,,Sora,https://www.reddit.com/user/Jwallyman51/,unsure,2026-07-17T02:17:27Z,searxng site:reddit.com/user Sora AI video creator,Reddit discovery-only; no keyless profiling API from server IP; follower count intentionally empty.,,https://www.reddit.com/user/Jwallyman51/,"{""discovery"":{""tool"":""searxng"",""query"":""site:reddit.com/user Sora AI video creator"",""source_url"":""https://www.reddit.com/user/Jwallyman51/"",""title"":""Neural Viz (u/Jwallyman51) - Reddit""}}"
https://reddit.com/user/useapi_net,u/useapi_net,Reddit,,,"AIGC,search-index,Runway",New,2026-07-30T14:17:16Z,,,Sora,https://www.reddit.com/user/useapi_net/,unsure,2026-07-17T02:17:27Z,SearXNG site:reddit.com/user Runway AI filmmaker,off-platform discovery; no API follower count in sweep,,https://reddit.com/user/useapi_net,"{""discovery"":{""source"":""SearXNG"",""query"":""Runway AI filmmaker site:reddit.com/user"",""url"":""https://www.reddit.com/user/useapi_net/"",""title"":""useapi.net (u/useapi_net) - Reddit"",""snippet"":""3 Oct 2023 ... u/useapi_net: Experimental third-party API for Veo, Sora, Nano Banana, Seedance, Seedream, Kling, MiniMax, Mureka, Runway, PixVerse, Qwen, ...""},""aigc_verdict"":{""source"":""search_snippet_only"",""verdict"":""unsure""},""follower_count"":{""source"":""not_api_profiled"",""value"":""""}}"
https://reddit.com/user/largelanguageluna,u/LargeLanguageLuna,Reddit,,,"AIGC,Reddit,AI video",New,2026-07-19T02:19:29Z,,,Sora,https://www.reddit.com/user/LargeLanguageLuna/,unsure,2026-07-17T02:17:27Z,searxng Runway generative video site:reddit.com/user,AIGC term: Runway,,https://www.reddit.com/user/LargeLanguageLuna/,"{""discovery"":{""tool"":""searxng"",""query"":""Runway generative video site:reddit.com/user"",""source_url"":""https://www.reddit.com/user/LargeLanguageLuna/"",""title"":""LargeLanguageLuna - Reddit"",""snippet"":""30 Jun 2026 ... Runway is the AI video model company that makes Runway Gen 3. It's ... Film festival for Generative AI Video Producers\u2026 and Traditional\u00a0...""},""profile_status"":""Reddit has no keyless profiling API in this routine; follower count empty, AIGCVerdict unsure.""}"
https://reddit.com/user/sine_fine_belli,u/sine_fine_belli,Reddit,,,"AIGC,Reddit,Sora,Kling",New,2026-08-13T02:05:37Z,,,Sora,https://www.reddit.com/user/sine_fine_belli/m/ai_deep_fake_funny_videos/,unsure,2026-07-17T02:17:27Z,searxng Sora AI video creator site:reddit.com/user,"Reddit discovery-only: no keyless profiling API from server IP; follower_count empty; verdict unsure. Snippet: Ai Deep Fake Funny Videos - Reddit The 7 Best AI Video Platforms to Start Your Creator Journey in 2026 ... I've evaluated 8 platforms based on social testing, UI/UX walkthroughs, pricing breakdowns ... | also: Ai Deep Fake Funny Videos - Reddit The 7 Best AI Video Platforms to Start Your Creator Journey in 2026 ; Motion brush, g",,https://www.reddit.com/user/sine_fine_belli/m/ai_deep_fake_funny_videos/,"{""identity"":{""source"":""searxng"",""url"":""https://www.reddit.com/user/sine_fine_belli/m/ai_deep_fake_funny_videos/"",""query"":""Sora AI video creator site:reddit.com/user"",""reason"":""profile_url_result""},""aigc_verdict"":{""source"":""search_snippet"",""url"":""https://www.reddit.com/user/sine_fine_belli/m/ai_deep_fake_funny_videos/"",""verdict"":""unsure"",""snippet"":""Ai Deep Fake Funny Videos - Reddit The 7 Best AI Video Platforms to Start Your Creator Journey in 2026 ... I've evaluated 8 platforms based on social testing, UI/UX walkthroughs, pricing breakdowns ...""}}"
https://reddit.com/user/kavan-the-kid,u/kavan-the-kid,Reddit,,,"AIGC,AI video,Reddit",New,2026-08-11T02:20:08Z,,,,https://www.reddit.com/user/kavan-the-kid/,unsure,2026-07-17T02:17:27Z,"searxng ""u/"" ""AI filmmaker"" ""r/aivideo"" site:reddit.com/user",Reddit discovery-only; FollowerCount empty and AIGCVerdict=unsure per ROUTINE.md rule 9; no computer_use.,,https://www.reddit.com/user/kavan-the-kid/,"{""identity"":{""source"":""searxng"",""url"":""https://www.reddit.com/user/kavan-the-kid/"",""query"":""\""u/\"" \""AI filmmaker\"" \""r/aivideo\"" site:reddit.com/user""},""aigc_verdict"":{""source"":""not_profiled"",""reason"":""Reddit has no keyless profiling API in routine; search snippet only, per ROUTINE.md rule 9""},""discovery_snippet"":""u/kavan-the-kid: AI filmmaker ... r/aivideo •. Assault on the Vampire Lord's Stronghold · kavan-the-kid commented 2 mo. ago. Hey, this is my show The ...""}"
https://reddit.com/user/snoowoofers7340,u/SnooWoofers7340,Reddit,,,"AIGC,Reddit,AI video",New,2026-07-25T02:14:07Z,,,,https://www.reddit.com/user/SnooWoofers7340/,unsure,2026-07-17T02:17:27Z,"searxng: ""AI filmmaker"" site:reddit.com/user",discovery_only; reddit_no_keyless_profile_api; source=search_index; no computer_use,,https://www.reddit.com/user/SnooWoofers7340/,"{""discovery"":{""source"":""searxng"",""query"":""\""AI filmmaker\"" site:reddit.com/user"",""url"":""https://www.reddit.com/user/SnooWoofers7340/"",""snippet"":""Mikarina (u/SnooWoofers7340) - Reddit \u2014 u/SnooWoofers7340: 1990 | 60+ lands \u2708\ufe0f | \u200d Andaluc\u00eda | Creative Generalist / AI Filmmaker | Brand Launch/Lift | avadigital.ai \u201cWe speak AI\u2026""},""profile"":{""source"":""search-index-only"",""note"":""Reddit keyless profiling API unavailable; not profiled""}}"
https://reddit.com/user/boobkake22,u/boobkake22,Reddit,,,"AIGC,Reddit,AI video",New,2026-07-18T02:15:50Z,,,,,unsure,2026-07-17T02:17:27Z,SearXNG/ddgs site:reddit.com (r/aivideo + /user),discovery-only; Reddit keyless profiling unavailable; needs later profile/OAuth/frame review,,https://www.reddit.com/user/boobkake22/,"{""identity"":{""source"":""searxng"",""url"":""https://www.reddit.com/user/boobkake22/"",""search_result_url"":""https://www.reddit.com/user/boobkake22/"",""title"":""u/boobkake22 - Reddit""},""aigc_lead"":{""source"":""searxng"",""query"":""\""AI filmmaker\"" site:reddit.com/user"",""snippet"":""Fix ANY smudgy, muddy, unusable gen with this V2V Upsampling workflow | A must-have in my book for any AI Filmmaker · boobkake22 replied to foxdit 5 days ago.""},""follower_count"":{""source"":""not_collected"",""reason"":""Reddit has no keyless profiling API in this routine""},""aigc_verdict"":{""source"":""not_profiled"",""reason"":""ROUTINE.md rule 9: search-snippet leads append as unsure until API/frame review""}}"
https://reddit.com/user/slimetime888,u/slimetime888,Reddit,,,"AIGC,Reddit,AI video",New,2026-07-23T02:18:28Z,,,,,unsure,2026-07-17T02:17:27Z,"searxng ""AI filmmaker"" site:reddit.com/user","Reddit discovery-only; no keyless profiling API; snippet lead, not confirmed.",,https://www.reddit.com/user/slimetime888/,"{""identity"":{""source"":""searxng"",""query"":""\""AI filmmaker\"" site:reddit.com/user"",""url"":""https://www.reddit.com/user/slimetime888/""},""aigc_verdict"":{""source"":""search_snippet_only"",""verdict"":""unsure"",""reason"":""slimetime (u/slimetime888) - Reddit"",""url"":""https://www.reddit.com/user/slimetime888/""}}"
https://reddit.com/user/outside-objective828,Rodo AI Filmmaker (u/Outside-Objective828),Reddit,,,"AIGC,AI video,Reddit",New,2026-08-11T02:20:08Z,,,,https://www.reddit.com/user/Outside-Objective828/,unsure,2026-07-17T02:17:27Z,"searxng ""u/"" ""AI filmmaker"" ""r/aivideo"" site:reddit.com/user",Reddit discovery-only; FollowerCount empty and AIGCVerdict=unsure per ROUTINE.md rule 9; no computer_use.,,https://www.reddit.com/user/Outside-Objective828/,"{""identity"":{""source"":""searxng"",""url"":""https://www.reddit.com/user/Outside-Objective828/"",""query"":""\""u/\"" \""AI filmmaker\"" \""r/aivideo\"" site:reddit.com/user""},""aigc_verdict"":{""source"":""not_profiled"",""reason"":""Reddit has no keyless profiling API in routine; search snippet only, per ROUTINE.md rule 9""},""discovery_snippet"":""u/Outside-Objective828: AI filmmaker and video editor creating cinematic stories with FABLE FORGE ... r/aivideo • 2d ago. Locked post. Stickied post. Archived ...""}"
https://reddit.com/user/impossibilia,@impossibilia,Reddit,,,"AIGC,Reddit,AI video",New,2026-08-07T02:14:49Z,,,,https://www.reddit.com/user/impossibilia/,unsure,2026-07-17T02:17:27Z,"searx ""AI filmmaker"" site:reddit.com/user",snippet says former animator and now AI filmmaker; discovery-only Reddit lead; no keyless profiling API,,https://www.reddit.com/user/impossibilia/,"{""identity"":{""source"":""searx"",""url"":""https://www.reddit.com/user/impossibilia/"",""query"":""\""AI filmmaker\"" site:reddit.com/user""},""aigc_verdict"":{""source"":""search_snippet_only"",""verdict"":""unsure"",""reason"":""Reddit has no keyless profiling API in routine; no frame/API review performed""},""why_flagged"":{""title"":""u/impossibilia - Reddit"",""snippet"":""8 days ago ... As a former animator and now AI filmmaker, I can tell you that classical animators were shaking their fists at computer animators. I was at ..."",""reason"":""snippet says former animator and now AI filmmaker""}}"
https://reddit.com/user/singlehandedstudio,u/SingleHandedStudio,Reddit,,,"AIGC,Reddit,AI video",New,2026-07-25T02:14:07Z,,,,https://www.reddit.com/user/SingleHandedStudio/,unsure,2026-07-17T02:17:27Z,"searxng: ""AI filmmaker"" site:reddit.com/user",discovery_only; reddit_no_keyless_profile_api; source=search_index; no computer_use,,https://www.reddit.com/user/SingleHandedStudio/,"{""discovery"":{""source"":""searxng"",""query"":""\""AI filmmaker\"" site:reddit.com/user"",""url"":""https://www.reddit.com/user/SingleHandedStudio/"",""snippet"":""u/SingleHandedStudio - Reddit \u2014 14 Jul 2026 ... I am an award-winning visual artist, designer, creative director, and now an AI filmmaker. This studio is the next version of a creative\u00a0...""},""profile"":{""source"":""search-index-only"",""note"":""Reddit keyless profiling API unavailable; not profiled""}}"
https://reddit.com/user/director_av_auteur,u/Director_AV_Auteur,Reddit,,,"AIGC,Reddit,AI video",New,2026-07-25T02:14:07Z,,,,https://www.reddit.com/user/Director_AV_Auteur/,unsure,2026-07-17T02:17:27Z,"searxng: ""AI filmmaker"" site:reddit.com/user",discovery_only; reddit_no_keyless_profile_api; source=search_index; no computer_use,,https://www.reddit.com/user/Director_AV_Auteur/,"{""discovery"":{""source"":""searxng"",""query"":""\""AI filmmaker\"" site:reddit.com/user"",""url"":""https://www.reddit.com/user/Director_AV_Auteur/"",""snippet"":""u/Director_AV_Auteur - Reddit \u2014 \""Digital Creator & AI Filmmaker crafting intense 20-second micro-dramas focusing on raw human emotions.\"" About.""},""profile"":{""source"":""search-index-only"",""note"":""Reddit keyless profiling API unavailable; not profiled""}}"
https://vimeo.com/user73940161,SOO,Vimeo,5,,"AIGC,Vimeo,Sora",New,2026-08-10T06:27:40Z,캐나다 브리티시컬럼비아 밴쿠버,,Sora,https://vimeo.com/1099035721,unsure,2026-07-17T06:04:41Z,Vimeo API /videos search: sora ai short film,videos_total: 3,,https://vimeo.com/user73940161,"{""follower_count"":{""source"":""vimeo_api"",""url"":""https://api.vimeo.com/users/73940161""},""profile"":{""source"":""vimeo_api"",""url"":""https://vimeo.com/user73940161""},""aigc_verdict"":{""source"":""api_search_metadata"",""url"":""https://vimeo.com/1099035721"",""note"":""API search/profile only; visual frame review not performed in this routine lane""}}"
https://vimeo.com/user3864439,Generative AI Video,Vimeo,0,,"AIGC,Vimeo,Sora",New,2026-08-10T06:27:40Z,,,Sora,https://vimeo.com/947759886,unsure,2026-07-17T06:04:41Z,Vimeo API /videos search: sora ai short film,videos_total: 4,,https://vimeo.com/user3864439,"{""follower_count"":{""source"":""vimeo_api"",""url"":""https://api.vimeo.com/users/3864439""},""profile"":{""source"":""vimeo_api"",""url"":""https://vimeo.com/user3864439""},""aigc_verdict"":{""source"":""api_search_metadata"",""url"":""https://vimeo.com/947759886"",""note"":""API search/profile only; visual frame review not performed in this routine lane""}}"
https://vimeo.com/ryanturnerproductions,Ryan Turner,Vimeo,198,,"AIGC,Vimeo,Sora",New,2026-08-10T06:27:40Z,"Los Angeles, CA, USA",,Sora,https://vimeo.com/1037658224,unsure,2026-07-17T06:04:41Z,Vimeo API /videos search: sora ai short film,videos_total: 43,,www.ryanturnerproductions.com,"{""follower_count"":{""source"":""vimeo_api"",""url"":""https://api.vimeo.com/users/1285110""},""profile"":{""source"":""vimeo_api"",""url"":""https://vimeo.com/ryanturnerproductions""},""aigc_verdict"":{""source"":""api_search_metadata"",""url"":""https://vimeo.com/1037658224"",""note"":""API search/profile only; visual frame review not performed in this routine lane""}}"
https://vimeo.com/user163528136,ishaan s,Vimeo,1,,"AIGC,Vimeo,Sora",New,2026-08-10T06:27:40Z,,,Sora,https://vimeo.com/1073479726,unsure,2026-07-17T06:04:41Z,Vimeo API /videos search: sora ai short film,videos_total: 1,,https://vimeo.com/user163528136,"{""follower_count"":{""source"":""vimeo_api"",""url"":""https://api.vimeo.com/users/163528136""},""profile"":{""source"":""vimeo_api"",""url"":""https://vimeo.com/user163528136""},""aigc_verdict"":{""source"":""api_search_metadata"",""url"":""https://vimeo.com/1073479726"",""note"":""API search/profile only; visual frame review not performed in this routine lane""}}"
https://vimeo.com/user67702053,YiFei Pei,Vimeo,7,,"AIGC,Vimeo,Sora",New,2026-08-10T06:27:40Z,"Savannah, GA, USA",,Sora,https://vimeo.com/1159682645,unsure,2026-07-17T06:04:41Z,Vimeo API /videos search: sora ai short film,videos_total: 7,,https://yifeipei.com,"{""follower_count"":{""source"":""vimeo_api"",""url"":""https://api.vimeo.com/users/67702053""},""profile"":{""source"":""vimeo_api"",""url"":""https://vimeo.com/user67702053""},""aigc_verdict"":{""source"":""api_search_metadata"",""url"":""https://vimeo.com/1159682645"",""note"":""API search/profile only; visual frame review not performed in this routine lane""}}"
https://vimeo.com/user246775904,user246775904,Vimeo,16,,"AIGC,Vimeo,Sora",New,2026-08-10T06:27:40Z,,,Sora,https://vimeo.com/1137968268,unsure,2026-07-17T06:04:41Z,Vimeo API /videos search: sora ai short film,videos_total: 578,,https://vimeo.com/user246775904,"{""follower_count"":{""source"":""vimeo_api"",""url"":""https://api.vimeo.com/users/246775904""},""profile"":{""source"":""vimeo_api"",""url"":""https://vimeo.com/user246775904""},""aigc_verdict"":{""source"":""api_search_metadata"",""url"":""https://vimeo.com/1137968268"",""note"":""API search/profile only; visual frame review not performed in this routine lane""}}"
https://vimeo.com/user142086384,Muhammad Jawad,Vimeo,0,,"AIGC,Vimeo,Sora",New,2026-08-10T06:27:40Z,,,Sora,https://vimeo.com/1127100172,unsure,2026-07-17T06:04:41Z,Vimeo API /videos search: sora ai short film,videos_total: 51,,https://vimeo.com/user142086384,"{""follower_count"":{""source"":""vimeo_api"",""url"":""https://api.vimeo.com/users/142086384""},""profile"":{""source"":""vimeo_api"",""url"":""https://vimeo.com/user142086384""},""aigc_verdict"":{""source"":""api_search_metadata"",""url"":""https://vimeo.com/1127100172"",""note"":""API search/profile only; visual frame review not performed in this routine lane""}}"
https://vimeo.com/user192824095,Riddlemonk,Vimeo,5,,"AIGC,Vimeo,Sora",New,2026-08-10T06:27:40Z,,,Sora,https://vimeo.com/916897245,unsure,2026-07-17T06:04:41Z,Vimeo API /videos search: sora ai short film,videos_total: 30,,https://vimeo.com/user192824095,"{""follower_count"":{""source"":""vimeo_api"",""url"":""https://api.vimeo.com/users/192824095""},""profile"":{""source"":""vimeo_api"",""url"":""https://vimeo.com/user192824095""},""aigc_verdict"":{""source"":""api_search_metadata"",""url"":""https://vimeo.com/916897245"",""note"":""API search/profile only; visual frame review not performed in this routine lane""}}"
https://vimeo.com/delirioai,user233970165,Vimeo,10,,"AIGC,Vimeo",New,2026-08-10T06:27:40Z,,,Runway,https://vimeo.com/1048543820,unsure,2026-07-17T06:04:41Z,Vimeo API refresh,videos_total: 1,,https://www.delirio.ai,"{""follower_count"":{""source"":""vimeo_api"",""url"":""https://api.vimeo.com/users/delirioai""},""profile"":{""source"":""vimeo_api"",""url"":""https://vimeo.com/delirioai""},""aigc_verdict"":{""source"":""api_search_metadata"",""url"":""https://vimeo.com/delirioai"",""note"":""API search/profile only; visual frame review not performed in this routine lane""}}"
https://vimeo.com/user221455605,Pratyay Moon,Vimeo,0,,"AIGC,Vimeo,API,Runway",New,2026-08-08T06:34:38Z,,,Runway,https://vimeo.com/1209094209,unsure,2026-07-17T06:04:41Z,vimeo_api_refresh,API-only Vimeo refresh/discovery; visual AIGC review not performed in routine lane; sole_or_small: unknown,,https://vimeo.com/user221455605,"{""follower_count"":{""source"":""vimeo_api"",""url"":""https://api.vimeo.com/users/221455605""},""profile"":{""source"":""vimeo_api"",""url"":""https://vimeo.com/user221455605""},""aigc_verdict"":{""source"":""api_text_only"",""url"":""https://vimeo.com/1209094209"",""note"":""Routine API lane does not infer visual verdict; left unsure unless already reviewed.""}}"
https://vimeo.com/matassa,Matassa,Vimeo,78,,"AIGC,Vimeo,Kling",New,2026-08-10T06:27:40Z,Creating Remotely USA & Bangkok,,Kling,https://vimeo.com/1041240775,unsure,2026-07-17T06:04:41Z,Vimeo API /videos search: ai filmmaker generative video,videos_total: 577,,http://www.matassa.com,"{""follower_count"":{""source"":""vimeo_api"",""url"":""https://api.vimeo.com/users/8270512""},""profile"":{""source"":""vimeo_api"",""url"":""https://vimeo.com/matassa""},""aigc_verdict"":{""source"":""api_search_metadata"",""url"":""https://vimeo.com/1041240775"",""note"":""API search/profile only; visual frame review not performed in this routine lane""}}"
https://vimeo.com/mihokinomura,NFFT_Miho,Vimeo,87,,"AIGC,Vimeo,Runway",New,2026-08-10T06:27:40Z,アメリカ合衆国 カリフォルニア州 ロサンゼルス,,Runway,https://vimeo.com/1196857285,unsure,2026-07-17T06:04:41Z,Vimeo API /videos search: runway ai video creator,videos_total: 269,,https://www.nfft.jp/,"{""follower_count"":{""source"":""vimeo_api"",""url"":""https://api.vimeo.com/users/7313945""},""profile"":{""source"":""vimeo_api"",""url"":""https://vimeo.com/mihokinomura""},""aigc_verdict"":{""source"":""api_search_metadata"",""url"":""https://vimeo.com/1196857285"",""note"":""API search/profile only; visual frame review not performed in this routine lane""}}"
https://vimeo.com/josepgutierrezfilmmaker,Filmmaker | Josep Gutierrez,Vimeo,143,,"AIGC,Vimeo",New,2026-08-10T06:27:40Z,Barcelona,,Kling,https://vimeo.com/1123732543,unsure,2026-07-17T06:04:41Z,Vimeo API refresh,videos_total: 615,,http://www.josepgutierrez.com,"{""follower_count"":{""source"":""vimeo_api"",""url"":""https://api.vimeo.com/users/josepgutierrezfilmmaker""},""profile"":{""source"":""vimeo_api"",""url"":""https://vimeo.com/josepgutierrezfilmmaker""},""aigc_verdict"":{""source"":""api_search_metadata"",""url"":""https://vimeo.com/josepgutierrezfilmmaker"",""note"":""API search/profile only; visual frame review not performed in this routine lane""}}"
https://vimeo.com/user220439464,Adefemi Stanley,Vimeo,0,,"AIGC,Vimeo,API,Kling",New,2026-08-08T06:34:38Z,"Usa River, Tanzania",,Kling,https://vimeo.com/994598962,unsure,2026-07-17T06:04:41Z,vimeo_api_refresh,API-only Vimeo refresh/discovery; visual AIGC review not performed in routine lane; sole_or_small: unknown,,https://www.upwork.com/freelancers/~01daa66ee62dfe769e,"{""follower_count"":{""source"":""vimeo_api"",""url"":""https://api.vimeo.com/users/220439464""},""profile"":{""source"":""vimeo_api"",""url"":""https://vimeo.com/user220439464""},""aigc_verdict"":{""source"":""api_text_only"",""url"":""https://vimeo.com/994598962"",""note"":""Routine API lane does not infer visual verdict; left unsure unless already reviewed.""}}"
https://vimeo.com/communicatevideo,Communicate Video Production,Vimeo,15,,"AIGC,Vimeo",New,2026-08-10T06:27:40Z,"Milton Keynes, UK",,Kling,https://vimeo.com/1213575296,unsure,2026-07-17T06:04:41Z,Vimeo API refresh,videos_total: 581,,https://commsvideo.com,"{""follower_count"":{""source"":""vimeo_api"",""url"":""https://api.vimeo.com/users/communicatevideo""},""profile"":{""source"":""vimeo_api"",""url"":""https://vimeo.com/communicatevideo""},""aigc_verdict"":{""source"":""api_search_metadata"",""url"":""https://vimeo.com/communicatevideo"",""note"":""API search/profile only; visual frame review not performed in this routine lane""}}"
https://vimeo.com/user242904211,user242904211,Vimeo,2,,"AIGC,Vimeo,API",New,2026-08-08T06:34:38Z,,,Kling,https://vimeo.com/1116746998,unsure,2026-07-17T06:04:41Z,vimeo_api_refresh,API-only Vimeo refresh/discovery; visual AIGC review not performed in routine lane; sole_or_small: unknown,,https://vimeo.com/user242904211,"{""follower_count"":{""source"":""vimeo_api"",""url"":""https://api.vimeo.com/users/242904211""},""profile"":{""source"":""vimeo_api"",""url"":""https://vimeo.com/user242904211""},""aigc_verdict"":{""source"":""api_text_only"",""url"":""https://vimeo.com/1116746998"",""note"":""Routine API lane does not infer visual verdict; left unsure unless already reviewed.""}}"
https://vimeo.com/user223534593,Mia,Vimeo,0,,"AIGC,Vimeo,API,Kling",New,2026-08-08T06:34:38Z,,,Kling,https://vimeo.com/991089284,unsure,2026-07-17T06:04:41Z,vimeo_api_refresh,API-only Vimeo refresh/discovery; visual AIGC review not performed in routine lane; sole_or_small: unknown,,https://vimeo.com/user223534593,"{""follower_count"":{""source"":""vimeo_api"",""url"":""https://api.vimeo.com/users/223534593""},""profile"":{""source"":""vimeo_api"",""url"":""https://vimeo.com/user223534593""},""aigc_verdict"":{""source"":""api_text_only"",""url"":""https://vimeo.com/991089284"",""note"":""Routine API lane does not infer visual verdict; left unsure unless already reviewed.""}}"
https://vimeo.com/kenntnis,株式会社ヒルトル,Vimeo,19,,"AIGC,Vimeo",New,2026-08-10T06:27:40Z,日本、東京都東京,,Kling,https://vimeo.com/1212892788,unsure,2026-07-17T06:04:41Z,Vimeo API refresh,videos_total: 657,,https://philipptarohiltl.com,"{""follower_count"":{""source"":""vimeo_api"",""url"":""https://api.vimeo.com/users/kenntnis""},""profile"":{""source"":""vimeo_api"",""url"":""https://vimeo.com/kenntnis""},""aigc_verdict"":{""source"":""api_search_metadata"",""url"":""https://vimeo.com/kenntnis"",""note"":""API search/profile only; visual frame review not performed in this routine lane""}}"
https://vimeo.com/zunc,Zünc Studio,Vimeo,809,,"AIGC,Vimeo,API",New,2026-08-08T06:34:38Z,"London, UK",,,https://vimeo.com/1178513860,unsure,2026-07-17T06:04:41Z,vimeo_api_refresh,API-only Vimeo refresh/discovery; visual AIGC review not performed in routine lane; sole_or_small: unknown,,https://www.zunc.studio,"{""follower_count"":{""source"":""vimeo_api"",""url"":""https://api.vimeo.com/users/131073625""},""profile"":{""source"":""vimeo_api"",""url"":""https://vimeo.com/zunc""},""aigc_verdict"":{""source"":""api_text_only"",""url"":""https://vimeo.com/1178513860"",""note"":""Routine API lane does not infer visual verdict; left unsure unless already reviewed.""}}"
https://vimeo.com/randlarson,Rand Larson,Vimeo,174,,"AIGC,Vimeo,API",New,2026-08-08T06:34:38Z,"Palm Springs, CA, USA",,,https://vimeo.com/1037990710,unsure,2026-07-17T06:04:41Z,vimeo_api_refresh,API-only Vimeo refresh/discovery; visual AIGC review not performed in routine lane; sole_or_small: unknown,,http://www.morningstarproductions.com,"{""follower_count"":{""source"":""vimeo_api"",""url"":""https://api.vimeo.com/users/4779473""},""profile"":{""source"":""vimeo_api"",""url"":""https://vimeo.com/randlarson""},""aigc_verdict"":{""source"":""api_text_only"",""url"":""https://vimeo.com/1037990710"",""note"":""Routine API lane does not infer visual verdict; left unsure unless already reviewed.""}}"
https://vimeo.com/jasonslabber,jason,Vimeo,1240,,"AIGC,Vimeo",New,2026-08-10T06:27:40Z,cape town SA,,,https://vimeo.com/718221175,unsure,2026-07-17T06:04:41Z,Vimeo API refresh,videos_total: 21,,www.blackginger.tv,"{""follower_count"":{""source"":""vimeo_api"",""url"":""https://api.vimeo.com/users/jasonslabber""},""profile"":{""source"":""vimeo_api"",""url"":""https://vimeo.com/jasonslabber""},""aigc_verdict"":{""source"":""api_search_metadata"",""url"":""https://vimeo.com/jasonslabber"",""note"":""API search/profile only; visual frame review not performed in this routine lane""}}"
https://vimeo.com/optofonica,tez,Vimeo,92,,"AIGC,Vimeo,API",New,2026-08-08T06:34:38Z,amsterdam,,,https://vimeo.com/15824314,unsure,2026-07-17T06:04:41Z,vimeo_api_refresh,API-only Vimeo refresh/discovery; visual AIGC review not performed in routine lane; sole_or_small: unknown,,http://www.tez.it,"{""follower_count"":{""source"":""vimeo_api"",""url"":""https://api.vimeo.com/users/392934""},""profile"":{""source"":""vimeo_api"",""url"":""https://vimeo.com/optofonica""},""aigc_verdict"":{""source"":""api_text_only"",""url"":""https://vimeo.com/15824314"",""note"":""Routine API lane does not infer visual verdict; left unsure unless already reviewed.""}}"
https://vimeo.com/ntangledstate,NtangledState,Vimeo,3,,"AIGC,Vimeo,API",New,2026-08-08T06:34:38Z,"Ottawa, ON, Canada",,,https://vimeo.com/ntangledstate/pkisecops,unsure,2026-07-17T06:04:41Z,vimeo_api_refresh,API-only Vimeo refresh/discovery; visual AIGC review not performed in routine lane; sole_or_small: unknown,,https://www.crunchbase.com/organization/ntangledstate,"{""follower_count"":{""source"":""vimeo_api"",""url"":""https://api.vimeo.com/users/234474653""},""profile"":{""source"":""vimeo_api"",""url"":""https://vimeo.com/ntangledstate""},""aigc_verdict"":{""source"":""api_text_only"",""url"":""https://vimeo.com/ntangledstate/pkisecops"",""note"":""Routine API lane does not infer visual verdict; left unsure unless already reviewed.""}}"
https://vimeo.com/planisware,Planisware,Vimeo,54,,"AIGC,Vimeo,API",New,2026-08-08T06:34:38Z,,,,https://vimeo.com/840870620,unsure,2026-07-17T06:04:41Z,vimeo_videos_search:generative ai video,API-only Vimeo refresh/discovery; visual AIGC review not performed in routine lane; sole_or_small: unknown,,https://vimeo.com/planisware,"{""follower_count"":{""source"":""vimeo_api"",""url"":""https://api.vimeo.com/users/52927383""},""profile"":{""source"":""vimeo_api"",""url"":""https://vimeo.com/planisware""},""aigc_verdict"":{""source"":""api_text_only"",""url"":""https://vimeo.com/840870620"",""note"":""Routine API lane does not infer visual verdict; left unsure unless already reviewed.""}}"
https://vimeo.com/user215096649,Serge,Vimeo,0,,"AIGC,Vimeo,API",New,2026-08-08T06:34:38Z,,,,https://vimeo.com/1165613739,yes,2026-07-17T06:04:41Z,vimeo_api_refresh,API-only Vimeo refresh/discovery; visual AIGC review not performed in routine lane; sole_or_small: unknown,,https://vimeo.com/user215096649,"{""follower_count"":{""source"":""vimeo_api"",""url"":""https://api.vimeo.com/users/215096649""},""profile"":{""source"":""vimeo_api"",""url"":""https://vimeo.com/user215096649""},""aigc_verdict"":{""source"":""api_text_only"",""url"":""https://vimeo.com/1165613739"",""note"":""Routine API lane does not infer visual verdict; left unsure unless already reviewed.""}}"
https://civitai.com/user/nexblend,NexBlend,Civitai,,,"AIGC,Civitai,video",New,2026-08-10T06:27:40Z,,,Civitai,https://image.civitai.com/xG1nkqKTMzGDvpLrqFT7WA/7ff0928c-d331-4038-b099-f3b894684cf0/original=true/7ff0928c-d331-4038-b099-f3b894684cf0.mp4,yes,2026-07-17T06:04:41Z,Civitai API /images type=video sort=Newest,discovered_from_public_sfw_video_feed,,https://civitai.com/user/NexBlend,"{""video_content"":{""source"":""civitai_images_api"",""url"":""https://image.civitai.com/xG1nkqKTMzGDvpLrqFT7WA/7ff0928c-d331-4038-b099-f3b894684cf0/original=true/7ff0928c-d331-4038-b099-f3b894684cf0.mp4"",""type"":""video"",""nsfw"":false},""aigc_verdict"":{""source"":""civitai_video_api"",""url"":""https://image.civitai.com/xG1nkqKTMzGDvpLrqFT7WA/7ff0928c-d331-4038-b099-f3b894684cf0/original=true/7ff0928c-d331-4038-b099-f3b894684cf0.mp4"",""note"":""Civitai public video item confirms AI-generated video output""}}"
https://civitai.com/user/vladaa,Vladaa,Civitai,,,"AIGC,Civitai,video",New,2026-08-06T06:19:00Z,,,Civitai,https://civitai.com/posts/30123163,yes,2026-07-17T06:04:41Z,Civitai API /images type=video newest,"sole_or_small: unknown; video_item_id:138423312; stats:{""cryCount"":2,""laughCount"":0,""likeCount"":5,""dislikeCount"":0,""heartCount"":4,""commentCount"":0}",,https://civitai.com/user/Vladaa,"{""aigc_verdict"":{""source"":""civitai_api_type_video"",""url"":""https://civitai.com/posts/30123163"",""note"":""Civitai public REST returned SFW item with type=video; platform content is AI-generated by definition.""},""video_content"":{""source"":""civitai_api"",""url"":""https://civitai.com/posts/30123163"",""item_id"":138423312}}"
https://civitai.com/user/rixyn,rixyn,Civitai,,,"AIGC,Civitai,Video",New,2026-07-31T06:22:16Z,,,Civitai,https://civitai.com/posts/29803937,yes,2026-07-17T06:04:41Z,civitai api existing-row refresh,civitai_api; type=video; nsfw=false; follower_count_not_exposed,,https://civitai.com/user/rixyn,"{""aigc_verdict"":{""source"":""civitai_api_type_video"",""url"":""https://civitai.com/posts/29803937"",""note"":""Civitai public REST returned type=video with nsfw=false.""},""sample_content"":{""source"":""civitai_api"",""url"":""https://image.civitai.com/xG1nkqKTMzGDvpLrqFT7WA/e18a9d34-8637-4446-9af1-9cedcb0b6f8d/original=true/e18a9d34-8637-4446-9af1-9cedcb0b6f8d.mp4""}}"
https://civitai.com/user/eichenwaldatelier461,eichenwaldatelier461,Civitai,,,"AIGC,Civitai,video",New,2026-08-10T06:27:40Z,,,Civitai,https://image.civitai.com/xG1nkqKTMzGDvpLrqFT7WA/99469d89-3ba3-4fde-b052-be4a0355926d/original=true/99469d89-3ba3-4fde-b052-be4a0355926d.mp4,yes,2026-07-17T06:04:41Z,Civitai API /images type=video sort=Newest,discovered_from_public_sfw_video_feed,,https://civitai.com/user/eichenwaldatelier461,"{""video_content"":{""source"":""civitai_images_api"",""url"":""https://image.civitai.com/xG1nkqKTMzGDvpLrqFT7WA/99469d89-3ba3-4fde-b052-be4a0355926d/original=true/99469d89-3ba3-4fde-b052-be4a0355926d.mp4"",""type"":""video"",""nsfw"":false},""aigc_verdict"":{""source"":""civitai_video_api"",""url"":""https://image.civitai.com/xG1nkqKTMzGDvpLrqFT7WA/99469d89-3ba3-4fde-b052-be4a0355926d/original=true/99469d89-3ba3-4fde-b052-be4a0355926d.mp4"",""note"":""Civitai public video item confirms AI-generated video output""}}"
https://civitai.com/user/caphaomuoi,caphaomuoi,Civitai,,,"AIGC,AI video,Civitai",New,2026-08-01T06:37:46Z,,,,https://image.civitai.com/xG1nkqKTMzGDvpLrqFT7WA/17befa0c-4e20-4387-ae37-df6560de9071/original=true/17befa0c-4e20-4387-ae37-df6560de9071.mp4,yes,2026-07-17T06:04:41Z,Civitai API existing-row refresh type=video,routine API refresh/discovery; Civitai type=video confirms AI video output,,https://civitai.com/user/caphaomuoi,"{""video_content"":{""source"":""civitai_api_images_type_video"",""url"":""https://civitai.com/api/v1/images?username=caphaomuoi&type=video&nsfw=false""}}"
https://civitai.com/user/agent13011260,agent13011260,Civitai,,,"AIGC,Civitai,Video,Kling",New,2026-07-31T06:22:16Z,,,Kling,https://civitai.com/posts/29825737,yes,2026-07-17T06:04:41Z,civitai api existing-row refresh,civitai_api; type=video; nsfw=false; follower_count_not_exposed,,https://civitai.com/user/agent13011260,"{""aigc_verdict"":{""source"":""civitai_api_type_video"",""url"":""https://civitai.com/posts/29825737"",""note"":""Civitai public REST returned type=video with nsfw=false.""},""sample_content"":{""source"":""civitai_api"",""url"":""https://image.civitai.com/xG1nkqKTMzGDvpLrqFT7WA/f9de1d96-b496-432d-a079-738cfa2dc4ca/original=true/f9de1d96-b496-432d-a079-738cfa2dc4ca.mp4""}}"
https://civitai.com/user/satacracy,satacracy,Civitai,,,"AIGC,Civitai,video",New,2026-08-10T06:27:40Z,,,Civitai,https://image.civitai.com/xG1nkqKTMzGDvpLrqFT7WA/e1bad0fd-c614-44ce-972c-0c6c84de6c31/original=true/e1bad0fd-c614-44ce-972c-0c6c84de6c31.mp4,yes,2026-07-17T06:04:41Z,Civitai API refresh,public_sfw_video_items: 10,,https://civitai.com/user/satacracy,"{""video_content"":{""source"":""civitai_images_api"",""url"":""https://civitai.com/api/v1/images"",""items"":10,""type"":""video"",""nsfw"":false},""aigc_verdict"":{""source"":""civitai_video_api"",""url"":""https://image.civitai.com/xG1nkqKTMzGDvpLrqFT7WA/e1bad0fd-c614-44ce-972c-0c6c84de6c31/original=true/e1bad0fd-c614-44ce-972c-0c6c84de6c31.mp4"",""note"":""Civitai public video item confirms AI-generated video output""}}"
https://civitai.com/user/joyy114,joyy114,Civitai,,,"AIGC,Civitai,Video",New,2026-07-31T06:22:16Z,,,Civitai,https://civitai.com/posts/29884423,yes,2026-07-17T06:04:41Z,civitai api existing-row refresh,civitai_api; type=video; nsfw=false; follower_count_not_exposed,,https://civitai.com/user/joyy114,"{""aigc_verdict"":{""source"":""civitai_api_type_video"",""url"":""https://civitai.com/posts/29884423"",""note"":""Civitai public REST returned type=video with nsfw=false.""},""sample_content"":{""source"":""civitai_api"",""url"":""https://image.civitai.com/xG1nkqKTMzGDvpLrqFT7WA/60ff34af-fd39-444f-a23b-2df7769fa394/original=true/60ff34af-fd39-444f-a23b-2df7769fa394.mp4""}}"
https://civitai.com/user/nochekaiser881,nochekaiser881,Civitai,,,"AIGC,Civitai,video,Wan Video 2.7",New,2026-08-10T06:27:40Z,,,Wan Video 2.7,https://image.civitai.com/xG1nkqKTMzGDvpLrqFT7WA/84466433-6c7f-49a2-8174-11485fe02a88/original=true/84466433-6c7f-49a2-8174-11485fe02a88.mp4,yes,2026-07-17T06:04:41Z,Civitai API /images type=video sort=Newest,discovered_from_public_sfw_video_feed,,https://civitai.com/user/nochekaiser881,"{""video_content"":{""source"":""civitai_images_api"",""url"":""https://image.civitai.com/xG1nkqKTMzGDvpLrqFT7WA/84466433-6c7f-49a2-8174-11485fe02a88/original=true/84466433-6c7f-49a2-8174-11485fe02a88.mp4"",""type"":""video"",""nsfw"":false},""aigc_verdict"":{""source"":""civitai_video_api"",""url"":""https://image.civitai.com/xG1nkqKTMzGDvpLrqFT7WA/84466433-6c7f-49a2-8174-11485fe02a88/original=true/84466433-6c7f-49a2-8174-11485fe02a88.mp4"",""note"":""Civitai public video item confirms AI-generated video output""}}"
https://civitai.com/user/noctav,noctav,Civitai,,,"AIGC,Civitai,video,LTXV 2.3",New,2026-08-10T06:27:40Z,,,LTXV 2.3,https://image.civitai.com/xG1nkqKTMzGDvpLrqFT7WA/164b74ab-0798-4c5d-8b0a-479c2c36c2a8/original=true/164b74ab-0798-4c5d-8b0a-479c2c36c2a8.mp4,yes,2026-07-17T06:04:41Z,Civitai API refresh,public_sfw_video_items: 6,,https://civitai.com/user/noctav,"{""video_content"":{""source"":""civitai_images_api"",""url"":""https://civitai.com/api/v1/images"",""items"":6,""type"":""video"",""nsfw"":false},""aigc_verdict"":{""source"":""civitai_video_api"",""url"":""https://image.civitai.com/xG1nkqKTMzGDvpLrqFT7WA/164b74ab-0798-4c5d-8b0a-479c2c36c2a8/original=true/164b74ab-0798-4c5d-8b0a-479c2c36c2a8.mp4"",""note"":""Civitai public video item confirms AI-generated video output""}}"
https://civitai.com/user/bone_of_moon,Bone_Of_Moon,Civitai,,,"AIGC,Civitai,video",New,2026-08-10T06:27:40Z,,,Civitai,https://image.civitai.com/xG1nkqKTMzGDvpLrqFT7WA/a5a2f567-ec34-42f3-a868-580acf41e4cb/original=true/a5a2f567-ec34-42f3-a868-580acf41e4cb.mp4,yes,2026-07-17T06:04:41Z,Civitai API /images type=video sort=Newest,discovered_from_public_sfw_video_feed,,https://civitai.com/user/Bone_Of_Moon,"{""video_content"":{""source"":""civitai_images_api"",""url"":""https://image.civitai.com/xG1nkqKTMzGDvpLrqFT7WA/a5a2f567-ec34-42f3-a868-580acf41e4cb/original=true/a5a2f567-ec34-42f3-a868-580acf41e4cb.mp4"",""type"":""video"",""nsfw"":false},""aigc_verdict"":{""source"":""civitai_video_api"",""url"":""https://image.civitai.com/xG1nkqKTMzGDvpLrqFT7WA/a5a2f567-ec34-42f3-a868-580acf41e4cb/original=true/a5a2f567-ec34-42f3-a868-580acf41e4cb.mp4"",""note"":""Civitai public video item confirms AI-generated video output""}}"
https://civitai.com/user/bropadop83,bropadop83,Civitai,,,"AIGC,Civitai,Video",New,2026-07-31T06:22:16Z,,,,https://civitai.com/posts/29822093,yes,2026-07-17T06:04:41Z,civitai api existing-row refresh,civitai_api; type=video; nsfw=false; follower_count_not_exposed,,https://civitai.com/user/bropadop83,"{""aigc_verdict"":{""source"":""civitai_api_type_video"",""url"":""https://civitai.com/posts/29822093"",""note"":""Civitai public REST returned type=video with nsfw=false.""},""sample_content"":{""source"":""civitai_api"",""url"":""https://image.civitai.com/xG1nkqKTMzGDvpLrqFT7WA/2c46290f-ba93-4f2b-893f-51273a0e4e21/original=true/2c46290f-ba93-4f2b-893f-51273a0e4e21.mp4""}}"
https://threads.net/@evolving.ai,@evolving.ai,Threads,,,"AIGC,Meta,discovery",New,2026-08-12T10:18:23Z,,,Sora,https://www.threads.net/@evolving.ai/post/DDcVIYyTpVF,unsure,2026-07-17T10:18:53Z,SearXNG Sora AI filmmaker site:threads.net,routine_meta; no computer_use; flagged for seated computer_use pass where API has no coverage,,https://threads.net/@evolving.ai,"{""discovery"":{""source"":""SearXNG"",""query"":""Sora AI filmmaker site:threads.net"",""url"":""https://www.threads.net/@evolving.ai/post/DDcVIYyTpVF"",""title"":""\""The First Humans\"" — This short film entirely made with OpenAI's ..."",""snippet"":""11 Dec 2024 ... Evolving AI (@evolving.ai). 31 Replies. 55K Views. \""The First Humans\"" — This short film entirely made with OpenAI's Sora makes it hard to ...""},""profile"":{""source"":""none"",""reason"":""Threads has no third-party public-profile API; no computer_use in routine""},""aigc_verdict"":{""source"":""routine_rule_9"",""value"":""unsure"",""reason"":""no reviewed frame in no-computer_use Meta routine""}}"
https://threads.net/@viethaluong,@viethaluong,Threads,,,"AIGC,Meta,needs-seated-pass",New,2026-08-13T10:11:23Z,,,Sora,https://www.threads.net/@viethaluong,unsure,2026-07-17T10:18:53Z,SearXNG Sora AI filmmaker site:threads.net,routine Meta discovery; no computer_use; Threads has no third-party public profile API; needs seated computer_use pass,,https://www.threads.net/@viethaluong,"{""discovery"":{""source"":""SearXNG site-scope"",""query"":""Sora AI filmmaker site:threads.net"",""url"":""https://www.threads.net/@viethaluong""},""aigc_verdict"":{""source"":""search snippet only"",""value"":""unsure""}}"
https://threads.net/@marccieslaktv,@marccieslaktv,Threads,,,"AIGC,Meta,needs-seated-pass",New,2026-08-13T10:11:23Z,,,Sora,https://www.threads.net/@marccieslaktv,unsure,2026-07-17T10:18:53Z,SearXNG Sora AI filmmaker site:threads.net,routine Meta discovery; no computer_use; Threads has no third-party public profile API; needs seated computer_use pass,,https://www.threads.net/@marccieslaktv,"{""discovery"":{""source"":""SearXNG site-scope"",""query"":""Sora AI filmmaker site:threads.net"",""url"":""https://www.threads.net/@marccieslaktv""},""aigc_verdict"":{""source"":""search snippet only"",""value"":""unsure""}}"
https://threads.net/@realmattjarbo,@realmattjarbo,Threads,,,"AIGC,Meta,routine,Sora",New,2026-08-07T10:10:18Z,,,Sora,https://www.threads.net/@realmattjarbo?hl=en,unsure,2026-07-17T10:18:53Z,SearXNG Meta site-scope: Sora AI filmmaker site:threads.net,Threads third-party profile has no broad public API; flagged for seated computer_use pass,,https://threads.net/@realmattjarbo,"{""discovery"":{""source"":""SearXNG"",""query"":""Sora AI filmmaker site:threads.net"",""url"":""https://www.threads.net/@realmattjarbo?hl=en""},""follower_count"":{""source"":""not_available_without_meta_graph_or_manual"",""url"":""https://threads.net/@realmattjarbo""},""aigc_verdict"":{""source"":""search_snippet_only_not_inferred"",""url"":""https://www.threads.net/@realmattjarbo?hl=en""},""manual_review"":{""needed"":true,""reason"":""Threads third-party profile has no broad public API; flagged for seated computer_use pass""}}"
https://threads.net/@serina.lolo,@serina.lolo,Threads,,,"AIGC,Meta,routine,Sora",New,2026-08-11T10:08:57Z,,,Sora,https://www.threads.net/@serina.lolo,unsure,2026-07-17T10:18:53Z,SearXNG Sora AI filmmaker site:threads.net,Threads third-party public profile has no business_discovery API; flagged for seated computer_use pass,,https://threads.net/@serina.lolo,"{""discovery"":{""source"":""SearXNG"",""query"":""Sora AI filmmaker site:threads.net"",""url"":""https://threads.net/@serina.lolo"",""snippet"":""\u7f85\u7fca\u5fc3(@serina.lolo) - Threads ... SORA Music: SUNO \ud83d\udee0\ufe0f Platform: FLOVAAI ... Currently exploring\uff1aAI filmmaking, visual storytelling, pushing creative boundaries with limited resources.""},""aigc_verdict"":{""source"":""not reviewed visually"",""verdict"":""unsure""}}"
https://threads.net/@marcha_madness,@marcha_madness,Threads,,,"AIGC,Meta,needs-seated-pass",New,2026-08-13T10:11:23Z,,,Sora,https://www.threads.net/@marcha_madness,unsure,2026-07-17T10:18:53Z,SearXNG Sora AI filmmaker site:threads.net,routine Meta discovery; no computer_use; Threads has no third-party public profile API; needs seated computer_use pass,,https://www.threads.net/@marcha_madness,"{""discovery"":{""source"":""SearXNG site-scope"",""query"":""Sora AI filmmaker site:threads.net"",""url"":""https://www.threads.net/@marcha_madness""},""aigc_verdict"":{""source"":""search snippet only"",""value"":""unsure""}}"
https://threads.net/@dominicknero,@dominicknero,Threads,,,"AIGC,Sora,Meta",New,2026-07-17T10:19:13Z,,,Sora,https://www.threads.net/@dominicknero,unsure,2026-07-17T10:18:53Z,SearXNG Meta site-scope: Sora AI filmmaker site:threads.net,Threads third-party public profiles have no broad API; flag for seated computer_use pass,,,"{""discovery"":{""source"":""SearXNG"",""query"":""Sora AI filmmaker site:threads.net"",""url"":""https://www.threads.net/@dominicknero""},""profile"":{""source"":""Meta Graph"",""status"":""discovery_only""}}"
https://threads.net/@sora_film.photography,@sora_film.photography,Threads,,,"AIGC,Sora",New,2026-07-25T10:18:11Z,,,Sora,https://www.threads.net/@sora_film.photography,unsure,2026-07-17T10:18:53Z,SearXNG Meta site-scope: Sora AI filmmaker site:threads.net,routine_meta; Threads has no public third-party profile API; follower empty; flagged for seated computer_use pass,,,"{""discovery"":{""source"":""SearXNG site-scope"",""query"":""Sora AI filmmaker site:threads.net"",""url"":""https://www.threads.net/@sora_film.photography""},""aigc_verdict"":{""source"":""not reviewed visually in routine Meta run"",""verdict"":""unsure""}}"
https://reddit.com/user/prior_ad_7302,u/Prior_Ad_7302,Reddit,,,"AIGC,Reddit,AI video",New,2026-07-25T02:14:07Z,,,Kling,https://www.reddit.com/user/Prior_Ad_7302/,unsure,2026-07-18T02:13:23Z,"searxng: ""AI filmmaker"" site:reddit.com/user",discovery_only; reddit_no_keyless_profile_api; source=search_index; no computer_use,,https://www.reddit.com/user/Prior_Ad_7302/,"{""discovery"":{""source"":""searxng"",""query"":""\""AI filmmaker\"" site:reddit.com/user"",""url"":""https://www.reddit.com/user/Prior_Ad_7302/"",""snippet"":""karakedi (u/Prior_Ad_7302) - Reddit \u2014 Hello! I'm G\u00f6rkem, an independent AI filmmaker from T\u00fcrkiye. KARAKED\u0130 PROJECT is my personal space for cinematic AI filmmaking, experimental storytelling, and\u00a0...""},""profile"":{""source"":""search-index-only"",""note"":""Reddit keyless profiling API unavailable; not profiled""}}"
https://reddit.com/user/secret_wasabi_2373,u/Secret_Wasabi_2373,Reddit,,,"AIGC,Reddit,AI video",New,2026-07-18T02:15:50Z,,,,,unsure,2026-07-18T02:13:23Z,SearXNG/ddgs site:reddit.com (r/aivideo + /user),discovery-only; Reddit keyless profiling unavailable; needs later profile/OAuth/frame review,,https://www.reddit.com/user/Secret_Wasabi_2373/,"{""identity"":{""source"":""searxng"",""url"":""https://www.reddit.com/user/Secret_Wasabi_2373/"",""search_result_url"":""https://www.reddit.com/user/Secret_Wasabi_2373/"",""title"":""Jeremy (u/Secret_Wasabi_2373) - Reddit""},""aigc_lead"":{""source"":""searxng"",""query"":""\""AI filmmaker\"" site:reddit.com/user"",""snippet"":""I'm a Gen AI filmmaker based in Rotterdam. I've worked on micro-dramas, series concepts, commercial films, branded treatments, and previs for production teams ...""},""follower_count"":{""source"":""not_collected"",""reason"":""Reddit has no keyless profiling API in this routine""},""aigc_verdict"":{""source"":""not_profiled"",""reason"":""ROUTINE.md rule 9: search-snippet leads append as unsure until API/frame review""}}"
https://vimeo.com/nicolaspomet,Nicolas Pomet,Vimeo,1487,,"AIGC,Vimeo,API,Runway",New,2026-08-08T06:34:38Z,"Lyon, France",,Runway,https://vimeo.com/1056727318,unsure,2026-07-18T06:22:33Z,vimeo_api_refresh,API-only Vimeo refresh/discovery; visual AIGC review not performed in routine lane; sole_or_small: unknown,,https://vimeo.com/nicolaspomet,"{""follower_count"":{""source"":""vimeo_api"",""url"":""https://api.vimeo.com/users/7448557""},""profile"":{""source"":""vimeo_api"",""url"":""https://vimeo.com/nicolaspomet""},""aigc_verdict"":{""source"":""api_text_only"",""url"":""https://vimeo.com/1056727318"",""note"":""Routine API lane does not infer visual verdict; left unsure unless already reviewed.""}}"
https://vimeo.com/user197554732,Daniel Ti,Vimeo,24,,"AIGC,Vimeo,API",New,2026-08-08T06:34:38Z,,,Runway,https://vimeo.com/1071260669,unsure,2026-07-18T06:22:33Z,vimeo_api_refresh,API-only Vimeo refresh/discovery; visual AIGC review not performed in routine lane; sole_or_small: unknown,,https://vimeo.com/user197554732,"{""follower_count"":{""source"":""vimeo_api"",""url"":""https://api.vimeo.com/users/197554732""},""profile"":{""source"":""vimeo_api"",""url"":""https://vimeo.com/user197554732""},""aigc_verdict"":{""source"":""api_text_only"",""url"":""https://vimeo.com/1071260669"",""note"":""Routine API lane does not infer visual verdict; left unsure unless already reviewed.""}}"
https://vimeo.com/magudirectors,MAGU,Vimeo,932,,"AIGC,Vimeo,Runway",New,2026-08-10T06:27:40Z,"São Paulo, SP, Brasil",,Runway,https://vimeo.com/magudirectors/thegiantsearch,unsure,2026-07-18T06:22:33Z,Vimeo API /videos search: kling ai short film,videos_total: 43,,https://magudirectors.com,"{""follower_count"":{""source"":""vimeo_api"",""url"":""https://api.vimeo.com/users/35471357""},""profile"":{""source"":""vimeo_api"",""url"":""https://vimeo.com/magudirectors""},""aigc_verdict"":{""source"":""api_search_metadata"",""url"":""https://vimeo.com/magudirectors/thegiantsearch"",""note"":""API search/profile only; visual frame review not performed in this routine lane""}}"
https://vimeo.com/liuxin,Nix Liu Xin,Vimeo,122,,"AIGC,Vimeo",New,2026-08-10T06:27:40Z,"Boston, MA, USA",,Runway,https://vimeo.com/1083817100,unsure,2026-07-18T06:22:33Z,Vimeo API refresh,videos_total: 106,,https://www.instagram.com/nixliuxin/,"{""follower_count"":{""source"":""vimeo_api"",""url"":""https://api.vimeo.com/users/liuxin""},""profile"":{""source"":""vimeo_api"",""url"":""https://vimeo.com/liuxin""},""aigc_verdict"":{""source"":""api_search_metadata"",""url"":""https://vimeo.com/liuxin"",""note"":""API search/profile only; visual frame review not performed in this routine lane""}}"
https://vimeo.com/promptmedialab,PromptMedialab,Vimeo,2,,"AIGC,Vimeo,API",New,2026-08-08T06:34:38Z,,,Runway,https://vimeo.com/1183058143,unsure,2026-07-18T06:22:33Z,vimeo_api_refresh,API-only Vimeo refresh/discovery; visual AIGC review not performed in routine lane; sole_or_small: unknown,,https://www.promptmedialab.com,"{""follower_count"":{""source"":""vimeo_api"",""url"":""https://api.vimeo.com/users/231671783""},""profile"":{""source"":""vimeo_api"",""url"":""https://vimeo.com/promptmedialab""},""aigc_verdict"":{""source"":""api_text_only"",""url"":""https://vimeo.com/1183058143"",""note"":""Routine API lane does not infer visual verdict; left unsure unless already reviewed.""}}"
https://vimeo.com/cihaneryilmaz,Cihan Eryilmaz,Vimeo,11,,"AIGC,Vimeo,Kling",New,2026-08-10T06:27:40Z,"Barcelona, Spain",,Kling,https://vimeo.com/1166767236,unsure,2026-07-18T06:22:33Z,Vimeo API /videos search: kling ai short film,videos_total: 12,,http://behance.net/cihaneryilmaz,"{""follower_count"":{""source"":""vimeo_api"",""url"":""https://api.vimeo.com/users/18214369""},""profile"":{""source"":""vimeo_api"",""url"":""https://vimeo.com/cihaneryilmaz""},""aigc_verdict"":{""source"":""api_search_metadata"",""url"":""https://vimeo.com/1166767236"",""note"":""API search/profile only; visual frame review not performed in this routine lane""}}"
https://instagram.com/joby_thuruthel,@joby_thuruthel,Instagram,,,"AIGC,Meta,needs_seated_computer_use",New,2026-08-02T10:10:28Z,,,,https://www.instagram.com/joby_thuruthel/,unsure,2026-07-18T10:10:19Z,"SearXNG Meta site-scope: ""generative video"" ""filmmaker"" site:instagram.com",flagged_for_seated_computer_use: yes; Meta Graph profile unavailable/no token; follower_count_empty_by_rule,,https://www.instagram.com/joby_thuruthel,"{""discovery"":{""source"":""SearXNG"",""query"":""\""generative video\"" \""filmmaker\"" site:instagram.com"",""url"":""https://www.instagram.com/joby_thuruthel"",""snippet"":""AI Filmmaker Bahrain (@joby_thuruthel) - Instagram — Marey by Moonvalley, the world's first generative video model ...""},""profile"":{""source"":""not_run"",""reason"":""META_GRAPH_TOKEN/META_IG_USER_ID unavailable in environment; no computer_use allowed in this run""},""aigc_verdict"":{""source"":""search_snippet_only"",""verdict"":""unsure"",""reason"":""ROUTINE rule 9 forbids inferring yes/no from search text""},""manual_queue"":{""reason"":""Threads/personal/unknown Meta account has no unattended API path; seated computer_use pass required""}}"
https://instagram.com/trashcanroxanne,@trashcanroxanne,Instagram,,,"AIGC,Meta",New,2026-08-10T10:06:53Z,,,,,unsure,2026-07-18T10:10:19Z,"SearXNG ""AI filmmaker"" ""Instagram photos and videos"" ""Runway"" site:instagram.com","Meta routine discovery lead; no computer_use. META_GRAPH_TOKEN or META_IG_USER_ID missing in this shell, so business_discovery was not run; account type unknown; flagged for seated computer_use pass if not later API-profiled.",,https://instagram.com/trashcanroxanne,"{""discovery"":{""source"":""SearXNG"",""query"":""\""AI filmmaker\"" \""Instagram photos and videos\"" \""Runway\"" site:instagram.com"",""url"":""https://instagram.com/trashcanroxanne"",""why"":""Roxanne Ducharme (@trashcanroxanne) - Instagram Award-Winning AI Filmmaker | AI Creative Director | Emmy\u00ae Winner | Creative Partner to way too many AI platforms to list here | Surrealist.""}}"
https://instagram.com/despicable.ai,@despicable.ai,Instagram,,,"AIGC,Meta,discovery-only",New,2026-08-02T10:10:28Z,,,,,unsure,2026-07-18T10:10:19Z,"SearXNG Meta site-scope: ""AI filmmaker"" ""Instagram"" site:instagram.com","Meta routine: discovery-only; no computer_use. META_GRAPH_TOKEN/META_IG_USER_ID not both configured, so Graph business_discovery/Page profiling not run. Flag for seated computer_use/API follow-up; search snippet not used for follower/verdict.",,https://www.instagram.com/despicable.ai/,"{""discovery"":{""source"":""SearXNG"",""query"":""\""AI filmmaker\"" \""Instagram\"" site:instagram.com"",""url"":""https://www.instagram.com/despicable.ai/"",""title"":""Dayaan Ahmed (@despicable.ai) • Instagram photos and videos"",""snippet"":""Generative AI Filmmaker CPP -> @invideo.io @openart_ai @pixverse_official @thankyouai.hq @klingai_official @dreamina_ai. Open to collaborations.""},""profile"":{""source"":""Meta Graph"",""status"":""not_run_missing_META_GRAPH_TOKEN_or_META_IG_USER_ID""},""aigc_verdict"":{""value"":""unsure"",""reason"":""routine cannot infer yes/no from search snippet; no computer_use in run""},""follower_count"":{""value"":"""",""reason"":""not recorded from search snippet""}}"
https://instagram.com/katsukokoiso.ai,@katsukokoiso.ai,Instagram,,,"AIGC,Meta,discovery-only",New,2026-07-18T10:10:19Z,,,,,unsure,2026-07-18T10:10:19Z,"SearXNG Meta site-scope: ""AI artist"" ""AI video"" site:instagram.com","Meta routine: discovery-only; no computer_use. META_GRAPH_TOKEN/META_IG_USER_ID not both configured, so Graph business_discovery/Page profiling not run. Flag for seated computer_use/API follow-up; search snippet not used for follower/verdict.",,https://www.instagram.com/katsukokoiso.ai/,"{""discovery"":{""source"":""SearXNG"",""query"":""\""AI artist\"" \""AI video\"" site:instagram.com"",""url"":""https://www.instagram.com/katsukokoiso.ai/"",""title"":""AI visual artist (@katsukokoiso.ai) • Instagram photos and videos"",""snippet"":""... AI artist / visual artist / artificial intelligence art / AI video ...""},""profile"":{""source"":""Meta Graph"",""status"":""not_run_missing_META_GRAPH_TOKEN_or_META_IG_USER_ID""},""aigc_verdict"":{""value"":""unsure"",""reason"":""routine cannot infer yes/no from search snippet; no computer_use in run""},""follower_count"":{""value"":"""",""reason"":""not recorded from search snippet""}}"
https://threads.net/@bobbykazemi,@bobbykazemi,Threads,,,"AIGC,Kling",New,2026-07-23T14:09:24Z,,,Kling,,unsure,2026-07-18T10:10:19Z,searxng Kling AI video creator site:threads.net,off-platform search lead; follower_count unavailable from discovery; AIGC verdict not inferred,,https://www.threads.net/@bobbykazemi?hl=ro,"{""discovery"":{""tool"":""searxng"",""query"":""Kling AI video creator site:threads.net"",""url"":""https://www.threads.net/@bobbykazemi?hl=ro"",""title"":""Bobby Kazemi (@bobbykazemi) \u2022 Threads, Say more"",""snippet"":""Images | GPT 2.0 + Nano Banana Pro Video | klingai_official native 4K output SFX | ... Director is truly next level ai video for creating cinematic films! OCR\u00a0...""}}"
https://threads.net/@chloeshyboba,@chloeshyboba,Threads,,,"AIGC,Meta,DiscoveryOnly",New,2026-08-03T10:06:49Z,,,,https://www.threads.net/@chloeshyboba,unsure,2026-07-18T10:10:19Z,"SearXNG ""AI filmmaker"" site:threads.net",Threads has no third-party public profile API; appended identity+source only; FollowerCount empty; AIGCVerdict unsure; flagged for seated computer_use pass. No computer_use used.,,https://www.threads.net/@chloeshyboba,"{""discovery"":{""source"":""SearXNG"",""query"":""\""AI filmmaker\"" site:threads.net"",""url"":""https://www.threads.net/@chloeshyboba"",""snippet"":""1.6K Followers • 85 Threads • Actor | Writer | AI Filmmaker AI 影音製作・合作邀約""},""follower_count"":{""source"":""none"",""status"":""empty_until_Meta_Graph_or_seated_computer_use_pass""},""aigc_verdict"":{""source"":""search_snippet_only"",""verdict"":""unsure""}}"
https://threads.net/@youngfilm25,@youngfilm25,Threads,,,"AIGC,Meta,DiscoveryOnly",New,2026-08-03T10:06:49Z,,,,https://www.threads.net/@youngfilm25,unsure,2026-07-18T10:10:19Z,"SearXNG ""AI filmmaker"" site:threads.net",Threads has no third-party public profile API; appended identity+source only; FollowerCount empty; AIGCVerdict unsure; flagged for seated computer_use pass. No computer_use used.,,https://www.threads.net/@youngfilm25,"{""discovery"":{""source"":""SearXNG"",""query"":""\""AI filmmaker\"" site:threads.net"",""url"":""https://www.threads.net/@youngfilm25"",""snippet"":""708 Followers • 33 Threads • AI Filmmaker · 영상감독 ... AI · 실사 영상 제작""},""follower_count"":{""source"":""none"",""status"":""empty_until_Meta_Graph_or_seated_computer_use_pass""},""aigc_verdict"":{""source"":""search_snippet_only"",""verdict"":""unsure""}}"
https://threads.net/@dago.eldueno,@dago.eldueno,Threads,,,"AIGC,Meta,discovery-only",New,2026-07-18T10:10:19Z,,,,,unsure,2026-07-18T10:10:19Z,SearXNG Meta site-scope: ,"Meta routine: discovery-only; no computer_use. META_GRAPH_TOKEN/META_IG_USER_ID not both configured, so Graph business_discovery/Page profiling not run. Flag for seated computer_use/API follow-up; search snippet not used for follower/verdict.",,https://www.threads.net/@dago.eldueno,"{""discovery"":{""source"":""SearXNG"",""query"":"""",""url"":""https://www.threads.net/@dago.eldueno"",""title"":"""",""snippet"":""""},""profile"":{""source"":""Meta Graph"",""status"":""not_run_missing_META_GRAPH_TOKEN_or_META_IG_USER_ID""},""aigc_verdict"":{""value"":""unsure"",""reason"":""routine cannot infer yes/no from search snippet; no computer_use in run""},""follower_count"":{""value"":"""",""reason"":""not recorded from search snippet""}}"
https://facebook.com/mausampuriedu,MausampuriEdu,Facebook,,,"AIGC,Meta,discovery-only",New,2026-08-02T10:10:28Z,,,,,unsure,2026-07-18T10:10:19Z,"SearXNG Meta site-scope: ""AI filmmaker"" ""digital creator"" site:facebook.com","Meta routine: discovery-only; no computer_use. META_GRAPH_TOKEN/META_IG_USER_ID not both configured, so Graph business_discovery/Page profiling not run. Flag for seated computer_use/API follow-up; search snippet not used for follower/verdict.",,https://www.facebook.com/MausampuriEdu/,"{""discovery"":{""source"":""SearXNG"",""query"":""\""AI filmmaker\"" \""digital creator\"" site:facebook.com"",""url"":""https://www.facebook.com/MausampuriEdu/"",""title"":""Mausam Puri | Kathmandu - Facebook"",""snippet"":""Mausam Puri, Kathmandu. 1163 likes · 18 talking about this. Mausam Puri | AI Filmmaker | Visual Storyteller | EdTech Innovator | Digital Creator I...""},""profile"":{""source"":""Meta Graph"",""status"":""not_run_missing_META_GRAPH_TOKEN_or_META_IG_USER_ID""},""aigc_verdict"":{""value"":""unsure"",""reason"":""routine cannot infer yes/no from search snippet; no computer_use in run""},""follower_count"":{""value"":"""",""reason"":""not recorded from search snippet""}}"
https://facebook.com/shimira,shimira,Facebook,,,"AIGC,Meta,discovery-only",New,2026-07-18T10:10:19Z,,,,,unsure,2026-07-18T10:10:19Z,"SearXNG Meta site-scope: ""AI filmmaker"" ""digital creator"" site:facebook.com","Meta routine: discovery-only; no computer_use. META_GRAPH_TOKEN/META_IG_USER_ID not both configured, so Graph business_discovery/Page profiling not run. Flag for seated computer_use/API follow-up; search snippet not used for follower/verdict.",,https://www.facebook.com/shimira/,"{""discovery"":{""source"":""SearXNG"",""query"":""\""AI filmmaker\"" \""digital creator\"" site:facebook.com"",""url"":""https://www.facebook.com/shimira/"",""title"":""Shimira Cole - Facebook"",""snippet"":""An Ai filmmaker & Life Strategist sharing God's word through testimonies and cinematic experiences. 󱞴 Digital creator · 󱘛 Los Angeles, CA. 󱙶. Follow ...""},""profile"":{""source"":""Meta Graph"",""status"":""not_run_missing_META_GRAPH_TOKEN_or_META_IG_USER_ID""},""aigc_verdict"":{""value"":""unsure"",""reason"":""routine cannot infer yes/no from search snippet; no computer_use in run""},""follower_count"":{""value"":"""",""reason"":""not recorded from search snippet""}}"
https://facebook.com/avi.bandyopadhyay,avi.bandyopadhyay,Facebook,,,"AIGC,Meta,discovery-only",New,2026-07-18T10:10:19Z,,,,,unsure,2026-07-18T10:10:19Z,"SearXNG Meta site-scope: ""AI filmmaker"" ""digital creator"" site:facebook.com","Meta routine: discovery-only; no computer_use. META_GRAPH_TOKEN/META_IG_USER_ID not both configured, so Graph business_discovery/Page profiling not run. Flag for seated computer_use/API follow-up; search snippet not used for follower/verdict.",,https://www.facebook.com/avi.bandyopadhyay/,"{""discovery"":{""source"":""SearXNG"",""query"":""\""AI filmmaker\"" \""digital creator\"" site:facebook.com"",""url"":""https://www.facebook.com/avi.bandyopadhyay/"",""title"":""Avi Bandyopadhyay - Facebook"",""snippet"":""Profile · Digital creator. Posts. 󱛾. Pinned post. Avi Bandyopadhyay. 2d ... AI filmmaker. Contact me only if you want genuinely good content. Not ...""},""profile"":{""source"":""Meta Graph"",""status"":""not_run_missing_META_GRAPH_TOKEN_or_META_IG_USER_ID""},""aigc_verdict"":{""value"":""unsure"",""reason"":""routine cannot infer yes/no from search snippet; no computer_use in run""},""follower_count"":{""value"":"""",""reason"":""not recorded from search snippet""}}"
https://facebook.com/serviceclickcorporation,serviceclickcorporation,Facebook,,,"AIGC,Meta,discovery-only",New,2026-07-18T10:10:19Z,,,,,unsure,2026-07-18T10:10:19Z,"SearXNG Meta site-scope: ""AI video creator"" ""digital creator"" site:facebook.com","Meta routine: discovery-only; no computer_use. META_GRAPH_TOKEN/META_IG_USER_ID not both configured, so Graph business_discovery/Page profiling not run. Flag for seated computer_use/API follow-up; search snippet not used for follower/verdict.",,https://www.facebook.com/serviceclickcorporation/,"{""discovery"":{""source"":""SearXNG"",""query"":""\""AI video creator\"" \""digital creator\"" site:facebook.com"",""url"":""https://www.facebook.com/serviceclickcorporation/"",""title"":""AI Video Creator | Arlington TN - Facebook"",""snippet"":""AI Video Creator, Arlington. 53 likes. AI-VideoCreator—the ultimate end-to-end video creation and social media integration ... 󱞴 Digital creator. 󱙶. Follow ...""},""profile"":{""source"":""Meta Graph"",""status"":""not_run_missing_META_GRAPH_TOKEN_or_META_IG_USER_ID""},""aigc_verdict"":{""value"":""unsure"",""reason"":""routine cannot infer yes/no from search snippet; no computer_use in run""},""follower_count"":{""value"":"""",""reason"":""not recorded from search snippet""}}"
https://youtube.com/@businessdynamite,@businessdynamite,YouTube,115000,not exposed,"AIGC,YouTube,ComfyUI,Runway,Sora,Veo",New,2026-08-13T18:05:09Z,,,Sora,https://www.youtube.com/watch?v=0cWrvYM8MQU,unsure,2026-07-18T18:17:32Z,YouTube routine exact API refresh,api_refresh: YouTube subscribers=115000; videos=386; channelId=UC9o07w5xSlfekfLlvfdpLsQ; recent_title=Midjourney vient de retourner le procès Disney avec une seule question,https://www.youtube.com/feeds/videos.xml?channel_id=UC9o07w5xSlfekfLlvfdpLsQ,https://youtube.com/@businessdynamite/about,"{""follower_count"":{""source"":""youtube_data_api.channels.list"",""channelId"":""UC9o07w5xSlfekfLlvfdpLsQ"",""profileUrl"":""https://youtube.com/@businessdynamite""},""bio"":{""source"":""youtube_data_api.channels.list"",""channel_id"":""UC9o07w5xSlfekfLlvfdpLsQ""},""aigc_verdict"":{""source"":""existing_or_api_only_no_frame"",""verdict"":""unsure""},""youtube_channel_id"":""UC9o07w5xSlfekfLlvfdpLsQ"",""recent_uploads"":{""source"":""youtube_data_api.search.list"",""channelId"":""UC9o07w5xSlfekfLlvfdpLsQ"",""sample"":""https://www.youtube.com/watch?v=0cWrvYM8MQU""}}"
https://youtube.com/@greeksoraai,@greeksoraai,YouTube,295,not exposed,"AIGC,YouTube,Sora,small-creator",New,2026-08-13T18:05:09Z,,,Sora,https://www.youtube.com/watch?v=FcPaRcdq98o,unsure,2026-07-18T18:17:32Z,YouTube routine exact API refresh,api_refresh: YouTube subscribers=295; videos=18; channelId=UC15ec35rTb7mlEetAyU7wug; recent_title=Ο @IShowSpeed ως Έλληνας #soraai,https://www.youtube.com/feeds/videos.xml?channel_id=UC15ec35rTb7mlEetAyU7wug,https://youtube.com/@greeksoraai/about,"{""follower_count"":{""source"":""youtube_data_api.channels.list"",""channelId"":""UC15ec35rTb7mlEetAyU7wug"",""profileUrl"":""https://youtube.com/@greeksoraai""},""bio"":{""source"":""youtube_data_api.channels.list"",""channel_id"":""UC15ec35rTb7mlEetAyU7wug""},""aigc_verdict"":{""source"":""existing_or_api_only_no_frame"",""verdict"":""unsure""},""youtube_channel_id"":""UC15ec35rTb7mlEetAyU7wug"",""recent_uploads"":{""source"":""youtube_data_api.search.list"",""channelId"":""UC15ec35rTb7mlEetAyU7wug"",""sample"":""https://www.youtube.com/watch?v=FcPaRcdq98o""}}"
https://youtube.com/@rourkeheath,@rourkeheath,YouTube,71800,not exposed,"AIGC,YouTube,Sora",New,2026-08-13T18:05:09Z,,,Sora,https://www.youtube.com/watch?v=inL3vHmXXrI,unsure,2026-07-18T18:17:32Z,YouTube routine exact API refresh,"api_refresh: YouTube subscribers=71800; videos=334; channelId=UCv7m_ohx9SNmgeyOScsG_Pw; recent_title=AI Agents 🙄 Everyone is racing to automate the making, but the making is the bit that matters!!",https://www.youtube.com/feeds/videos.xml?channel_id=UCv7m_ohx9SNmgeyOScsG_Pw,https://youtube.com/@rourkeheath/about,"{""follower_count"":{""source"":""youtube_data_api.channels.list"",""channelId"":""UCv7m_ohx9SNmgeyOScsG_Pw"",""profileUrl"":""https://youtube.com/@rourkeheath""},""bio"":{""source"":""youtube_data_api.channels.list"",""channel_id"":""UCv7m_ohx9SNmgeyOScsG_Pw""},""aigc_verdict"":{""source"":""existing_or_api_only_no_frame"",""verdict"":""unsure""},""youtube_channel_id"":""UCv7m_ohx9SNmgeyOScsG_Pw"",""recent_uploads"":{""source"":""youtube_data_api.search.list"",""channelId"":""UCv7m_ohx9SNmgeyOScsG_Pw"",""sample"":""https://www.youtube.com/watch?v=inL3vHmXXrI""}}"
https://youtube.com/@sora.reacts,@sora.reacts,YouTube,265000,not exposed,"AIGC,YouTube,Sora",New,2026-08-13T18:05:09Z,,,Sora,https://www.youtube.com/watch?v=uvwpM8NMBEA,unsure,2026-07-18T18:17:32Z,YouTube routine exact API refresh,api_refresh: YouTube subscribers=265000; videos=396; channelId=UCqj79Rk6RPk_s8l-HHNdhuw; recent_title=Offensive Screenshots Out of Context... 😭,https://www.youtube.com/feeds/videos.xml?channel_id=UCqj79Rk6RPk_s8l-HHNdhuw,https://youtube.com/@sora.reacts/about,"{""follower_count"":{""source"":""youtube_data_api.channels.list"",""channelId"":""UCqj79Rk6RPk_s8l-HHNdhuw"",""profileUrl"":""https://youtube.com/@sora.reacts""},""bio"":{""source"":""youtube_data_api.channels.list"",""channel_id"":""UCqj79Rk6RPk_s8l-HHNdhuw""},""aigc_verdict"":{""source"":""existing_or_api_only_no_frame"",""verdict"":""unsure""},""youtube_channel_id"":""UCqj79Rk6RPk_s8l-HHNdhuw"",""recent_uploads"":{""source"":""youtube_data_api.search.list"",""channelId"":""UCqj79Rk6RPk_s8l-HHNdhuw"",""sample"":""https://www.youtube.com/watch?v=uvwpM8NMBEA""}}"
https://youtube.com/@sora2dailytoo,@sora2dailytoo,YouTube,8,not exposed,"AIGC,YouTube,Sora,small-creator",New,2026-08-13T18:05:09Z,,,Sora,https://www.youtube.com/watch?v=cW2eSr-sQ2o,unsure,2026-07-18T18:17:32Z,YouTube routine exact API refresh,api_refresh: YouTube subscribers=8; videos=2; channelId=UCZ5Z2xGBlUiTNPP88qaiLAg; recent_title=Sora 2 AI Videos Are Getting Out of Control. Day 2.,https://www.youtube.com/feeds/videos.xml?channel_id=UCZ5Z2xGBlUiTNPP88qaiLAg,https://youtube.com/@sora2dailytoo/about,"{""follower_count"":{""source"":""youtube_data_api.channels.list"",""channelId"":""UCZ5Z2xGBlUiTNPP88qaiLAg"",""profileUrl"":""https://youtube.com/@sora2dailytoo""},""bio"":{""source"":""youtube_data_api.channels.list"",""channel_id"":""UCZ5Z2xGBlUiTNPP88qaiLAg""},""aigc_verdict"":{""source"":""existing_or_api_only_no_frame"",""verdict"":""unsure""},""youtube_channel_id"":""UCZ5Z2xGBlUiTNPP88qaiLAg"",""recent_uploads"":{""source"":""youtube_data_api.search.list"",""channelId"":""UCZ5Z2xGBlUiTNPP88qaiLAg"",""sample"":""https://www.youtube.com/watch?v=cW2eSr-sQ2o""}}"
https://youtube.com/@sora_clips_ai,@sora_clips_ai,YouTube,4,not exposed,"AIGC,YouTube,Sora,small-creator",New,2026-08-13T18:05:09Z,,,Sora,https://www.youtube.com/watch?v=5xhtoLuJuJ8,unsure,2026-07-18T18:17:32Z,YouTube routine exact API refresh,api_refresh: YouTube subscribers=4; videos=3; channelId=UCda34LjAF_615UeC3xug7Qw; recent_title=999 strawberry babies part 3,https://www.youtube.com/feeds/videos.xml?channel_id=UCda34LjAF_615UeC3xug7Qw,https://youtube.com/@sora_clips_ai/about,"{""follower_count"":{""source"":""youtube_data_api.channels.list"",""channelId"":""UCda34LjAF_615UeC3xug7Qw"",""profileUrl"":""https://youtube.com/@sora_clips_ai""},""bio"":{""source"":""youtube_data_api.channels.list"",""channel_id"":""UCda34LjAF_615UeC3xug7Qw""},""aigc_verdict"":{""source"":""existing_or_api_only_no_frame"",""verdict"":""unsure""},""youtube_channel_id"":""UCda34LjAF_615UeC3xug7Qw"",""recent_uploads"":{""source"":""youtube_data_api.search.list"",""channelId"":""UCda34LjAF_615UeC3xug7Qw"",""sample"":""https://www.youtube.com/watch?v=5xhtoLuJuJ8""}}"
https://youtube.com/@soracamra,@soracamra,YouTube,3,not exposed,"AIGC,YouTube,Sora,small-creator",New,2026-08-13T18:05:09Z,,,Sora,https://www.youtube.com/watch?v=rDdgHCa-17k,unsure,2026-07-18T18:17:32Z,YouTube routine exact API refresh,api_refresh: YouTube subscribers=3; videos=3; channelId=UC1cDWsQZC50cgQPajGA2F5w; recent_title=She tried to sue me,https://www.youtube.com/feeds/videos.xml?channel_id=UC1cDWsQZC50cgQPajGA2F5w,https://youtube.com/@soracamra/about,"{""follower_count"":{""source"":""youtube_data_api.channels.list"",""channelId"":""UC1cDWsQZC50cgQPajGA2F5w"",""profileUrl"":""https://youtube.com/@soracamra""},""bio"":{""source"":""youtube_data_api.channels.list"",""channel_id"":""UC1cDWsQZC50cgQPajGA2F5w""},""aigc_verdict"":{""source"":""existing_or_api_only_no_frame"",""verdict"":""unsure""},""youtube_channel_id"":""UC1cDWsQZC50cgQPajGA2F5w"",""recent_uploads"":{""source"":""youtube_data_api.search.list"",""channelId"":""UC1cDWsQZC50cgQPajGA2F5w"",""sample"":""https://www.youtube.com/watch?v=rDdgHCa-17k""}}"
https://youtube.com/@soracreators,@soracreators,YouTube,48,not exposed,"AIGC,YouTube,Kling,Runway,Sora,small-creator",New,2026-08-13T18:05:09Z,,,Sora,https://www.youtube.com/watch?v=Vy3oh5XCMPM,unsure,2026-07-18T18:17:32Z,YouTube routine exact API refresh,api_refresh: YouTube subscribers=48; videos=177; channelId=UCCRC5Hh6vAdlV04G1MM3DlA; recent_title=Creator: @OpenAI - Archeologists discover #ai #kling #sora #openai #luma #gen3 #runway,https://www.youtube.com/feeds/videos.xml?channel_id=UCCRC5Hh6vAdlV04G1MM3DlA,https://youtube.com/@soracreators/about,"{""follower_count"":{""source"":""youtube_data_api.channels.list"",""channelId"":""UCCRC5Hh6vAdlV04G1MM3DlA"",""profileUrl"":""https://youtube.com/@soracreators""},""bio"":{""source"":""youtube_data_api.channels.list"",""channel_id"":""UCCRC5Hh6vAdlV04G1MM3DlA""},""aigc_verdict"":{""source"":""existing_or_api_only_no_frame"",""verdict"":""unsure""},""youtube_channel_id"":""UCCRC5Hh6vAdlV04G1MM3DlA"",""recent_uploads"":{""source"":""youtube_data_api.search.list"",""channelId"":""UCCRC5Hh6vAdlV04G1MM3DlA"",""sample"":""https://www.youtube.com/watch?v=Vy3oh5XCMPM""}}"
https://youtube.com/@soragpt,@soragpt,YouTube,7,not exposed,"AIGC,YouTube,Sora,small-creator",New,2026-08-13T18:05:09Z,,,Sora,https://www.youtube.com/watch?v=u_2CXlhbQN4,unsure,2026-07-18T18:17:32Z,YouTube routine exact API refresh,api_refresh: YouTube subscribers=7; videos=1; channelId=UCZW6OJDUeqGG_dzj-VqhQwg; recent_title=Historical footage of California during the gold rush,https://www.youtube.com/feeds/videos.xml?channel_id=UCZW6OJDUeqGG_dzj-VqhQwg,https://youtube.com/@soragpt/about,"{""follower_count"":{""source"":""youtube_data_api.channels.list"",""channelId"":""UCZW6OJDUeqGG_dzj-VqhQwg"",""profileUrl"":""https://youtube.com/@soragpt""},""bio"":{""source"":""youtube_data_api.channels.list"",""channel_id"":""UCZW6OJDUeqGG_dzj-VqhQwg""},""aigc_verdict"":{""source"":""existing_or_api_only_no_frame"",""verdict"":""unsure""},""youtube_channel_id"":""UCZW6OJDUeqGG_dzj-VqhQwg"",""recent_uploads"":{""source"":""youtube_data_api.search.list"",""channelId"":""UCZW6OJDUeqGG_dzj-VqhQwg"",""sample"":""https://www.youtube.com/watch?v=u_2CXlhbQN4""}}"
https://youtube.com/@soragptvideos,@soragptvideos,YouTube,6,not exposed,"AIGC,YouTube,Sora,small-creator",New,2026-08-13T18:05:09Z,,,Sora,https://www.youtube.com/watch?v=I_Bd2xkjuDQ,unsure,2026-07-18T18:17:32Z,YouTube routine exact API refresh,api_refresh: YouTube subscribers=6; videos=17; channelId=UCjtctxr3RnkayJ-0tgXvSDA; recent_title=Hypnotic Green Eye #shorts #ai #sora #chatgpt #openai #beautiful,https://www.youtube.com/feeds/videos.xml?channel_id=UCjtctxr3RnkayJ-0tgXvSDA,https://youtube.com/@soragptvideos/about,"{""follower_count"":{""source"":""youtube_data_api.channels.list"",""channelId"":""UCjtctxr3RnkayJ-0tgXvSDA"",""profileUrl"":""https://youtube.com/@soragptvideos""},""bio"":{""source"":""youtube_data_api.channels.list"",""channel_id"":""UCjtctxr3RnkayJ-0tgXvSDA""},""aigc_verdict"":{""source"":""existing_or_api_only_no_frame"",""verdict"":""unsure""},""youtube_channel_id"":""UCjtctxr3RnkayJ-0tgXvSDA"",""recent_uploads"":{""source"":""youtube_data_api.search.list"",""channelId"":""UCjtctxr3RnkayJ-0tgXvSDA"",""sample"":""https://www.youtube.com/watch?v=I_Bd2xkjuDQ""}}"
https://youtube.com/@soranews24,@soranews24,YouTube,0,not exposed,"AIGC,YouTube,Sora,small-creator",New,2026-08-13T18:05:09Z,,,Sora,https://www.youtube.com/watch?v=kPnroCwOHM0,unsure,2026-07-18T18:17:32Z,YouTube routine exact API refresh,api_refresh: YouTube subscribers=0; videos=2; channelId=UCNxv_3i2JwGFjOtZP5Xkq3Q; recent_title=BREAKING: Giant Squirrel Steals Car! 🚨 #sora #ai #shorts #funny #breakingnews #recommended,https://www.youtube.com/feeds/videos.xml?channel_id=UCNxv_3i2JwGFjOtZP5Xkq3Q,https://youtube.com/@soranews24/about,"{""follower_count"":{""source"":""youtube_data_api.channels.list"",""channelId"":""UCNxv_3i2JwGFjOtZP5Xkq3Q"",""profileUrl"":""https://youtube.com/@soranews24""},""bio"":{""source"":""youtube_data_api.channels.list"",""channel_id"":""UCNxv_3i2JwGFjOtZP5Xkq3Q""},""aigc_verdict"":{""source"":""existing_or_api_only_no_frame"",""verdict"":""unsure""},""youtube_channel_id"":""UCNxv_3i2JwGFjOtZP5Xkq3Q"",""recent_uploads"":{""source"":""youtube_data_api.search.list"",""channelId"":""UCNxv_3i2JwGFjOtZP5Xkq3Q"",""sample"":""https://www.youtube.com/watch?v=kPnroCwOHM0""}}"
https://youtube.com/@soraverse-75,@soraverse-75,YouTube,2340,not exposed,"AIGC,YouTube,Sora,small-creator",New,2026-08-13T18:05:09Z,,,Sora,https://www.youtube.com/watch?v=qObgzzlcygs,unsure,2026-07-18T18:17:32Z,YouTube routine exact API refresh,api_refresh: YouTube subscribers=2340; videos=18; channelId=UC2l-PU4DqLetdQumE_7sH5A; recent_title=Gorilla Wheelie #sora2 #soralife #sora #funny #shorts #shortvideo,https://www.youtube.com/feeds/videos.xml?channel_id=UC2l-PU4DqLetdQumE_7sH5A,https://youtube.com/@soraverse-75/about,"{""follower_count"":{""source"":""youtube_data_api.channels.list"",""channelId"":""UC2l-PU4DqLetdQumE_7sH5A"",""profileUrl"":""https://youtube.com/@soraverse-75""},""bio"":{""source"":""youtube_data_api.channels.list"",""channel_id"":""UC2l-PU4DqLetdQumE_7sH5A""},""aigc_verdict"":{""source"":""existing_or_api_only_no_frame"",""verdict"":""unsure""},""youtube_channel_id"":""UC2l-PU4DqLetdQumE_7sH5A"",""recent_uploads"":{""source"":""youtube_data_api.search.list"",""channelId"":""UC2l-PU4DqLetdQumE_7sH5A"",""sample"":""https://www.youtube.com/watch?v=qObgzzlcygs""}}"
https://youtube.com/@surrealaiart,@surrealaiart,YouTube,67600,not exposed,"AIGC,YouTube,Pika,Runway,Sora,Veo",New,2026-08-13T18:05:09Z,,,Sora,https://www.youtube.com/watch?v=PcBN2FucqKQ,unsure,2026-07-18T18:17:32Z,YouTube routine exact API refresh,api_refresh: YouTube subscribers=67600; videos=73; channelId=UCpSoiXN2gf66dkhk5WDy0pg; recent_title=Ageless Fashion Dance • I Wore The Good One | Surreal AI Music Video 4K,https://www.youtube.com/feeds/videos.xml?channel_id=UCpSoiXN2gf66dkhk5WDy0pg,https://youtube.com/@surrealaiart/about,"{""follower_count"":{""source"":""youtube_data_api.channels.list"",""channelId"":""UCpSoiXN2gf66dkhk5WDy0pg"",""profileUrl"":""https://youtube.com/@surrealaiart""},""bio"":{""source"":""youtube_data_api.channels.list"",""channel_id"":""UCpSoiXN2gf66dkhk5WDy0pg""},""aigc_verdict"":{""source"":""existing_or_api_only_no_frame"",""verdict"":""unsure""},""youtube_channel_id"":""UCpSoiXN2gf66dkhk5WDy0pg"",""recent_uploads"":{""source"":""youtube_data_api.search.list"",""channelId"":""UCpSoiXN2gf66dkhk5WDy0pg"",""sample"":""https://www.youtube.com/watch?v=PcBN2FucqKQ""}}"
https://youtube.com/@teamsorapresents,@teamsorapresents,YouTube,135,not exposed,"AIGC,YouTube,Sora,small-creator",New,2026-08-13T18:05:09Z,,,Sora,https://www.youtube.com/watch?v=Fwl6l2qJEfU,unsure,2026-07-18T18:17:32Z,YouTube routine exact API refresh,api_refresh: YouTube subscribers=135; videos=36; channelId=UCe48pAUxcZ75H20bCLR5JXA; recent_title=IT&#39;S GOIN&#39; DOWN!!! [&quot;Splatoon: Raiders&quot; FINALE] | Team Sora Plays,https://www.youtube.com/feeds/videos.xml?channel_id=UCe48pAUxcZ75H20bCLR5JXA,https://youtube.com/@teamsorapresents/about,"{""follower_count"":{""source"":""youtube_data_api.channels.list"",""channelId"":""UCe48pAUxcZ75H20bCLR5JXA"",""profileUrl"":""https://youtube.com/@teamsorapresents""},""bio"":{""source"":""youtube_data_api.channels.list"",""channel_id"":""UCe48pAUxcZ75H20bCLR5JXA""},""aigc_verdict"":{""source"":""existing_or_api_only_no_frame"",""verdict"":""unsure""},""youtube_channel_id"":""UCe48pAUxcZ75H20bCLR5JXA"",""recent_uploads"":{""source"":""youtube_data_api.search.list"",""channelId"":""UCe48pAUxcZ75H20bCLR5JXA"",""sample"":""https://www.youtube.com/watch?v=Fwl6l2qJEfU""}}"
https://youtube.com/@thereelrobot,@thereelrobot,YouTube,14200,not exposed,"AIGC,YouTube,Kling",New,2026-08-13T18:05:09Z,,,Kling,https://www.youtube.com/watch?v=cPisZOLo1a8,unsure,2026-07-18T18:17:32Z,YouTube routine exact API refresh,api_refresh: YouTube subscribers=14200; videos=69; channelId=UC_3t5WerQttfnOzm5y3pbnw; recent_title=27 Days | Short Film,https://www.youtube.com/feeds/videos.xml?channel_id=UC_3t5WerQttfnOzm5y3pbnw,https://youtube.com/@thereelrobot/about,"{""follower_count"":{""source"":""youtube_data_api.channels.list"",""channelId"":""UC_3t5WerQttfnOzm5y3pbnw"",""profileUrl"":""https://youtube.com/@thereelrobot""},""bio"":{""source"":""youtube_data_api.channels.list"",""channel_id"":""UC_3t5WerQttfnOzm5y3pbnw""},""aigc_verdict"":{""source"":""existing_or_api_only_no_frame"",""verdict"":""unsure""},""youtube_channel_id"":""UC_3t5WerQttfnOzm5y3pbnw"",""recent_uploads"":{""source"":""youtube_data_api.search.list"",""channelId"":""UC_3t5WerQttfnOzm5y3pbnw"",""sample"":""https://www.youtube.com/watch?v=cPisZOLo1a8""}}"
https://reddit.com/user/atlas077,u/Atlas077,Reddit,,,"AIGC,Reddit,AI video",New,2026-07-19T02:19:29Z,,,,https://www.reddit.com/user/Atlas077/,unsure,2026-07-19T02:19:29Z,searxng Sora AI filmmaker site:reddit.com/user,AIGC term: Sora,,https://www.reddit.com/user/Atlas077/,"{""discovery"":{""tool"":""searxng"",""query"":""Sora AI filmmaker site:reddit.com/user"",""source_url"":""https://www.reddit.com/user/Atlas077/"",""title"":""theonehaze (u/Atlas077) - Reddit"",""snippet"":""I'm a 24 y/o producer, mix engineer, ex studio manager who lives in Oxford, UK. ... Cool AI background. Did you make it with Sora? Upvote 1. Downvote Reply reply.""},""profile_status"":""Reddit has no keyless profiling API in this routine; follower count empty, AIGCVerdict unsure.""}"
https://reddit.com/user/droppedaxes,u/DroppedAxes,Reddit,,,"AIGC,Reddit,AI video",New,2026-07-19T02:19:29Z,,,,https://www.reddit.com/user/DroppedAxes/,unsure,2026-07-19T02:19:29Z,searxng Runway generative video site:reddit.com/user,AIGC term: runway,,https://www.reddit.com/user/DroppedAxes/,"{""discovery"":{""tool"":""searxng"",""query"":""Runway generative video site:reddit.com/user"",""source_url"":""https://www.reddit.com/user/DroppedAxes/"",""title"":""DroppedAxes - Reddit"",""snippet"":""I just think there's some degree of inevitability when it comes to generative AI in all forms that we can't reasonably come back from. ... runway. Upvote 1""},""profile_status"":""Reddit has no keyless profiling API in this routine; follower count empty, AIGCVerdict unsure.""}"
https://reddit.com/user/enoumen,u/enoumen,Reddit,,,"AIGC,Reddit,DiscoveryOnly",New,2026-07-26T02:18:58Z,,,Sora,https://www.reddit.com/user/enoumen/,unsure,2026-07-19T02:19:29Z,searxng Runway AI video creator site:reddit.com/user,Reddit discovery-only; no keyless profiling API available from this host. FollowerCount intentionally empty; AIGCVerdict=unsure per ROUTINE.md rule 9.,,https://www.reddit.com/user/enoumen/,"{""discovery"":{""tool"":""searxng"",""query"":""Runway AI video creator site:reddit.com/user"",""result_url"":""https://www.reddit.com/user/enoumen/"",""title"":""Tech Founder at DjamgaMind.com (u/enoumen) - Reddit"",""snippet"":""Runway Dev, a new single API serving its frontier video models alongside a third-party image and audio generator. OpenAI. published. an AI-generated proof of a ...""}}"
https://reddit.com/user/haberdashcollect,u/haberdashcollect,Reddit,,,"AIGC,Reddit,Sora",New,2026-07-22T02:18:47Z,,,Sora,https://www.reddit.com/user/haberdashcollect/comments/1qmm3yg/state_of_the_vtuber_world_january_26th_2026/,unsure,2026-07-19T02:19:29Z,searxng Sora AI filmmaker site:reddit.com/user,Reddit discovery-only; no keyless profiling API from server IPs; snippet lead only. Additional source: https://reddit.com/user/haberdashcollect/comments/1qmm3yg/state_of_the_vtuber_world_january_26th_2026/,,https://reddit.com/user/haberdashcollect/comments/1qmm3yg/state_of_the_vtuber_world_january_26th_2026/,"{""identity"":{""source"":""searxng"",""url"":""https://reddit.com/user/haberdashcollect/comments/1qmm3yg/state_of_the_vtuber_world_january_26th_2026/"",""query"":""Sora AI filmmaker site:reddit.com/user""},""aigc_verdict"":{""source"":""search_index_snippet_only"",""verdict"":""unsure"",""url"":""https://reddit.com/user/haberdashcollect/comments/1qmm3yg/state_of_the_vtuber_world_january_26th_2026/""}}"
https://reddit.com/user/hotsatisfaction5810,u/HotSatisfaction5810,Reddit,,,"AIGC,Reddit,AI video",New,2026-07-19T02:19:29Z,,,,https://www.reddit.com/user/HotSatisfaction5810/,unsure,2026-07-19T02:19:29Z,searxng Runway generative video site:reddit.com/user,AIGC term: runway,,https://www.reddit.com/user/HotSatisfaction5810/,"{""discovery"":{""tool"":""searxng"",""query"":""Runway generative video site:reddit.com/user"",""source_url"":""https://www.reddit.com/user/HotSatisfaction5810/"",""title"":""Daria G (u/HotSatisfaction5810) - Reddit"",""snippet"":""If you deploy a chatbot, use generative AI to create content, or use AI-generated audio/video ... Financial health \u2014 Profitability trajectory, runway, revenue/\u00a0...""},""profile_status"":""Reddit has no keyless profiling API in this routine; follower count empty, AIGCVerdict unsure.""}"
https://reddit.com/user/jackiechan1050,u/JackieChan1050,Reddit,,,"AIGC,Reddit,AI video,Sora",New,2026-07-24T02:16:16Z,,,Sora,https://www.reddit.com/user/JackieChan1050/,unsure,2026-07-19T02:19:29Z,searxng Sora AI filmmaker site:reddit.com/user,Reddit discovery-only; no keyless profiling API; needs OAuth/profile pass before verdict/count.,,https://www.reddit.com/user/JackieChan1050/,"{""discovery"":{""source"":""searxng"",""query"":""Sora AI filmmaker site:reddit.com/user"",""url"":""https://www.reddit.com/user/JackieChan1050/"",""snippet"":""The Dor Brothers (u/JackieChan1050) - Reddit; I believe they simply run it on Sora with video to video. Upvote 3. Downvote ... iPrompt — The Future of AI Filmmaking (Veo 3) · JackieChan1050 commented 1 yr ...""},""aigc_verdict"":{""source"":""not_profiled_reddit_no_keyless_api"",""verdict"":""unsure""},""follower_count"":{""source"":""not_available_reddit_no_keyless_api"",""value"":""""}}"
https://reddit.com/user/jenna_ai,u/Jenna_AI,Reddit,,,"AIGC,Reddit,Runway",New,2026-08-13T02:05:37Z,,,Runway,https://www.reddit.com/user/Jenna_AI/,unsure,2026-07-19T02:19:29Z,searxng Runway AI filmmaker site:reddit.com/user,Reddit discovery-only: no keyless profiling API from server IP; follower_count empty; verdict unsure. Snippet: Jenna_AI - Reddit Runway: Their Gen-3 Video-to-Video feature is currently top-tier for taking real footage and completely reskinning the art style while keeping the actual ...,,https://www.reddit.com/user/Jenna_AI/,"{""identity"":{""source"":""searxng"",""url"":""https://www.reddit.com/user/Jenna_AI/"",""query"":""Runway AI filmmaker site:reddit.com/user"",""reason"":""profile_url_result""},""aigc_verdict"":{""source"":""search_snippet"",""url"":""https://www.reddit.com/user/Jenna_AI/"",""verdict"":""unsure"",""snippet"":""Jenna_AI - Reddit Runway: Their Gen-3 Video-to-Video feature is currently top-tier for taking real footage and completely reskinning the art style while keeping the actual ...""}}"
https://reddit.com/user/johnmoonvalley,u/johnmoonvalley,Reddit,,,"AIGC,Reddit",New,2026-07-30T02:16:51Z,,,,https://www.reddit.com/user/johnmoonvalley/comments/160m0gl/hi_im_the_founder_of_moonvalleyai_a_revolutionary/,unsure,2026-07-19T02:19:29Z,searxng AI video creator site:reddit.com/user,"reddit_discovery_only; no keyless profiling API; follower_count_empty; source_snippet_flagged: Hi, I'm the founder of moonvalley.ai – a revolutionary text/image to AI ...",,https://www.reddit.com/user/johnmoonvalley/comments/160m0gl/hi_im_the_founder_of_moonvalleyai_a_revolutionary/,"{""discovery"":{""source"":""searxng"",""query"":""AI video creator site:reddit.com/user"",""url"":""https://www.reddit.com/user/johnmoonvalley/comments/160m0gl/hi_im_the_founder_of_moonvalleyai_a_revolutionary/""},""aigc_verdict"":{""source"":""search_snippet_only"",""verdict"":""unsure"",""reason"":""Reddit has no keyless profiling API in this workflow; not inferred from text""}}"
https://reddit.com/user/lilitbroyan,u/lilitbroyan,Reddit,,,"AIGC,Reddit,AI video",New,2026-07-19T02:19:29Z,,,,https://www.reddit.com/user/lilitbroyan/,unsure,2026-07-19T02:19:29Z,searxng Runway generative video site:reddit.com/user,AIGC term: Runway,,https://www.reddit.com/user/lilitbroyan/,"{""discovery"":{""tool"":""searxng"",""query"":""Runway generative video site:reddit.com/user"",""source_url"":""https://www.reddit.com/user/lilitbroyan/"",""title"":""Munkos (u/lilitbroyan) - Reddit"",""snippet"":""Runway is good with generative effects. VEED is strong on captions. Kapwing ... We tried videos shot from iPhone, then hired professional videographer to shoot in\u00a0...""},""profile_status"":""Reddit has no keyless profiling API in this routine; follower count empty, AIGCVerdict unsure.""}"
https://reddit.com/user/mandal23,u/mandal23,Reddit,,,"AIGC,Reddit,AI video",New,2026-07-19T02:19:29Z,,,,https://www.reddit.com/user/mandal23/,unsure,2026-07-19T02:19:29Z,searxng Runway generative video site:reddit.com/user,AIGC term: Runway,,https://www.reddit.com/user/mandal23/,"{""discovery"":{""tool"":""searxng"",""query"":""Runway generative video site:reddit.com/user"",""source_url"":""https://www.reddit.com/user/mandal23/"",""title"":""Growth Master Shifu (u/mandal23) - Reddit"",""snippet"":""Hootsuite X Their new generative AI-driven social content planner predicts ... Runway ML Growth Tools This is not just for video editing anymore. Use\u00a0...""},""profile_status"":""Reddit has no keyless profiling API in this routine; follower count empty, AIGCVerdict unsure.""}"
https://reddit.com/user/mnlyyzyeg,u/MNLYYZYEG,Reddit,,,"AIGC,Reddit,AI video",New,2026-07-19T02:19:29Z,,,,https://www.reddit.com/user/MNLYYZYEG/comments/1g687do/extended_comments_with_walls_of_text_3/,unsure,2026-07-19T02:19:29Z,searxng Sora AI filmmaker site:reddit.com/user,AIGC term: Sora,,https://www.reddit.com/user/MNLYYZYEG/comments/1g687do/extended_comments_with_walls_of_text_3/,"{""discovery"":{""tool"":""searxng"",""query"":""Sora AI filmmaker site:reddit.com/user"",""source_url"":""https://www.reddit.com/user/MNLYYZYEG/comments/1g687do/extended_comments_with_walls_of_text_3/"",""title"":""Extended Comments With Walls of Text - 3 : u/MNLYYZYEG - Reddit"",""snippet"":""18 Oct 2024 ... Sora, -, Japanese Kawaii Exemplar/Other Visuals. Nana, -, Other ... Ai De Qin Ai De (\u81f3\u7231\u7684\u4eb2\u7231\u7684). Zhi Ai De Qin Ai De is pretty good\u00a0...""},""profile_status"":""Reddit has no keyless profiling API in this routine; follower count empty, AIGCVerdict unsure.""}"
https://reddit.com/user/monchimonkee,u/monchimonkee,Reddit,,,"AIGC,Reddit,AI video",New,2026-07-19T02:19:29Z,,,,https://www.reddit.com/user/monchimonkee/,unsure,2026-07-19T02:19:29Z,searxng Sora AI filmmaker site:reddit.com/user,AIGC term: Sora,,https://www.reddit.com/user/monchimonkee/,"{""discovery"":{""tool"":""searxng"",""query"":""Sora AI filmmaker site:reddit.com/user"",""source_url"":""https://www.reddit.com/user/monchimonkee/"",""title"":""monchimonkee - Reddit"",""snippet"":""13 Jun 2016 ... Hey everyone, so I love the possibilities of AI and Sora, so I tried ... Sora and real-life filmmaking techniques. What I did was I\u00a0...""},""profile_status"":""Reddit has no keyless profiling API in this routine; follower count empty, AIGCVerdict unsure.""}"
https://reddit.com/user/popdream,u/popdream,Reddit,,,"AIGC,Reddit,AI video",New,2026-07-19T02:19:29Z,,,,https://www.reddit.com/user/popdream/comments/,unsure,2026-07-19T02:19:29Z,searxng Runway generative video site:reddit.com/user,AIGC term: Runway,,https://www.reddit.com/user/popdream/comments/,"{""discovery"":{""tool"":""searxng"",""query"":""Runway generative video site:reddit.com/user"",""source_url"":""https://www.reddit.com/user/popdream/comments/"",""title"":""u/popdream - Reddit"",""snippet"":""Project Runway has taken a weird turn that will kill the show in the long ... generative AI (that was trained on stolen work, has a significant\u00a0...""},""profile_status"":""Reddit has no keyless profiling API in this routine; follower count empty, AIGCVerdict unsure.""}"
https://reddit.com/user/profgpod,u/profgpod,Reddit,,,"AIGC,Reddit,Sora",New,2026-07-22T02:18:47Z,,,Sora,https://www.reddit.com/user/profgpod/,unsure,2026-07-19T02:19:29Z,searxng Sora AI filmmaker site:reddit.com/user,Reddit discovery-only; no keyless profiling API from server IPs; snippet lead only. Additional source: https://reddit.com/user/profgpod/,,https://reddit.com/user/profgpod/,"{""identity"":{""source"":""searxng"",""url"":""https://reddit.com/user/profgpod/"",""query"":""Sora AI filmmaker site:reddit.com/user""},""aigc_verdict"":{""source"":""search_index_snippet_only"",""verdict"":""unsure"",""url"":""https://reddit.com/user/profgpod/""}}"
https://reddit.com/user/tempnull,u/tempNull,Reddit,,,"AIGC,Reddit,AI video",New,2026-07-19T02:19:29Z,,,,https://www.reddit.com/user/tempNull/,unsure,2026-07-19T02:19:29Z,searxng Runway generative video site:reddit.com/user,AIGC term: AI Video,,https://www.reddit.com/user/tempNull/,"{""discovery"":{""tool"":""searxng"",""query"":""Runway generative video site:reddit.com/user"",""source_url"":""https://www.reddit.com/user/tempNull/"",""title"":""tempNull - Reddit"",""snippet"":""The simulations, playable essays, generative art, and strange little ... MediaRouter - Open Source Gateway for AI Video Generation (Sora, Runway, Kling).""},""profile_status"":""Reddit has no keyless profiling API in this routine; follower count empty, AIGCVerdict unsure.""}"
https://vimeo.com/oliviahadjiioannou,Oh.,Vimeo,29,,"AIGC,Vimeo,API,Sora",New,2026-08-08T06:34:38Z,"Athens, Greece and New York, NY",,Sora,https://vimeo.com/1090873153,unsure,2026-07-19T06:17:15Z,vimeo_api_refresh,API-only Vimeo refresh/discovery; visual AIGC review not performed in routine lane; sole_or_small: unknown,,http://olitunes.com,"{""follower_count"":{""source"":""vimeo_api"",""url"":""https://api.vimeo.com/users/19822946""},""profile"":{""source"":""vimeo_api"",""url"":""https://vimeo.com/oliviahadjiioannou""},""aigc_verdict"":{""source"":""api_text_only"",""url"":""https://vimeo.com/1090873153"",""note"":""Routine API lane does not infer visual verdict; left unsure unless already reviewed.""}}"
https://vimeo.com/user234453822,info,Vimeo,11,,"AIGC,Vimeo,Sora",New,2026-08-10T06:27:40Z,"Seattle, WA, USA",,Sora,https://vimeo.com/1074853231,unsure,2026-07-19T06:17:15Z,Vimeo API /videos search: sora ai short film,videos_total: 135,,https://seattleaifilmfestival.com,"{""follower_count"":{""source"":""vimeo_api"",""url"":""https://api.vimeo.com/users/234453822""},""profile"":{""source"":""vimeo_api"",""url"":""https://vimeo.com/user234453822""},""aigc_verdict"":{""source"":""api_search_metadata"",""url"":""https://vimeo.com/1074853231"",""note"":""API search/profile only; visual frame review not performed in this routine lane""}}"
https://vimeo.com/5aledgd,khaled rysha,Vimeo,0,,"AIGC,Vimeo,Runway",New,2026-08-10T06:27:40Z,القاهرة، محافظة القاهرة‬، مصر,,Runway,https://vimeo.com/1104607454,unsure,2026-07-19T06:17:15Z,Vimeo API /videos search: runway ai video creator,videos_total: 8,,https://khaledmamdoh1.github.io/khaled-website/,"{""follower_count"":{""source"":""vimeo_api"",""url"":""https://api.vimeo.com/users/232367876""},""profile"":{""source"":""vimeo_api"",""url"":""https://vimeo.com/5aledgd""},""aigc_verdict"":{""source"":""api_search_metadata"",""url"":""https://vimeo.com/1104607454"",""note"":""API search/profile only; visual frame review not performed in this routine lane""}}"
https://vimeo.com/stellarvideos,Stellar Videos,Vimeo,47,,"AIGC,Vimeo,Runway",New,2026-08-10T06:27:40Z,"Manila, Metro Manila, Philippines",,Runway,https://vimeo.com/1099354265,unsure,2026-07-19T06:17:15Z,Vimeo API /videos search: runway ai video creator,videos_total: 378,,https://www.stellarvideos.net/,"{""follower_count"":{""source"":""vimeo_api"",""url"":""https://api.vimeo.com/users/7837298""},""profile"":{""source"":""vimeo_api"",""url"":""https://vimeo.com/stellarvideos""},""aigc_verdict"":{""source"":""api_search_metadata"",""url"":""https://vimeo.com/1099354265"",""note"":""API search/profile only; visual frame review not performed in this routine lane""}}"
https://vimeo.com/gangcontent,Gang.Content,Vimeo,779,,"AIGC,Vimeo,Runway",New,2026-08-10T06:27:40Z,"Gent, België",,Runway,https://vimeo.com/gangcontent/welcometolatentlandbts,unsure,2026-07-19T06:17:15Z,Vimeo API /videos search: runway ai video creator,videos_total: 1709,,http://www.facebook.com/storyme,"{""follower_count"":{""source"":""vimeo_api"",""url"":""https://api.vimeo.com/users/13692044""},""profile"":{""source"":""vimeo_api"",""url"":""https://vimeo.com/gangcontent""},""aigc_verdict"":{""source"":""api_search_metadata"",""url"":""https://vimeo.com/gangcontent/welcometolatentlandbts"",""note"":""API search/profile only; visual frame review not performed in this routine lane""}}"
https://reddit.com/user/dubbingai,u/DubbingAI,Reddit,,,"AIGC,Reddit,AI video",New,2026-07-20T02:11:23Z,,,Sora,,unsure,2026-07-20T02:11:23Z,"ddgs site:reddit.com/user; site:reddit.com/user ""Pika"" ""AI video""; SearXNG r/aivideo sweep returned subreddit/post sources but no author identity in search index snippets","discovery_only: reddit keyless profiling unavailable; follower_count_empty; source_snippet: Dubbing AI (u/DubbingAI) - Reddit; Welcome to r/aivideo! 🍿🥤 A community focused on the use of FULL MOTION VIDEO GENERATIVE A.I. ASSISTANTS such as OPEN AI SORA, RUNWAY, PIKA LABS, SVD and similar AI VIDEO tools capa",,https://www.reddit.com/user/DubbingAI/submitted/,"{""discovery"":{""tool"":""ddgs"",""query"":""site:reddit.com/user \""Pika\"" \""AI video\"""",""url"":""https://www.reddit.com/user/DubbingAI/submitted/"",""title"":""Dubbing AI (u/DubbingAI) - Reddit"",""snippet"":""Welcome to r/aivideo! \ud83c\udf7f\ud83e\udd64 A community focused on the use of FULL MOTION VIDEO GENERATIVE A.I. ASSISTANTS such as OPEN AI SORA, RUNWAY, PIKA LABS, SVD and similar AI VIDEO tools capable of TEXT TO VIDEO, IMAGE TO VIDEO, VIDEO TO VIDEO, AI VOICE OVER ACTING, AI MUSIC, AI NEWSROOM, live action AI CGI VF""},""aigc_verdict"":{""source"":""search_index_only"",""verdict"":""unsure"",""reason"":""Reddit keyless profiling API unavailable in this routine; search snippet only.""}}"
https://civitai.com/user/supernekosan,supernekosan,Civitai,,,"AIGC,Civitai,video",New,2026-08-05T06:10:34Z,,,Civitai,https://image.civitai.com/xG1nkqKTMzGDvpLrqFT7WA/8df9dfbf-a639-4b2a-8311-7243f5bf15e0/original=true/8df9dfbf-a639-4b2a-8311-7243f5bf15e0.mp4,yes,2026-07-20T06:13:47Z,routine Civitai API refresh,Civitai public REST type=video nsfw=false returned public video items; follower count not exposed by this endpoint.,,https://civitai.com/user/supernekosan,"{""aigc_verdict"":{""source"":""civitai_api_type_video"",""url"":""https://civitai.com/api/v1/images?username=supernekosan&type=video&nsfw=false""},""sample"":{""source"":""civitai_api"",""url"":""https://image.civitai.com/xG1nkqKTMzGDvpLrqFT7WA/8df9dfbf-a639-4b2a-8311-7243f5bf15e0/original=true/8df9dfbf-a639-4b2a-8311-7243f5bf15e0.mp4""}}"
https://civitai.com/user/neonninja,NeonNinja,Civitai,,,"AIGC,Civitai,video",New,2026-08-05T06:10:34Z,,,Civitai,https://image.civitai.com/xG1nkqKTMzGDvpLrqFT7WA/bd3476d1-a5e4-4b57-9e06-a5e9eb721082/original=true/bd3476d1-a5e4-4b57-9e06-a5e9eb721082.mp4,yes,2026-07-20T06:13:47Z,Civitai type=video global Newest discovery,Civitai public REST type=video nsfw=false returned public video items; follower count not exposed by this endpoint.,,https://civitai.com/user/NeonNinja,"{""aigc_verdict"":{""source"":""civitai_api_type_video"",""url"":""https://civitai.com/api/v1/images?username=NeonNinja&type=video&nsfw=false""},""sample"":{""source"":""civitai_api"",""url"":""https://image.civitai.com/xG1nkqKTMzGDvpLrqFT7WA/bd3476d1-a5e4-4b57-9e06-a5e9eb721082/original=true/bd3476d1-a5e4-4b57-9e06-a5e9eb721082.mp4""}}"
https://civitai.com/user/pablo_b,pablo_b,Civitai,,,"AIGC,Civitai,video",New,2026-08-05T06:10:34Z,,,Civitai,https://image.civitai.com/xG1nkqKTMzGDvpLrqFT7WA/5f73ee86-e038-4011-a6e1-6ce814ac4543/original=true/5f73ee86-e038-4011-a6e1-6ce814ac4543.mp4,yes,2026-07-20T06:13:47Z,Civitai type=video global Newest discovery,Civitai public REST type=video nsfw=false returned public video items; follower count not exposed by this endpoint.,,https://civitai.com/user/pablo_b,"{""aigc_verdict"":{""source"":""civitai_api_type_video"",""url"":""https://civitai.com/api/v1/images?username=pablo_b&type=video&nsfw=false""},""sample"":{""source"":""civitai_api"",""url"":""https://image.civitai.com/xG1nkqKTMzGDvpLrqFT7WA/5f73ee86-e038-4011-a6e1-6ce814ac4543/original=true/5f73ee86-e038-4011-a6e1-6ce814ac4543.mp4""}}"
https://civitai.com/user/ai_0_ia,Ai_0_iA,Civitai,,,"AIGC,Civitai,video",New,2026-08-10T06:27:40Z,,,Civitai,https://image.civitai.com/xG1nkqKTMzGDvpLrqFT7WA/8c4a539f-8985-44f5-8f77-737068294b71/original=true/8c4a539f-8985-44f5-8f77-737068294b71.mp4,yes,2026-07-20T06:13:47Z,Civitai API /images type=video sort=Newest,discovered_from_public_sfw_video_feed,,https://civitai.com/user/Ai_0_iA,"{""video_content"":{""source"":""civitai_images_api"",""url"":""https://image.civitai.com/xG1nkqKTMzGDvpLrqFT7WA/8c4a539f-8985-44f5-8f77-737068294b71/original=true/8c4a539f-8985-44f5-8f77-737068294b71.mp4"",""type"":""video"",""nsfw"":false},""aigc_verdict"":{""source"":""civitai_video_api"",""url"":""https://image.civitai.com/xG1nkqKTMzGDvpLrqFT7WA/8c4a539f-8985-44f5-8f77-737068294b71/original=true/8c4a539f-8985-44f5-8f77-737068294b71.mp4"",""note"":""Civitai public video item confirms AI-generated video output""}}"
https://civitai.com/user/coachbate,coachbate,Civitai,,,"AIGC,AI video,Civitai",New,2026-08-01T06:37:46Z,,,,https://image.civitai.com/xG1nkqKTMzGDvpLrqFT7WA/65f35241-2ff3-4d56-b204-49ac8dcef790/original=true/65f35241-2ff3-4d56-b204-49ac8dcef790.mp4,yes,2026-07-20T06:13:47Z,Civitai API existing-row refresh type=video,routine API refresh/discovery; Civitai type=video confirms AI video output,,https://civitai.com/user/coachbate,"{""video_content"":{""source"":""civitai_api_images_type_video"",""url"":""https://civitai.com/api/v1/images?username=coachbate&type=video&nsfw=false""}}"
https://civitai.com/user/sy0ww4bb1984,@sy0ww4bb1984,Civitai,,,"AIGC,Sora",New,2026-08-06T14:13:11Z,,,Sora,https://civitai.com/posts/30170723,unsure,2026-07-20T06:13:47Z,"off-platform sweep (ddgs): ""AI video"" ""Sora"" site:civitai.com/user",routine off-platform discovery; follower_count unavailable via API in this window; AIGC not frame-reviewed,,https://civitai.com/user/sy0ww4bb1984,"{""discovery"":{""source"":""ddgs"",""query"":""\""AI video\"" \""Sora\"" site:civitai.com/user"",""url"":""https://civitai.com/user/sy0ww4bb1984"",""snippet"":""sy0ww4bb1984 Creator Profile | Civitai — Life is showing me that i need to work harder. Perhaps lost many videos still not sure. If you need something from me, let me know and i will get back to you when i get settled. My profile is 3 years of AI video. I don'""},""aigc_verdict"":{""source"":""off-platform search snippet only; no API/frame review in this routine window"",""url"":""https://civitai.com/user/sy0ww4bb1984""}}"
https://civitai.com/user/runcomfy,runcomfy,Civitai,,,"AIGC,Civitai,video",New,2026-08-06T06:19:00Z,,,Civitai,https://civitai.com/posts/29884991,yes,2026-07-20T06:13:47Z,Civitai API refresh,"sole_or_small: unknown; video_item_id:137237663; stats:{""cryCount"":0,""laughCount"":1,""likeCount"":20,""dislikeCount"":0,""heartCount"":0,""commentCount"":0}",,https://civitai.com/user/runcomfy,"{""aigc_verdict"":{""source"":""civitai_api_type_video"",""url"":""https://civitai.com/posts/29884991"",""note"":""Civitai public REST returned SFW item with type=video; platform content is AI-generated by definition.""},""video_content"":{""source"":""civitai_api"",""url"":""https://civitai.com/posts/29884991"",""item_id"":137237663}}"
https://civitai.com/user/mtl925056,mtl925056,Civitai,,,"AIGC,Civitai,video",New,2026-08-06T06:19:00Z,,,Civitai,https://civitai.com/posts/30174851,yes,2026-07-20T06:13:47Z,Civitai API refresh,"sole_or_small: unknown; video_item_id:138682236; stats:{""cryCount"":0,""laughCount"":0,""likeCount"":6,""dislikeCount"":0,""heartCount"":0,""commentCount"":0}",,https://civitai.com/user/mtl925056,"{""aigc_verdict"":{""source"":""civitai_api_type_video"",""url"":""https://civitai.com/posts/30174851"",""note"":""Civitai public REST returned SFW item with type=video; platform content is AI-generated by definition.""},""video_content"":{""source"":""civitai_api"",""url"":""https://civitai.com/posts/30174851"",""item_id"":138682236}}"
https://civitai.com/user/konomi_p,konomi_p,Civitai,,,"AIGC,Civitai,Video",New,2026-08-08T06:34:38Z,,,Civitai,https://image.civitai.com/xG1nkqKTMzGDvpLrqFT7WA/8ff1ccda-ed18-409d-9887-4f35f1bc0495/original=true/8ff1ccda-ed18-409d-9887-4f35f1bc0495.mp4,yes,2026-07-20T06:13:47Z,civitai_api_discovery:type=video&nsfw=false,"has public SFW video via Civitai API; video_item_id:139068771; stats:{""cryCount"":0,""laughCount"":0,""likeCount"":0,""dislikeCount"":0,""heartCount"":0,""commentCount"":0}",,https://civitai.com/user/konomi_p,"{""video_content"":{""source"":""civitai_api"",""url"":""https://image.civitai.com/xG1nkqKTMzGDvpLrqFT7WA/8ff1ccda-ed18-409d-9887-4f35f1bc0495/original=true/8ff1ccda-ed18-409d-9887-4f35f1bc0495.mp4"",""item_id"":139068771,""type"":""video""},""aigc_verdict"":{""source"":""civitai_api"",""url"":""https://image.civitai.com/xG1nkqKTMzGDvpLrqFT7WA/8ff1ccda-ed18-409d-9887-4f35f1bc0495/original=true/8ff1ccda-ed18-409d-9887-4f35f1bc0495.mp4"",""note"":""Civitai content is AI-generated by platform definition; type=video confirms video output.""}}"
https://civitai.com/user/experimental_daiver,experimental_daiver,Civitai,,,"AIGC,Civitai,video",New,2026-08-06T06:19:00Z,,,Civitai,https://civitai.com/posts/29986389,yes,2026-07-20T06:13:47Z,Civitai API refresh,"sole_or_small: unknown; video_item_id:137743414; stats:{""cryCount"":3,""laughCount"":0,""likeCount"":20,""dislikeCount"":0,""heartCount"":10,""commentCount"":1}",,https://civitai.com/user/experimental_daiver,"{""aigc_verdict"":{""source"":""civitai_api_type_video"",""url"":""https://civitai.com/posts/29986389"",""note"":""Civitai public REST returned SFW item with type=video; platform content is AI-generated by definition.""},""video_content"":{""source"":""civitai_api"",""url"":""https://civitai.com/posts/29986389"",""item_id"":137743414}}"
https://civitai.com/user/thedoors4,TheDoors4,Civitai,,,"AIGC,Civitai,Video",New,2026-07-31T06:22:16Z,,,,https://civitai.com/posts/30096910,yes,2026-07-20T06:13:47Z,civitai api discovery: /images type=video nsfw=false,civitai_api; type=video; nsfw=false; follower_count_not_exposed,,https://civitai.com/user/TheDoors4,"{""aigc_verdict"":{""source"":""civitai_api_type_video"",""url"":""https://civitai.com/posts/30096910"",""note"":""Civitai public REST returned type=video with nsfw=false.""},""sample_content"":{""source"":""civitai_api"",""url"":""https://image.civitai.com/xG1nkqKTMzGDvpLrqFT7WA/9f520036-72ee-46f9-8674-4b412af61211/original=true/9f520036-72ee-46f9-8674-4b412af61211.mp4""}}"
https://civitai.com/user/dreamerdragon,@dreamerdragon,Civitai,,,"AIGC,AI video,Civitai",New,2026-08-03T06:14:20Z,,,,https://image.civitai.com/xG1nkqKTMzGDvpLrqFT7WA/f874d3bf-5731-4e99-9030-47c1f4966dc2/original=true/f874d3bf-5731-4e99-9030-47c1f4966dc2.mp4,yes,2026-07-20T06:13:47Z,sheet_refresh:civitai,routine_api_lane; has_public_sfw_video: yes; sole_or_small: unknown,,https://civitai.com/user/dreamerdragon,"{""aigc_verdict"":{""source"":""civitai_api_type_video"",""url"":""https://image.civitai.com/xG1nkqKTMzGDvpLrqFT7WA/f874d3bf-5731-4e99-9030-47c1f4966dc2/original=true/f874d3bf-5731-4e99-9030-47c1f4966dc2.mp4"",""note"":""Civitai public video item, nsfw=false""},""video_content"":{""source"":""civitai_api"",""url"":""https://image.civitai.com/xG1nkqKTMzGDvpLrqFT7WA/f874d3bf-5731-4e99-9030-47c1f4966dc2/original=true/f874d3bf-5731-4e99-9030-47c1f4966dc2.mp4""}}"
https://civitai.com/user/octaviux,octaviux,Civitai,,,"AIGC,Civitai,video",New,2026-08-06T06:19:00Z,,,Civitai,https://civitai.com/posts/29882519,yes,2026-07-20T06:13:47Z,Civitai API refresh,"sole_or_small: unknown; video_item_id:137224472; stats:{""cryCount"":0,""laughCount"":0,""likeCount"":18,""dislikeCount"":0,""heartCount"":7,""commentCount"":0}",,https://civitai.com/user/octaviux,"{""aigc_verdict"":{""source"":""civitai_api_type_video"",""url"":""https://civitai.com/posts/29882519"",""note"":""Civitai public REST returned SFW item with type=video; platform content is AI-generated by definition.""},""video_content"":{""source"":""civitai_api"",""url"":""https://civitai.com/posts/29882519"",""item_id"":137224472}}"
https://civitai.com/user/wizardeus,wizardeus,Civitai,,,"AIGC,Civitai,video",New,2026-08-06T06:19:00Z,,,Civitai,https://civitai.com/posts/29881765,yes,2026-07-20T06:13:47Z,Civitai API refresh,"sole_or_small: unknown; video_item_id:137220066; stats:{""cryCount"":0,""laughCount"":0,""likeCount"":9,""dislikeCount"":0,""heartCount"":2,""commentCount"":0}",,https://civitai.com/user/wizardeus,"{""aigc_verdict"":{""source"":""civitai_api_type_video"",""url"":""https://civitai.com/posts/29881765"",""note"":""Civitai public REST returned SFW item with type=video; platform content is AI-generated by definition.""},""video_content"":{""source"":""civitai_api"",""url"":""https://civitai.com/posts/29881765"",""item_id"":137220066}}"
https://civitai.com/user/popcornmaven,popcornmaven,Civitai,,,"AIGC,Civitai,video",New,2026-08-06T06:19:00Z,,,Civitai,https://civitai.com/posts/30179292,yes,2026-07-20T06:13:47Z,Civitai API refresh,"sole_or_small: unknown; video_item_id:138706058; stats:{""cryCount"":0,""laughCount"":0,""likeCount"":16,""dislikeCount"":0,""heartCount"":12,""commentCount"":3}",,https://civitai.com/user/popcornmaven,"{""aigc_verdict"":{""source"":""civitai_api_type_video"",""url"":""https://civitai.com/posts/30179292"",""note"":""Civitai public REST returned SFW item with type=video; platform content is AI-generated by definition.""},""video_content"":{""source"":""civitai_api"",""url"":""https://civitai.com/posts/30179292"",""item_id"":138706058}}"
https://civitai.com/user/cybercream,CyberCream,Civitai,,,"AIGC,Civitai,video",New,2026-08-10T06:27:40Z,,,Civitai,https://image.civitai.com/xG1nkqKTMzGDvpLrqFT7WA/1e5760f3-2e2e-4b70-94aa-b8f55451a015/original=true/1e5760f3-2e2e-4b70-94aa-b8f55451a015.mp4,yes,2026-07-20T06:13:47Z,Civitai API /images type=video sort=Newest,discovered_from_public_sfw_video_feed,,https://civitai.com/user/CyberCream,"{""video_content"":{""source"":""civitai_images_api"",""url"":""https://image.civitai.com/xG1nkqKTMzGDvpLrqFT7WA/1e5760f3-2e2e-4b70-94aa-b8f55451a015/original=true/1e5760f3-2e2e-4b70-94aa-b8f55451a015.mp4"",""type"":""video"",""nsfw"":false},""aigc_verdict"":{""source"":""civitai_video_api"",""url"":""https://image.civitai.com/xG1nkqKTMzGDvpLrqFT7WA/1e5760f3-2e2e-4b70-94aa-b8f55451a015/original=true/1e5760f3-2e2e-4b70-94aa-b8f55451a015.mp4"",""note"":""Civitai public video item confirms AI-generated video output""}}"
https://civitai.com/user/_keyser_soze_,@_Keyser_Soze_,Civitai,,,"AIGC,AI video,Civitai",New,2026-08-03T06:14:20Z,,,,https://image.civitai.com/xG1nkqKTMzGDvpLrqFT7WA/e17400ac-a601-4975-8791-9df6d131490d/original=true/e17400ac-a601-4975-8791-9df6d131490d.mp4,yes,2026-07-20T06:13:47Z,sheet_refresh:civitai,routine_api_lane; has_public_sfw_video: yes; sole_or_small: unknown,,https://civitai.com/user/_Keyser_Soze_,"{""aigc_verdict"":{""source"":""civitai_api_type_video"",""url"":""https://image.civitai.com/xG1nkqKTMzGDvpLrqFT7WA/e17400ac-a601-4975-8791-9df6d131490d/original=true/e17400ac-a601-4975-8791-9df6d131490d.mp4"",""note"":""Civitai public video item, nsfw=false""},""video_content"":{""source"":""civitai_api"",""url"":""https://image.civitai.com/xG1nkqKTMzGDvpLrqFT7WA/e17400ac-a601-4975-8791-9df6d131490d/original=true/e17400ac-a601-4975-8791-9df6d131490d.mp4""}}"
https://civitai.com/user/human227,human227,Civitai,,,"AIGC,Civitai,video",New,2026-08-06T06:19:00Z,,,Civitai,https://civitai.com/posts/30208876,yes,2026-07-20T06:13:47Z,Civitai API refresh,"sole_or_small: unknown; video_item_id:138850221; stats:{""cryCount"":0,""laughCount"":0,""likeCount"":2,""dislikeCount"":0,""heartCount"":0,""commentCount"":0}",,https://civitai.com/user/human227,"{""aigc_verdict"":{""source"":""civitai_api_type_video"",""url"":""https://civitai.com/posts/30208876"",""note"":""Civitai public REST returned SFW item with type=video; platform content is AI-generated by definition.""},""video_content"":{""source"":""civitai_api"",""url"":""https://civitai.com/posts/30208876"",""item_id"":138850221}}"
https://civitai.com/user/theweirdest3gogogo,theweirdest3gogogo,Civitai,,,"AIGC,Civitai,video",New,2026-08-06T06:19:00Z,,,Civitai,https://civitai.com/posts/29845983,yes,2026-07-20T06:13:47Z,Civitai API refresh,"sole_or_small: unknown; video_item_id:137037307; stats:{""cryCount"":0,""laughCount"":0,""likeCount"":8,""dislikeCount"":0,""heartCount"":1,""commentCount"":0}",,https://civitai.com/user/theweirdest3gogogo,"{""aigc_verdict"":{""source"":""civitai_api_type_video"",""url"":""https://civitai.com/posts/29845983"",""note"":""Civitai public REST returned SFW item with type=video; platform content is AI-generated by definition.""},""video_content"":{""source"":""civitai_api"",""url"":""https://civitai.com/posts/29845983"",""item_id"":137037307}}"
https://civitai.com/user/cyberpunk8085,@cyberpunk8085,Civitai,,,"AIGC,AI video,Civitai",New,2026-08-03T06:14:20Z,,,,https://image.civitai.com/xG1nkqKTMzGDvpLrqFT7WA/13de1160-b71a-4916-886b-3983201c5ca9/original=true/13de1160-b71a-4916-886b-3983201c5ca9.mp4,yes,2026-07-20T06:13:47Z,sheet_refresh:civitai,routine_api_lane; has_public_sfw_video: yes; sole_or_small: unknown,,https://civitai.com/user/cyberpunk8085,"{""aigc_verdict"":{""source"":""civitai_api_type_video"",""url"":""https://image.civitai.com/xG1nkqKTMzGDvpLrqFT7WA/13de1160-b71a-4916-886b-3983201c5ca9/original=true/13de1160-b71a-4916-886b-3983201c5ca9.mp4"",""note"":""Civitai public video item, nsfw=false""},""video_content"":{""source"":""civitai_api"",""url"":""https://image.civitai.com/xG1nkqKTMzGDvpLrqFT7WA/13de1160-b71a-4916-886b-3983201c5ca9/original=true/13de1160-b71a-4916-886b-3983201c5ca9.mp4""}}"
https://civitai.com/user/paijohernandez,paijohernandez,Civitai,,,"AIGC,Civitai,video",New,2026-08-06T06:19:00Z,,,Civitai,https://civitai.com/posts/29876754,yes,2026-07-20T06:13:47Z,Civitai API refresh,"sole_or_small: unknown; video_item_id:137194196; stats:{""cryCount"":0,""laughCount"":1,""likeCount"":2,""dislikeCount"":0,""heartCount"":0,""commentCount"":0}",,https://civitai.com/user/paijohernandez,"{""aigc_verdict"":{""source"":""civitai_api_type_video"",""url"":""https://civitai.com/posts/29876754"",""note"":""Civitai public REST returned SFW item with type=video; platform content is AI-generated by definition.""},""video_content"":{""source"":""civitai_api"",""url"":""https://civitai.com/posts/29876754"",""item_id"":137194196}}"
https://civitai.com/user/monnalisa,monnalisa,Civitai,,,"AIGC,Civitai,video",New,2026-08-10T06:27:40Z,,,Civitai,https://image.civitai.com/xG1nkqKTMzGDvpLrqFT7WA/b03b36d1-0ff1-43c3-ad37-cecfac70ae1c/original=true/b03b36d1-0ff1-43c3-ad37-cecfac70ae1c.mp4,yes,2026-07-20T06:13:47Z,Civitai API /images type=video sort=Newest,discovered_from_public_sfw_video_feed,,https://civitai.com/user/monnalisa,"{""video_content"":{""source"":""civitai_images_api"",""url"":""https://image.civitai.com/xG1nkqKTMzGDvpLrqFT7WA/b03b36d1-0ff1-43c3-ad37-cecfac70ae1c/original=true/b03b36d1-0ff1-43c3-ad37-cecfac70ae1c.mp4"",""type"":""video"",""nsfw"":false},""aigc_verdict"":{""source"":""civitai_video_api"",""url"":""https://image.civitai.com/xG1nkqKTMzGDvpLrqFT7WA/b03b36d1-0ff1-43c3-ad37-cecfac70ae1c/original=true/b03b36d1-0ff1-43c3-ad37-cecfac70ae1c.mp4"",""note"":""Civitai public video item confirms AI-generated video output""}}"
https://civitai.com/user/deskgrenade,@DeskGrenade,Civitai,,,"AIGC,AI video,Civitai",New,2026-08-03T06:14:20Z,,,,https://image.civitai.com/xG1nkqKTMzGDvpLrqFT7WA/e332a21c-3322-4fb2-8779-ffc3c3527772/original=true/e332a21c-3322-4fb2-8779-ffc3c3527772.mp4,yes,2026-07-20T06:13:47Z,sheet_refresh:civitai,routine_api_lane; has_public_sfw_video: yes; sole_or_small: unknown,,https://civitai.com/user/DeskGrenade,"{""aigc_verdict"":{""source"":""civitai_api_type_video"",""url"":""https://image.civitai.com/xG1nkqKTMzGDvpLrqFT7WA/e332a21c-3322-4fb2-8779-ffc3c3527772/original=true/e332a21c-3322-4fb2-8779-ffc3c3527772.mp4"",""note"":""Civitai public video item, nsfw=false""},""video_content"":{""source"":""civitai_api"",""url"":""https://image.civitai.com/xG1nkqKTMzGDvpLrqFT7WA/e332a21c-3322-4fb2-8779-ffc3c3527772/original=true/e332a21c-3322-4fb2-8779-ffc3c3527772.mp4""}}"
https://civitai.com/user/youneverknow,youneverknow,Civitai,,,"AIGC,Civitai,video",New,2026-08-06T06:19:00Z,,,Civitai,https://civitai.com/posts/29879283,yes,2026-07-20T06:13:47Z,Civitai API refresh,"sole_or_small: unknown; video_item_id:137206738; stats:{""cryCount"":3,""laughCount"":8,""likeCount"":52,""dislikeCount"":0,""heartCount"":6,""commentCount"":0}",,https://civitai.com/user/youneverknow,"{""aigc_verdict"":{""source"":""civitai_api_type_video"",""url"":""https://civitai.com/posts/29879283"",""note"":""Civitai public REST returned SFW item with type=video; platform content is AI-generated by definition.""},""video_content"":{""source"":""civitai_api"",""url"":""https://civitai.com/posts/29879283"",""item_id"":137206738}}"
https://civitai.com/user/ragamuffin20,ragamuffin20,Civitai,,,"AIGC,Civitai,video",New,2026-08-06T06:19:00Z,,,Civitai,https://civitai.com/posts/29879216,yes,2026-07-20T06:13:47Z,Civitai API refresh,"sole_or_small: unknown; video_item_id:137206317; stats:{""cryCount"":0,""laughCount"":0,""likeCount"":2,""dislikeCount"":0,""heartCount"":0,""commentCount"":0}",,https://civitai.com/user/ragamuffin20,"{""aigc_verdict"":{""source"":""civitai_api_type_video"",""url"":""https://civitai.com/posts/29879216"",""note"":""Civitai public REST returned SFW item with type=video; platform content is AI-generated by definition.""},""video_content"":{""source"":""civitai_api"",""url"":""https://civitai.com/posts/29879216"",""item_id"":137206317}}"
https://civitai.com/user/trashkollector175,trashkollector175,Civitai,,,"AIGC,Civitai,video",New,2026-08-06T06:19:00Z,,,Civitai,https://civitai.com/posts/29879194,yes,2026-07-20T06:13:47Z,Civitai API refresh,"sole_or_small: unknown; video_item_id:137206238; stats:{""cryCount"":0,""laughCount"":0,""likeCount"":0,""dislikeCount"":0,""heartCount"":0,""commentCount"":0}",,https://civitai.com/user/trashkollector175,"{""aigc_verdict"":{""source"":""civitai_api_type_video"",""url"":""https://civitai.com/posts/29879194"",""note"":""Civitai public REST returned SFW item with type=video; platform content is AI-generated by definition.""},""video_content"":{""source"":""civitai_api"",""url"":""https://civitai.com/posts/29879194"",""item_id"":137206238}}"
https://civitai.com/user/dtal835217,dtal835217,Civitai,,,"AIGC,Civitai,video",New,2026-08-06T06:19:00Z,,,Civitai,https://civitai.com/posts/29878692,yes,2026-07-20T06:13:47Z,Civitai API refresh,"sole_or_small: unknown; video_item_id:137203972; stats:{""cryCount"":1,""laughCount"":1,""likeCount"":10,""dislikeCount"":0,""heartCount"":12,""commentCount"":0}",,https://civitai.com/user/dtal835217,"{""aigc_verdict"":{""source"":""civitai_api_type_video"",""url"":""https://civitai.com/posts/29878692"",""note"":""Civitai public REST returned SFW item with type=video; platform content is AI-generated by definition.""},""video_content"":{""source"":""civitai_api"",""url"":""https://civitai.com/posts/29878692"",""item_id"":137203972}}"
https://civitai.com/user/amurisgen,@AmurisGen,Civitai,,,"AIGC,AI video,Civitai",New,2026-08-03T06:14:20Z,,,,https://image.civitai.com/xG1nkqKTMzGDvpLrqFT7WA/5cd6658c-b8bb-4a11-bf59-9c8733ab9d03/original=true/5cd6658c-b8bb-4a11-bf59-9c8733ab9d03.mp4,yes,2026-07-20T06:13:47Z,sheet_refresh:civitai,routine_api_lane; has_public_sfw_video: yes; sole_or_small: unknown,,https://civitai.com/user/AmurisGen,"{""aigc_verdict"":{""source"":""civitai_api_type_video"",""url"":""https://image.civitai.com/xG1nkqKTMzGDvpLrqFT7WA/5cd6658c-b8bb-4a11-bf59-9c8733ab9d03/original=true/5cd6658c-b8bb-4a11-bf59-9c8733ab9d03.mp4"",""note"":""Civitai public video item, nsfw=false""},""video_content"":{""source"":""civitai_api"",""url"":""https://image.civitai.com/xG1nkqKTMzGDvpLrqFT7WA/5cd6658c-b8bb-4a11-bf59-9c8733ab9d03/original=true/5cd6658c-b8bb-4a11-bf59-9c8733ab9d03.mp4""}}"
https://civitai.com/user/heidisrsen520,heidisrsen520,Civitai,,,"AIGC,Civitai,video",New,2026-08-06T06:19:00Z,,,Civitai,https://civitai.com/posts/30001874,yes,2026-07-20T06:13:47Z,Civitai API refresh,"sole_or_small: unknown; video_item_id:137823097; stats:{""cryCount"":0,""laughCount"":0,""likeCount"":31,""dislikeCount"":0,""heartCount"":12,""commentCount"":0}",,https://civitai.com/user/heidisrsen520,"{""aigc_verdict"":{""source"":""civitai_api_type_video"",""url"":""https://civitai.com/posts/30001874"",""note"":""Civitai public REST returned SFW item with type=video; platform content is AI-generated by definition.""},""video_content"":{""source"":""civitai_api"",""url"":""https://civitai.com/posts/30001874"",""item_id"":137823097}}"
https://civitai.com/user/tt0228,tt0228,Civitai,,,"AIGC,Civitai,video",New,2026-08-10T06:27:40Z,,,,https://image.civitai.com/xG1nkqKTMzGDvpLrqFT7WA/6d3c8490-e6ca-488d-82bb-2fdc509e5fc8/original=true/6d3c8490-e6ca-488d-82bb-2fdc509e5fc8.mp4,yes,2026-07-20T06:13:47Z,Civitai API /images type=video sort=Newest,discovered_from_public_sfw_video_feed,,https://civitai.com/user/tt0228,"{""video_content"":{""source"":""civitai_images_api"",""url"":""https://image.civitai.com/xG1nkqKTMzGDvpLrqFT7WA/6d3c8490-e6ca-488d-82bb-2fdc509e5fc8/original=true/6d3c8490-e6ca-488d-82bb-2fdc509e5fc8.mp4"",""type"":""video"",""nsfw"":false},""aigc_verdict"":{""source"":""civitai_video_api"",""url"":""https://image.civitai.com/xG1nkqKTMzGDvpLrqFT7WA/6d3c8490-e6ca-488d-82bb-2fdc509e5fc8/original=true/6d3c8490-e6ca-488d-82bb-2fdc509e5fc8.mp4"",""note"":""Civitai public video item confirms AI-generated video output""}}"
https://civitai.com/user/fuenffingerfaultier,fuenffingerfaultier,Civitai,,,"AIGC,Civitai,video",New,2026-08-06T06:19:00Z,,,Civitai,https://civitai.com/posts/29875906,yes,2026-07-20T06:13:47Z,Civitai API refresh,"sole_or_small: unknown; video_item_id:137190582; stats:{""cryCount"":0,""laughCount"":0,""likeCount"":3,""dislikeCount"":0,""heartCount"":3,""commentCount"":0}",,https://civitai.com/user/fuenffingerfaultier,"{""aigc_verdict"":{""source"":""civitai_api_type_video"",""url"":""https://civitai.com/posts/29875906"",""note"":""Civitai public REST returned SFW item with type=video; platform content is AI-generated by definition.""},""video_content"":{""source"":""civitai_api"",""url"":""https://civitai.com/posts/29875906"",""item_id"":137190582}}"
https://civitai.com/user/kindlyjin,kindlyjin,Civitai,,,"AIGC,Civitai,video",New,2026-08-06T06:19:00Z,,,Civitai,https://civitai.com/posts/29873463,yes,2026-07-20T06:13:47Z,Civitai API refresh,"sole_or_small: unknown; video_item_id:137195411; stats:{""cryCount"":0,""laughCount"":0,""likeCount"":18,""dislikeCount"":0,""heartCount"":4,""commentCount"":0}",,https://civitai.com/user/kindlyjin,"{""aigc_verdict"":{""source"":""civitai_api_type_video"",""url"":""https://civitai.com/posts/29873463"",""note"":""Civitai public REST returned SFW item with type=video; platform content is AI-generated by definition.""},""video_content"":{""source"":""civitai_api"",""url"":""https://civitai.com/posts/29873463"",""item_id"":137195411}}"
https://civitai.com/user/kountz3r0,kountz3r0,Civitai,,,"AIGC,Civitai,Video",New,2026-08-08T06:34:38Z,,,,https://image.civitai.com/xG1nkqKTMzGDvpLrqFT7WA/da979586-f958-416a-baff-f2e2939e60a9/original=true/da979586-f958-416a-baff-f2e2939e60a9.mp4,yes,2026-07-20T06:13:47Z,civitai_api_refresh:type=video,"has public SFW video via Civitai API; video_item_id:137192698; stats:{""cryCount"":0,""laughCount"":0,""likeCount"":25,""dislikeCount"":0,""heartCount"":7,""commentCount"":0}",,https://civitai.com/user/kountz3r0,"{""video_content"":{""source"":""civitai_api"",""url"":""https://image.civitai.com/xG1nkqKTMzGDvpLrqFT7WA/da979586-f958-416a-baff-f2e2939e60a9/original=true/da979586-f958-416a-baff-f2e2939e60a9.mp4"",""item_id"":137192698,""type"":""video""},""aigc_verdict"":{""source"":""civitai_api"",""url"":""https://image.civitai.com/xG1nkqKTMzGDvpLrqFT7WA/da979586-f958-416a-baff-f2e2939e60a9/original=true/da979586-f958-416a-baff-f2e2939e60a9.mp4"",""note"":""Civitai content is AI-generated by platform definition; type=video confirms video output.""}}"
https://civitai.com/user/fisherking786,fisherking786,Civitai,,,"AIGC,Civitai,Video",New,2026-08-08T06:34:38Z,,,,https://image.civitai.com/xG1nkqKTMzGDvpLrqFT7WA/8f74dc50-9385-41fd-b545-485f47cb6dc0/original=true/8f74dc50-9385-41fd-b545-485f47cb6dc0.mp4,yes,2026-07-20T06:13:47Z,civitai_api_refresh:type=video,"has public SFW video via Civitai API; video_item_id:137831121; stats:{""cryCount"":0,""laughCount"":0,""likeCount"":35,""dislikeCount"":0,""heartCount"":13,""commentCount"":0}",,https://civitai.com/user/fisherking786,"{""video_content"":{""source"":""civitai_api"",""url"":""https://image.civitai.com/xG1nkqKTMzGDvpLrqFT7WA/8f74dc50-9385-41fd-b545-485f47cb6dc0/original=true/8f74dc50-9385-41fd-b545-485f47cb6dc0.mp4"",""item_id"":137831121,""type"":""video""},""aigc_verdict"":{""source"":""civitai_api"",""url"":""https://image.civitai.com/xG1nkqKTMzGDvpLrqFT7WA/8f74dc50-9385-41fd-b545-485f47cb6dc0/original=true/8f74dc50-9385-41fd-b545-485f47cb6dc0.mp4"",""note"":""Civitai content is AI-generated by platform definition; type=video confirms video output.""}}"
https://civitai.com/user/msavitt623,msavitt623,Civitai,,,"AIGC,Civitai,Video",New,2026-08-08T06:34:38Z,,,,https://image.civitai.com/xG1nkqKTMzGDvpLrqFT7WA/13186ac5-6152-4544-b712-ec5ca6cd956a/original=true/13186ac5-6152-4544-b712-ec5ca6cd956a.mp4,yes,2026-07-20T06:13:47Z,civitai_api_refresh:type=video,"has public SFW video via Civitai API; video_item_id:135393392; stats:{""cryCount"":0,""laughCount"":0,""likeCount"":18,""dislikeCount"":0,""heartCount"":3,""commentCount"":0}",,https://civitai.com/user/msavitt623,"{""video_content"":{""source"":""civitai_api"",""url"":""https://image.civitai.com/xG1nkqKTMzGDvpLrqFT7WA/13186ac5-6152-4544-b712-ec5ca6cd956a/original=true/13186ac5-6152-4544-b712-ec5ca6cd956a.mp4"",""item_id"":135393392,""type"":""video""},""aigc_verdict"":{""source"":""civitai_api"",""url"":""https://image.civitai.com/xG1nkqKTMzGDvpLrqFT7WA/13186ac5-6152-4544-b712-ec5ca6cd956a/original=true/13186ac5-6152-4544-b712-ec5ca6cd956a.mp4"",""note"":""Civitai content is AI-generated by platform definition; type=video confirms video output.""}}"
https://civitai.com/user/gorfou,gorfou,Civitai,,,"AIGC,Civitai,Video",New,2026-08-08T06:34:38Z,,,,https://image.civitai.com/xG1nkqKTMzGDvpLrqFT7WA/c72656c8-08ab-4737-bd02-b77a2685b6c3/original=true/c72656c8-08ab-4737-bd02-b77a2685b6c3.mp4,yes,2026-07-20T06:13:47Z,civitai_api_refresh:type=video,"has public SFW video via Civitai API; video_item_id:137176808; stats:{""cryCount"":0,""laughCount"":1,""likeCount"":17,""dislikeCount"":0,""heartCount"":2,""commentCount"":0}",,https://civitai.com/user/gorfou,"{""video_content"":{""source"":""civitai_api"",""url"":""https://image.civitai.com/xG1nkqKTMzGDvpLrqFT7WA/c72656c8-08ab-4737-bd02-b77a2685b6c3/original=true/c72656c8-08ab-4737-bd02-b77a2685b6c3.mp4"",""item_id"":137176808,""type"":""video""},""aigc_verdict"":{""source"":""civitai_api"",""url"":""https://image.civitai.com/xG1nkqKTMzGDvpLrqFT7WA/c72656c8-08ab-4737-bd02-b77a2685b6c3/original=true/c72656c8-08ab-4737-bd02-b77a2685b6c3.mp4"",""note"":""Civitai content is AI-generated by platform definition; type=video confirms video output.""}}"
https://civitai.com/user/jerychang170317,@jerychang170317,Civitai,,,"AIGC,AI video,Civitai",New,2026-08-03T06:14:20Z,,,Civitai,https://image.civitai.com/xG1nkqKTMzGDvpLrqFT7WA/1da587aa-1180-45ae-8b9c-f64049ae8c7c/original=true/1da587aa-1180-45ae-8b9c-f64049ae8c7c.mp4,yes,2026-07-20T06:13:47Z,civitai_api_discovery:type=video,routine_api_lane; has_public_sfw_video: yes; sole_or_small: unknown,,https://civitai.com/user/jerychang170317,"{""aigc_verdict"":{""source"":""civitai_api_type_video"",""url"":""https://image.civitai.com/xG1nkqKTMzGDvpLrqFT7WA/1da587aa-1180-45ae-8b9c-f64049ae8c7c/original=true/1da587aa-1180-45ae-8b9c-f64049ae8c7c.mp4"",""note"":""Civitai public video item, nsfw=false""},""video_content"":{""source"":""civitai_api"",""url"":""https://image.civitai.com/xG1nkqKTMzGDvpLrqFT7WA/1da587aa-1180-45ae-8b9c-f64049ae8c7c/original=true/1da587aa-1180-45ae-8b9c-f64049ae8c7c.mp4""}}"
https://civitai.com/user/lady_luminous,Lady_Luminous,Civitai,,,"AIGC,Civitai,video",New,2026-08-10T06:27:40Z,,,Civitai,https://image.civitai.com/xG1nkqKTMzGDvpLrqFT7WA/d4fd20d4-101a-4de0-9bef-4c19922be161/original=true/d4fd20d4-101a-4de0-9bef-4c19922be161.mp4,yes,2026-07-20T06:13:47Z,Civitai API /images type=video sort=Newest,discovered_from_public_sfw_video_feed,,https://civitai.com/user/Lady_Luminous,"{""video_content"":{""source"":""civitai_images_api"",""url"":""https://image.civitai.com/xG1nkqKTMzGDvpLrqFT7WA/d4fd20d4-101a-4de0-9bef-4c19922be161/original=true/d4fd20d4-101a-4de0-9bef-4c19922be161.mp4"",""type"":""video"",""nsfw"":false},""aigc_verdict"":{""source"":""civitai_video_api"",""url"":""https://image.civitai.com/xG1nkqKTMzGDvpLrqFT7WA/d4fd20d4-101a-4de0-9bef-4c19922be161/original=true/d4fd20d4-101a-4de0-9bef-4c19922be161.mp4"",""note"":""Civitai public video item confirms AI-generated video output""}}"
https://civitai.com/user/ay1in,@Ay1in,Civitai,,,"AIGC,AI video,Civitai",New,2026-08-03T06:14:20Z,,,,https://image.civitai.com/xG1nkqKTMzGDvpLrqFT7WA/5e244b12-c553-477b-89ee-84aafd1a1064/original=true/5e244b12-c553-477b-89ee-84aafd1a1064.mp4,yes,2026-07-20T06:13:47Z,sheet_refresh:civitai,routine_api_lane; has_public_sfw_video: yes; sole_or_small: unknown,,https://civitai.com/user/Ay1in,"{""aigc_verdict"":{""source"":""civitai_api_type_video"",""url"":""https://image.civitai.com/xG1nkqKTMzGDvpLrqFT7WA/5e244b12-c553-477b-89ee-84aafd1a1064/original=true/5e244b12-c553-477b-89ee-84aafd1a1064.mp4"",""note"":""Civitai public video item, nsfw=false""},""video_content"":{""source"":""civitai_api"",""url"":""https://image.civitai.com/xG1nkqKTMzGDvpLrqFT7WA/5e244b12-c553-477b-89ee-84aafd1a1064/original=true/5e244b12-c553-477b-89ee-84aafd1a1064.mp4""}}"
https://civitai.com/user/smikal,smikal,Civitai,,,"AIGC,Civitai,Video",New,2026-08-08T06:34:38Z,,,,https://image.civitai.com/xG1nkqKTMzGDvpLrqFT7WA/58b41011-bfb1-427b-ad19-377328a2737f/original=true/58b41011-bfb1-427b-ad19-377328a2737f.mp4,yes,2026-07-20T06:13:47Z,civitai_api_refresh:type=video,"has public SFW video via Civitai API; video_item_id:137100568; stats:{""cryCount"":0,""laughCount"":0,""likeCount"":25,""dislikeCount"":0,""heartCount"":10,""commentCount"":0}",,https://civitai.com/user/smikal,"{""video_content"":{""source"":""civitai_api"",""url"":""https://image.civitai.com/xG1nkqKTMzGDvpLrqFT7WA/58b41011-bfb1-427b-ad19-377328a2737f/original=true/58b41011-bfb1-427b-ad19-377328a2737f.mp4"",""item_id"":137100568,""type"":""video""},""aigc_verdict"":{""source"":""civitai_api"",""url"":""https://image.civitai.com/xG1nkqKTMzGDvpLrqFT7WA/58b41011-bfb1-427b-ad19-377328a2737f/original=true/58b41011-bfb1-427b-ad19-377328a2737f.mp4"",""note"":""Civitai content is AI-generated by platform definition; type=video confirms video output.""}}"
https://civitai.com/user/eileen33bits,eileen33bits,Civitai,,,"AIGC,Civitai,video",New,2026-08-10T06:27:40Z,,,,https://image.civitai.com/xG1nkqKTMzGDvpLrqFT7WA/1f0b7488-ddb3-40b3-99cc-80930b9f4119/original=true/1f0b7488-ddb3-40b3-99cc-80930b9f4119.mp4,yes,2026-07-20T06:13:47Z,Civitai API /images type=video sort=Newest,discovered_from_public_sfw_video_feed,,https://civitai.com/user/eileen33bits,"{""video_content"":{""source"":""civitai_images_api"",""url"":""https://image.civitai.com/xG1nkqKTMzGDvpLrqFT7WA/1f0b7488-ddb3-40b3-99cc-80930b9f4119/original=true/1f0b7488-ddb3-40b3-99cc-80930b9f4119.mp4"",""type"":""video"",""nsfw"":false},""aigc_verdict"":{""source"":""civitai_video_api"",""url"":""https://image.civitai.com/xG1nkqKTMzGDvpLrqFT7WA/1f0b7488-ddb3-40b3-99cc-80930b9f4119/original=true/1f0b7488-ddb3-40b3-99cc-80930b9f4119.mp4"",""note"":""Civitai public video item confirms AI-generated video output""}}"
https://civitai.com/user/jennova24,jennova24,Civitai,,,"AIGC,Civitai,Video",New,2026-08-08T06:34:38Z,,,,https://image.civitai.com/xG1nkqKTMzGDvpLrqFT7WA/666583f4-e490-4aae-bfcc-b3332a3e7a17/original=true/666583f4-e490-4aae-bfcc-b3332a3e7a17.mp4,yes,2026-07-20T06:13:47Z,civitai_api_refresh:type=video,"has public SFW video via Civitai API; video_item_id:137162925; stats:{""cryCount"":0,""laughCount"":0,""likeCount"":16,""dislikeCount"":0,""heartCount"":4,""commentCount"":0}",,https://civitai.com/user/jennova24,"{""video_content"":{""source"":""civitai_api"",""url"":""https://image.civitai.com/xG1nkqKTMzGDvpLrqFT7WA/666583f4-e490-4aae-bfcc-b3332a3e7a17/original=true/666583f4-e490-4aae-bfcc-b3332a3e7a17.mp4"",""item_id"":137162925,""type"":""video""},""aigc_verdict"":{""source"":""civitai_api"",""url"":""https://image.civitai.com/xG1nkqKTMzGDvpLrqFT7WA/666583f4-e490-4aae-bfcc-b3332a3e7a17/original=true/666583f4-e490-4aae-bfcc-b3332a3e7a17.mp4"",""note"":""Civitai content is AI-generated by platform definition; type=video confirms video output.""}}"
https://civitai.com/user/turkey910,turkey910,Civitai,,,"AIGC,Civitai,Video",New,2026-08-08T06:34:38Z,,,,https://image.civitai.com/xG1nkqKTMzGDvpLrqFT7WA/eeacf3c8-0208-4db3-9480-3b36c398ff92/original=true/eeacf3c8-0208-4db3-9480-3b36c398ff92.mp4,yes,2026-07-20T06:13:47Z,civitai_api_refresh:type=video,"has public SFW video via Civitai API; video_item_id:137158362; stats:{""cryCount"":1,""laughCount"":0,""likeCount"":17,""dislikeCount"":0,""heartCount"":10,""commentCount"":0}",,https://civitai.com/user/turkey910,"{""video_content"":{""source"":""civitai_api"",""url"":""https://image.civitai.com/xG1nkqKTMzGDvpLrqFT7WA/eeacf3c8-0208-4db3-9480-3b36c398ff92/original=true/eeacf3c8-0208-4db3-9480-3b36c398ff92.mp4"",""item_id"":137158362,""type"":""video""},""aigc_verdict"":{""source"":""civitai_api"",""url"":""https://image.civitai.com/xG1nkqKTMzGDvpLrqFT7WA/eeacf3c8-0208-4db3-9480-3b36c398ff92/original=true/eeacf3c8-0208-4db3-9480-3b36c398ff92.mp4"",""note"":""Civitai content is AI-generated by platform definition; type=video confirms video output.""}}"
https://civitai.com/user/generator1996,generator1996,Civitai,,,"AIGC,Civitai,Video",New,2026-08-08T06:34:38Z,,,,https://image.civitai.com/xG1nkqKTMzGDvpLrqFT7WA/024684b7-c388-4027-a985-51f80f3842d1/original=true/024684b7-c388-4027-a985-51f80f3842d1.mp4,yes,2026-07-20T06:13:47Z,civitai_api_refresh:type=video,"has public SFW video via Civitai API; video_item_id:137144533; stats:{""cryCount"":2,""laughCount"":9,""likeCount"":49,""dislikeCount"":0,""heartCount"":20,""commentCount"":0}",,https://civitai.com/user/generator1996,"{""video_content"":{""source"":""civitai_api"",""url"":""https://image.civitai.com/xG1nkqKTMzGDvpLrqFT7WA/024684b7-c388-4027-a985-51f80f3842d1/original=true/024684b7-c388-4027-a985-51f80f3842d1.mp4"",""item_id"":137144533,""type"":""video""},""aigc_verdict"":{""source"":""civitai_api"",""url"":""https://image.civitai.com/xG1nkqKTMzGDvpLrqFT7WA/024684b7-c388-4027-a985-51f80f3842d1/original=true/024684b7-c388-4027-a985-51f80f3842d1.mp4"",""note"":""Civitai content is AI-generated by platform definition; type=video confirms video output.""}}"
https://civitai.com/user/ijiefle,ijiefle,Civitai,,,"AIGC,Civitai,video",New,2026-08-10T06:27:40Z,,,Civitai,https://image.civitai.com/xG1nkqKTMzGDvpLrqFT7WA/20bc5f03-de0e-4cf4-9985-e30898a9d1e4/original=true/20bc5f03-de0e-4cf4-9985-e30898a9d1e4.mp4,yes,2026-07-20T06:13:47Z,Civitai API refresh,public_sfw_video_items: 10,,https://civitai.com/user/ijiefle,"{""video_content"":{""source"":""civitai_images_api"",""url"":""https://civitai.com/api/v1/images"",""items"":10,""type"":""video"",""nsfw"":false},""aigc_verdict"":{""source"":""civitai_video_api"",""url"":""https://image.civitai.com/xG1nkqKTMzGDvpLrqFT7WA/20bc5f03-de0e-4cf4-9985-e30898a9d1e4/original=true/20bc5f03-de0e-4cf4-9985-e30898a9d1e4.mp4"",""note"":""Civitai public video item confirms AI-generated video output""}}"
https://civitai.com/user/mad_clown,Mad_Clown,Civitai,,,"AIGC,Civitai,video",New,2026-08-05T06:10:34Z,,,Civitai,https://image.civitai.com/xG1nkqKTMzGDvpLrqFT7WA/e8b2b386-360e-4684-8527-82f32406f0c2/original=true/e8b2b386-360e-4684-8527-82f32406f0c2.mp4,yes,2026-07-20T06:13:47Z,Civitai type=video global Newest discovery,Civitai public REST type=video nsfw=false returned public video items; follower count not exposed by this endpoint.,,https://civitai.com/user/Mad_Clown,"{""aigc_verdict"":{""source"":""civitai_api_type_video"",""url"":""https://civitai.com/api/v1/images?username=Mad_Clown&type=video&nsfw=false""},""sample"":{""source"":""civitai_api"",""url"":""https://image.civitai.com/xG1nkqKTMzGDvpLrqFT7WA/e8b2b386-360e-4684-8527-82f32406f0c2/original=true/e8b2b386-360e-4684-8527-82f32406f0c2.mp4""}}"
https://civitai.com/user/animel0ve,@AnimeL0ve,Civitai,,,"AIGC,AI video,Civitai",New,2026-08-03T06:14:20Z,,,,https://image.civitai.com/xG1nkqKTMzGDvpLrqFT7WA/b10dbe30-e761-413f-a169-e111b7f8637e/original=true/b10dbe30-e761-413f-a169-e111b7f8637e.mp4,yes,2026-07-20T06:13:47Z,sheet_refresh:civitai,routine_api_lane; has_public_sfw_video: yes; sole_or_small: unknown,,https://civitai.com/user/AnimeL0ve,"{""aigc_verdict"":{""source"":""civitai_api_type_video"",""url"":""https://image.civitai.com/xG1nkqKTMzGDvpLrqFT7WA/b10dbe30-e761-413f-a169-e111b7f8637e/original=true/b10dbe30-e761-413f-a169-e111b7f8637e.mp4"",""note"":""Civitai public video item, nsfw=false""},""video_content"":{""source"":""civitai_api"",""url"":""https://image.civitai.com/xG1nkqKTMzGDvpLrqFT7WA/b10dbe30-e761-413f-a169-e111b7f8637e/original=true/b10dbe30-e761-413f-a169-e111b7f8637e.mp4""}}"
https://civitai.com/user/m3t30r,m3t30r,Civitai,,,"AIGC,Civitai,Video",New,2026-08-08T06:34:38Z,,,,https://image.civitai.com/xG1nkqKTMzGDvpLrqFT7WA/d422826e-a8f9-4ac2-9c81-6a71eb24ca83/original=true/d422826e-a8f9-4ac2-9c81-6a71eb24ca83.mp4,yes,2026-07-20T06:13:47Z,civitai_api_refresh:type=video,"has public SFW video via Civitai API; video_item_id:138875576; stats:{""cryCount"":0,""laughCount"":0,""likeCount"":1,""dislikeCount"":0,""heartCount"":2,""commentCount"":0}",,https://civitai.com/user/m3t30r,"{""video_content"":{""source"":""civitai_api"",""url"":""https://image.civitai.com/xG1nkqKTMzGDvpLrqFT7WA/d422826e-a8f9-4ac2-9c81-6a71eb24ca83/original=true/d422826e-a8f9-4ac2-9c81-6a71eb24ca83.mp4"",""item_id"":138875576,""type"":""video""},""aigc_verdict"":{""source"":""civitai_api"",""url"":""https://image.civitai.com/xG1nkqKTMzGDvpLrqFT7WA/d422826e-a8f9-4ac2-9c81-6a71eb24ca83/original=true/d422826e-a8f9-4ac2-9c81-6a71eb24ca83.mp4"",""note"":""Civitai content is AI-generated by platform definition; type=video confirms video output.""}}"
https://civitai.com/user/autmacro,@AutMacro,Civitai,,,"AIGC,AI video,Civitai",New,2026-08-03T06:14:20Z,,,,https://image.civitai.com/xG1nkqKTMzGDvpLrqFT7WA/85e9beff-8f63-4b5d-8037-5be657de856a/original=true/85e9beff-8f63-4b5d-8037-5be657de856a.mp4,yes,2026-07-20T06:13:47Z,sheet_refresh:civitai,routine_api_lane; has_public_sfw_video: yes; sole_or_small: unknown,,https://civitai.com/user/AutMacro,"{""aigc_verdict"":{""source"":""civitai_api_type_video"",""url"":""https://image.civitai.com/xG1nkqKTMzGDvpLrqFT7WA/85e9beff-8f63-4b5d-8037-5be657de856a/original=true/85e9beff-8f63-4b5d-8037-5be657de856a.mp4"",""note"":""Civitai public video item, nsfw=false""},""video_content"":{""source"":""civitai_api"",""url"":""https://image.civitai.com/xG1nkqKTMzGDvpLrqFT7WA/85e9beff-8f63-4b5d-8037-5be657de856a/original=true/85e9beff-8f63-4b5d-8037-5be657de856a.mp4""}}"
https://civitai.com/user/safetymet0080re,SafetyMet0080RE,Civitai,,,"AIGC,Civitai,video,LTXV 2.3",New,2026-08-10T06:27:40Z,,,LTXV 2.3,https://image.civitai.com/xG1nkqKTMzGDvpLrqFT7WA/2e21b68c-29af-45b0-ade3-642428735cbe/original=true/2e21b68c-29af-45b0-ade3-642428735cbe.mp4,yes,2026-07-20T06:13:47Z,Civitai API /images type=video sort=Newest,discovered_from_public_sfw_video_feed,,https://civitai.com/user/SafetyMet0080RE,"{""video_content"":{""source"":""civitai_images_api"",""url"":""https://image.civitai.com/xG1nkqKTMzGDvpLrqFT7WA/2e21b68c-29af-45b0-ade3-642428735cbe/original=true/2e21b68c-29af-45b0-ade3-642428735cbe.mp4"",""type"":""video"",""nsfw"":false},""aigc_verdict"":{""source"":""civitai_video_api"",""url"":""https://image.civitai.com/xG1nkqKTMzGDvpLrqFT7WA/2e21b68c-29af-45b0-ade3-642428735cbe/original=true/2e21b68c-29af-45b0-ade3-642428735cbe.mp4"",""note"":""Civitai public video item confirms AI-generated video output""}}"
https://civitai.com/user/etude2k,etude2k,Civitai,,,"AIGC,Civitai,Video",New,2026-08-08T06:34:38Z,,,,https://image.civitai.com/xG1nkqKTMzGDvpLrqFT7WA/d1a0fcbd-8e5a-4db8-a6b7-f00f2c587a5d/original=true/d1a0fcbd-8e5a-4db8-a6b7-f00f2c587a5d.mp4,yes,2026-07-20T06:13:47Z,civitai_api_refresh:type=video,"has public SFW video via Civitai API; video_item_id:137141603; stats:{""cryCount"":0,""laughCount"":0,""likeCount"":21,""dislikeCount"":0,""heartCount"":5,""commentCount"":0}",,https://civitai.com/user/etude2k,"{""video_content"":{""source"":""civitai_api"",""url"":""https://image.civitai.com/xG1nkqKTMzGDvpLrqFT7WA/d1a0fcbd-8e5a-4db8-a6b7-f00f2c587a5d/original=true/d1a0fcbd-8e5a-4db8-a6b7-f00f2c587a5d.mp4"",""item_id"":137141603,""type"":""video""},""aigc_verdict"":{""source"":""civitai_api"",""url"":""https://image.civitai.com/xG1nkqKTMzGDvpLrqFT7WA/d1a0fcbd-8e5a-4db8-a6b7-f00f2c587a5d/original=true/d1a0fcbd-8e5a-4db8-a6b7-f00f2c587a5d.mp4"",""note"":""Civitai content is AI-generated by platform definition; type=video confirms video output.""}}"
https://civitai.com/user/erdf03342651,erdf03342651,Civitai,,,"AIGC,Civitai,Video",New,2026-08-08T06:34:38Z,,,,https://image.civitai.com/xG1nkqKTMzGDvpLrqFT7WA/e491bdfc-1061-41ad-84fb-1eae8dd2d393/original=true/e491bdfc-1061-41ad-84fb-1eae8dd2d393.mp4,yes,2026-07-20T06:13:47Z,civitai_api_refresh:type=video,"has public SFW video via Civitai API; video_item_id:105652417; stats:{""cryCount"":0,""laughCount"":0,""likeCount"":0,""dislikeCount"":0,""heartCount"":0,""commentCount"":0}",,https://civitai.com/user/erdf03342651,"{""video_content"":{""source"":""civitai_api"",""url"":""https://image.civitai.com/xG1nkqKTMzGDvpLrqFT7WA/e491bdfc-1061-41ad-84fb-1eae8dd2d393/original=true/e491bdfc-1061-41ad-84fb-1eae8dd2d393.mp4"",""item_id"":105652417,""type"":""video""},""aigc_verdict"":{""source"":""civitai_api"",""url"":""https://image.civitai.com/xG1nkqKTMzGDvpLrqFT7WA/e491bdfc-1061-41ad-84fb-1eae8dd2d393/original=true/e491bdfc-1061-41ad-84fb-1eae8dd2d393.mp4"",""note"":""Civitai content is AI-generated by platform definition; type=video confirms video output.""}}"
https://civitai.com/user/sanmarinogmip394,sanmarinogmip394,Civitai,,,"AIGC,Civitai,Video",New,2026-08-08T06:34:38Z,,,,https://image.civitai.com/xG1nkqKTMzGDvpLrqFT7WA/469a6214-c333-4f0e-91f1-75e35760d845/original=true/469a6214-c333-4f0e-91f1-75e35760d845.mp4,yes,2026-07-20T06:13:47Z,civitai_api_refresh:type=video,"has public SFW video via Civitai API; video_item_id:137140861; stats:{""cryCount"":0,""laughCount"":0,""likeCount"":10,""dislikeCount"":0,""heartCount"":2,""commentCount"":0}",,https://civitai.com/user/sanmarinogmip394,"{""video_content"":{""source"":""civitai_api"",""url"":""https://image.civitai.com/xG1nkqKTMzGDvpLrqFT7WA/469a6214-c333-4f0e-91f1-75e35760d845/original=true/469a6214-c333-4f0e-91f1-75e35760d845.mp4"",""item_id"":137140861,""type"":""video""},""aigc_verdict"":{""source"":""civitai_api"",""url"":""https://image.civitai.com/xG1nkqKTMzGDvpLrqFT7WA/469a6214-c333-4f0e-91f1-75e35760d845/original=true/469a6214-c333-4f0e-91f1-75e35760d845.mp4"",""note"":""Civitai content is AI-generated by platform definition; type=video confirms video output.""}}"
https://civitai.com/user/shigerukameda_enigmind,ShigeruKameda_EnigMind,Civitai,,,"AIGC,Civitai,Video",New,2026-08-08T06:34:38Z,,,,https://image.civitai.com/xG1nkqKTMzGDvpLrqFT7WA/8ddaa337-5df4-4e4b-9c93-ba8401510020/original=true/8ddaa337-5df4-4e4b-9c93-ba8401510020.mp4,yes,2026-07-20T06:13:47Z,civitai_api_discovery:type=video&nsfw=false,"has public SFW video via Civitai API; video_item_id:139067528; stats:{""cryCount"":0,""laughCount"":0,""likeCount"":0,""dislikeCount"":0,""heartCount"":1,""commentCount"":0}",,https://civitai.com/user/ShigeruKameda_EnigMind,"{""video_content"":{""source"":""civitai_api"",""url"":""https://image.civitai.com/xG1nkqKTMzGDvpLrqFT7WA/8ddaa337-5df4-4e4b-9c93-ba8401510020/original=true/8ddaa337-5df4-4e4b-9c93-ba8401510020.mp4"",""item_id"":139067528,""type"":""video""},""aigc_verdict"":{""source"":""civitai_api"",""url"":""https://image.civitai.com/xG1nkqKTMzGDvpLrqFT7WA/8ddaa337-5df4-4e4b-9c93-ba8401510020/original=true/8ddaa337-5df4-4e4b-9c93-ba8401510020.mp4"",""note"":""Civitai content is AI-generated by platform definition; type=video confirms video output.""}}"
https://civitai.com/user/digitalpastel,DigitalPastel,Civitai,,,"AIGC,Civitai,video,Wan Video 2.2 T2V-A14B",New,2026-08-10T06:27:40Z,,,Wan Video 2.2 T2V-A14B,https://image.civitai.com/xG1nkqKTMzGDvpLrqFT7WA/32e74986-c52d-4e5d-bfdb-2b923676214b/original=true/32e74986-c52d-4e5d-bfdb-2b923676214b.mp4,yes,2026-07-20T06:13:47Z,Civitai API /images type=video sort=Newest,discovered_from_public_sfw_video_feed,,https://civitai.com/user/DigitalPastel,"{""video_content"":{""source"":""civitai_images_api"",""url"":""https://image.civitai.com/xG1nkqKTMzGDvpLrqFT7WA/32e74986-c52d-4e5d-bfdb-2b923676214b/original=true/32e74986-c52d-4e5d-bfdb-2b923676214b.mp4"",""type"":""video"",""nsfw"":false},""aigc_verdict"":{""source"":""civitai_video_api"",""url"":""https://image.civitai.com/xG1nkqKTMzGDvpLrqFT7WA/32e74986-c52d-4e5d-bfdb-2b923676214b/original=true/32e74986-c52d-4e5d-bfdb-2b923676214b.mp4"",""note"":""Civitai public video item confirms AI-generated video output""}}"
https://civitai.com/user/smileshighstudios,smileshighstudios,Civitai,,,"AIGC,Civitai,Video",New,2026-08-08T06:34:38Z,,,,https://image.civitai.com/xG1nkqKTMzGDvpLrqFT7WA/8be73c19-17fe-4634-8492-415f2f05d7c1/original=true/8be73c19-17fe-4634-8492-415f2f05d7c1.mp4,yes,2026-07-20T06:13:47Z,civitai_api_refresh:type=video,"has public SFW video via Civitai API; video_item_id:137122276; stats:{""cryCount"":0,""laughCount"":0,""likeCount"":1,""dislikeCount"":0,""heartCount"":0,""commentCount"":0}",,https://civitai.com/user/smileshighstudios,"{""video_content"":{""source"":""civitai_api"",""url"":""https://image.civitai.com/xG1nkqKTMzGDvpLrqFT7WA/8be73c19-17fe-4634-8492-415f2f05d7c1/original=true/8be73c19-17fe-4634-8492-415f2f05d7c1.mp4"",""item_id"":137122276,""type"":""video""},""aigc_verdict"":{""source"":""civitai_api"",""url"":""https://image.civitai.com/xG1nkqKTMzGDvpLrqFT7WA/8be73c19-17fe-4634-8492-415f2f05d7c1/original=true/8be73c19-17fe-4634-8492-415f2f05d7c1.mp4"",""note"":""Civitai content is AI-generated by platform definition; type=video confirms video output.""}}"
https://civitai.com/user/puppet_vision,puppet_vision,Civitai,,,"AIGC,Civitai,Video",New,2026-08-08T06:34:38Z,,,,https://image.civitai.com/xG1nkqKTMzGDvpLrqFT7WA/f944f328-4d48-4fe7-bce8-fc2fa4040805/original=true/f944f328-4d48-4fe7-bce8-fc2fa4040805.mp4,yes,2026-07-20T06:13:47Z,civitai_api_refresh:type=video,"has public SFW video via Civitai API; video_item_id:137121825; stats:{""cryCount"":0,""laughCount"":0,""likeCount"":3,""dislikeCount"":0,""heartCount"":1,""commentCount"":0}",,https://civitai.com/user/puppet_vision,"{""video_content"":{""source"":""civitai_api"",""url"":""https://image.civitai.com/xG1nkqKTMzGDvpLrqFT7WA/f944f328-4d48-4fe7-bce8-fc2fa4040805/original=true/f944f328-4d48-4fe7-bce8-fc2fa4040805.mp4"",""item_id"":137121825,""type"":""video""},""aigc_verdict"":{""source"":""civitai_api"",""url"":""https://image.civitai.com/xG1nkqKTMzGDvpLrqFT7WA/f944f328-4d48-4fe7-bce8-fc2fa4040805/original=true/f944f328-4d48-4fe7-bce8-fc2fa4040805.mp4"",""note"":""Civitai content is AI-generated by platform definition; type=video confirms video output.""}}"
https://instagram.com/promoden.studio,@promoden.studio,Instagram,,,"AIGC,Meta,discovery",New,2026-07-20T10:08:13Z,,,,,unsure,2026-07-20T10:08:13Z,"SearXNG ""AI filmmaker"" ""Sora"" site:instagram.com",routine_meta; seated computer_use pass needed if personal account or Threads/no API,,https://www.instagram.com/promoden.studio/,"{""discovery"":{""source"":""SearXNG"",""query"":""\""AI filmmaker\"" \""Sora\"" site:instagram.com"",""url"":""https://www.instagram.com/promoden.studio/"",""snippet"":""PromoDen | AI Filmmaker. 27.4K followers. 490 following. Cinematic AI ... Wanna Try Instead ...""},""profile"":{""source"":""none"",""reason"":""META_IG_USER_ID missing or Graph cap unavailable; no computer_use in routine""}}"
https://threads.net/@el.hombre.cinematografico,@el.hombre.cinematografico,Threads,,,"AIGC,Meta,needs-seated-pass",New,2026-08-13T10:11:23Z,,,Sora,https://www.threads.net/@el.hombre.cinematografico,unsure,2026-07-20T10:08:13Z,SearXNG Sora AI filmmaker site:threads.net,routine Meta discovery; no computer_use; Threads has no third-party public profile API; needs seated computer_use pass,,https://www.threads.net/@el.hombre.cinematografico,"{""discovery"":{""source"":""SearXNG site-scope"",""query"":""Sora AI filmmaker site:threads.net"",""url"":""https://www.threads.net/@el.hombre.cinematografico""},""aigc_verdict"":{""source"":""search snippet only"",""value"":""unsure""}}"
https://threads.net/@sybervisions_,@sybervisions_,Threads,,,"AIGC,Meta,needs-seated-pass",New,2026-08-13T10:11:23Z,,,Sora,https://www.threads.net/@sybervisions_,unsure,2026-07-20T10:08:13Z,SearXNG Sora AI filmmaker site:threads.net,routine Meta discovery; no computer_use; Threads has no third-party public profile API; needs seated computer_use pass,,https://www.threads.net/@sybervisions_,"{""discovery"":{""source"":""SearXNG site-scope"",""query"":""Sora AI filmmaker site:threads.net"",""url"":""https://www.threads.net/@sybervisions_""},""aigc_verdict"":{""source"":""search snippet only"",""value"":""unsure""}}"
https://threads.net/@griggen_,@griggen_,Threads,,,"AIGC,Meta,needs-seated-pass",New,2026-08-13T10:11:23Z,,,Runway,https://www.threads.net/@griggen_,unsure,2026-07-20T10:08:13Z,SearXNG Runway AI video creator site:threads.net,routine Meta discovery; no computer_use; Threads has no third-party public profile API; needs seated computer_use pass,,https://www.threads.net/@griggen_,"{""discovery"":{""source"":""SearXNG site-scope"",""query"":""Runway AI video creator site:threads.net"",""url"":""https://www.threads.net/@griggen_""},""aigc_verdict"":{""source"":""search snippet only"",""value"":""unsure""}}"
https://threads.net/@ailockup,@ailockup,Threads,,,"AIGC,Threads,discovery-only,Seedance",New,2026-08-13T14:19:01Z,,,Seedance,https://www.threads.net/@ailockup,unsure,2026-07-20T10:08:13Z,off-platform sweep Threads (https://www.threads.net/@ailockup),discovery-only lead; no API follower count in this sweep; AIGC not inferred from snippet,,https://www.threads.net/@ailockup,"{""discovery"":{""source"":""https://www.threads.net/@ailockup"",""why_flagged"":""AI Lockup (@ailockup) • Threads, Say more — Seedance 2.5 UNLIMITED is here! Create long AI videos using Text to Video, Image to Video, and up to 50 reference images, videos & audio.""},""aigc_verdict"":{""source"":""search_index_snippet_only"",""verdict"":""unsure""},""follower_count"":{""source"":""not_obtained_in_offplatform_sweep"",""value"":""""}}"
https://threads.net/@misstechy,@misstechy,Threads,,,AIGC,New,2026-07-25T10:18:11Z,,,,https://www.threads.net/@misstechy,unsure,2026-07-20T10:08:13Z,SearXNG Meta site-scope: Runway AI video creator site:threads.net,routine_meta; Threads has no public third-party profile API; follower empty; flagged for seated computer_use pass,,https://www.threads.net/@misstechy,"{""discovery"":{""source"":""SearXNG site-scope"",""query"":""Runway AI video creator site:threads.net"",""url"":""https://www.threads.net/@misstechy""},""aigc_verdict"":{""source"":""not reviewed visually in routine Meta run"",""verdict"":""unsure""}}"
https://threads.net/@sachinkamath,@sachinkamath,Threads,,,"AIGC,Meta,needs-seated-pass",New,2026-08-13T10:11:23Z,,,Runway,https://www.threads.net/@sachinkamath,unsure,2026-07-20T10:08:13Z,SearXNG Runway AI video creator site:threads.net,routine Meta discovery; no computer_use; Threads has no third-party public profile API; needs seated computer_use pass,,https://www.threads.net/@sachinkamath,"{""discovery"":{""source"":""SearXNG site-scope"",""query"":""Runway AI video creator site:threads.net"",""url"":""https://www.threads.net/@sachinkamath""},""aigc_verdict"":{""source"":""search snippet only"",""value"":""unsure""}}"
https://threads.net/@keithlloydsmith,@keithlloydsmith,Threads,,,"AIGC,Meta,discovery",New,2026-08-12T10:18:23Z,,,Runway,https://www.threads.net/@keithlloydsmith?hl=ar,unsure,2026-07-20T10:08:13Z,SearXNG Runway AI video creator site:threads.net,routine_meta; no computer_use; flagged for seated computer_use pass where API has no coverage,,https://threads.net/@keithlloydsmith,"{""discovery"":{""source"":""SearXNG"",""query"":""Runway AI video creator site:threads.net"",""url"":""https://www.threads.net/@keithlloydsmith?hl=ar"",""title"":""Keith Smith (@keithlloydsmith) • Threads, Say more"",""snippet"":""... Runway (for creating videos at scale). 1 ... I'm a solo dad of 2, AI-obsessed founder, and creator economy believer. 8 ...""},""profile"":{""source"":""none"",""reason"":""Threads has no third-party public-profile API; no computer_use in routine""},""aigc_verdict"":{""source"":""routine_rule_9"",""value"":""unsure"",""reason"":""no reviewed frame in no-computer_use Meta routine""}}"
https://youtube.com/@axionaistudio,@axionaistudio,YouTube,26100,not exposed,"AIGC,YouTube,Sora",New,2026-08-13T18:05:09Z,,,Sora,https://www.youtube.com/watch?v=06_8leMWBd8,unsure,2026-07-20T18:09:05Z,YouTube routine exact API refresh,api_refresh: YouTube subscribers=26100; videos=36; channelId=UCT4xpCJ_e3Rv1K6hWWdpYpQ; recent_title=Rescuing A Stray Cat... She Wouldn&#39;t Let Me Leave Without Her Babies (Fictional Story) #animalrescue,https://www.youtube.com/feeds/videos.xml?channel_id=UCT4xpCJ_e3Rv1K6hWWdpYpQ,https://youtube.com/@axionaistudio/about,"{""follower_count"":{""source"":""youtube_data_api.channels.list"",""channelId"":""UCT4xpCJ_e3Rv1K6hWWdpYpQ"",""profileUrl"":""https://youtube.com/@axionaistudio""},""bio"":{""source"":""youtube_data_api.channels.list"",""channel_id"":""UCT4xpCJ_e3Rv1K6hWWdpYpQ""},""aigc_verdict"":{""source"":""existing_or_api_only_no_frame"",""verdict"":""unsure""},""youtube_channel_id"":""UCT4xpCJ_e3Rv1K6hWWdpYpQ"",""recent_uploads"":{""source"":""youtube_data_api.search.list"",""channelId"":""UCT4xpCJ_e3Rv1K6hWWdpYpQ"",""sample"":""https://www.youtube.com/watch?v=06_8leMWBd8""}}"
https://youtube.com/@herohero0737,@herohero0737,YouTube,2,not exposed,"AIGC,YouTube,small-creator",New,2026-08-13T18:05:09Z,,,,https://www.youtube.com/watch?v=H1OtATN2kjU,unsure,2026-07-20T18:09:05Z,YouTube routine exact API refresh,api_refresh: YouTube subscribers=2; videos=2; channelId=UCuLpm4Vn3R7AdUbsAwz6oDQ; recent_title=Hello everyone I’m a big fan of Elden Ring #eldenringfromsoftware please support @3dS_bK fororiginal,https://www.youtube.com/feeds/videos.xml?channel_id=UCuLpm4Vn3R7AdUbsAwz6oDQ,https://youtube.com/@herohero0737/about,"{""follower_count"":{""source"":""youtube_data_api.channels.list"",""channelId"":""UCuLpm4Vn3R7AdUbsAwz6oDQ"",""profileUrl"":""https://youtube.com/@herohero0737""},""bio"":{""source"":""youtube_data_api.channels.list"",""channel_id"":""UCuLpm4Vn3R7AdUbsAwz6oDQ""},""aigc_verdict"":{""source"":""existing_or_api_only_no_frame"",""verdict"":""unsure""},""youtube_channel_id"":""UCuLpm4Vn3R7AdUbsAwz6oDQ"",""recent_uploads"":{""source"":""youtube_data_api.search.list"",""channelId"":""UCuLpm4Vn3R7AdUbsAwz6oDQ"",""sample"":""https://www.youtube.com/watch?v=H1OtATN2kjU""}}"
https://youtube.com/@iammatassa,@iammatassa,YouTube,40,not exposed,"AIGC,YouTube,Runway,small-creator",New,2026-08-13T18:05:09Z,,,Runway,https://www.youtube.com/watch?v=WIDKFdR6Fuo,unsure,2026-07-20T18:09:05Z,YouTube routine exact API refresh,api_refresh: YouTube subscribers=40; videos=30; channelId=UCeW20iw9aK0DmcRTmINpjKw; recent_title=Matassa Saturn Remastered from 360p to 16:9 HD,https://www.youtube.com/feeds/videos.xml?channel_id=UCeW20iw9aK0DmcRTmINpjKw,https://youtube.com/@iammatassa/about,"{""follower_count"":{""source"":""youtube_data_api.channels.list"",""channelId"":""UCeW20iw9aK0DmcRTmINpjKw"",""profileUrl"":""https://youtube.com/@iammatassa""},""bio"":{""source"":""youtube_data_api.channels.list"",""channel_id"":""UCeW20iw9aK0DmcRTmINpjKw""},""aigc_verdict"":{""source"":""existing_or_api_only_no_frame"",""verdict"":""unsure""},""youtube_channel_id"":""UCeW20iw9aK0DmcRTmINpjKw"",""recent_uploads"":{""source"":""youtube_data_api.search.list"",""channelId"":""UCeW20iw9aK0DmcRTmINpjKw"",""sample"":""https://www.youtube.com/watch?v=WIDKFdR6Fuo""}}"
https://youtube.com/@lucyforu,@lucyforu,YouTube,1530,not exposed,"AIGC,YouTube,small-creator",New,2026-08-13T18:05:09Z,,,,https://www.youtube.com/watch?v=Ra8YcYtNmjw,unsure,2026-07-20T18:09:05Z,YouTube routine exact API refresh,api_refresh: YouTube subscribers=1530; videos=601; channelId=UCAqVYXVux2HgfrM6yI6RHqw; recent_title=Scared her 😂 #lucyforu #pranks #prank #funny #couplecomedy,https://www.youtube.com/feeds/videos.xml?channel_id=UCAqVYXVux2HgfrM6yI6RHqw,https://youtube.com/@lucyforu/about,"{""follower_count"":{""source"":""youtube_data_api.channels.list"",""channelId"":""UCAqVYXVux2HgfrM6yI6RHqw"",""profileUrl"":""https://youtube.com/@lucyforu""},""bio"":{""source"":""youtube_data_api.channels.list"",""channel_id"":""UCAqVYXVux2HgfrM6yI6RHqw""},""aigc_verdict"":{""source"":""existing_or_api_only_no_frame"",""verdict"":""unsure""},""youtube_channel_id"":""UCAqVYXVux2HgfrM6yI6RHqw"",""recent_uploads"":{""source"":""youtube_data_api.search.list"",""channelId"":""UCAqVYXVux2HgfrM6yI6RHqw"",""sample"":""https://www.youtube.com/watch?v=Ra8YcYtNmjw""}}"
https://youtube.com/@soraaiinvitecodee,@soraaiinvitecodee,YouTube,38,not exposed,"AIGC,YouTube,Sora,small-creator",New,2026-08-13T18:05:09Z,,,Sora,https://www.youtube.com/watch?v=trB2s4twIYk,unsure,2026-07-20T18:09:05Z,YouTube routine exact API refresh,api_refresh: YouTube subscribers=38; videos=6; channelId=UCfJTM6CEfgk8vE7_Tb4R0Ag; recent_title=#motivation #viral #usa,https://www.youtube.com/feeds/videos.xml?channel_id=UCfJTM6CEfgk8vE7_Tb4R0Ag,https://youtube.com/@soraaiinvitecodee/about,"{""follower_count"":{""source"":""youtube_data_api.channels.list"",""channelId"":""UCfJTM6CEfgk8vE7_Tb4R0Ag"",""profileUrl"":""https://youtube.com/@soraaiinvitecodee""},""bio"":{""source"":""youtube_data_api.channels.list"",""channel_id"":""UCfJTM6CEfgk8vE7_Tb4R0Ag""},""aigc_verdict"":{""source"":""existing_or_api_only_no_frame"",""verdict"":""unsure""},""youtube_channel_id"":""UCfJTM6CEfgk8vE7_Tb4R0Ag"",""recent_uploads"":{""source"":""youtube_data_api.search.list"",""channelId"":""UCfJTM6CEfgk8vE7_Tb4R0Ag"",""sample"":""https://www.youtube.com/watch?v=trB2s4twIYk""}}"
https://youtube.com/@soraanimalrealm,@soraanimalrealm,YouTube,186,not exposed,"AIGC,YouTube,Sora,small-creator",New,2026-08-13T18:05:09Z,,,Sora,https://www.youtube.com/watch?v=bLrKa8RQJzM,unsure,2026-07-20T18:09:05Z,YouTube routine exact API refresh,api_refresh: YouTube subscribers=186; videos=17; channelId=UCZLsRWvvgoaLMreAdcOBrSg; recent_title=Horse Goes Flying 💨💩 Funny Animal Moment! #shorts #viral #funny #sora #animals,https://www.youtube.com/feeds/videos.xml?channel_id=UCZLsRWvvgoaLMreAdcOBrSg,https://youtube.com/@soraanimalrealm/about,"{""follower_count"":{""source"":""youtube_data_api.channels.list"",""channelId"":""UCZLsRWvvgoaLMreAdcOBrSg"",""profileUrl"":""https://youtube.com/@soraanimalrealm""},""bio"":{""source"":""youtube_data_api.channels.list"",""channel_id"":""UCZLsRWvvgoaLMreAdcOBrSg""},""aigc_verdict"":{""source"":""existing_or_api_only_no_frame"",""verdict"":""unsure""},""youtube_channel_id"":""UCZLsRWvvgoaLMreAdcOBrSg"",""recent_uploads"":{""source"":""youtube_data_api.search.list"",""channelId"":""UCZLsRWvvgoaLMreAdcOBrSg"",""sample"":""https://www.youtube.com/watch?v=bLrKa8RQJzM""}}"
https://youtube.com/@soramei1801,@soramei1801,YouTube,3,not exposed,"AIGC,YouTube,Sora,small-creator",New,2026-08-13T18:05:09Z,,,Sora,https://www.youtube.com/watch?v=1sGjYHR6moA,unsure,2026-07-20T18:09:05Z,YouTube routine exact API refresh,api_refresh: YouTube subscribers=3; videos=2; channelId=UCC-7Zp9yoeHmyEEin6hZ9Xg; recent_title=fresh spring. | a k-indie playlist.,https://www.youtube.com/feeds/videos.xml?channel_id=UCC-7Zp9yoeHmyEEin6hZ9Xg,https://youtube.com/@soramei1801/about,"{""follower_count"":{""source"":""youtube_data_api.channels.list"",""channelId"":""UCC-7Zp9yoeHmyEEin6hZ9Xg"",""profileUrl"":""https://youtube.com/@soramei1801""},""bio"":{""source"":""youtube_data_api.channels.list"",""channel_id"":""UCC-7Zp9yoeHmyEEin6hZ9Xg""},""aigc_verdict"":{""source"":""existing_or_api_only_no_frame"",""verdict"":""unsure""},""youtube_channel_id"":""UCC-7Zp9yoeHmyEEin6hZ9Xg"",""recent_uploads"":{""source"":""youtube_data_api.search.list"",""channelId"":""UCC-7Zp9yoeHmyEEin6hZ9Xg"",""sample"":""https://www.youtube.com/watch?v=1sGjYHR6moA""}}"
https://reddit.com/user/generatedfilms,u/GeneratedFilms,Reddit,,,"AIGC,AI video,Reddit discovery",New,2026-07-29T02:14:10Z,,,Sora,https://www.reddit.com/user/GeneratedFilms/,unsure,2026-07-21T02:11:44Z,searxng AI filmmaker site:reddit.com/user,"routine reddit discovery-only; no keyless profiling API; follower_count empty; verdict unsure; snippet=29 May 2026 ... If you're ready to explore open-source AI filmmaking, we've published a practical guide to building your first local workflow, without ...",,https://www.reddit.com/user/GeneratedFilms/,"{""identity"":{""source"":""searxng"",""query"":""AI filmmaker site:reddit.com/user"",""url"":""https://www.reddit.com/user/GeneratedFilms/"",""title"":""u/GeneratedFilms - Reddit""},""aigc_verdict"":{""source"":""search_index_snippet_only"",""verdict"":""unsure"",""reason"":""29 May 2026 ... If you're ready to explore open-source AI filmmaking, we've published a practical guide to building your first local workflow, without\u00a0...""},""follower_count"":{""source"":""unavailable_keyless_reddit"",""value"":""""}}"
https://reddit.com/user/jl_films,u/JL_Films,Reddit,,,"AIGC,Reddit",New,2026-07-30T02:16:51Z,,,,https://www.reddit.com/user/JL_Films/,unsure,2026-07-21T02:11:44Z,searxng AI filmmaker site:reddit.com/user,reddit_discovery_only; no keyless profiling API; follower_count_empty; source_snippet_flagged: u/JL_Films - Reddit,,https://www.reddit.com/user/JL_Films/,"{""discovery"":{""source"":""searxng"",""query"":""AI filmmaker site:reddit.com/user"",""url"":""https://www.reddit.com/user/JL_Films/""},""aigc_verdict"":{""source"":""search_snippet_only"",""verdict"":""unsure"",""reason"":""Reddit has no keyless profiling API in this workflow; not inferred from text""}}"
https://reddit.com/user/jgesq,u/jgesq,Reddit,,,"AIGC,AI video,Reddit,discovery-only",New,2026-07-21T02:11:44Z,,,,,unsure,2026-07-21T02:11:44Z,SearXNG Reddit discovery: AI filmmaker site:reddit.com/user,discovery_only; reddit_has_no_keyless_profiling_api; needs_later_profile_or_oauth,,https://www.reddit.com/user/jgesq/,"{""discovery"":{""source"":""SearXNG"",""query"":""AI filmmaker site:reddit.com/user"",""url"":""https://www.reddit.com/user/jgesq/"",""snippet"":""Director-first, AI-assisted filmmaking with full production transparency.""},""aigc_verdict"":{""source"":""not_profiled_reddit_no_keyless_api"",""verdict"":""unsure""},""follower_count"":{""source"":""not_profiled_reddit_no_keyless_api"",""value"":""""}}"
https://vimeo.com/user248665225,Eugene Leychenko,Vimeo,2,,"AIGC,Vimeo,Runway",New,2026-08-10T06:27:40Z,"New York, NY, USA",,Runway,https://vimeo.com/1135335780,unsure,2026-07-21T06:52:23Z,Vimeo API /videos search: runway ai video creator,videos_total: 2159,,https://atherial.ai/,"{""follower_count"":{""source"":""vimeo_api"",""url"":""https://api.vimeo.com/users/248665225""},""profile"":{""source"":""vimeo_api"",""url"":""https://vimeo.com/user248665225""},""aigc_verdict"":{""source"":""api_search_metadata"",""url"":""https://vimeo.com/1135335780"",""note"":""API search/profile only; visual frame review not performed in this routine lane""}}"
https://vimeo.com/user34853122,Jason Teng,Vimeo,8,,"AIGC,Vimeo,Runway",New,2026-08-10T06:27:40Z,,,Runway,https://vimeo.com/1105895651,unsure,2026-07-21T06:52:23Z,Vimeo API /videos search: runway ai video creator,videos_total: 194,,https://vimeo.com/user34853122,"{""follower_count"":{""source"":""vimeo_api"",""url"":""https://api.vimeo.com/users/34853122""},""profile"":{""source"":""vimeo_api"",""url"":""https://vimeo.com/user34853122""},""aigc_verdict"":{""source"":""api_search_metadata"",""url"":""https://vimeo.com/1105895651"",""note"":""API search/profile only; visual frame review not performed in this routine lane""}}"
https://vimeo.com/user9467527,MaryAnn Talavera,Vimeo,13,,"AIGC,Vimeo,Runway",New,2026-08-10T06:27:40Z,,,Runway,https://vimeo.com/1043516252,unsure,2026-07-21T06:52:23Z,Vimeo API /videos search: runway ai video creator,videos_total: 90,,https://vimeo.com/user9467527,"{""follower_count"":{""source"":""vimeo_api"",""url"":""https://api.vimeo.com/users/9467527""},""profile"":{""source"":""vimeo_api"",""url"":""https://vimeo.com/user9467527""},""aigc_verdict"":{""source"":""api_search_metadata"",""url"":""https://vimeo.com/1043516252"",""note"":""API search/profile only; visual frame review not performed in this routine lane""}}"
https://vimeo.com/user248583243,Winter land,Vimeo,0,,"AIGC,Vimeo,Runway",New,2026-08-10T06:27:40Z,,,Runway,https://vimeo.com/1126570133,unsure,2026-07-21T06:52:23Z,Vimeo API /videos search: runway ai video creator,videos_total: 1,,https://vimeo.com/user248583243,"{""follower_count"":{""source"":""vimeo_api"",""url"":""https://api.vimeo.com/users/248583243""},""profile"":{""source"":""vimeo_api"",""url"":""https://vimeo.com/user248583243""},""aigc_verdict"":{""source"":""api_search_metadata"",""url"":""https://vimeo.com/1126570133"",""note"":""API search/profile only; visual frame review not performed in this routine lane""}}"
https://vimeo.com/user248581449,Catches,Vimeo,0,,"AIGC,Vimeo,Runway",New,2026-08-10T06:27:40Z,,,Runway,https://vimeo.com/1126563462,unsure,2026-07-21T06:52:23Z,Vimeo API /videos search: runway ai video creator,videos_total: 1,,https://vimeo.com/user248581449,"{""follower_count"":{""source"":""vimeo_api"",""url"":""https://api.vimeo.com/users/248581449""},""profile"":{""source"":""vimeo_api"",""url"":""https://vimeo.com/user248581449""},""aigc_verdict"":{""source"":""api_search_metadata"",""url"":""https://vimeo.com/1126563462"",""note"":""API search/profile only; visual frame review not performed in this routine lane""}}"
https://vimeo.com/theodiuk,Open Data Institute,Vimeo,389,,"AIGC,Vimeo,Runway",New,2026-08-10T06:27:40Z,London,,Runway,https://vimeo.com/theodiuk/thewizardofai,unsure,2026-07-21T06:52:23Z,Vimeo API /videos search: pika ai animation,videos_total: 262,,http://theodi.org/,"{""follower_count"":{""source"":""vimeo_api"",""url"":""https://api.vimeo.com/users/14981411""},""profile"":{""source"":""vimeo_api"",""url"":""https://vimeo.com/theodiuk""},""aigc_verdict"":{""source"":""api_search_metadata"",""url"":""https://vimeo.com/theodiuk/thewizardofai"",""note"":""API search/profile only; visual frame review not performed in this routine lane""}}"
https://vimeo.com/roxanneducharme,Roxanne Ducharme,Vimeo,96,,"AIGC,Vimeo,Runway",New,2026-08-10T06:27:40Z,"El Valle de Antón, Panama",,Runway,https://vimeo.com/908427283,unsure,2026-07-21T06:52:23Z,Vimeo API /videos search: pika ai animation,videos_total: 83,,http://www.roxanneducharme.com,"{""follower_count"":{""source"":""vimeo_api"",""url"":""https://api.vimeo.com/users/1907195""},""profile"":{""source"":""vimeo_api"",""url"":""https://vimeo.com/roxanneducharme""},""aigc_verdict"":{""source"":""api_search_metadata"",""url"":""https://vimeo.com/908427283"",""note"":""API search/profile only; visual frame review not performed in this routine lane""}}"
https://vimeo.com/seth28,Badseth,Vimeo,1,,"AIGC,Vimeo,Pika",New,2026-08-10T06:27:40Z,Italy,,Pika,https://vimeo.com/878118889,unsure,2026-07-21T06:52:23Z,Vimeo API /videos search: pika ai animation,videos_total: 17,,https://vimeo.com/seth28,"{""follower_count"":{""source"":""vimeo_api"",""url"":""https://api.vimeo.com/users/2901558""},""profile"":{""source"":""vimeo_api"",""url"":""https://vimeo.com/seth28""},""aigc_verdict"":{""source"":""api_search_metadata"",""url"":""https://vimeo.com/878118889"",""note"":""API search/profile only; visual frame review not performed in this routine lane""}}"
https://vimeo.com/vivadesigndotcom,Ulrike Kerber,Vimeo,19,,"AIGC,Vimeo,Pika",New,2026-08-10T06:27:40Z,"Santa Barbara, CA, USA",,Pika,https://vimeo.com/864042577,unsure,2026-07-21T06:52:23Z,Vimeo API /videos search: pika ai animation,videos_total: 307,,http://vivadesign.com,"{""follower_count"":{""source"":""vimeo_api"",""url"":""https://api.vimeo.com/users/520606""},""profile"":{""source"":""vimeo_api"",""url"":""https://vimeo.com/vivadesigndotcom""},""aigc_verdict"":{""source"":""api_search_metadata"",""url"":""https://vimeo.com/864042577"",""note"":""API search/profile only; visual frame review not performed in this routine lane""}}"
https://vimeo.com/domestika,user718216,Vimeo,6979,,"AIGC,Vimeo,Pika",New,2026-08-10T06:27:40Z,,,Pika,https://vimeo.com/1122708659,unsure,2026-07-21T06:52:23Z,Vimeo API /videos search: pika ai animation,videos_total: 4010,,http://domestika.org?utm_source=vimeo&utm_medium=referral&utm_campaign=courses&utm_content=coursesVI,"{""follower_count"":{""source"":""vimeo_api"",""url"":""https://api.vimeo.com/users/718216""},""profile"":{""source"":""vimeo_api"",""url"":""https://vimeo.com/domestika""},""aigc_verdict"":{""source"":""api_search_metadata"",""url"":""https://vimeo.com/1122708659"",""note"":""API search/profile only; visual frame review not performed in this routine lane""}}"
https://vimeo.com/stephaneb,Stephane Benini,Vimeo,984,,"AIGC,Vimeo,Sora",New,2026-08-10T06:27:40Z,"Lisbonne, Portugal",,Sora,https://vimeo.com/913883778,unsure,2026-07-21T06:52:23Z,Vimeo API /videos search: pika ai animation,videos_total: 391,,https://stephanebenini.com/,"{""follower_count"":{""source"":""vimeo_api"",""url"":""https://api.vimeo.com/users/7030666""},""profile"":{""source"":""vimeo_api"",""url"":""https://vimeo.com/stephaneb""},""aigc_verdict"":{""source"":""api_search_metadata"",""url"":""https://vimeo.com/913883778"",""note"":""API search/profile only; visual frame review not performed in this routine lane""}}"
https://vimeo.com/gerseo,Gerben G van Dijk,Vimeo,0,,"AIGC,Vimeo,Pika",New,2026-08-10T06:27:40Z,"Bunnik, Nederland",,Pika,https://vimeo.com/982486007,unsure,2026-07-21T06:52:23Z,Vimeo API /videos search: pika ai animation,videos_total: 8,,https://www.gerbengvandijk.nl,"{""follower_count"":{""source"":""vimeo_api"",""url"":""https://api.vimeo.com/users/156764564""},""profile"":{""source"":""vimeo_api"",""url"":""https://vimeo.com/gerseo""},""aigc_verdict"":{""source"":""api_search_metadata"",""url"":""https://vimeo.com/982486007"",""note"":""API search/profile only; visual frame review not performed in this routine lane""}}"
https://vimeo.com/trigonometryfilms,Trigonometry Films Lab.,Vimeo,4,,"AIGC,Vimeo",New,2026-08-10T06:27:40Z,"Mumbai, Maharashtra, India",,AIGC,https://vimeo.com/1184827950,unsure,2026-07-21T06:52:23Z,Vimeo API /videos search: ai filmmaker generative video,videos_total: 24,,https://www.trigonometryfilms.com,"{""follower_count"":{""source"":""vimeo_api"",""url"":""https://api.vimeo.com/users/242822225""},""profile"":{""source"":""vimeo_api"",""url"":""https://vimeo.com/trigonometryfilms""},""aigc_verdict"":{""source"":""api_search_metadata"",""url"":""https://vimeo.com/1184827950"",""note"":""API search/profile only; visual frame review not performed in this routine lane""}}"
https://vimeo.com/lilleejean,Lillee Jean Trueman,Vimeo,13,,"AIGC,Vimeo",New,2026-08-10T06:27:40Z,"New York, NY, USA",,,https://vimeo.com/1204877453,unsure,2026-07-21T06:52:23Z,Vimeo API refresh,videos_total: 27,,https://www.lilleejean.com,"{""follower_count"":{""source"":""vimeo_api"",""url"":""https://api.vimeo.com/users/lilleejean""},""profile"":{""source"":""vimeo_api"",""url"":""https://vimeo.com/lilleejean""},""aigc_verdict"":{""source"":""api_search_metadata"",""url"":""https://vimeo.com/lilleejean"",""note"":""API search/profile only; visual frame review not performed in this routine lane""}}"
https://civitai.com/user/wikkedai,wikkedai,Civitai,,,"AIGC,Civitai,Video,ZImageTurbo",New,2026-07-31T06:22:16Z,,,ZImageTurbo,https://civitai.com/posts/29903690,yes,2026-07-21T06:52:23Z,civitai api existing-row refresh,civitai_api; type=video; nsfw=false; follower_count_not_exposed,,https://civitai.com/user/wikkedai,"{""aigc_verdict"":{""source"":""civitai_api_type_video"",""url"":""https://civitai.com/posts/29903690"",""note"":""Civitai public REST returned type=video with nsfw=false.""},""sample_content"":{""source"":""civitai_api"",""url"":""https://image.civitai.com/xG1nkqKTMzGDvpLrqFT7WA/036e72f8-7daa-4230-8d33-2b5934b0d557/original=true/036e72f8-7daa-4230-8d33-2b5934b0d557.mp4""}}"
https://civitai.com/user/monsieurvanilla,monsieurvanilla,Civitai,,,"AIGC,Civitai,Video,LTXV 2.3",New,2026-07-31T06:22:16Z,,,LTXV 2.3,https://civitai.com/posts/29903472,yes,2026-07-21T06:52:23Z,civitai api existing-row refresh,civitai_api; type=video; nsfw=false; follower_count_not_exposed,,https://civitai.com/user/monsieurvanilla,"{""aigc_verdict"":{""source"":""civitai_api_type_video"",""url"":""https://civitai.com/posts/29903472"",""note"":""Civitai public REST returned type=video with nsfw=false.""},""sample_content"":{""source"":""civitai_api"",""url"":""https://image.civitai.com/xG1nkqKTMzGDvpLrqFT7WA/94e55ae3-de80-4e3b-8ff2-d1e0a4021e5b/original=true/94e55ae3-de80-4e3b-8ff2-d1e0a4021e5b.mp4""}}"
https://reddit.com/user/ai-futuretools,u/ai-futuretools,Reddit,,,"AIGC,Reddit",New,2026-07-30T02:16:51Z,,,,,unsure,2026-07-22T02:18:47Z,searxng AI video creator site:reddit.com/user,reddit_discovery_only; no keyless profiling API; follower_count_empty; source_snippet_flagged: Spotter Studio Review: A Game-Changer for YouTubers? - Reddit,,https://www.reddit.com/user/ai-futuretools/comments/1kdm8zx/spotter_studio_review_a_gamechanger_for_youtubers/,"{""discovery"":{""source"":""searxng"",""query"":""AI video creator site:reddit.com/user"",""url"":""https://www.reddit.com/user/ai-futuretools/comments/1kdm8zx/spotter_studio_review_a_gamechanger_for_youtubers/""},""aigc_verdict"":{""source"":""search_snippet_only"",""verdict"":""unsure"",""reason"":""Reddit has no keyless profiling API in this workflow; not inferred from text""}}"
https://reddit.com/user/zeemoai,u/ZeemoAI,Reddit,,,"AIGC,Reddit",New,2026-07-30T02:16:51Z,,,,,unsure,2026-07-22T02:18:47Z,searxng AI video creator site:reddit.com/user,reddit_discovery_only; no keyless profiling API; follower_count_empty; source_snippet_flagged: Zeemo (u/ZeemoAI) - Reddit,,https://www.reddit.com/user/ZeemoAI/,"{""discovery"":{""source"":""searxng"",""query"":""AI video creator site:reddit.com/user"",""url"":""https://www.reddit.com/user/ZeemoAI/""},""aigc_verdict"":{""source"":""search_snippet_only"",""verdict"":""unsure"",""reason"":""Reddit has no keyless profiling API in this workflow; not inferred from text""}}"
https://reddit.com/user/original-alarm4491,u/Original-Alarm4491,Reddit,,,"AIGC,Reddit",New,2026-07-22T02:18:47Z,,,,,unsure,2026-07-22T02:18:47Z,searxng AI video creator site:reddit.com/user,Reddit discovery-only; no keyless profiling API from server IPs; snippet lead only. Additional source: https://reddit.com/user/Original-Alarm4491/comments/1nl5t58/alicia_lyttle_queen_of_ai_review/,,https://reddit.com/user/Original-Alarm4491/comments/1nl5t58/alicia_lyttle_queen_of_ai_review/,"{""identity"":{""source"":""searxng"",""url"":""https://reddit.com/user/Original-Alarm4491/comments/1nl5t58/alicia_lyttle_queen_of_ai_review/"",""query"":""AI video creator site:reddit.com/user""},""aigc_verdict"":{""source"":""search_index_snippet_only"",""verdict"":""unsure"",""url"":""https://reddit.com/user/Original-Alarm4491/comments/1nl5t58/alicia_lyttle_queen_of_ai_review/""}}"
https://reddit.com/user/select_custard_4116,u/Select_Custard_4116,Reddit,,,"AIGC,Reddit",New,2026-07-22T02:18:47Z,,,,,unsure,2026-07-22T02:18:47Z,searxng AI video creator site:reddit.com/user,Reddit discovery-only; no keyless profiling API from server IPs; snippet lead only.,,https://reddit.com/user/Select_Custard_4116/comments/1p98tpp/simply_the_best_free_ai_imagevideo_generator/,"{""identity"":{""source"":""searxng"",""url"":""https://reddit.com/user/Select_Custard_4116/comments/1p98tpp/simply_the_best_free_ai_imagevideo_generator/"",""query"":""AI video creator site:reddit.com/user""},""aigc_verdict"":{""source"":""search_index_snippet_only"",""verdict"":""unsure"",""url"":""https://reddit.com/user/Select_Custard_4116/comments/1p98tpp/simply_the_best_free_ai_imagevideo_generator/""}}"
https://reddit.com/user/wafflevideo,u/WaffleVideo,Reddit,,,"AIGC,Reddit",New,2026-07-30T02:16:51Z,,,,,unsure,2026-07-22T02:18:47Z,searxng AI video creator site:reddit.com/user,reddit_discovery_only; no keyless profiling API; follower_count_empty; source_snippet_flagged: WaffleVideo.AI - Reddit,,https://www.reddit.com/user/WaffleVideo/,"{""discovery"":{""source"":""searxng"",""query"":""AI video creator site:reddit.com/user"",""url"":""https://www.reddit.com/user/WaffleVideo/""},""aigc_verdict"":{""source"":""search_snippet_only"",""verdict"":""unsure"",""reason"":""Reddit has no keyless profiling API in this workflow; not inferred from text""}}"
https://reddit.com/user/xgluz,u/xgluz,Reddit,,,"AIGC,Reddit",New,2026-07-22T02:18:47Z,,,,,unsure,2026-07-22T02:18:47Z,searxng AI video creator site:reddit.com/user,Reddit discovery-only; no keyless profiling API from server IPs; snippet lead only.,,https://reddit.com/user/xgluz/comments/1bekyig/best_ai_porn_generators_2024_photo_video/,"{""identity"":{""source"":""searxng"",""url"":""https://reddit.com/user/xgluz/comments/1bekyig/best_ai_porn_generators_2024_photo_video/"",""query"":""AI video creator site:reddit.com/user""},""aigc_verdict"":{""source"":""search_index_snippet_only"",""verdict"":""unsure"",""url"":""https://reddit.com/user/xgluz/comments/1bekyig/best_ai_porn_generators_2024_photo_video/""}}"
https://reddit.com/user/jboogzee,u/JBOOGZEE,Reddit,,,"AIGC,Reddit",New,2026-07-22T02:18:47Z,,,,,unsure,2026-07-22T02:18:47Z,searxng AI video creator site:reddit.com/user,Reddit discovery-only; no keyless profiling API from server IPs; snippet lead only. Additional source: https://reddit.com/user/JBOOGZEE/,,https://reddit.com/user/JBOOGZEE/,"{""identity"":{""source"":""searxng"",""url"":""https://reddit.com/user/JBOOGZEE/"",""query"":""AI video creator site:reddit.com/user""},""aigc_verdict"":{""source"":""search_index_snippet_only"",""verdict"":""unsure"",""url"":""https://reddit.com/user/JBOOGZEE/""}}"
https://reddit.com/user/theunearthlyhub,u/theunearthlyhub,Reddit,,,"AIGC,Reddit,discovery-only",New,2026-08-02T02:08:31Z,,,,,unsure,2026-07-22T02:18:47Z,searxng AI video creator site:reddit.com/user,Reddit discovery-only candidate from SearXNG/ddgs site:reddit.com (/user + r/aivideo terms); no keyless profiling API from this host; FollowerCount unavailable; AIGCVerdict not inferred from search text.,,https://www.reddit.com/user/theunearthlyhub/,"{""discovery"":{""tool"":""searxng"",""query"":""AI video creator site:reddit.com/user"",""source_url"":""https://www.reddit.com/user/theunearthlyhub/"",""title"":""u/theunearthlyhub - Reddit"",""snippet"":""17 Jun 2025 ... I am the creator of a Tiktok ... Quite controversially, I have used a mix between AI and video editing up until now to make this series.""}}"
https://reddit.com/user/blackiedad,u/BlackieDad,Reddit,,,"AIGC,Reddit,Sora",New,2026-07-22T02:18:47Z,,,Sora,,unsure,2026-07-22T02:18:47Z,searxng Sora AI filmmaker site:reddit.com/user,Reddit discovery-only; no keyless profiling API from server IPs; snippet lead only. Additional source: https://reddit.com/user/BlackieDad/comments/,,https://reddit.com/user/BlackieDad/comments/,"{""identity"":{""source"":""searxng"",""url"":""https://reddit.com/user/BlackieDad/comments/"",""query"":""Sora AI filmmaker site:reddit.com/user""},""aigc_verdict"":{""source"":""search_index_snippet_only"",""verdict"":""unsure"",""url"":""https://reddit.com/user/BlackieDad/comments/""}}"
https://reddit.com/user/fetchfrosh,u/FetchFrosh,Reddit,,,"AIGC,Reddit,Sora",New,2026-07-22T02:18:47Z,,,Sora,,unsure,2026-07-22T02:18:47Z,searxng Sora AI filmmaker site:reddit.com/user,Reddit discovery-only; no keyless profiling API from server IPs; snippet lead only. Additional source: https://reddit.com/user/FetchFrosh/,,https://reddit.com/user/FetchFrosh/,"{""identity"":{""source"":""searxng"",""url"":""https://reddit.com/user/FetchFrosh/"",""query"":""Sora AI filmmaker site:reddit.com/user""},""aigc_verdict"":{""source"":""search_index_snippet_only"",""verdict"":""unsure"",""url"":""https://reddit.com/user/FetchFrosh/""}}"
https://reddit.com/user/supermen407,u/supermen407,Reddit,,,"AIGC,Reddit,Sora",New,2026-07-22T02:18:47Z,,,Sora,,unsure,2026-07-22T02:18:47Z,searxng Sora AI filmmaker site:reddit.com/user,Reddit discovery-only; no keyless profiling API from server IPs; snippet lead only. Additional source: https://reddit.com/user/supermen407/,,https://reddit.com/user/supermen407/,"{""identity"":{""source"":""searxng"",""url"":""https://reddit.com/user/supermen407/"",""query"":""Sora AI filmmaker site:reddit.com/user""},""aigc_verdict"":{""source"":""search_index_snippet_only"",""verdict"":""unsure"",""url"":""https://reddit.com/user/supermen407/""}}"
https://reddit.com/user/michaelurielsmith,u/MichaelUrielSmith,Reddit,,,"AIGC,Reddit,Sora",New,2026-07-22T02:18:47Z,,,Sora,,unsure,2026-07-22T02:18:47Z,searxng Sora AI filmmaker site:reddit.com/user,Reddit discovery-only; no keyless profiling API from server IPs; snippet lead only. Additional source: https://reddit.com/user/MichaelUrielSmith/,,https://reddit.com/user/MichaelUrielSmith/,"{""identity"":{""source"":""searxng"",""url"":""https://reddit.com/user/MichaelUrielSmith/"",""query"":""Sora AI filmmaker site:reddit.com/user""},""aigc_verdict"":{""source"":""search_index_snippet_only"",""verdict"":""unsure"",""url"":""https://reddit.com/user/MichaelUrielSmith/""}}"
https://reddit.com/user/round_peace_2300,u/Round_Peace_2300,Reddit,,,"AIGC,Reddit,Sora",New,2026-07-22T02:18:47Z,,,Sora,,unsure,2026-07-22T02:18:47Z,searxng Sora AI filmmaker site:reddit.com/user,Reddit discovery-only; no keyless profiling API from server IPs; snippet lead only. Additional source: https://reddit.com/user/Round_Peace_2300/,,https://reddit.com/user/Round_Peace_2300/,"{""identity"":{""source"":""searxng"",""url"":""https://reddit.com/user/Round_Peace_2300/"",""query"":""Sora AI filmmaker site:reddit.com/user""},""aigc_verdict"":{""source"":""search_index_snippet_only"",""verdict"":""unsure"",""url"":""https://reddit.com/user/Round_Peace_2300/""}}"
https://vimeo.com/user203598367,AI Testing,Vimeo,0,,"AIGC,Vimeo,API,Runway",New,2026-08-08T06:34:38Z,,,Runway,https://vimeo.com/853756143,unsure,2026-07-22T06:23:49Z,vimeo_api_refresh,API-only Vimeo refresh/discovery; visual AIGC review not performed in routine lane; sole_or_small: unknown,,https://vimeo.com/user203598367,"{""follower_count"":{""source"":""vimeo_api"",""url"":""https://api.vimeo.com/users/203598367""},""profile"":{""source"":""vimeo_api"",""url"":""https://vimeo.com/user203598367""},""aigc_verdict"":{""source"":""api_text_only"",""url"":""https://vimeo.com/853756143"",""note"":""Routine API lane does not infer visual verdict; left unsure unless already reviewed.""}}"
https://vimeo.com/sachiko,Sachiko Hayashi,Vimeo,47,,"AIGC,Vimeo,API",New,2026-08-08T06:34:38Z,,,Runway,https://vimeo.com/1170695141,unsure,2026-07-22T06:23:49Z,vimeo_api_refresh,API-only Vimeo refresh/discovery; visual AIGC review not performed in routine lane; sole_or_small: unknown,,https://www.e-garde.com,"{""follower_count"":{""source"":""vimeo_api"",""url"":""https://api.vimeo.com/users/2353367""},""profile"":{""source"":""vimeo_api"",""url"":""https://vimeo.com/sachiko""},""aigc_verdict"":{""source"":""api_text_only"",""url"":""https://vimeo.com/1170695141"",""note"":""Routine API lane does not infer visual verdict; left unsure unless already reviewed.""}}"
https://vimeo.com/alessioferreri,Alessio Ferreri,Vimeo,16,,"AIGC,Vimeo",New,2026-08-10T06:27:40Z,"Torino TO, Italia",,AIGC,https://vimeo.com/1200977794,unsure,2026-07-22T06:23:49Z,Vimeo API refresh,videos_total: 29,,https://www.instagram.com/alessio_f.erreri/,"{""follower_count"":{""source"":""vimeo_api"",""url"":""https://api.vimeo.com/users/alessioferreri""},""profile"":{""source"":""vimeo_api"",""url"":""https://vimeo.com/alessioferreri""},""aigc_verdict"":{""source"":""api_search_metadata"",""url"":""https://vimeo.com/alessioferreri"",""note"":""API search/profile only; visual frame review not performed in this routine lane""}}"
https://vimeo.com/filmmotiondesign,Film + Motion Design,Vimeo,19,,"AIGC,Vimeo",New,2026-08-10T06:27:40Z,,,AIGC,https://vimeo.com/866439103,unsure,2026-07-22T06:23:49Z,Vimeo API refresh,videos_total: 88,,http://www.btk-fh.de/en/program/motion-design-ba/,"{""follower_count"":{""source"":""vimeo_api"",""url"":""https://api.vimeo.com/users/filmmotiondesign""},""profile"":{""source"":""vimeo_api"",""url"":""https://vimeo.com/filmmotiondesign""},""aigc_verdict"":{""source"":""api_search_metadata"",""url"":""https://vimeo.com/filmmotiondesign"",""note"":""API search/profile only; visual frame review not performed in this routine lane""}}"
https://vimeo.com/user145844658,jan novak,Vimeo,0,,"AIGC,Vimeo,API,Runway",New,2026-08-08T06:34:38Z,,,Runway,https://vimeo.com/1190162607,unsure,2026-07-22T06:23:49Z,vimeo_api_refresh,API-only Vimeo refresh/discovery; visual AIGC review not performed in routine lane; sole_or_small: unknown,,https://vimeo.com/user145844658,"{""follower_count"":{""source"":""vimeo_api"",""url"":""https://api.vimeo.com/users/145844658""},""profile"":{""source"":""vimeo_api"",""url"":""https://vimeo.com/user145844658""},""aigc_verdict"":{""source"":""api_text_only"",""url"":""https://vimeo.com/1190162607"",""note"":""Routine API lane does not infer visual verdict; left unsure unless already reviewed.""}}"
https://vimeo.com/dreamscapedesign,AI Video - Giuseppe Aceto,Vimeo,1,,"AIGC,Vimeo",New,2026-08-10T06:27:40Z,"Ginevra, Svizzera",,Runway,https://vimeo.com/875929006,unsure,2026-07-22T06:23:49Z,Vimeo API refresh,videos_total: 3,,https://giuseppeaceto.web.cern.ch/,"{""follower_count"":{""source"":""vimeo_api"",""url"":""https://api.vimeo.com/users/dreamscapedesign""},""profile"":{""source"":""vimeo_api"",""url"":""https://vimeo.com/dreamscapedesign""},""aigc_verdict"":{""source"":""api_search_metadata"",""url"":""https://vimeo.com/dreamscapedesign"",""note"":""API search/profile only; visual frame review not performed in this routine lane""}}"
https://vimeo.com/sergeytyurin,Sergey Tyurin,Vimeo,10,,"AIGC,Vimeo,API",New,2026-08-08T06:34:38Z,"Мерсин, Акдениз/Мерсин, Турция",,Runway,https://vimeo.com/1153266545,yes,2026-07-22T06:23:49Z,vimeo_api_refresh,API-only Vimeo refresh/discovery; visual AIGC review not performed in routine lane; sole_or_small: unknown,,https://vimeo.com/sergeytyurin,"{""follower_count"":{""source"":""vimeo_api"",""url"":""https://api.vimeo.com/users/83983607""},""profile"":{""source"":""vimeo_api"",""url"":""https://vimeo.com/sergeytyurin""},""aigc_verdict"":{""source"":""api_text_only"",""url"":""https://vimeo.com/1153266545"",""note"":""Routine API lane does not infer visual verdict; left unsure unless already reviewed.""}}"
https://vimeo.com/user3128895,Emile Smith,Vimeo,25,,"AIGC,Vimeo,Runway",New,2026-08-10T06:27:40Z,,,Runway,https://vimeo.com/1116905895,unsure,2026-07-22T06:23:49Z,Vimeo API /videos search: ai filmmaker generative video,videos_total: 48,,www.emilesmith.com,"{""follower_count"":{""source"":""vimeo_api"",""url"":""https://api.vimeo.com/users/3128895""},""profile"":{""source"":""vimeo_api"",""url"":""https://vimeo.com/user3128895""},""aigc_verdict"":{""source"":""api_search_metadata"",""url"":""https://vimeo.com/1116905895"",""note"":""API search/profile only; visual frame review not performed in this routine lane""}}"
https://vimeo.com/angeliquereisch,user256461477,Vimeo,0,,"AIGC,Vimeo,Runway",New,2026-08-10T06:27:40Z,,,Runway,https://vimeo.com/1183889325,unsure,2026-07-22T06:23:49Z,Vimeo API /videos search: ai filmmaker generative video,videos_total: 7,,https://vimeo.com/angeliquereisch,"{""follower_count"":{""source"":""vimeo_api"",""url"":""https://api.vimeo.com/users/256461477""},""profile"":{""source"":""vimeo_api"",""url"":""https://vimeo.com/angeliquereisch""},""aigc_verdict"":{""source"":""api_search_metadata"",""url"":""https://vimeo.com/1183889325"",""note"":""API search/profile only; visual frame review not performed in this routine lane""}}"
https://vimeo.com/user32345759,Diego Yaker,Vimeo,3,,"AIGC,Vimeo",New,2026-08-10T06:27:40Z,"Barcelona, España",,,https://vimeo.com/1155518056,unsure,2026-07-22T06:23:49Z,Vimeo API /videos search: ai filmmaker generative video,videos_total: 8,,https://wellfound.com/diego-yaker,"{""follower_count"":{""source"":""vimeo_api"",""url"":""https://api.vimeo.com/users/32345759""},""profile"":{""source"":""vimeo_api"",""url"":""https://vimeo.com/user32345759""},""aigc_verdict"":{""source"":""api_search_metadata"",""url"":""https://vimeo.com/1155518056"",""note"":""API search/profile only; visual frame review not performed in this routine lane""}}"
https://vimeo.com/animatorx83,ANiMAtoR-X,Vimeo,6,,"AIGC,Vimeo,Runway",New,2026-08-10T06:27:40Z,Dubai - United Arab Emirates,,Runway,https://vimeo.com/1088298686,unsure,2026-07-22T06:23:49Z,Vimeo API /videos search: ai filmmaker generative video,videos_total: 61,,www.animator-x.com,"{""follower_count"":{""source"":""vimeo_api"",""url"":""https://api.vimeo.com/users/19020529""},""profile"":{""source"":""vimeo_api"",""url"":""https://vimeo.com/animatorx83""},""aigc_verdict"":{""source"":""api_search_metadata"",""url"":""https://vimeo.com/1088298686"",""note"":""API search/profile only; visual frame review not performed in this routine lane""}}"
https://vimeo.com/user36346663,John Mateer,Vimeo,0,,"AIGC,Vimeo",New,2026-08-10T06:27:40Z,,,,https://vimeo.com/1122262690,unsure,2026-07-22T06:23:49Z,Vimeo API /videos search: ai filmmaker generative video,videos_total: 1,,https://vimeo.com/user36346663,"{""follower_count"":{""source"":""vimeo_api"",""url"":""https://api.vimeo.com/users/36346663""},""profile"":{""source"":""vimeo_api"",""url"":""https://vimeo.com/user36346663""},""aigc_verdict"":{""source"":""api_search_metadata"",""url"":""https://vimeo.com/1122262690"",""note"":""API search/profile only; visual frame review not performed in this routine lane""}}"
https://vimeo.com/user255434093,The Small Door Films,Vimeo,0,,"AIGC,Vimeo,Kling",New,2026-08-10T06:27:40Z,,,Kling,https://vimeo.com/1170060324,unsure,2026-07-22T06:23:49Z,Vimeo API /videos search: ai filmmaker generative video,videos_total: 3,,https://vimeo.com/user255434093,"{""follower_count"":{""source"":""vimeo_api"",""url"":""https://api.vimeo.com/users/255434093""},""profile"":{""source"":""vimeo_api"",""url"":""https://vimeo.com/user255434093""},""aigc_verdict"":{""source"":""api_search_metadata"",""url"":""https://vimeo.com/1170060324"",""note"":""API search/profile only; visual frame review not performed in this routine lane""}}"
https://vimeo.com/sunomono,sunomono films barcelona,Vimeo,53,,"AIGC,Vimeo,API",New,2026-08-08T06:34:38Z,"Barcelona, España",,,https://vimeo.com/1181656803,unsure,2026-07-22T06:23:49Z,vimeo_api_refresh,API-only Vimeo refresh/discovery; visual AIGC review not performed in routine lane; sole_or_small: unknown,,http://www.sunomonofilms.com/,"{""follower_count"":{""source"":""vimeo_api"",""url"":""https://api.vimeo.com/users/4332437""},""profile"":{""source"":""vimeo_api"",""url"":""https://vimeo.com/sunomono""},""aigc_verdict"":{""source"":""api_text_only"",""url"":""https://vimeo.com/1181656803"",""note"":""Routine API lane does not infer visual verdict; left unsure unless already reviewed.""}}"
https://vimeo.com/user203866235,Marco Rodrigues,Vimeo,1,,"AIGC,Vimeo,API,Kling",New,2026-08-08T06:34:38Z,,,Kling,https://vimeo.com/1150452758,yes,2026-07-22T06:23:49Z,vimeo_api_refresh,API-only Vimeo refresh/discovery; visual AIGC review not performed in routine lane; sole_or_small: unknown,,https://vimeo.com/user203866235,"{""follower_count"":{""source"":""vimeo_api"",""url"":""https://api.vimeo.com/users/203866235""},""profile"":{""source"":""vimeo_api"",""url"":""https://vimeo.com/user203866235""},""aigc_verdict"":{""source"":""api_text_only"",""url"":""https://vimeo.com/1150452758"",""note"":""Routine API lane does not infer visual verdict; left unsure unless already reviewed.""}}"
https://vimeo.com/getuncommon,UNCOMMON,Vimeo,0,,"AIGC,Vimeo",New,2026-08-10T06:27:40Z,"Enschede, Nederland",,,https://vimeo.com/1153507278,unsure,2026-07-22T06:23:49Z,Vimeo API refresh,videos_total: 252,,https://uncommon.nl,"{""follower_count"":{""source"":""vimeo_api"",""url"":""https://api.vimeo.com/users/getuncommon""},""profile"":{""source"":""vimeo_api"",""url"":""https://vimeo.com/getuncommon""},""aigc_verdict"":{""source"":""api_search_metadata"",""url"":""https://vimeo.com/getuncommon"",""note"":""API search/profile only; visual frame review not performed in this routine lane""}}"
https://vimeo.com/user63702120,Orit Bar Zakharin,Vimeo,0,,"AIGC,Vimeo,Runway",New,2026-08-10T06:27:40Z,,,Runway,https://vimeo.com/1076167347,unsure,2026-07-22T06:23:49Z,Vimeo API /videos search: pika ai animation,videos_total: 1,,https://vimeo.com/user63702120,"{""follower_count"":{""source"":""vimeo_api"",""url"":""https://api.vimeo.com/users/63702120""},""profile"":{""source"":""vimeo_api"",""url"":""https://vimeo.com/user63702120""},""aigc_verdict"":{""source"":""api_search_metadata"",""url"":""https://vimeo.com/1076167347"",""note"":""API search/profile only; visual frame review not performed in this routine lane""}}"
https://vimeo.com/user748863,oleg bermanas,Vimeo,25,,"AIGC,Vimeo,Pika",New,2026-08-10T06:27:40Z,"Москва, Россия",,Pika,https://vimeo.com/878847727,unsure,2026-07-22T06:23:49Z,Vimeo API /videos search: pika ai animation,videos_total: 33,,olegishere.tumblr.com/,"{""follower_count"":{""source"":""vimeo_api"",""url"":""https://api.vimeo.com/users/748863""},""profile"":{""source"":""vimeo_api"",""url"":""https://vimeo.com/user748863""},""aigc_verdict"":{""source"":""api_search_metadata"",""url"":""https://vimeo.com/878847727"",""note"":""API search/profile only; visual frame review not performed in this routine lane""}}"
https://civitai.com/user/hiramworkai,hiramworkai,Civitai,,,"AIGC,Civitai,Video",New,2026-08-08T06:34:38Z,,,,https://image.civitai.com/xG1nkqKTMzGDvpLrqFT7WA/b317fc15-8410-4781-81bd-2a7c4000280a/original=true/b317fc15-8410-4781-81bd-2a7c4000280a.mp4,yes,2026-07-22T06:23:49Z,civitai_api_refresh:type=video,"has public SFW video via Civitai API; video_item_id:105922361; stats:{""cryCount"":0,""laughCount"":0,""likeCount"":0,""dislikeCount"":0,""heartCount"":0,""commentCount"":0}",,https://civitai.com/user/hiramworkai,"{""video_content"":{""source"":""civitai_api"",""url"":""https://image.civitai.com/xG1nkqKTMzGDvpLrqFT7WA/b317fc15-8410-4781-81bd-2a7c4000280a/original=true/b317fc15-8410-4781-81bd-2a7c4000280a.mp4"",""item_id"":105922361,""type"":""video""},""aigc_verdict"":{""source"":""civitai_api"",""url"":""https://image.civitai.com/xG1nkqKTMzGDvpLrqFT7WA/b317fc15-8410-4781-81bd-2a7c4000280a/original=true/b317fc15-8410-4781-81bd-2a7c4000280a.mp4"",""note"":""Civitai content is AI-generated by platform definition; type=video confirms video output.""}}"
https://civitai.com/user/xuchulainn,xuchulainn,Civitai,,,"AIGC,Civitai,Video",New,2026-08-08T06:34:38Z,,,,https://image.civitai.com/xG1nkqKTMzGDvpLrqFT7WA/cb4b1735-efd4-4014-a7cb-77686ee93d0f/original=true/cb4b1735-efd4-4014-a7cb-77686ee93d0f.mp4,yes,2026-07-22T06:23:49Z,civitai_api_refresh:type=video,"has public SFW video via Civitai API; video_item_id:138214916; stats:{""cryCount"":1,""laughCount"":0,""likeCount"":36,""dislikeCount"":0,""heartCount"":12,""commentCount"":0}",,https://civitai.com/user/xuchulainn,"{""video_content"":{""source"":""civitai_api"",""url"":""https://image.civitai.com/xG1nkqKTMzGDvpLrqFT7WA/cb4b1735-efd4-4014-a7cb-77686ee93d0f/original=true/cb4b1735-efd4-4014-a7cb-77686ee93d0f.mp4"",""item_id"":138214916,""type"":""video""},""aigc_verdict"":{""source"":""civitai_api"",""url"":""https://image.civitai.com/xG1nkqKTMzGDvpLrqFT7WA/cb4b1735-efd4-4014-a7cb-77686ee93d0f/original=true/cb4b1735-efd4-4014-a7cb-77686ee93d0f.mp4"",""note"":""Civitai content is AI-generated by platform definition; type=video confirms video output.""}}"
https://civitai.com/user/ogbtjyqat450,ogbtjyqat450,Civitai,,,"AIGC,Civitai,Video",New,2026-08-08T06:34:38Z,,,,https://image.civitai.com/xG1nkqKTMzGDvpLrqFT7WA/db2b1a35-04b1-434e-8038-70e4b3f2a428/original=true/db2b1a35-04b1-434e-8038-70e4b3f2a428.mp4,yes,2026-07-22T06:23:49Z,civitai_api_refresh:type=video,"has public SFW video via Civitai API; video_item_id:137427083; stats:{""cryCount"":0,""laughCount"":0,""likeCount"":17,""dislikeCount"":0,""heartCount"":2,""commentCount"":0}",,https://civitai.com/user/ogbtjyqat450,"{""video_content"":{""source"":""civitai_api"",""url"":""https://image.civitai.com/xG1nkqKTMzGDvpLrqFT7WA/db2b1a35-04b1-434e-8038-70e4b3f2a428/original=true/db2b1a35-04b1-434e-8038-70e4b3f2a428.mp4"",""item_id"":137427083,""type"":""video""},""aigc_verdict"":{""source"":""civitai_api"",""url"":""https://image.civitai.com/xG1nkqKTMzGDvpLrqFT7WA/db2b1a35-04b1-434e-8038-70e4b3f2a428/original=true/db2b1a35-04b1-434e-8038-70e4b3f2a428.mp4"",""note"":""Civitai content is AI-generated by platform definition; type=video confirms video output.""}}"
https://civitai.com/user/cappyadams,CappyAdams,Civitai,,,"AIGC,Civitai,Video,AI video",New,2026-07-27T06:19:16Z,,,,https://image.civitai.com/xG1nkqKTMzGDvpLrqFT7WA/0b3e464b-fa4f-4584-bdfe-d23956dcc29c/original=true/0b3e464b-fa4f-4584-bdfe-d23956dcc29c.mp4,yes,2026-07-22T06:23:49Z,Civitai API /images type=video discovery+refresh,civitai_video: yes,,https://civitai.com/user/CappyAdams,"{""profile"":{""source"":""civitai_api"",""url"":""https://civitai.com/user/CappyAdams""},""video_content"":{""source"":""civitai_api.images"",""params"":""type=video&nsfw=false"",""username"":""cappyadams"",""video_items"":5,""sample"":""https://image.civitai.com/xG1nkqKTMzGDvpLrqFT7WA/0b3e464b-fa4f-4584-bdfe-d23956dcc29c/original=true/0b3e464b-fa4f-4584-bdfe-d23956dcc29c.mp4""},""aigc_verdict"":{""source"":""civitai_api.images type=video"",""verdict"":""yes""}}"
https://civitai.com/user/nnai,nnai,Civitai,,,"AIGC,Civitai,Video",New,2026-08-08T06:34:38Z,,,,https://image.civitai.com/xG1nkqKTMzGDvpLrqFT7WA/6e9e420d-9ca0-49e8-95f4-8765d882d13f/original=true/6e9e420d-9ca0-49e8-95f4-8765d882d13f.mp4,yes,2026-07-22T06:23:49Z,civitai_api_refresh:type=video,"has public SFW video via Civitai API; video_item_id:137421935; stats:{""cryCount"":0,""laughCount"":0,""likeCount"":15,""dislikeCount"":0,""heartCount"":2,""commentCount"":0}",,https://civitai.com/user/nnai,"{""video_content"":{""source"":""civitai_api"",""url"":""https://image.civitai.com/xG1nkqKTMzGDvpLrqFT7WA/6e9e420d-9ca0-49e8-95f4-8765d882d13f/original=true/6e9e420d-9ca0-49e8-95f4-8765d882d13f.mp4"",""item_id"":137421935,""type"":""video""},""aigc_verdict"":{""source"":""civitai_api"",""url"":""https://image.civitai.com/xG1nkqKTMzGDvpLrqFT7WA/6e9e420d-9ca0-49e8-95f4-8765d882d13f/original=true/6e9e420d-9ca0-49e8-95f4-8765d882d13f.mp4"",""note"":""Civitai content is AI-generated by platform definition; type=video confirms video output.""}}"
https://civitai.com/user/catlover1937,catlover1937,Civitai,,,"AIGC,Civitai,video",New,2026-08-05T06:10:34Z,,,Civitai,https://image.civitai.com/xG1nkqKTMzGDvpLrqFT7WA/e4582369-02bb-401b-9ed0-bcda527a6813/original=true/e4582369-02bb-401b-9ed0-bcda527a6813.mp4,yes,2026-07-22T06:23:49Z,routine Civitai API refresh,Civitai public REST type=video nsfw=false returned public video items; follower count not exposed by this endpoint.,,https://civitai.com/user/catlover1937,"{""aigc_verdict"":{""source"":""civitai_api_type_video"",""url"":""https://civitai.com/api/v1/images?username=catlover1937&type=video&nsfw=false""},""sample"":{""source"":""civitai_api"",""url"":""https://image.civitai.com/xG1nkqKTMzGDvpLrqFT7WA/e4582369-02bb-401b-9ed0-bcda527a6813/original=true/e4582369-02bb-401b-9ed0-bcda527a6813.mp4""}}"
https://civitai.com/user/mentalext,mentalext,Civitai,,,"AIGC,Civitai,Video",New,2026-08-08T06:34:38Z,,,,https://image.civitai.com/xG1nkqKTMzGDvpLrqFT7WA/ec3ba6b3-f3c3-4a81-97d2-31d434cd67df/original=true/ec3ba6b3-f3c3-4a81-97d2-31d434cd67df.mp4,yes,2026-07-22T06:23:49Z,civitai_api_refresh:type=video,"has public SFW video via Civitai API; video_item_id:137421149; stats:{""cryCount"":0,""laughCount"":0,""likeCount"":16,""dislikeCount"":0,""heartCount"":2,""commentCount"":0}",,https://civitai.com/user/mentalext,"{""video_content"":{""source"":""civitai_api"",""url"":""https://image.civitai.com/xG1nkqKTMzGDvpLrqFT7WA/ec3ba6b3-f3c3-4a81-97d2-31d434cd67df/original=true/ec3ba6b3-f3c3-4a81-97d2-31d434cd67df.mp4"",""item_id"":137421149,""type"":""video""},""aigc_verdict"":{""source"":""civitai_api"",""url"":""https://image.civitai.com/xG1nkqKTMzGDvpLrqFT7WA/ec3ba6b3-f3c3-4a81-97d2-31d434cd67df/original=true/ec3ba6b3-f3c3-4a81-97d2-31d434cd67df.mp4"",""note"":""Civitai content is AI-generated by platform definition; type=video confirms video output.""}}"
https://civitai.com/user/dark_schneider,Dark_Schneider,Civitai,,,"AIGC,Civitai,Video",New,2026-08-08T06:34:38Z,,,Civitai,https://image.civitai.com/xG1nkqKTMzGDvpLrqFT7WA/fa0e1e6b-63c8-4c07-bfd4-1fe46d198f91/original=true/fa0e1e6b-63c8-4c07-bfd4-1fe46d198f91.mp4,yes,2026-07-22T06:23:49Z,civitai_api_discovery:type=video&nsfw=false,"has public SFW video via Civitai API; video_item_id:139046799; stats:{""cryCount"":0,""laughCount"":0,""likeCount"":7,""dislikeCount"":0,""heartCount"":1,""commentCount"":0}",,https://civitai.com/user/Dark_Schneider,"{""video_content"":{""source"":""civitai_api"",""url"":""https://image.civitai.com/xG1nkqKTMzGDvpLrqFT7WA/fa0e1e6b-63c8-4c07-bfd4-1fe46d198f91/original=true/fa0e1e6b-63c8-4c07-bfd4-1fe46d198f91.mp4"",""item_id"":139046799,""type"":""video""},""aigc_verdict"":{""source"":""civitai_api"",""url"":""https://image.civitai.com/xG1nkqKTMzGDvpLrqFT7WA/fa0e1e6b-63c8-4c07-bfd4-1fe46d198f91/original=true/fa0e1e6b-63c8-4c07-bfd4-1fe46d198f91.mp4"",""note"":""Civitai content is AI-generated by platform definition; type=video confirms video output.""}}"
https://civitai.com/user/reweik,reweik,Civitai,,,"AIGC,Civitai,Video",New,2026-07-31T06:22:16Z,,,Civitai,https://civitai.com/posts/29995847,yes,2026-07-22T06:23:49Z,civitai api existing-row refresh,civitai_api; type=video; nsfw=false; follower_count_not_exposed,,https://civitai.com/user/reweik,"{""aigc_verdict"":{""source"":""civitai_api_type_video"",""url"":""https://civitai.com/posts/29995847"",""note"":""Civitai public REST returned type=video with nsfw=false.""},""sample_content"":{""source"":""civitai_api"",""url"":""https://image.civitai.com/xG1nkqKTMzGDvpLrqFT7WA/199d7240-1086-4a60-8310-4dfa91b30c9a/original=true/199d7240-1086-4a60-8310-4dfa91b30c9a.mp4""}}"
https://civitai.com/user/soveryconfused,soveryconfused,Civitai,,,"AIGC,Civitai,Video",New,2026-08-08T06:34:38Z,,,,https://image.civitai.com/xG1nkqKTMzGDvpLrqFT7WA/7c116eda-58c1-45f5-a6ed-98f727f64020/original=true/7c116eda-58c1-45f5-a6ed-98f727f64020.mp4,yes,2026-07-22T06:23:49Z,civitai_api_refresh:type=video,"has public SFW video via Civitai API; video_item_id:138633353; stats:{""cryCount"":0,""laughCount"":0,""likeCount"":15,""dislikeCount"":0,""heartCount"":3,""commentCount"":1}",,https://civitai.com/user/soveryconfused,"{""video_content"":{""source"":""civitai_api"",""url"":""https://image.civitai.com/xG1nkqKTMzGDvpLrqFT7WA/7c116eda-58c1-45f5-a6ed-98f727f64020/original=true/7c116eda-58c1-45f5-a6ed-98f727f64020.mp4"",""item_id"":138633353,""type"":""video""},""aigc_verdict"":{""source"":""civitai_api"",""url"":""https://image.civitai.com/xG1nkqKTMzGDvpLrqFT7WA/7c116eda-58c1-45f5-a6ed-98f727f64020/original=true/7c116eda-58c1-45f5-a6ed-98f727f64020.mp4"",""note"":""Civitai content is AI-generated by platform definition; type=video confirms video output.""}}"
https://civitai.com/user/6vidit9,@6vidit9,Civitai,,,"AIGC,Civitai,Video,AI video,Krea 2,video",New,2026-08-04T06:29:48Z,,,,https://image.civitai.com/xG1nkqKTMzGDvpLrqFT7WA/55bc52b0-011a-44ce-91be-6c642380e8a3/original=true/55bc52b0-011a-44ce-91be-6c642380e8a3.mp4,yes,2026-07-22T06:23:49Z,Civitai API existing-row refresh,Civitai public API type=video nsfw=false confirms AI video output; follower count not exposed,,https://civitai.com/user/6vidit9,"{""video_output"":{""source"":""civitai_api"",""url"":""https://civitai.com/api/v1/images?username=6vidit9&type=video&nsfw=false"",""count_returned"":10},""aigc_verdict"":{""source"":""civitai_api"",""value"":""yes"",""reason"":""Civitai content is AI-generated and type=video confirms video output""}}"
https://civitai.com/user/foxntail,foxntail,Civitai,,,"AIGC,Civitai,Video",New,2026-08-08T06:34:38Z,,,,https://image.civitai.com/xG1nkqKTMzGDvpLrqFT7WA/84dc147e-240d-4ad9-82da-0d55be3d8a4c/original=true/84dc147e-240d-4ad9-82da-0d55be3d8a4c.mp4,yes,2026-07-22T06:23:49Z,civitai_api_refresh:type=video,"has public SFW video via Civitai API; video_item_id:138795259; stats:{""cryCount"":0,""laughCount"":7,""likeCount"":8,""dislikeCount"":0,""heartCount"":0,""commentCount"":0}",,https://civitai.com/user/foxntail,"{""video_content"":{""source"":""civitai_api"",""url"":""https://image.civitai.com/xG1nkqKTMzGDvpLrqFT7WA/84dc147e-240d-4ad9-82da-0d55be3d8a4c/original=true/84dc147e-240d-4ad9-82da-0d55be3d8a4c.mp4"",""item_id"":138795259,""type"":""video""},""aigc_verdict"":{""source"":""civitai_api"",""url"":""https://image.civitai.com/xG1nkqKTMzGDvpLrqFT7WA/84dc147e-240d-4ad9-82da-0d55be3d8a4c/original=true/84dc147e-240d-4ad9-82da-0d55be3d8a4c.mp4"",""note"":""Civitai content is AI-generated by platform definition; type=video confirms video output.""}}"
https://civitai.com/user/coverlevels147,coverlevels147,Civitai,,,"AIGC,Civitai,video",New,2026-08-05T06:10:34Z,,,Civitai,https://image.civitai.com/xG1nkqKTMzGDvpLrqFT7WA/0c74d792-5703-4db9-a4f0-b91c7180d835/original=true/0c74d792-5703-4db9-a4f0-b91c7180d835.mp4,yes,2026-07-22T06:23:49Z,routine Civitai API refresh,Civitai public REST type=video nsfw=false returned public video items; follower count not exposed by this endpoint.,,https://civitai.com/user/coverlevels147,"{""aigc_verdict"":{""source"":""civitai_api_type_video"",""url"":""https://civitai.com/api/v1/images?username=coverlevels147&type=video&nsfw=false""},""sample"":{""source"":""civitai_api"",""url"":""https://image.civitai.com/xG1nkqKTMzGDvpLrqFT7WA/0c74d792-5703-4db9-a4f0-b91c7180d835/original=true/0c74d792-5703-4db9-a4f0-b91c7180d835.mp4""}}"
https://instagram.com/ai_funcorner,@ai_funcorner,Instagram,,,"AIGC,Meta,AI video",New,2026-07-22T10:04:55Z,,,,https://www.instagram.com/ai_funcorner/,unsure,2026-07-22T10:04:55Z,"SearXNG Meta site-scope: ""AI filmmaker"" ""AI video"" site:instagram.com",IG personal/non-business or META_IG_USER_ID unavailable; flagged for seated computer_use pass,,https://www.instagram.com/ai_funcorner/,"{""discovery"":{""source"":""SearXNG site-scope"",""query"":""\""AI filmmaker\"" \""AI video\"" site:instagram.com"",""url"":""https://www.instagram.com/ai_funcorner/"",""why"":""AI Filmmaker l AI Video Creator (@ai_funcorner) - Instagram \u2014 7,336 Followers, 39 Following, 90 Posts - AI Filmmaker l AI Video Creator \ud83c\udfac (@ai_funcorner) on Instagram: \""AI Ads | Reels | Short Films Custom Videos for Brands \ud83d\udce9 DM for Projects & Collabs\""""},""profile"":{""source"":""not_available"",""status"":""no_meta_token""},""aigc_verdict"":{""source"":""not_reviewed_no_computer_use"",""verdict"":""unsure""}}"
https://instagram.com/aiartoriginal,@aiartoriginal,Instagram,,,"AIGC,Meta,AI video",New,2026-07-22T10:04:55Z,,,,https://www.instagram.com/aiartoriginal/,unsure,2026-07-22T10:04:55Z,"SearXNG Meta site-scope: ""AI filmmaker"" ""AI video"" site:instagram.com",IG personal/non-business or META_IG_USER_ID unavailable; flagged for seated computer_use pass,,https://www.instagram.com/aiartoriginal/,"{""discovery"":{""source"":""SearXNG site-scope"",""query"":""\""AI filmmaker\"" \""AI video\"" site:instagram.com"",""url"":""https://www.instagram.com/aiartoriginal/"",""why"":""Imagine, Write and Create (@aiartoriginal) - Instagram \u2014 1,948 Followers, 3,515 Following, 434 Posts - Imagine, Write and Create (@aiartoriginal) on Instagram: \""AI Filmmaker | AI Video Creator | AI Micro Dramas | AI Cinematic Ads | Fast-paced AI Scenes\""""},""profile"":{""source"":""not_available"",""status"":""no_meta_token""},""aigc_verdict"":{""source"":""not_reviewed_no_computer_use"",""verdict"":""unsure""}}"
https://instagram.com/volcano.visuals,@volcano.visuals,Instagram,,,"AIGC,Meta,AI video",New,2026-07-22T10:04:55Z,,,,https://www.instagram.com/volcano.visuals/,unsure,2026-07-22T10:04:55Z,"SearXNG Meta site-scope: ""AI filmmaker"" ""AI video"" site:instagram.com",IG personal/non-business or META_IG_USER_ID unavailable; flagged for seated computer_use pass,,https://www.instagram.com/volcano.visuals/,"{""discovery"":{""source"":""SearXNG site-scope"",""query"":""\""AI filmmaker\"" \""AI video\"" site:instagram.com"",""url"":""https://www.instagram.com/volcano.visuals/"",""why"":""Volkan Erta\u015f | AI Filmmaker (@volcano.visuals) - Instagram \u2014 28 Followers, 59 Following, 4 Posts - Volkan Erta\u015f | AI Filmmaker (@volcano.visuals) on Instagram: \""AI Filmmaker & Worldbuilder Cinematic sci-fi concept art, character design, storyboards and AI video experiments. Building new worlds, fram""},""profile"":{""source"":""not_available"",""status"":""no_meta_token""},""aigc_verdict"":{""source"":""not_reviewed_no_computer_use"",""verdict"":""unsure""}}"
https://instagram.com/ai_flime,@ai_flime,Instagram,,,"AIGC,Meta,AI video",New,2026-07-22T10:04:55Z,,,,https://www.instagram.com/ai_flime/reels/,unsure,2026-07-22T10:04:55Z,"SearXNG Meta site-scope: ""AI filmmaker"" ""AI video"" site:instagram.com",IG personal/non-business or META_IG_USER_ID unavailable; flagged for seated computer_use pass,,https://www.instagram.com/ai_flime/reels/,"{""discovery"":{""source"":""SearXNG site-scope"",""query"":""\""AI filmmaker\"" \""AI video\"" site:instagram.com"",""url"":""https://www.instagram.com/ai_flime/reels/"",""why"":""Ai Films Maker (@ai_flime) \u2022 Instagram photos and videos \u2014 5 Followers, 5 Following, 3 Posts - Ai Films Maker (@ai_flime) on Instagram: \""Ai Filmmaker Ai video creator Generative Ai Art Ai short film\""""},""profile"":{""source"":""not_available"",""status"":""no_meta_token""},""aigc_verdict"":{""source"":""not_reviewed_no_computer_use"",""verdict"":""unsure""}}"
https://reddit.com/user/velkararts,@VelkarArts,Reddit,,,"AIGC,Reddit,AI video",New,2026-08-07T02:14:49Z,,,,https://www.reddit.com/user/VelkarArts/,unsure,2026-07-23T02:18:28Z,"searx ""AI filmmaker"" site:reddit.com/user",snippet references real AI filmmaker/community connection; discovery-only Reddit lead; no keyless profiling API,,https://www.reddit.com/user/VelkarArts/,"{""identity"":{""source"":""searx"",""url"":""https://www.reddit.com/user/VelkarArts/"",""query"":""\""AI filmmaker\"" site:reddit.com/user""},""aigc_verdict"":{""source"":""search_snippet_only"",""verdict"":""unsure"",""reason"":""Reddit has no keyless profiling API in routine; no frame/API review performed""},""why_flagged"":{""title"":""u/VelkarArts - Reddit"",""snippet"":""23 Apr 2026 ... So, if you are a real AI filmmaker doing this out of passion, and you genuinely want to improve, comment below. Let's connect and build our ..."",""reason"":""snippet references real AI filmmaker/community connection""}}"
https://reddit.com/user/writeonsaga,u/WriteOnSaga,Reddit,,,"AIGC,Reddit,AI video",New,2026-07-25T02:14:07Z,,,,https://www.reddit.com/user/WriteOnSaga/,unsure,2026-07-23T02:18:28Z,"searxng: ""AI filmmaker"" site:reddit.com/user",discovery_only; reddit_no_keyless_profile_api; source=search_index; no computer_use,,https://www.reddit.com/user/WriteOnSaga/,"{""discovery"":{""source"":""searxng"",""query"":""\""AI filmmaker\"" site:reddit.com/user"",""url"":""https://www.reddit.com/user/WriteOnSaga/"",""snippet"":""Saga (u/WriteOnSaga) - Reddit \u2014 30 Aug 2023 ... Report. The ultimate power players in Hollywood is...? (AI Filmmaker Tasha Caufield on Writers in a world of Generative AI and Microdramas).""},""profile"":{""source"":""search-index-only"",""note"":""Reddit keyless profiling API unavailable; not profiled""}}"
https://instagram.com/lenoty_ai,@lenoty_ai,Instagram,,,"AIGC,Meta,Discovery",New,2026-07-23T10:25:03Z,,,,,unsure,2026-07-23T10:23:41Z,SearXNG Meta site-scope; source=https://www.instagram.com/lenoty_ai/,routine_meta; needs seated computer_use pass if personal account or Threads/no API; AIGCVerdict from search only => unsure; Graph business_discovery unavailable: META_GRAPH_TOKEN unset; routine filter: obvious brand/tool/event/high-follower/non-creator candidates excluded before CRM,,https://www.instagram.com/lenoty_ai/,"{""discovery"":{""source"":""searxng"",""url"":""https://www.instagram.com/lenoty_ai/"",""why"":""Lenoty|AI Creator (@lenoty_ai) \u2022 Instagram photos and videos \u2014 Kateryna Adams'ka| AI Creator| AI Artist. Kateryna Adams'ka| AI Creator| AI Artist ... generative video, abstract AI visuals \u0432\u0456\u0434\u0435\u043e \u0437\u0433\u0435\u043d\u0435\u0440\u043e\u0432\u0430\u043d\u0435 AI\u00a0...""},""profile_attempt"":{""source"":""meta_graph_business_discovery"",""result"":""unavailable"",""reason"":""META_GRAPH_TOKEN unset""}}"
https://instagram.com/techprophett,@techprophett,Instagram,,,"AIGC,Meta,Discovery",New,2026-07-23T10:25:03Z,,,,,unsure,2026-07-23T10:23:49Z,SearXNG Meta site-scope; source=https://www.instagram.com/techprophett/,routine_meta; needs seated computer_use pass if personal account or Threads/no API; AIGCVerdict from search only => unsure; Graph business_discovery unavailable: META_GRAPH_TOKEN unset; routine filter: obvious brand/tool/event/high-follower/non-creator candidates excluded before CRM,,https://www.instagram.com/techprophett/,"{""discovery"":{""source"":""searxng"",""url"":""https://www.instagram.com/techprophett/"",""why"":""AI Artist \u2022 Creator \u2022 Prompt Engineer (@techprophett) - Instagram \u2014 Techprophett | AI Artist \u2022 Creator \u2022 Prompt Engineer (@techprophett) ... generative video, VFX breakdown, AI creators, film pipeline collapse\u00a0...""},""profile_attempt"":{""source"":""meta_graph_business_discovery"",""result"":""unavailable"",""reason"":""META_GRAPH_TOKEN unset""}}"
https://instagram.com/dvsmethid,@dvsmethid,Instagram,,,"AIGC,Meta,Discovery",New,2026-07-23T10:25:03Z,,,,,unsure,2026-07-23T10:24:02Z,SearXNG Meta site-scope; source=https://www.instagram.com/dvsmethid/,routine_meta; needs seated computer_use pass if personal account or Threads/no API; AIGCVerdict from search only => unsure; Graph business_discovery unavailable: META_GRAPH_TOKEN unset; routine filter: obvious brand/tool/event/high-follower/non-creator candidates excluded before CRM,,https://www.instagram.com/dvsmethid/,"{""discovery"":{""source"":""searxng"",""url"":""https://www.instagram.com/dvsmethid/"",""why"":""Derrick Schultz (@dvsmethid) \u2022 Instagram photos and videos \u2014 Post-AI artist and filmmaker. derrick@bustbright.com for commissions ... Generative Video class, and it starts in a week! We'll cover a bunch of topics\u00a0...""},""profile_attempt"":{""source"":""meta_graph_business_discovery"",""result"":""unavailable"",""reason"":""META_GRAPH_TOKEN unset""}}"
https://threads.net/@menteprompt,@menteprompt,Threads,,,"AIGC,Meta,Discovery",New,2026-07-23T10:25:03Z,,,,,unsure,2026-07-23T10:24:25Z,SearXNG Meta site-scope; source=https://www.threads.net/@menteprompt,routine_meta; needs seated computer_use pass if personal account or Threads/no API; AIGCVerdict from search only => unsure; Threads has no public third-party Graph profile API; flagged for seated computer_use pass; routine filter: obvious brand/tool/event/high-follower/non-creator candidates excluded before CRM,,https://www.threads.net/@menteprompt,"{""discovery"":{""source"":""searxng"",""url"":""https://www.threads.net/@menteprompt"",""why"":""Inteligencia Artificial | Tecnolog\u00eda (@menteprompt) - Threads \u2014 Runway: edita videos 3. Krea: crea logotipos 4. ElevenLabs: clona tu voz 5 ... Con AI Video Generator puedes generar todo tipo de v\u00eddeos utilizando la\u00a0...""},""profile_attempt"":{""source"":""threads_api"",""result"":""no_public_third_party_api""}}"
https://facebook.com/100090113973595,100090113973595,Facebook,,,"AIGC,Veo",New,2026-07-23T14:09:24Z,,,Veo,,unsure,2026-07-23T14:09:24Z,searxng Veo generative video site:facebook.com,off-platform search lead; follower_count unavailable from discovery; AIGC verdict not inferred,,https://www.facebook.com/100090113973595/posts/is-this-even-real-google-veo-3-is-a-game-changermind-blown-this-entire-car-show-/637987902548337/,"{""discovery"":{""tool"":""searxng"",""query"":""Veo generative video site:facebook.com"",""url"":""https://www.facebook.com/100090113973595/posts/is-this-even-real-google-veo-3-is-a-game-changermind-blown-this-entire-car-show-/637987902548337/"",""title"":""Is this even real?! Google Veo 3 is a game changer . Mind blown ..."",""snippet"":""22 May 2025 ... Forget traditional production: no one you see or hear in this video is real. This is pure generative magic, showcasing incredible advancements\u00a0...""}}"
https://facebook.com/100095042125983,100095042125983,Facebook,,,"AIGC,Veo",New,2026-07-23T14:09:24Z,,,Veo,,unsure,2026-07-23T14:09:24Z,searxng Veo generative video site:facebook.com,off-platform search lead; follower_count unavailable from discovery; AIGC verdict not inferred,,https://www.facebook.com/100095042125983/posts/ai-generated-videos-made-with-googles-veo-3-are-impressive-but-there-are-still-s/703427612835303/,"{""discovery"":{""tool"":""searxng"",""query"":""Veo generative video site:facebook.com"",""url"":""https://www.facebook.com/100095042125983/posts/ai-generated-videos-made-with-googles-veo-3-are-impressive-but-there-are-still-s/703427612835303/"",""title"":""AI-generated videos made with Google's Veo 3 are impressive"",""snippet"":""28 May 2025 ... AI-generated videos made with Google's Veo 3 are impressive - but there are still some telling limitations in generative AI models for\u00a0...""}}"
https://facebook.com/duekneel,duekneel,Facebook,,,"AIGC,Veo",New,2026-07-23T14:09:24Z,,,Veo,,unsure,2026-07-23T14:09:24Z,searxng Veo generative video site:facebook.com,off-platform search lead; follower_count unavailable from discovery; AIGC verdict not inferred,,https://www.facebook.com/duekneel/posts/did-you-know-that-you-can-now-generate-vertical-veo-3-videos-using-google-flow-t/1348130103990908/,"{""discovery"":{""tool"":""searxng"",""query"":""Veo generative video site:facebook.com"",""url"":""https://www.facebook.com/duekneel/posts/did-you-know-that-you-can-now-generate-vertical-veo-3-videos-using-google-flow-t/1348130103990908/"",""title"":""DID YOU KNOW that you can now generate vertical VEO 3 videos ..."",""snippet"":""9 Oct 2025 ... Unlock a game-changing trick for AI video creators Google Veo 3.1 now lets you lock a reference image and generate consistent, native vertical\u00a0...""}}"
https://facebook.com/muddaseraltaf,muddaseraltaf,Facebook,,,"AIGC,Veo",New,2026-07-23T14:09:24Z,,,Veo,,unsure,2026-07-23T14:09:24Z,searxng Veo generative video site:facebook.com,off-platform search lead; follower_count unavailable from discovery; AIGC verdict not inferred,,https://www.facebook.com/muddaseraltaf/posts/generate-free-ai-videos-with-veo-3/10161990120901364/,"{""discovery"":{""tool"":""searxng"",""query"":""Veo generative video site:facebook.com"",""url"":""https://www.facebook.com/muddaseraltaf/posts/generate-free-ai-videos-with-veo-3/10161990120901364/"",""title"":""Generate free AI videos with Veo 3 - Facebook"",""snippet"":""24 Mar 2026 ... Educators \u2014 for visual lessons and science explainers. Filmmakers & Animators \u2014 for pre-visualization and concept videos. Why It Matters: Veo 3\u00a0...""}}"
https://facebook.com/themustafatalks,themustafatalks,Facebook,,,"AIGC,Veo",New,2026-07-23T14:09:24Z,,,Veo,,unsure,2026-07-23T14:09:24Z,searxng Veo generative video site:facebook.com,off-platform search lead; follower_count unavailable from discovery; AIGC verdict not inferred,,https://www.facebook.com/themustafatalks/posts/-veo-4-is-coming-soonai-video-creation-is-about-to-level-up-fast-/122118702375041248/,"{""discovery"":{""tool"":""searxng"",""query"":""Veo generative video site:facebook.com"",""url"":""https://www.facebook.com/themustafatalks/posts/-veo-4-is-coming-soonai-video-creation-is-about-to-level-up-fast-/122118702375041248/"",""title"":""Veo 4 is coming soon. AI video creation is about to level up fast"",""snippet"":""20 Jan 2026 ... With the latest Veo 4 (Flow Sessions) update, Google is redefining how creators, marketers, and businesses produce videos. From smarter visuals\u00a0...""}}"
https://facebook.com/tombilyeu,tombilyeu,Facebook,,,"AIGC,Veo",New,2026-07-23T14:09:24Z,,,Veo,,unsure,2026-07-23T14:09:24Z,searxng Veo generative video site:facebook.com,off-platform search lead; follower_count unavailable from discovery; AIGC verdict not inferred,,https://www.facebook.com/tombilyeu/posts/google-veo-3-is-changing-everything-lets-break-it-down/1244261237068343/,"{""discovery"":{""tool"":""searxng"",""query"":""Veo generative video site:facebook.com"",""url"":""https://www.facebook.com/tombilyeu/posts/google-veo-3-is-changing-everything-lets-break-it-down/1244261237068343/"",""title"":""Google VEO 3 is changing everything. Let's break it down. - Facebook"",""snippet"":""31 May 2025 ... It's the moment video changed forever. Let me break this down. Veo 3 isn't just generate stunning 1080p and 4K videos from text prompts. It adds\u00a0...""}}"
https://threads.net/@ai.academyhk,@ai.academyhk,Threads,,,"AIGC,Kling,Veo",New,2026-07-23T14:09:24Z,,,Kling,,unsure,2026-07-23T14:09:24Z,searxng Kling AI video creator site:threads.net,off-platform search lead; follower_count unavailable from discovery; AIGC verdict not inferred,,https://www.threads.net/@ai.academyhk/post/DEcFpRayN0i,"{""discovery"":{""tool"":""searxng"",""query"":""Kling AI video creator site:threads.net"",""url"":""https://www.threads.net/@ai.academyhk/post/DEcFpRayN0i"",""title"":""HeyGen AI | 3\u5206\u9418\u6574\u689d\u7247\uff5c\u4ef2\u8981\u8b58\u8b1b\u5ee3\u6771\u8a71 AI Tools"",""snippet"":""5 Jan 2025 ... \u8a18\u5f97like & follow, 2025\u7e7c\u7e8c\u5b78\u591a\u5572AI\u79d8\u6280 . Free AI Video Generator: Create Stunning Videos with AI ... Kling / Canva Veo 3\uff5c\u5feb\u901f\u505a\u77ed\u4f46high\u00a0...""}}"
https://threads.net/@digitalartsensei,@digitalartsensei,Threads,,,"AIGC,search-index,Kling",New,2026-07-30T14:17:16Z,,,Kling,https://www.threads.net/@digitalartsensei,unsure,2026-07-23T14:09:24Z,SearXNG site:threads.net Kling AI video creator,off-platform discovery; no API follower count in sweep,,https://threads.net/@digitalartsensei,"{""discovery"":{""source"":""SearXNG"",""query"":""Kling AI video creator site:threads.net"",""url"":""https://www.threads.net/@digitalartsensei"",""title"":""Digital Art Sensei (@digitalartsensei) • Threads, Say more"",""snippet"":""29 Jun 2026 ... ... K Followers • 276 Threads • AI Art Creator | Leonardo | Ideogram ... Video klingai_official. Anime, skeleton, sad vibes, alone ...""},""aigc_verdict"":{""source"":""search_snippet_only"",""verdict"":""unsure""},""follower_count"":{""source"":""not_api_profiled"",""value"":""""}}"
https://threads.net/@dika_yanuar,@dika_yanuar,Threads,,,"AIGC,Kling",New,2026-07-23T14:09:24Z,,,Kling,,unsure,2026-07-23T14:09:24Z,searxng Kling AI video creator site:threads.net,off-platform search lead; follower_count unavailable from discovery; AIGC verdict not inferred,,https://www.threads.net/@dika_yanuar/post/DHxfm5xylTq/bang-mau-tanya-kling-ai-tuh-udah-mencapai-batas-maksimum-free-harus-langganan-ka?hl=de,"{""discovery"":{""tool"":""searxng"",""query"":""Kling AI video creator site:threads.net"",""url"":""https://www.threads.net/@dika_yanuar/post/DHxfm5xylTq/bang-mau-tanya-kling-ai-tuh-udah-mencapai-batas-maksimum-free-harus-langganan-ka?hl=de"",""title"":""Bang mau tanya, Kling AI tuh udah mencapai batas maksimum free ..."",""snippet"":""28 Mar 2025 ... Gw buatnya cuma pake kling AI image to video pilih yg Element \u200d Trus isi stiap kotaknya dengan gambar yg mau di generate\u00a0...""}}"
https://threads.net/@do.aiworks,@do.aiworks,Threads,,,"AIGC,Kling",New,2026-07-23T14:09:24Z,,,Kling,,unsure,2026-07-23T14:09:24Z,searxng Kling AI video creator site:threads.net,off-platform search lead; follower_count unavailable from discovery; AIGC verdict not inferred,,https://www.threads.net/@do.aiworks,"{""discovery"":{""tool"":""searxng"",""query"":""Kling AI video creator site:threads.net"",""url"":""https://www.threads.net/@do.aiworks"",""title"":""DO | \ub514\uc624 (@do.aiworks) \u2022 Threads, Say more"",""snippet"":""... K Followers \u2022 805 Threads \u2022 ceo, creator, educator \u00d7 AI A2O Contents Creator [Kling ... Gyaru XL \u2014 Anyma Mode: ON. Made video @dreamina_ai Made Image @lovart.""}}"
https://threads.net/@donniepai,@donniepai,Threads,,,"AIGC,Kling",New,2026-07-23T14:09:24Z,,,Kling,,unsure,2026-07-23T14:09:24Z,searxng Kling AI video creator site:threads.net,off-platform search lead; follower_count unavailable from discovery; AIGC verdict not inferred,,https://www.threads.net/@donniepai,"{""discovery"":{""tool"":""searxng"",""query"":""Kling AI video creator site:threads.net"",""url"":""https://www.threads.net/@donniepai"",""title"":""NextFrame\u767d\u5c0e(@donniepai) \u2022 Threads, Say more"",""snippet"":""Facebook recognized me as a consistent post creator this week! 1 ... Kling AI \u50b3\u51fa\u8fd1US$30 \u5104\u878d\u8cc7\uff0c\u4f30\u503c\u4e0a\u770bUS$180 \u5104\u3002 \u5982\u679c\u9019\u6d88\u606f\u662f\u771f\u7684\uff0c\u90a3\u5c31\u5f88\u00a0...""}}"
https://threads.net/@heysirio,@heysirio,Threads,,,"AIGC,Threads,discovery-only,Z-Image,Enhancor",New,2026-08-13T14:19:01Z,,,Sora,https://www.threads.net/@heysirio,unsure,2026-07-23T14:09:24Z,off-platform sweep Threads (https://www.threads.net/@heysirio),discovery-only lead; no API follower count in this sweep; AIGC not inferred from snippet,,https://www.threads.net/@heysirio,"{""discovery"":{""source"":""https://www.threads.net/@heysirio"",""why_flagged"":""Sirio Berati (@heysirio) • Threads, Say more — Wild hyper realistic AI talking avatars! First tests before deploying Enhancor V4 image to video. Image generated with Z-Image + custom LoRA inside Enhancor.""},""aigc_verdict"":{""source"":""search_index_snippet_only"",""verdict"":""unsure""},""follower_count"":{""source"":""not_obtained_in_offplatform_sweep"",""value"":""""}}"
https://threads.net/@indraaziz,@indraaziz,Threads,,,"AIGC,Kling,needs_computer_use",New,2026-07-26T10:13:23Z,,,Kling,https://www.threads.net/@indraaziz/post/C-XwEzRythH,unsure,2026-07-23T14:09:24Z,SearXNG Meta site-scope: Kling generative video creator site:threads.net,Meta Graph env missing; API profile skipped.,,https://threads.net/@indraaziz,"{""discovery"":{""source"":""SearXNG"",""query"":""Kling generative video creator site:threads.net"",""url"":""https://www.threads.net/@indraaziz/post/C-XwEzRythH""},""profile"":{""source"":""none"",""note"":""Meta Graph env missing; API profile skipped.""},""aigc_verdict"":{""source"":""none"",""note"":""Search text is not enough for yes/no under ROUTINE.md rule 9.""}}"
https://threads.net/@lpj_gamingtech,@lpj_gamingtech,Threads,,,"AIGC,Kling",New,2026-07-23T14:09:24Z,,,Kling,,unsure,2026-07-23T14:09:24Z,searxng Kling AI video creator site:threads.net,off-platform search lead; follower_count unavailable from discovery; AIGC verdict not inferred,,https://www.threads.net/@lpj_gamingtech/post/DIbRMTAomkw/open-chat-gptpaste-this-promptmake-an-isometric-diorama-of-my-gaming-setupuse-th,"{""discovery"":{""tool"":""searxng"",""query"":""Kling AI video creator site:threads.net"",""url"":""https://www.threads.net/@lpj_gamingtech/post/DIbRMTAomkw/open-chat-gptpaste-this-promptmake-an-isometric-diorama-of-my-gaming-setupuse-th"",""title"":""Open Chat GPT Paste this Prompt: Make an Isometric Diorama of my ..."",""snippet"":""14 Apr 2025 ... To Animate it go to Kling Ai and paste this prompt: Make 3d view of this photo with 360 slow rotation, make rgb light move, make the young\u00a0...""}}"
https://threads.net/@windsjin,@windsjin,Threads,,,"AIGC,Kling",New,2026-07-23T14:09:24Z,,,Kling,,unsure,2026-07-23T14:09:24Z,searxng Kling AI video creator site:threads.net,off-platform search lead; follower_count unavailable from discovery; AIGC verdict not inferred,,https://www.threads.net/@windsjin,"{""discovery"":{""tool"":""searxng"",""query"":""Kling AI video creator site:threads.net"",""url"":""https://www.threads.net/@windsjin"",""title"":""\uae40\ub561\ub561(Kim00) (@windsjin) \u2022 Threads, Say more"",""snippet"":""1.4K Followers \u2022 89 Threads \u2022 \uae40\ub561\ub561 Kim00 Studio (AI Contents Creator) : windsjin@gmail.com CPP: Dreamina, Kling, Hailuo, Vidu, PixVerse, Leonardo,...""}}"
https://vimeo.com/martingent,@martingent,Vimeo,116,,"AIGC,Vimeo,discovery-only,Sora",New,2026-08-13T14:19:01Z,"London, UK",,Sora,https://vimeo.com/martingent,unsure,2026-07-23T14:09:24Z,off-platform sweep Vimeo (https://vimeo.com/martingent),discovery-only lead; no API follower count in this sweep; AIGC not inferred from snippet,,https://vimeo.com/martingent,"{""discovery"":{""source"":""https://vimeo.com/martingent"",""why_flagged"":""Martin Gent - Vimeo — I am an award winning short-form director and editor with extensive experience ... Sora woman in a bright red dress. Mar 2024. 01:59. 'Bugged' AI Animated Short.""},""aigc_verdict"":{""source"":""search_index_snippet_only"",""verdict"":""unsure""},""follower_count"":{""source"":""not_obtained_in_offplatform_sweep"",""value"":""""}}"
https://vimeo.com/monstruopeludo,FREDDY CHÁVEZ OLMOS,Vimeo,292,,"AIGC,Vimeo,API,Pika",New,2026-08-08T06:34:38Z,"Vancouver, BC, Canada",,Pika,https://vimeo.com/1216507618,unsure,2026-07-23T14:09:24Z,vimeo_api_refresh,API-only Vimeo refresh/discovery; visual AIGC review not performed in routine lane; sole_or_small: unknown,,http://www.freddychavezolmos.com,"{""follower_count"":{""source"":""vimeo_api"",""url"":""https://api.vimeo.com/users/2646185""},""profile"":{""source"":""vimeo_api"",""url"":""https://vimeo.com/monstruopeludo""},""aigc_verdict"":{""source"":""api_text_only"",""url"":""https://vimeo.com/1216507618"",""note"":""Routine API lane does not infer visual verdict; left unsure unless already reviewed.""}}"
https://reddit.com/user/filmcrux,u/filmcrux,Reddit,,,"AIGC,Reddit",New,2026-07-30T02:16:51Z,,,,https://www.reddit.com/user/filmcrux/,unsure,2026-07-24T02:16:13Z,searxng AI filmmaker site:reddit.com/user,reddit_discovery_only; no keyless profiling API; follower_count_empty; source_snippet_flagged: FILM CRUX (u/filmcrux) - Reddit,,https://www.reddit.com/user/filmcrux/,"{""discovery"":{""source"":""searxng"",""query"":""AI filmmaker site:reddit.com/user"",""url"":""https://www.reddit.com/user/filmcrux/""},""aigc_verdict"":{""source"":""search_snippet_only"",""verdict"":""unsure"",""reason"":""Reddit has no keyless profiling API in this workflow; not inferred from text""}}"
https://civitai.com/user/akilora,akilora,Civitai,,,"AIGC,Civitai,video",New,2026-08-06T06:19:00Z,,,Civitai,https://civitai.com/posts/29961215,yes,2026-07-24T06:24:18Z,Civitai API refresh,"sole_or_small: unknown; video_item_id:137621468; stats:{""cryCount"":0,""laughCount"":0,""likeCount"":18,""dislikeCount"":0,""heartCount"":9,""commentCount"":0}",,https://civitai.com/user/akilora,"{""aigc_verdict"":{""source"":""civitai_api_type_video"",""url"":""https://civitai.com/posts/29961215"",""note"":""Civitai public REST returned SFW item with type=video; platform content is AI-generated by definition.""},""video_content"":{""source"":""civitai_api"",""url"":""https://civitai.com/posts/29961215"",""item_id"":137621468}}"
https://civitai.com/user/hichuicomfy,hichuicomfy,Civitai,,,"AIGC,Civitai,Video",New,2026-08-08T06:34:38Z,,,,https://image.civitai.com/xG1nkqKTMzGDvpLrqFT7WA/eeb642fa-d6eb-4bee-9689-b8b06dd41ddd/original=true/eeb642fa-d6eb-4bee-9689-b8b06dd41ddd.mp4,yes,2026-07-24T06:24:18Z,civitai_api_refresh:type=video,"has public SFW video via Civitai API; video_item_id:138985116; stats:{""cryCount"":1,""laughCount"":1,""likeCount"":26,""dislikeCount"":0,""heartCount"":7,""commentCount"":0}",,https://civitai.com/user/hichuicomfy,"{""video_content"":{""source"":""civitai_api"",""url"":""https://image.civitai.com/xG1nkqKTMzGDvpLrqFT7WA/eeb642fa-d6eb-4bee-9689-b8b06dd41ddd/original=true/eeb642fa-d6eb-4bee-9689-b8b06dd41ddd.mp4"",""item_id"":138985116,""type"":""video""},""aigc_verdict"":{""source"":""civitai_api"",""url"":""https://image.civitai.com/xG1nkqKTMzGDvpLrqFT7WA/eeb642fa-d6eb-4bee-9689-b8b06dd41ddd/original=true/eeb642fa-d6eb-4bee-9689-b8b06dd41ddd.mp4"",""note"":""Civitai content is AI-generated by platform definition; type=video confirms video output.""}}"
https://civitai.com/user/simiancopulation,simiancopulation,Civitai,,,"AIGC,Civitai,video",New,2026-08-06T06:19:00Z,,,Civitai,https://civitai.com/posts/29897758,yes,2026-07-24T06:24:18Z,Civitai API /images type=video newest,"sole_or_small: unknown; video_item_id:137302351; stats:{""cryCount"":0,""laughCount"":0,""likeCount"":3,""dislikeCount"":0,""heartCount"":1,""commentCount"":0}",,https://civitai.com/user/simiancopulation,"{""aigc_verdict"":{""source"":""civitai_api_type_video"",""url"":""https://civitai.com/posts/29897758"",""note"":""Civitai public REST returned SFW item with type=video; platform content is AI-generated by definition.""},""video_content"":{""source"":""civitai_api"",""url"":""https://civitai.com/posts/29897758"",""item_id"":137302351}}"
https://civitai.com/user/miaoka,miaoka,Civitai,,,"AIGC,Civitai,video,Anima",New,2026-08-10T06:27:40Z,,,Anima,https://image.civitai.com/xG1nkqKTMzGDvpLrqFT7WA/d88ee926-ca34-4b53-9847-7081644404c0/original=true/d88ee926-ca34-4b53-9847-7081644404c0.mp4,yes,2026-07-24T06:24:18Z,Civitai API refresh,public_sfw_video_items: 10,,https://civitai.com/user/miaoka,"{""video_content"":{""source"":""civitai_images_api"",""url"":""https://civitai.com/api/v1/images"",""items"":10,""type"":""video"",""nsfw"":false},""aigc_verdict"":{""source"":""civitai_video_api"",""url"":""https://image.civitai.com/xG1nkqKTMzGDvpLrqFT7WA/d88ee926-ca34-4b53-9847-7081644404c0/original=true/d88ee926-ca34-4b53-9847-7081644404c0.mp4"",""note"":""Civitai public video item confirms AI-generated video output""}}"
https://youtube.com/@wiesetechnology,@wiesetechnology,YouTube,2540,not exposed,"AIGC,YouTube,small-creator",New,2026-08-13T18:05:09Z,,,,https://www.youtube.com/watch?v=Gz7l-s7ZU8c,unsure,2026-07-24T18:04:59Z,YouTube routine exact API refresh,api_refresh: YouTube subscribers=2540; videos=221; channelId=UCU_w1uWRVxF5mp25FMwjy5g; recent_title=BTC Cycle Last Leg?,https://www.youtube.com/feeds/videos.xml?channel_id=UCU_w1uWRVxF5mp25FMwjy5g,https://youtube.com/@wiesetechnology/about,"{""follower_count"":{""source"":""youtube_data_api.channels.list"",""channelId"":""UCU_w1uWRVxF5mp25FMwjy5g"",""profileUrl"":""https://youtube.com/@wiesetechnology""},""bio"":{""source"":""youtube_data_api.channels.list"",""channel_id"":""UCU_w1uWRVxF5mp25FMwjy5g""},""aigc_verdict"":{""source"":""existing_or_api_only_no_frame"",""verdict"":""unsure""},""youtube_channel_id"":""UCU_w1uWRVxF5mp25FMwjy5g"",""recent_uploads"":{""source"":""youtube_data_api.search.list"",""channelId"":""UCU_w1uWRVxF5mp25FMwjy5g"",""sample"":""https://www.youtube.com/watch?v=Gz7l-s7ZU8c""}}"
https://youtube.com/@gatepix,@gatepix,YouTube,1820,not exposed,"AIGC,YouTube,small-creator",New,2026-08-13T18:05:09Z,,,,https://www.youtube.com/watch?v=_X5eY91RCA0,unsure,2026-07-24T18:04:59Z,YouTube routine exact API refresh,api_refresh: YouTube subscribers=1820; videos=26; channelId=UCpVHJhg8IOacm3KM8a4BLfw; recent_title=Echoes of the Deep: An AI Short Film,https://www.youtube.com/feeds/videos.xml?channel_id=UCpVHJhg8IOacm3KM8a4BLfw,https://youtube.com/@gatepix/about,"{""follower_count"":{""source"":""youtube_data_api.channels.list"",""channelId"":""UCpVHJhg8IOacm3KM8a4BLfw"",""profileUrl"":""https://youtube.com/@gatepix""},""bio"":{""source"":""youtube_data_api.channels.list"",""channel_id"":""UCpVHJhg8IOacm3KM8a4BLfw""},""aigc_verdict"":{""source"":""existing_or_api_only_no_frame"",""verdict"":""unsure""},""youtube_channel_id"":""UCpVHJhg8IOacm3KM8a4BLfw"",""recent_uploads"":{""source"":""youtube_data_api.search.list"",""channelId"":""UCpVHJhg8IOacm3KM8a4BLfw"",""sample"":""https://www.youtube.com/watch?v=_X5eY91RCA0""}}"
https://youtube.com/@sgrulez_art,@sgrulez_art,YouTube,530,not exposed,"AIGC,YouTube,Runway,small-creator",New,2026-08-13T18:05:09Z,,,Runway,https://www.youtube.com/watch?v=l5eeLJXgo3s,unsure,2026-07-24T18:04:59Z,YouTube routine exact API refresh,api_refresh: YouTube subscribers=530; videos=147; channelId=UCrJhXR_tF2IVJJBpg-44Spw; recent_title=Dragon Arena 🤯,https://www.youtube.com/feeds/videos.xml?channel_id=UCrJhXR_tF2IVJJBpg-44Spw,https://youtube.com/@sgrulez_art/about,"{""follower_count"":{""source"":""youtube_data_api.channels.list"",""channelId"":""UCrJhXR_tF2IVJJBpg-44Spw"",""profileUrl"":""https://youtube.com/@sgrulez_art""},""bio"":{""source"":""youtube_data_api.channels.list"",""channel_id"":""UCrJhXR_tF2IVJJBpg-44Spw""},""aigc_verdict"":{""source"":""existing_or_api_only_no_frame"",""verdict"":""unsure""},""youtube_channel_id"":""UCrJhXR_tF2IVJJBpg-44Spw"",""recent_uploads"":{""source"":""youtube_data_api.search.list"",""channelId"":""UCrJhXR_tF2IVJJBpg-44Spw"",""sample"":""https://www.youtube.com/watch?v=l5eeLJXgo3s""}}"
https://youtube.com/@digitaleffectsai,@digitaleffectsai,YouTube,179,not exposed,"AIGC,YouTube,Pika,Runway,small-creator",New,2026-08-13T18:05:09Z,,,Runway,https://www.youtube.com/watch?v=SMsK9aN62L8,unsure,2026-07-24T18:04:59Z,YouTube routine exact API refresh,api_refresh: YouTube subscribers=179; videos=52; channelId=UCRv392G_O23YOlmWqxjToAg; recent_title=Virtual Maldives: AI&#39;s Hyper-Realistic Showcase Runway Gen2,https://www.youtube.com/feeds/videos.xml?channel_id=UCRv392G_O23YOlmWqxjToAg,https://youtube.com/@digitaleffectsai/about,"{""follower_count"":{""source"":""youtube_data_api.channels.list"",""channelId"":""UCRv392G_O23YOlmWqxjToAg"",""profileUrl"":""https://youtube.com/@digitaleffectsai""},""bio"":{""source"":""youtube_data_api.channels.list"",""channel_id"":""UCRv392G_O23YOlmWqxjToAg""},""aigc_verdict"":{""source"":""existing_or_api_only_no_frame"",""verdict"":""unsure""},""youtube_channel_id"":""UCRv392G_O23YOlmWqxjToAg"",""recent_uploads"":{""source"":""youtube_data_api.search.list"",""channelId"":""UCRv392G_O23YOlmWqxjToAg"",""sample"":""https://www.youtube.com/watch?v=SMsK9aN62L8""}}"
https://youtube.com/@evolvewithai2863,@evolvewithai2863,YouTube,6460,not exposed,"AIGC,YouTube,small-creator",New,2026-08-13T18:05:09Z,,,,https://www.youtube.com/watch?v=B3dLzWvIDwU,unsure,2026-07-24T18:04:59Z,YouTube routine exact API refresh,api_refresh: YouTube subscribers=6460; videos=113; channelId=UC7kpQA64vGFV6Xf9NwgrDeA; recent_title=Create the most realistic looking AI Influencer,https://www.youtube.com/feeds/videos.xml?channel_id=UC7kpQA64vGFV6Xf9NwgrDeA,https://youtube.com/@evolvewithai2863/about,"{""follower_count"":{""source"":""youtube_data_api.channels.list"",""channelId"":""UC7kpQA64vGFV6Xf9NwgrDeA"",""profileUrl"":""https://youtube.com/@evolvewithai2863""},""bio"":{""source"":""youtube_data_api.channels.list"",""channel_id"":""UC7kpQA64vGFV6Xf9NwgrDeA""},""aigc_verdict"":{""source"":""existing_or_api_only_no_frame"",""verdict"":""unsure""},""youtube_channel_id"":""UC7kpQA64vGFV6Xf9NwgrDeA"",""recent_uploads"":{""source"":""youtube_data_api.search.list"",""channelId"":""UC7kpQA64vGFV6Xf9NwgrDeA"",""sample"":""https://www.youtube.com/watch?v=B3dLzWvIDwU""}}"
https://youtube.com/@jorosensei,@jorosensei,YouTube,966,not exposed,"AIGC,YouTube,Sora,small-creator",New,2026-08-13T18:05:09Z,,,Sora,https://www.youtube.com/watch?v=SEvzI3ZsXjk,unsure,2026-07-24T18:04:59Z,YouTube routine exact API refresh,api_refresh: YouTube subscribers=966; videos=12; channelId=UCRbJg2hjZOFGNE-Lo4ILlTg; recent_title=Create UNLIMITED AI Images And Videos In Bulk(100% free),https://www.youtube.com/feeds/videos.xml?channel_id=UCRbJg2hjZOFGNE-Lo4ILlTg,https://youtube.com/@jorosensei/about,"{""follower_count"":{""source"":""youtube_data_api.channels.list"",""channelId"":""UCRbJg2hjZOFGNE-Lo4ILlTg"",""profileUrl"":""https://youtube.com/@jorosensei""},""bio"":{""source"":""youtube_data_api.channels.list"",""channel_id"":""UCRbJg2hjZOFGNE-Lo4ILlTg""},""aigc_verdict"":{""source"":""existing_or_api_only_no_frame"",""verdict"":""unsure""},""youtube_channel_id"":""UCRbJg2hjZOFGNE-Lo4ILlTg"",""recent_uploads"":{""source"":""youtube_data_api.search.list"",""channelId"":""UCRbJg2hjZOFGNE-Lo4ILlTg"",""sample"":""https://www.youtube.com/watch?v=SEvzI3ZsXjk""}}"
https://youtube.com/@aitechrealm,@aitechrealm,YouTube,9210,not exposed,"AIGC,YouTube,Kling,small-creator",New,2026-08-13T18:05:09Z,,,Kling,https://www.youtube.com/watch?v=-jcXnl6oc78,unsure,2026-07-24T18:04:59Z,YouTube routine exact API refresh,api_refresh: YouTube subscribers=9210; videos=158; channelId=UCwrNeyDBwU2N2njuG-detgQ; recent_title=I Pushed Ai Video to Its Absolute LIMITS… Insane Results!,https://www.youtube.com/feeds/videos.xml?channel_id=UCwrNeyDBwU2N2njuG-detgQ,https://youtube.com/@aitechrealm/about,"{""follower_count"":{""source"":""youtube_data_api.channels.list"",""channelId"":""UCwrNeyDBwU2N2njuG-detgQ"",""profileUrl"":""https://youtube.com/@aitechrealm""},""bio"":{""source"":""youtube_data_api.channels.list"",""channel_id"":""UCwrNeyDBwU2N2njuG-detgQ""},""aigc_verdict"":{""source"":""existing_or_api_only_no_frame"",""verdict"":""unsure""},""youtube_channel_id"":""UCwrNeyDBwU2N2njuG-detgQ"",""recent_uploads"":{""source"":""youtube_data_api.search.list"",""channelId"":""UCwrNeyDBwU2N2njuG-detgQ"",""sample"":""https://www.youtube.com/watch?v=-jcXnl6oc78""}}"
https://reddit.com/user/icymanufacturer6651,u/IcyManufacturer6651,Reddit,,,"AIGC,Reddit,AI video",New,2026-08-05T02:12:42Z,,,,https://www.reddit.com/user/IcyManufacturer6651/,unsure,2026-07-25T02:14:07Z,"SearXNG ""AI filmmaker"" site:reddit.com/user",Reddit discovery-only; follower_count unavailable without OAuth/API; AIGC not inferred from snippet,,https://www.reddit.com/user/IcyManufacturer6651/,"{""discovery"":{""source"":""SearXNG"",""query"":""\""AI filmmaker\"" site:reddit.com/user"",""url"":""https://www.reddit.com/user/IcyManufacturer6651/"",""snippet"":""12 Feb 2023 ... I am an AI filmmaker passionate about creating cinematic stories that combine emotion, character, and imagination.""},""aigc_verdict"":{""source"":""search snippet only; no Reddit keyless profiling API in routine"",""verdict"":""unsure""}}"
https://vimeo.com/aturi,Adrián Vicén,Vimeo,14,,"AIGC,Vimeo",New,2026-08-10T06:27:40Z,"Madrid, España",,Runway,https://vimeo.com/1215398895,unsure,2026-07-25T06:21:04Z,Vimeo API refresh,videos_total: 47,,https://www.instagram.com/_aturi/,"{""follower_count"":{""source"":""vimeo_api"",""url"":""https://api.vimeo.com/users/aturi""},""profile"":{""source"":""vimeo_api"",""url"":""https://vimeo.com/aturi""},""aigc_verdict"":{""source"":""api_search_metadata"",""url"":""https://vimeo.com/aturi"",""note"":""API search/profile only; visual frame review not performed in this routine lane""}}"
https://vimeo.com/user204756111,YZA Voku,Vimeo,58,,"AIGC,Vimeo,API",New,2026-08-08T06:34:38Z,"Madrid, España",,Runway,https://vimeo.com/1207455031,unsure,2026-07-25T06:21:04Z,vimeo_api_refresh,API-only Vimeo refresh/discovery; visual AIGC review not performed in routine lane; sole_or_small: unknown,,https://yzavoku.com,"{""follower_count"":{""source"":""vimeo_api"",""url"":""https://api.vimeo.com/users/204756111""},""profile"":{""source"":""vimeo_api"",""url"":""https://vimeo.com/user204756111""},""aigc_verdict"":{""source"":""api_text_only"",""url"":""https://vimeo.com/1207455031"",""note"":""Routine API lane does not infer visual verdict; left unsure unless already reviewed.""}}"
https://vimeo.com/user133606228,EricArgiro,Vimeo,3,,"AIGC,Vimeo,Runway",New,2026-08-10T06:27:40Z,,,Runway,https://vimeo.com/1116425695,unsure,2026-07-25T06:21:04Z,Vimeo API /videos search: kling ai short film,videos_total: 178,,https://vimeo.com/user133606228,"{""follower_count"":{""source"":""vimeo_api"",""url"":""https://api.vimeo.com/users/133606228""},""profile"":{""source"":""vimeo_api"",""url"":""https://vimeo.com/user133606228""},""aigc_verdict"":{""source"":""api_search_metadata"",""url"":""https://vimeo.com/1116425695"",""note"":""API search/profile only; visual frame review not performed in this routine lane""}}"
https://vimeo.com/user236722153,QIYU LIU,Vimeo,0,,"AIGC,Vimeo,API",New,2026-08-08T06:34:38Z,,,Runway,https://vimeo.com/1199716054,unsure,2026-07-25T06:21:04Z,vimeo_api_refresh,API-only Vimeo refresh/discovery; visual AIGC review not performed in routine lane; sole_or_small: unknown,,https://vimeo.com/user236722153,"{""follower_count"":{""source"":""vimeo_api"",""url"":""https://api.vimeo.com/users/236722153""},""profile"":{""source"":""vimeo_api"",""url"":""https://vimeo.com/user236722153""},""aigc_verdict"":{""source"":""api_text_only"",""url"":""https://vimeo.com/1199716054"",""note"":""Routine API lane does not infer visual verdict; left unsure unless already reviewed.""}}"
https://vimeo.com/animwood,Animwood.com,Vimeo,1191,,"AIGC,Vimeo",New,2026-08-10T06:27:40Z,"Kraków, Poland",,,https://vimeo.com/1193199103,unsure,2026-07-25T06:21:04Z,Vimeo API refresh,videos_total: 48,,http://animwood.com/,"{""follower_count"":{""source"":""vimeo_api"",""url"":""https://api.vimeo.com/users/animwood""},""profile"":{""source"":""vimeo_api"",""url"":""https://vimeo.com/animwood""},""aigc_verdict"":{""source"":""api_search_metadata"",""url"":""https://vimeo.com/animwood"",""note"":""API search/profile only; visual frame review not performed in this routine lane""}}"
https://vimeo.com/user241307638,user241307638,Vimeo,8,,"AIGC,Vimeo",New,2026-08-10T06:27:40Z,,,,https://vimeo.com/1088393694,unsure,2026-07-25T06:21:04Z,Vimeo API refresh,videos_total: 1,,https://vimeo.com/user241307638,"{""follower_count"":{""source"":""vimeo_api"",""url"":""https://api.vimeo.com/users/user241307638""},""profile"":{""source"":""vimeo_api"",""url"":""https://vimeo.com/user241307638""},""aigc_verdict"":{""source"":""api_search_metadata"",""url"":""https://vimeo.com/user241307638"",""note"":""API search/profile only; visual frame review not performed in this routine lane""}}"
https://vimeo.com/spicybananacreations,Spicy Banana,Vimeo,121,,"AIGC,Vimeo,API",New,2026-08-08T06:34:38Z,,,,https://vimeo.com/1204474035,unsure,2026-07-25T06:21:04Z,vimeo_api_refresh,API-only Vimeo refresh/discovery; visual AIGC review not performed in routine lane; sole_or_small: unknown,,https://www.spicy-banana.com,"{""follower_count"":{""source"":""vimeo_api"",""url"":""https://api.vimeo.com/users/83807581""},""profile"":{""source"":""vimeo_api"",""url"":""https://vimeo.com/spicybananacreations""},""aigc_verdict"":{""source"":""api_text_only"",""url"":""https://vimeo.com/1204474035"",""note"":""Routine API lane does not infer visual verdict; left unsure unless already reviewed.""}}"
https://vimeo.com/user18773085,Hanabi Adachi,Vimeo,10,,"AIGC,Vimeo,API",New,2026-08-08T06:34:38Z,,,,https://vimeo.com/1193582640,unsure,2026-07-25T06:21:04Z,vimeo_api_refresh,API-only Vimeo refresh/discovery; visual AIGC review not performed in routine lane; sole_or_small: unknown,,https://vimeo.com/user18773085,"{""follower_count"":{""source"":""vimeo_api"",""url"":""https://api.vimeo.com/users/18773085""},""profile"":{""source"":""vimeo_api"",""url"":""https://vimeo.com/user18773085""},""aigc_verdict"":{""source"":""api_text_only"",""url"":""https://vimeo.com/1193582640"",""note"":""Routine API lane does not infer visual verdict; left unsure unless already reviewed.""}}"
https://civitai.com/user/gamergtv2,@GamerGTV2,Civitai,,,"AIGC,AI video,Civitai",New,2026-08-03T06:14:20Z,,,Civitai,https://image.civitai.com/xG1nkqKTMzGDvpLrqFT7WA/4662b932-e494-481b-9ba2-52b6cb457007/original=true/4662b932-e494-481b-9ba2-52b6cb457007.mp4,yes,2026-07-25T06:21:04Z,civitai_api_discovery:type=video,routine_api_lane; has_public_sfw_video: yes; sole_or_small: unknown,,https://civitai.com/user/GamerGTV2,"{""aigc_verdict"":{""source"":""civitai_api_type_video"",""url"":""https://image.civitai.com/xG1nkqKTMzGDvpLrqFT7WA/4662b932-e494-481b-9ba2-52b6cb457007/original=true/4662b932-e494-481b-9ba2-52b6cb457007.mp4"",""note"":""Civitai public video item, nsfw=false""},""video_content"":{""source"":""civitai_api"",""url"":""https://image.civitai.com/xG1nkqKTMzGDvpLrqFT7WA/4662b932-e494-481b-9ba2-52b6cb457007/original=true/4662b932-e494-481b-9ba2-52b6cb457007.mp4""}}"
https://civitai.com/user/alexds9,@alexds9,Civitai,,,"AIGC,Civitai,AI video,Illustrious,video",New,2026-08-04T06:29:48Z,,,,https://image.civitai.com/xG1nkqKTMzGDvpLrqFT7WA/c2e92ef1-9bcf-4e1e-8445-d21cfea83df1/original=true/c2e92ef1-9bcf-4e1e-8445-d21cfea83df1.mp4,yes,2026-07-25T06:21:04Z,Civitai API existing-row refresh,Civitai public API type=video nsfw=false confirms AI video output; follower count not exposed,,https://civitai.com/user/alexds9,"{""video_output"":{""source"":""civitai_api"",""url"":""https://civitai.com/api/v1/images?username=alexds9&type=video&nsfw=false"",""count_returned"":10},""aigc_verdict"":{""source"":""civitai_api"",""value"":""yes"",""reason"":""Civitai content is AI-generated and type=video confirms video output""}}"
https://civitai.com/user/supremokaiosama,supremokaiosama,Civitai,,,"AIGC,Civitai,Video",New,2026-08-08T06:34:38Z,,,,https://image.civitai.com/xG1nkqKTMzGDvpLrqFT7WA/f2922106-70c4-4248-9661-dbce64cef009/original=true/f2922106-70c4-4248-9661-dbce64cef009.mp4,yes,2026-07-25T06:21:04Z,civitai_api_refresh:type=video,"has public SFW video via Civitai API; video_item_id:138060178; stats:{""cryCount"":0,""laughCount"":1,""likeCount"":36,""dislikeCount"":0,""heartCount"":10,""commentCount"":0}",,https://civitai.com/user/supremokaiosama,"{""video_content"":{""source"":""civitai_api"",""url"":""https://image.civitai.com/xG1nkqKTMzGDvpLrqFT7WA/f2922106-70c4-4248-9661-dbce64cef009/original=true/f2922106-70c4-4248-9661-dbce64cef009.mp4"",""item_id"":138060178,""type"":""video""},""aigc_verdict"":{""source"":""civitai_api"",""url"":""https://image.civitai.com/xG1nkqKTMzGDvpLrqFT7WA/f2922106-70c4-4248-9661-dbce64cef009/original=true/f2922106-70c4-4248-9661-dbce64cef009.mp4"",""note"":""Civitai content is AI-generated by platform definition; type=video confirms video output.""}}"
https://civitai.com/user/silmas,silmas,Civitai,,,"AIGC,Civitai,video,MiniMax H3",New,2026-08-10T06:27:40Z,,,MiniMax H3,https://image.civitai.com/xG1nkqKTMzGDvpLrqFT7WA/f94198cb-8b0f-4176-b3b6-f4ae530b6f24/original=true/f94198cb-8b0f-4176-b3b6-f4ae530b6f24.mp4,yes,2026-07-25T06:21:04Z,Civitai API refresh,public_sfw_video_items: 10,,https://civitai.com/user/silmas,"{""video_content"":{""source"":""civitai_images_api"",""url"":""https://civitai.com/api/v1/images"",""items"":10,""type"":""video"",""nsfw"":false},""aigc_verdict"":{""source"":""civitai_video_api"",""url"":""https://image.civitai.com/xG1nkqKTMzGDvpLrqFT7WA/f94198cb-8b0f-4176-b3b6-f4ae530b6f24/original=true/f94198cb-8b0f-4176-b3b6-f4ae530b6f24.mp4"",""note"":""Civitai public video item confirms AI-generated video output""}}"
https://civitai.com/user/ryo12,ryo12,Civitai,,,"AIGC,Civitai,Video",New,2026-08-08T06:34:38Z,,,,https://image.civitai.com/xG1nkqKTMzGDvpLrqFT7WA/f10e55a3-23e5-44ac-af1d-c58cb7623f36/original=true/f10e55a3-23e5-44ac-af1d-c58cb7623f36.mp4,yes,2026-07-25T06:21:04Z,civitai_api_refresh:type=video,"has public SFW video via Civitai API; video_item_id:138499387; stats:{""cryCount"":0,""laughCount"":0,""likeCount"":1,""dislikeCount"":0,""heartCount"":0,""commentCount"":0}",,https://civitai.com/user/ryo12,"{""video_content"":{""source"":""civitai_api"",""url"":""https://image.civitai.com/xG1nkqKTMzGDvpLrqFT7WA/f10e55a3-23e5-44ac-af1d-c58cb7623f36/original=true/f10e55a3-23e5-44ac-af1d-c58cb7623f36.mp4"",""item_id"":138499387,""type"":""video""},""aigc_verdict"":{""source"":""civitai_api"",""url"":""https://image.civitai.com/xG1nkqKTMzGDvpLrqFT7WA/f10e55a3-23e5-44ac-af1d-c58cb7623f36/original=true/f10e55a3-23e5-44ac-af1d-c58cb7623f36.mp4"",""note"":""Civitai content is AI-generated by platform definition; type=video confirms video output.""}}"
https://civitai.com/user/topher21,topher21,Civitai,,,"AIGC,Civitai,video",New,2026-08-10T06:27:40Z,,,Civitai,https://image.civitai.com/xG1nkqKTMzGDvpLrqFT7WA/fd599e0c-0dcc-4899-8d1e-47e1bd78fc23/original=true/fd599e0c-0dcc-4899-8d1e-47e1bd78fc23.mp4,yes,2026-07-25T06:21:04Z,Civitai API refresh,public_sfw_video_items: 7,,https://civitai.com/user/topher21,"{""video_content"":{""source"":""civitai_images_api"",""url"":""https://civitai.com/api/v1/images"",""items"":7,""type"":""video"",""nsfw"":false},""aigc_verdict"":{""source"":""civitai_video_api"",""url"":""https://image.civitai.com/xG1nkqKTMzGDvpLrqFT7WA/fd599e0c-0dcc-4899-8d1e-47e1bd78fc23/original=true/fd599e0c-0dcc-4899-8d1e-47e1bd78fc23.mp4"",""note"":""Civitai public video item confirms AI-generated video output""}}"
https://civitai.com/user/cs12345,cs12345,Civitai,,,"AIGC,Civitai,video",New,2026-08-05T06:10:34Z,,,Civitai,https://image.civitai.com/xG1nkqKTMzGDvpLrqFT7WA/01161727-343f-4bc1-bf7a-35a139254850/original=true/01161727-343f-4bc1-bf7a-35a139254850.mp4,yes,2026-07-25T06:21:04Z,routine Civitai API refresh,Civitai public REST type=video nsfw=false returned public video items; follower count not exposed by this endpoint.,,https://civitai.com/user/cs12345,"{""aigc_verdict"":{""source"":""civitai_api_type_video"",""url"":""https://civitai.com/api/v1/images?username=cs12345&type=video&nsfw=false""},""sample"":{""source"":""civitai_api"",""url"":""https://image.civitai.com/xG1nkqKTMzGDvpLrqFT7WA/01161727-343f-4bc1-bf7a-35a139254850/original=true/01161727-343f-4bc1-bf7a-35a139254850.mp4""}}"
https://civitai.com/user/elegh,elegh,Civitai,,,"AIGC,Civitai,video,LTXV 2.3",New,2026-08-10T06:27:40Z,,,LTXV 2.3,https://image.civitai.com/xG1nkqKTMzGDvpLrqFT7WA/26a2ca57-88df-43c2-9cec-771bbc09cef7/original=true/26a2ca57-88df-43c2-9cec-771bbc09cef7.mp4,yes,2026-07-25T06:21:04Z,Civitai API refresh,public_sfw_video_items: 2,,https://civitai.com/user/elegh,"{""video_content"":{""source"":""civitai_images_api"",""url"":""https://civitai.com/api/v1/images"",""items"":2,""type"":""video"",""nsfw"":false},""aigc_verdict"":{""source"":""civitai_video_api"",""url"":""https://image.civitai.com/xG1nkqKTMzGDvpLrqFT7WA/26a2ca57-88df-43c2-9cec-771bbc09cef7/original=true/26a2ca57-88df-43c2-9cec-771bbc09cef7.mp4"",""note"":""Civitai public video item confirms AI-generated video output""}}"
https://threads.net/@silvia_dellaluna,@silvia_dellaluna,Threads,,,"AIGC,Meta,needs-seated-pass",New,2026-08-13T10:11:23Z,,,Sora,https://www.threads.net/@silvia_dellaluna,unsure,2026-07-25T10:16:27Z,SearXNG Sora AI filmmaker site:threads.net,routine Meta discovery; no computer_use; Threads has no third-party public profile API; needs seated computer_use pass,,https://www.threads.net/@silvia_dellaluna,"{""discovery"":{""source"":""SearXNG site-scope"",""query"":""Sora AI filmmaker site:threads.net"",""url"":""https://www.threads.net/@silvia_dellaluna""},""aigc_verdict"":{""source"":""search snippet only"",""value"":""unsure""}}"
https://threads.net/@aniketman,@aniketman,Threads,,,"AIGC,Meta,routine,Sora",New,2026-08-11T10:08:57Z,,,Sora,https://www.threads.net/@aniketman?hl=cs,unsure,2026-07-25T10:16:27Z,SearXNG Sora AI filmmaker site:threads.net,Threads third-party public profile has no business_discovery API; flagged for seated computer_use pass,,https://threads.net/@aniketman,"{""discovery"":{""source"":""SearXNG"",""query"":""Sora AI filmmaker site:threads.net"",""url"":""https://threads.net/@aniketman"",""snippet"":""Aniket Bhatt (@aniketman) \u2022 Threads, Say more Look at what happened with Sora. There is a way out. 2 ... AI filmmaking is more expensive than traditional production! I recreated\u00a0...""},""aigc_verdict"":{""source"":""not reviewed visually"",""verdict"":""unsure""}}"
https://threads.net/@logolumos,@logolumos,Threads,,,"AIGC,Meta,needs_seated_computer_use,Runway,OpenArt",New,2026-07-31T10:18:07Z,,,Runway,https://www.threads.net/@logolumos,unsure,2026-07-25T10:16:27Z,SearXNG Meta site-scope: Runway AI video creator site:threads.net,flagged_for_seated_computer_use: yes; Meta Graph profile unavailable/no token; follower_count_empty_by_rule,,https://www.threads.net/@logolumos,"{""discovery"":{""source"":""SearXNG"",""query"":""Runway AI video creator site:threads.net"",""url"":""https://www.threads.net/@logolumos"",""snippet"":""Aysel AI Content Creator & Graphic Designer (@logolumos) - Threads — Video created by: logolumos.ai. OpenArt #OpenArt #OpenArtDirector ... 5–8 sec Confident runway walk toward the camera. Quick alternating shots: Full ...""},""profile"":{""source"":""not_run"",""reason"":""META_GRAPH_TOKEN/META_IG_USER_ID unavailable in environment; no computer_use allowed in this run""},""aigc_verdict"":{""source"":""search_snippet_only"",""verdict"":""unsure"",""reason"":""ROUTINE rule 9 forbids inferring yes/no from search text""},""manual_queue"":{""reason"":""Threads/personal/unknown Meta account has no unattended API path; seated computer_use pass required""}}"
https://threads.net/@theai931,@theai931,Threads,,,"AIGC,Runway,needs_computer_use",New,2026-07-26T10:13:23Z,,,Runway,https://www.threads.net/@theai931/post/C_Aat4VP5pf,unsure,2026-07-25T10:16:27Z,SearXNG Meta site-scope: Runway AI video creator site:threads.net,Meta Graph env missing; API profile skipped.,,https://threads.net/@theai931,"{""discovery"":{""source"":""SearXNG"",""query"":""Runway AI video creator site:threads.net"",""url"":""https://www.threads.net/@theai931/post/C_Aat4VP5pf""},""profile"":{""source"":""none"",""note"":""Meta Graph env missing; API profile skipped.""},""aigc_verdict"":{""source"":""none"",""note"":""Search text is not enough for yes/no under ROUTINE.md rule 9.""}}"
https://threads.net/@janustiu,@janustiu,Threads,,,"AIGC,Meta,needs-seated-pass",New,2026-08-13T10:11:23Z,,,Runway,https://www.threads.net/@janustiu,unsure,2026-07-25T10:16:27Z,SearXNG Runway AI video creator site:threads.net,routine Meta discovery; no computer_use; Threads has no third-party public profile API; needs seated computer_use pass,,https://www.threads.net/@janustiu,"{""discovery"":{""source"":""SearXNG site-scope"",""query"":""Runway AI video creator site:threads.net"",""url"":""https://www.threads.net/@janustiu""},""aigc_verdict"":{""source"":""search snippet only"",""value"":""unsure""}}"
https://threads.net/@cyrilgupta,@cyrilgupta,Threads,,,"AIGC,Runway",New,2026-07-25T10:18:11Z,,,Runway,https://www.threads.net/@cyrilgupta,unsure,2026-07-25T10:16:27Z,SearXNG Meta site-scope: Runway AI video creator site:threads.net,routine_meta; Threads has no public third-party profile API; follower empty; flagged for seated computer_use pass,,,"{""discovery"":{""source"":""SearXNG site-scope"",""query"":""Runway AI video creator site:threads.net"",""url"":""https://www.threads.net/@cyrilgupta""},""aigc_verdict"":{""source"":""not reviewed visually in routine Meta run"",""verdict"":""unsure""}}"
https://threads.net/@power.ai,@power.ai,Threads,,,AIGC,New,2026-07-25T10:18:11Z,,,,https://www.threads.net/@power.ai,unsure,2026-07-25T10:16:27Z,SearXNG Meta site-scope: Runway AI video creator site:threads.net,routine_meta; Threads has no public third-party profile API; follower empty; flagged for seated computer_use pass,,,"{""discovery"":{""source"":""SearXNG site-scope"",""query"":""Runway AI video creator site:threads.net"",""url"":""https://www.threads.net/@power.ai""},""aigc_verdict"":{""source"":""not reviewed visually in routine Meta run"",""verdict"":""unsure""}}"
https://threads.net/@tag,@tag,Threads,,,"AIGC,Kling,needs_computer_use",New,2026-07-26T10:13:23Z,,,Kling,https://www.threads.net/tag/AI-tools,unsure,2026-07-25T10:16:27Z,SearXNG Meta site-scope: Kling generative video creator site:threads.net,Meta Graph env missing; API profile skipped.,,https://threads.net/@tag,"{""discovery"":{""source"":""SearXNG"",""query"":""Kling generative video creator site:threads.net"",""url"":""https://www.threads.net/tag/AI-tools""},""profile"":{""source"":""none"",""note"":""Meta Graph env missing; API profile skipped.""},""aigc_verdict"":{""source"":""none"",""note"":""Search text is not enough for yes/no under ROUTINE.md rule 9.""}}"
https://threads.net/@chaosdreamland,@chaosdreamland,Threads,,,"AIGC,Veo",New,2026-07-25T10:18:11Z,,,Veo,https://www.threads.net/@chaosdreamland,unsure,2026-07-25T10:16:27Z,SearXNG Meta site-scope: generative video artist AI site:threads.net,routine_meta; Threads has no public third-party profile API; follower empty; flagged for seated computer_use pass,,,"{""discovery"":{""source"":""SearXNG site-scope"",""query"":""generative video artist AI site:threads.net"",""url"":""https://www.threads.net/@chaosdreamland""},""aigc_verdict"":{""source"":""not reviewed visually in routine Meta run"",""verdict"":""unsure""}}"
https://threads.net/@hungryrencie,@hungryrencie,Threads,,,"AIGC,Meta,discovery",New,2026-08-12T10:18:23Z,,,,https://www.threads.net/@hungryrencie,unsure,2026-07-25T10:16:27Z,SearXNG AI video creator generative video site:threads.net,routine_meta; no computer_use; flagged for seated computer_use pass where API has no coverage,,https://threads.net/@hungryrencie,"{""discovery"":{""source"":""SearXNG"",""query"":""AI video creator generative video site:threads.net"",""url"":""https://www.threads.net/@hungryrencie"",""title"":""Rencie Baluyot (@hungryrencie) • Threads, Say more"",""snippet"":""... generative generation. If you (or someone you know) are interested and ... I've built a community of 600+ amazing AI video creators. We're now opening ...""},""profile"":{""source"":""none"",""reason"":""Threads has no third-party public-profile API; no computer_use in routine""},""aigc_verdict"":{""source"":""routine_rule_9"",""value"":""unsure"",""reason"":""no reviewed frame in no-computer_use Meta routine""}}"
https://threads.net/@qdog2099,@qdog2099,Threads,,,AIGC,New,2026-07-25T10:18:11Z,,,,https://www.threads.net/@qdog2099/post/DH5YdPUJbjp/its-also-still-shit-the-hand-is-clearly-not-open-enough-to-be-holding-the-pencil,unsure,2026-07-25T10:16:27Z,SearXNG Meta site-scope: generative video artist AI site:threads.net,routine_meta; Threads has no public third-party profile API; follower empty; flagged for seated computer_use pass,,,"{""discovery"":{""source"":""SearXNG site-scope"",""query"":""generative video artist AI site:threads.net"",""url"":""https://www.threads.net/@qdog2099/post/DH5YdPUJbjp/its-also-still-shit-the-hand-is-clearly-not-open-enough-to-be-holding-the-pencil""},""aigc_verdict"":{""source"":""not reviewed visually in routine Meta run"",""verdict"":""unsure""}}"
https://threads.net/@pixverse_official,@pixverse_official,Threads,,,"AIGC,search-index,AI",New,2026-07-30T14:17:16Z,,,,https://www.threads.net/@pixverse_official,unsure,2026-07-25T10:16:27Z,SearXNG site:threads.net AI filmmaker generative video,off-platform discovery; no API follower count in sweep,,https://threads.net/@pixverse_official,"{""discovery"":{""source"":""SearXNG"",""query"":""AI filmmaker generative video site:threads.net"",""url"":""https://www.threads.net/@pixverse_official"",""title"":""PixVerse (@pixverse_official) • Threads, Say more"",""snippet"":""These small imperfections make AI-generated scenes feel closer to real filmmaking. ... AI Music Video Generator: Fast MV Creation, Audio Sync, Character Styling ...""},""aigc_verdict"":{""source"":""search_snippet_only"",""verdict"":""unsure""},""follower_count"":{""source"":""not_api_profiled"",""value"":""""}}"
https://threads.net/@ui.johnson,@ui.johnson,Threads,,,AIGC,New,2026-07-25T10:18:11Z,,,,https://www.threads.net/@ui.johnson,unsure,2026-07-25T10:16:27Z,SearXNG Meta site-scope: generative video artist AI site:threads.net,routine_meta; Threads has no public third-party profile API; follower empty; flagged for seated computer_use pass,,,"{""discovery"":{""source"":""SearXNG site-scope"",""query"":""generative video artist AI site:threads.net"",""url"":""https://www.threads.net/@ui.johnson""},""aigc_verdict"":{""source"":""not reviewed visually in routine Meta run"",""verdict"":""unsure""}}"
https://threads.net/@pixelera.ai,@pixelera.ai,Threads,,,"AIGC,Meta,discovery",New,2026-08-12T10:18:23Z,,,,https://www.threads.net/@pixelera.ai,unsure,2026-07-25T10:16:27Z,SearXNG AI video creator generative video site:threads.net,routine_meta; no computer_use; flagged for seated computer_use pass where API has no coverage,,https://threads.net/@pixelera.ai,"{""discovery"":{""source"":""SearXNG"",""query"":""AI video creator generative video site:threads.net"",""url"":""https://www.threads.net/@pixelera.ai"",""title"":""Kushal Soni (@pixelera.ai) • Threads, Say more"",""snippet"":""Learn the latest AI tools & tech revolutionizing photography. Join *Pixelera India's Masterclass* on *AI Photo Editing + Generative AI Art* - from basic to pro ...""},""profile"":{""source"":""none"",""reason"":""Threads has no third-party public-profile API; no computer_use in routine""},""aigc_verdict"":{""source"":""routine_rule_9"",""value"":""unsure"",""reason"":""no reviewed frame in no-computer_use Meta routine""}}"
https://facebook.com/marismith,marismith,Facebook,,,"AIGC,Sora",New,2026-07-26T10:13:23Z,,,Sora,https://www.facebook.com/marismith/posts/openai-is-shutting-down-sora-its-ai-video-creation-app-whats-your-takeand-does-t/1551101859716905/,unsure,2026-07-25T10:16:27Z,SearXNG Meta site-scope: Sora AI filmmaker site:facebook.com,Meta Graph env missing; API profile skipped.,,https://facebook.com/marismith,"{""discovery"":{""source"":""SearXNG"",""query"":""Sora AI filmmaker site:facebook.com"",""url"":""https://www.facebook.com/marismith/posts/openai-is-shutting-down-sora-its-ai-video-creation-app-whats-your-takeand-does-t/1551101859716905/""},""profile"":{""source"":""none"",""note"":""Meta Graph env missing; API profile skipped.""},""aigc_verdict"":{""source"":""none"",""note"":""Search text is not enough for yes/no under ROUTINE.md rule 9.""}}"
https://facebook.com/aljazeera,aljazeera,Facebook,,,"AIGC,Sora",New,2026-07-26T10:13:23Z,,,Sora,https://www.facebook.com/aljazeera/posts/meet-sora-the-ai-video-generating-model-from-openai-thats-reshaping-reality-in-m/1045726594268361/,unsure,2026-07-25T10:16:27Z,SearXNG Meta site-scope: Sora AI filmmaker site:facebook.com,Meta Graph env missing; API profile skipped.,,https://facebook.com/aljazeera,"{""discovery"":{""source"":""SearXNG"",""query"":""Sora AI filmmaker site:facebook.com"",""url"":""https://www.facebook.com/aljazeera/posts/meet-sora-the-ai-video-generating-model-from-openai-thats-reshaping-reality-in-m/1045726594268361/""},""profile"":{""source"":""none"",""note"":""Meta Graph env missing; API profile skipped.""},""aigc_verdict"":{""source"":""none"",""note"":""Search text is not enough for yes/no under ROUTINE.md rule 9.""}}"
https://facebook.com/sciencenaturepage,sciencenaturepage,Facebook,,,"AIGC,Sora",New,2026-07-26T10:13:23Z,,,Sora,https://www.facebook.com/ScienceNaturePage/posts/ai-generated-videos-will-never-be-the-same-again-this-is-mind-blowing-the-videos/922006226046914/,unsure,2026-07-25T10:16:27Z,SearXNG Meta site-scope: Sora AI filmmaker site:facebook.com,Meta Graph env missing; API profile skipped.,,https://facebook.com/sciencenaturepage,"{""discovery"":{""source"":""SearXNG"",""query"":""Sora AI filmmaker site:facebook.com"",""url"":""https://www.facebook.com/ScienceNaturePage/posts/ai-generated-videos-will-never-be-the-same-again-this-is-mind-blowing-the-videos/922006226046914/""},""profile"":{""source"":""none"",""note"":""Meta Graph env missing; API profile skipped.""},""aigc_verdict"":{""source"":""none"",""note"":""Search text is not enough for yes/no under ROUTINE.md rule 9.""}}"
https://facebook.com/mkbhd,MKBHD,Facebook,,,"AIGC,Sora",New,2026-07-25T10:18:11Z,,,Sora,https://www.facebook.com/MKBHD/posts/soras-capabilities-are-impressive-but-with-ai-generated-content-comes-some-big-q/1326252315529005,unsure,2026-07-25T10:16:27Z,SearXNG Meta site-scope: Sora AI filmmaker site:facebook.com,routine_meta; FB discovery-only; Meta token unavailable/cap reached; flagged for seated computer_use pass,,,"{""discovery"":{""source"":""SearXNG site-scope"",""query"":""Sora AI filmmaker site:facebook.com"",""url"":""https://www.facebook.com/MKBHD/posts/soras-capabilities-are-impressive-but-with-ai-generated-content-comes-some-big-q/1326252315529005""},""aigc_verdict"":{""source"":""not reviewed visually in routine Meta run"",""verdict"":""unsure""}}"
https://facebook.com/100083241103501,100083241103501,Facebook,,,"AIGC,Sora",New,2026-07-25T10:18:11Z,,,Sora,https://www.facebook.com/100083241103501/videos/frostbite-is-the-first-short-film-made-entirely-with-openai-sora-2-every-frame-c/1540030550332537,unsure,2026-07-25T10:16:27Z,SearXNG Meta site-scope: Sora AI filmmaker site:facebook.com,routine_meta; FB discovery-only; Meta token unavailable/cap reached; flagged for seated computer_use pass,,,"{""discovery"":{""source"":""SearXNG site-scope"",""query"":""Sora AI filmmaker site:facebook.com"",""url"":""https://www.facebook.com/100083241103501/videos/frostbite-is-the-first-short-film-made-entirely-with-openai-sora-2-every-frame-c/1540030550332537""},""aigc_verdict"":{""source"":""not reviewed visually in routine Meta run"",""verdict"":""unsure""}}"
https://facebook.com/newschannel5,newschannel5,Facebook,,,"AIGC,Sora",New,2026-07-25T10:18:11Z,,,Sora,https://www.facebook.com/newschannel5/posts/openai-is-shutting-down-its-social-media-app-sora-which-went-viral-last-fall-as-/1404700318367738,unsure,2026-07-25T10:16:27Z,SearXNG Meta site-scope: Sora AI filmmaker site:facebook.com,routine_meta; FB discovery-only; Meta token unavailable/cap reached; flagged for seated computer_use pass,,,"{""discovery"":{""source"":""SearXNG site-scope"",""query"":""Sora AI filmmaker site:facebook.com"",""url"":""https://www.facebook.com/newschannel5/posts/openai-is-shutting-down-its-social-media-app-sora-which-went-viral-last-fall-as-/1404700318367738""},""aigc_verdict"":{""source"":""not reviewed visually in routine Meta run"",""verdict"":""unsure""}}"
https://facebook.com/owwstin,Owwstin,Facebook,,,"AIGC,Meta,SearXNG,pending-computer_use,Sora",New,2026-08-05T10:13:01Z,,,Sora,https://www.facebook.com/Owwstin/posts/how-to-make-sora-2-ai-videos-sora2-ai/10161339992351256/,unsure,2026-07-25T10:16:27Z,SearXNG Meta site-scope: Sora AI filmmaker site:facebook.com,Meta discovery-only; no computer_use; flag for seated read-only pass. Snippet: How to make Sora 2 AI Videos #Sora2 #ai - Facebook; 4 Nov 2025 ... Sora is an AI software that can now make realistic video. All you have to do is give it a prompt and it will spit out a video exactly as you ...,,https://www.facebook.com/Owwstin/posts/how-to-make-sora-2-ai-videos-sora2-ai/10161339992351256/,"{""discovery"":{""source"":""SearXNG site-scope"",""query"":""Sora AI filmmaker site:facebook.com"",""url"":""https://www.facebook.com/Owwstin/posts/how-to-make-sora-2-ai-videos-sora2-ai/10161339992351256/"",""snippet"":""How to make Sora 2 AI Videos #Sora2 #ai - Facebook; 4 Nov 2025 ... Sora is an AI software that can now make realistic video. All you have to do is give it a prompt and it will spit out a video exactly as you ...""},""follower_count"":{""source"":""not_profiled"",""reason"":""Meta API credentials unavailable or no public Threads/personal-account API path during this no-computer_use run""},""aigc_verdict"":{""source"":""search_snippet_only"",""verdict"":""unsure"",""reason"":""ROUTINE.md rule 9 forbids inferring yes/no from snippets""},""manual_flag"":{""computer_use"":""seated read-only pass needed for personal/Threads or non-Graph-resolved Meta profiles""}}"
https://facebook.com/runwayml,@runwayml,Facebook,,,"AIGC,Meta,needs-seated-pass",New,2026-08-13T10:11:23Z,,,Runway,https://www.facebook.com/runwayml/videos/runway-make-your-anything/1720572825786206/,unsure,2026-07-25T10:16:27Z,SearXNG Runway AI video creator site:facebook.com,routine Meta discovery; no computer_use; META_GRAPH_TOKEN not available to this run; needs Graph retry or seated pass,,https://www.facebook.com/runwayml/,"{""discovery"":{""source"":""SearXNG site-scope"",""query"":""Runway AI video creator site:facebook.com"",""url"":""https://www.facebook.com/runwayml/""},""aigc_verdict"":{""source"":""search snippet only"",""value"":""unsure""}}"
https://facebook.com/blueeyesinfosoft,blueeyesinfosoft,Facebook,,,"AIGC,Runway",New,2026-07-26T10:13:23Z,,,Runway,https://www.facebook.com/BlueEyesInfosoft/videos/runway-ml-the-future-of-ai-video-creationrunway-ml-is-a-cutting-edge-ai-platform/4387451991535395/,unsure,2026-07-25T10:16:27Z,SearXNG Meta site-scope: Runway AI video creator site:facebook.com,Meta Graph env missing; API profile skipped.,,https://facebook.com/blueeyesinfosoft,"{""discovery"":{""source"":""SearXNG"",""query"":""Runway AI video creator site:facebook.com"",""url"":""https://www.facebook.com/BlueEyesInfosoft/videos/runway-ml-the-future-of-ai-video-creationrunway-ml-is-a-cutting-edge-ai-platform/4387451991535395/""},""profile"":{""source"":""none"",""note"":""Meta Graph env missing; API profile skipped.""},""aigc_verdict"":{""source"":""none"",""note"":""Search text is not enough for yes/no under ROUTINE.md rule 9.""}}"
https://facebook.com/aisavvy,aisavvy,Facebook,,,"AIGC,Runway",New,2026-07-26T10:13:23Z,,,Runway,https://www.facebook.com/aisavvy/videos/runway-released-gen-45-and-its-claimed-to-be-the-best-ai-video-model-in-the-worl/2001951320595630/,unsure,2026-07-25T10:16:27Z,SearXNG Meta site-scope: Runway AI video creator site:facebook.com,Meta Graph env missing; API profile skipped.,,https://facebook.com/aisavvy,"{""discovery"":{""source"":""SearXNG"",""query"":""Runway AI video creator site:facebook.com"",""url"":""https://www.facebook.com/aisavvy/videos/runway-released-gen-45-and-its-claimed-to-be-the-best-ai-video-model-in-the-worl/2001951320595630/""},""profile"":{""source"":""none"",""note"":""Meta Graph env missing; API profile skipped.""},""aigc_verdict"":{""source"":""none"",""note"":""Search text is not enough for yes/no under ROUTINE.md rule 9.""}}"
https://facebook.com/fastcompany,FastCompany,Facebook,,,"AIGC,Runway",New,2026-07-25T10:18:11Z,,,Runway,https://www.facebook.com/FastCompany/posts/runways-program-of-10-ai-generated-short-films-shows-the-medium-has-come-far-eno/1389893689671756,unsure,2026-07-25T10:16:27Z,SearXNG Meta site-scope: Runway AI video creator site:facebook.com,routine_meta; FB discovery-only; Meta token unavailable/cap reached; flagged for seated computer_use pass,,,"{""discovery"":{""source"":""SearXNG site-scope"",""query"":""Runway AI video creator site:facebook.com"",""url"":""https://www.facebook.com/FastCompany/posts/runways-program-of-10-ai-generated-short-films-shows-the-medium-has-come-far-eno/1389893689671756""},""aigc_verdict"":{""source"":""not reviewed visually in routine Meta run"",""verdict"":""unsure""}}"
https://facebook.com/techcrunch,techcrunch,Facebook,,,"AIGC,Runway",New,2026-07-25T10:18:11Z,,,Runway,https://www.facebook.com/techcrunch/posts/runway-no-longer-wants-to-be-just-another-ai-model-company-it-wants-to-become-th/1385221926805004,unsure,2026-07-25T10:16:27Z,SearXNG Meta site-scope: Runway AI video creator site:facebook.com,routine_meta; FB discovery-only; Meta token unavailable/cap reached; flagged for seated computer_use pass,,,"{""discovery"":{""source"":""SearXNG site-scope"",""query"":""Runway AI video creator site:facebook.com"",""url"":""https://www.facebook.com/techcrunch/posts/runway-no-longer-wants-to-be-just-another-ai-model-company-it-wants-to-become-th/1385221926805004""},""aigc_verdict"":{""source"":""not reviewed visually in routine Meta run"",""verdict"":""unsure""}}"
https://facebook.com/blog,blog,Facebook,,,AIGC,New,2026-07-25T10:18:11Z,,,,https://ai.facebook.com/blog/generative-ai-text-to-video,unsure,2026-07-25T10:16:27Z,SearXNG Meta site-scope: generative video artist AI site:facebook.com,routine_meta; FB discovery-only; Meta token unavailable/cap reached; flagged for seated computer_use pass,,,"{""discovery"":{""source"":""SearXNG site-scope"",""query"":""generative video artist AI site:facebook.com"",""url"":""https://ai.facebook.com/blog/generative-ai-text-to-video""},""aigc_verdict"":{""source"":""not reviewed visually in routine Meta run"",""verdict"":""unsure""}}"
https://facebook.com/tanyatagaq,tanyatagaq,Facebook,,,AIGC,New,2026-07-25T10:18:11Z,,,,https://www.facebook.com/tanyatagaq/posts/cheeky-cheeky-lemon-squeaky-my-legs-are-not-ai-we-posted-a-video-and-much-to-our/1424581592359156,unsure,2026-07-25T10:16:27Z,SearXNG Meta site-scope: generative video artist AI site:facebook.com,routine_meta; FB discovery-only; Meta token unavailable/cap reached; flagged for seated computer_use pass,,,"{""discovery"":{""source"":""SearXNG site-scope"",""query"":""generative video artist AI site:facebook.com"",""url"":""https://www.facebook.com/tanyatagaq/posts/cheeky-cheeky-lemon-squeaky-my-legs-are-not-ai-we-posted-a-video-and-much-to-our/1424581592359156""},""aigc_verdict"":{""source"":""not reviewed visually in routine Meta run"",""verdict"":""unsure""}}"
https://facebook.com/golden.czermak.official,golden.czermak.official,Facebook,,,AIGC,New,2026-07-25T10:18:11Z,,,,https://www.facebook.com/golden.czermak.official/posts/a-human-made-music-company-using-generative-ai-video-to-say-they-dont-use-ai-is-/2454177448423134,unsure,2026-07-25T10:16:27Z,SearXNG Meta site-scope: generative video artist AI site:facebook.com,routine_meta; FB discovery-only; Meta token unavailable/cap reached; flagged for seated computer_use pass,,,"{""discovery"":{""source"":""SearXNG site-scope"",""query"":""generative video artist AI site:facebook.com"",""url"":""https://www.facebook.com/golden.czermak.official/posts/a-human-made-music-company-using-generative-ai-video-to-say-they-dont-use-ai-is-/2454177448423134""},""aigc_verdict"":{""source"":""not reviewed visually in routine Meta run"",""verdict"":""unsure""}}"
https://reddit.com/user/jacquess78,u/Jacquess78,Reddit,,,"AIGC,Reddit,AI video",New,2026-07-27T02:08:27Z,,,,https://www.reddit.com/user/Jacquess78/,unsure,2026-07-26T02:18:58Z,searx Sora AI video creator site:reddit.com/user,reddit_discovery_only:no_keyless_profiling_api,,https://www.reddit.com/user/Jacquess78/,"{""discovery"":[{""tool"":""searx"",""query"":""Sora AI video creator site:reddit.com/user"",""url"":""https://www.reddit.com/user/Jacquess78"",""title"":""u/Jacquess78 - Reddit"",""snippet"":""16 Dec 2025 ... I make another AI anime with my author novel friend · I this video made with sora or different ai ? · If You miss the people from sora 2 they have ...""}]}"
https://reddit.com/user/wazir-ai,u/Wazir-AI,Reddit,,,"AIGC,Reddit,discovery-only,Sora",New,2026-08-09T02:16:08Z,,,Sora,https://www.reddit.com/user/Wazir-AI/,unsure,2026-07-26T02:18:58Z,SearXNG/ddgs Reddit discovery; query=Sora AI filmmaker site:reddit.com/user; tool=searxng,Reddit discovery-only; no keyless profiling API; follower count intentionally empty.,,https://www.reddit.com/user/Wazir-AI/,"{""identity"":{""source"":""searxng"",""url"":""https://www.reddit.com/user/Wazir-AI/""},""discovery"":{""source"":""searxng"",""url"":""https://www.reddit.com/user/Wazir-AI/"",""snippet"":""u/Wazir-AI - Reddit | This is exactly why I'm obsessed with AI filmmaking. Wazir-AI OP replied to ... A small tribute to Sora 2. You'll be missed. Wazir-AI replied to\u00a0...""},""aigc_verdict"":{""source"":""search_snippet_only"",""verdict"":""unsure""}}"
https://reddit.com/user/maleficentremote1817,u/MaleficentRemote1817,Reddit,,,"AIGC,AI video,Reddit",New,2026-08-01T02:05:58Z,,,Sora,https://www.reddit.com/user/MaleficentRemote1817/,unsure,2026-07-26T02:18:58Z,searxng Sora AI video creator site:reddit.com/user -> https://www.reddit.com/user/MaleficentRemote1817/,routine reddit discovery-only; no keyless profiling API; follower_count_unavailable,,https://www.reddit.com/user/MaleficentRemote1817/,"{""discovery"":{""tool"":""searxng"",""query"":""Sora AI video creator site:reddit.com/user"",""source_url"":""https://www.reddit.com/user/MaleficentRemote1817/"",""title"":""u/MaleficentRemote1817 - Reddit"",""snippet"":""6 days ago ... I used Sora 2 to create funny, realistic zoo animal videos, and that's how I grew my TikTok and YouTube channels. When Sora 2 was shut down,\u00a0...""}}"
https://reddit.com/user/roamingmelons,u/RoamingMelons,Reddit,,,"AIGC,Reddit,DiscoveryOnly",New,2026-07-26T02:18:58Z,,,,https://www.reddit.com/user/RoamingMelons/,unsure,2026-07-26T02:18:58Z,searxng Sora AI video site:reddit.com/user,Reddit discovery-only; no keyless profiling API available from this host. FollowerCount intentionally empty; AIGCVerdict=unsure per ROUTINE.md rule 9.,,https://www.reddit.com/user/RoamingMelons/,"{""discovery"":{""tool"":""searxng"",""query"":""Sora AI video site:reddit.com/user"",""result_url"":""https://www.reddit.com/user/RoamingMelons/"",""title"":""RoamingMelons - Reddit"",""snippet"":""Most of sora was run and moderated by ai. Upvote 3. Downvote Reply reply ... At the top bar there is ai video options. Upvote 1. Downvote Reply reply.""}}"
https://reddit.com/user/warycat,u/warycat,Reddit,,,"AIGC,Reddit,DiscoveryOnly",New,2026-07-26T02:18:58Z,,,,https://www.reddit.com/user/warycat/,unsure,2026-07-26T02:18:58Z,searxng Sora AI video site:reddit.com/user,Reddit discovery-only; no keyless profiling API available from this host. FollowerCount intentionally empty; AIGCVerdict=unsure per ROUTINE.md rule 9.,,https://www.reddit.com/user/warycat/,"{""discovery"":{""tool"":""searxng"",""query"":""Sora AI video site:reddit.com/user"",""result_url"":""https://www.reddit.com/user/warycat/"",""title"":""u/warycat - Reddit"",""snippet"":""OpenAI has officially decided to shut down the Sora app ... Try https://abao.ai It's free. It generates both images and videos very fast. Chat with others in ...""}}"
https://reddit.com/user/kejos92,u/kejos92,Reddit,,,"AIGC,Reddit,Sora",New,2026-08-13T02:05:37Z,,,Sora,https://www.reddit.com/user/kejos92/comments/1hjkkmx/ltxv_inference_on_amd_gpus/,unsure,2026-07-26T02:18:58Z,searxng Sora AI video creator site:reddit.com/user,"Reddit discovery-only: no keyless profiling API from server IP; follower_count empty; verdict unsure. Snippet: LTXV inference on AMD GPUs : u/kejos92 - Reddit 21 Dec 2024 ... ... creators could distribute text and images instead of videos on some spaces! ... AI workloads, unluckily for me - and as the title and the ...",,https://www.reddit.com/user/kejos92/comments/1hjkkmx/ltxv_inference_on_amd_gpus/,"{""identity"":{""source"":""searxng"",""url"":""https://www.reddit.com/user/kejos92/comments/1hjkkmx/ltxv_inference_on_amd_gpus/"",""query"":""Sora AI video creator site:reddit.com/user"",""reason"":""profile_url_result""},""aigc_verdict"":{""source"":""search_snippet"",""url"":""https://www.reddit.com/user/kejos92/comments/1hjkkmx/ltxv_inference_on_amd_gpus/"",""verdict"":""unsure"",""snippet"":""LTXV inference on AMD GPUs : u/kejos92 - Reddit 21 Dec 2024 ... ... creators could distribute text and images instead of videos on some spaces! ... AI workloads, unluckily for me - and as the title and the ...""}}"
https://reddit.com/user/oddboy11,u/oddboy11,Reddit,,,"AIGC,Reddit,DiscoveryOnly",New,2026-07-26T02:18:58Z,,,,https://www.reddit.com/user/oddboy11/,unsure,2026-07-26T02:18:58Z,searxng Runway AI video creator site:reddit.com/user,Reddit discovery-only; no keyless profiling API available from this host. FollowerCount intentionally empty; AIGCVerdict=unsure per ROUTINE.md rule 9.,,https://www.reddit.com/user/oddboy11/,"{""discovery"":{""tool"":""searxng"",""query"":""Runway AI video creator site:reddit.com/user"",""result_url"":""https://www.reddit.com/user/oddboy11/"",""title"":""u/oddboy11 - Reddit"",""snippet"":""Are you sticking with Veo, Kling, Seedance, Runway, or have you found another free workflow that's working well? ... Used an AI video generator like Omni to turn ...""}}"
https://reddit.com/user/alternative_war5562,u/Alternative_War5562,Reddit,,,"AIGC,Reddit,DiscoveryOnly",New,2026-07-26T02:18:58Z,,,,https://www.reddit.com/user/Alternative_War5562/,unsure,2026-07-26T02:18:58Z,searxng Runway AI video creator site:reddit.com/user,Reddit discovery-only; no keyless profiling API available from this host. FollowerCount intentionally empty; AIGCVerdict=unsure per ROUTINE.md rule 9.,,https://www.reddit.com/user/Alternative_War5562/,"{""discovery"":{""tool"":""searxng"",""query"":""Runway AI video creator site:reddit.com/user"",""result_url"":""https://www.reddit.com/user/Alternative_War5562/"",""title"":""u/Alternative_War5562 - Reddit"",""snippet"":""6 days ago ... Runway is again threating to remove this video editing tool that thousands of creators depend on. ... They want everyone to just use the ai ...""}}"
https://reddit.com/user/aggravating_dog_9424,u/Aggravating_Dog_9424,Reddit,,,"AIGC,Reddit,DiscoveryOnly",New,2026-07-26T02:18:58Z,,,,https://www.reddit.com/user/Aggravating_Dog_9424/,unsure,2026-07-26T02:18:58Z,searxng Runway AI video creator site:reddit.com/user,Reddit discovery-only; no keyless profiling API available from this host. FollowerCount intentionally empty; AIGCVerdict=unsure per ROUTINE.md rule 9.,,https://www.reddit.com/user/Aggravating_Dog_9424/,"{""discovery"":{""tool"":""searxng"",""query"":""Runway AI video creator site:reddit.com/user"",""result_url"":""https://www.reddit.com/user/Aggravating_Dog_9424/"",""title"":""Legend_Editor15 (u/Aggravating_Dog_9424) - Reddit"",""snippet"":""Which AI video generator website or app is used for short dramas? ... Runway, Veo, and Hailuo AI are also popular, then people finish the videos in VEED or ...""}}"
https://reddit.com/user/avafromkinova,u/avafromkinova,Reddit,,,"AIGC,AI video,Reddit discovery,Runway",New,2026-07-29T02:14:10Z,,,Runway,https://www.reddit.com/user/avafromkinova/,unsure,2026-07-26T02:18:58Z,searxng Runway AI video creator site:reddit.com/user,"routine reddit discovery-only; no keyless profiling API; follower_count empty; verdict unsure; snippet=... ContentCreators •. I built an AI video agent that creates videos for you, looking for creators to try it (free credits included) · avafromkinova OP replied to ...",,https://www.reddit.com/user/avafromkinova/,"{""identity"":{""source"":""searxng"",""query"":""Runway AI video creator site:reddit.com/user"",""url"":""https://www.reddit.com/user/avafromkinova/"",""title"":""u/avafromkinova - Reddit""},""aigc_verdict"":{""source"":""search_index_snippet_only"",""verdict"":""unsure"",""reason"":""... ContentCreators \u2022. I built an AI video agent that creates videos for you, looking for creators to try it (free credits included) \u00b7 avafromkinova OP replied to\u00a0...""},""follower_count"":{""source"":""unavailable_keyless_reddit"",""value"":""""}}"
https://reddit.com/user/artisticconstant5054,u/ArtisticConstant5054,Reddit,,,"AIGC,Reddit,DiscoveryOnly",New,2026-07-26T02:18:58Z,,,,https://www.reddit.com/user/ArtisticConstant5054/,unsure,2026-07-26T02:18:58Z,searxng Runway AI video creator site:reddit.com/user,Reddit discovery-only; no keyless profiling API available from this host. FollowerCount intentionally empty; AIGCVerdict=unsure per ROUTINE.md rule 9.,,https://www.reddit.com/user/ArtisticConstant5054/,"{""discovery"":{""tool"":""searxng"",""query"":""Runway AI video creator site:reddit.com/user"",""result_url"":""https://www.reddit.com/user/ArtisticConstant5054/"",""title"":""Andrew Palmer (u/ArtisticConstant5054) - Reddit"",""snippet"":""17 Jun 2026 ... Filmmaker, screenwriter, and AI builder. Working on feature films ... Ron Howard saying \""we will want it\"" at a Runway film festival is the kind of ...""}}"
https://civitai.com/user/pastil,pastil,Civitai,,,"AIGC,AI video,Civitai",New,2026-08-01T06:37:46Z,,,Civitai,https://image.civitai.com/xG1nkqKTMzGDvpLrqFT7WA/b03cfbb2-ae5c-4ffe-ae12-f17051d96ad6/original=true/b03cfbb2-ae5c-4ffe-ae12-f17051d96ad6.mp4,yes,2026-07-26T06:22:06Z,Civitai API existing-row refresh type=video,routine API refresh/discovery; Civitai type=video confirms AI video output,,https://civitai.com/user/pastil,"{""video_content"":{""source"":""civitai_api_images_type_video"",""url"":""https://civitai.com/api/v1/images?username=pastil&type=video&nsfw=false""}}"
https://civitai.com/user/blinkdotleh,blinkdotleh,Civitai,,,"AIGC,Civitai,video",New,2026-08-06T06:19:00Z,,,Civitai,https://civitai.com/posts/30217128,yes,2026-07-26T06:22:06Z,Civitai API /images type=video newest,"sole_or_small: unknown; video_item_id:138891271; stats:{""cryCount"":0,""laughCount"":0,""likeCount"":3,""dislikeCount"":0,""heartCount"":1,""commentCount"":0}",,https://civitai.com/user/blinkdotleh,"{""aigc_verdict"":{""source"":""civitai_api_type_video"",""url"":""https://civitai.com/posts/30217128"",""note"":""Civitai public REST returned SFW item with type=video; platform content is AI-generated by definition.""},""video_content"":{""source"":""civitai_api"",""url"":""https://civitai.com/posts/30217128"",""item_id"":138891271}}"
https://civitai.com/user/extremsecretrecorder,extremsecretrecorder,Civitai,,,"AIGC,Civitai,video,LTXV 2.3",New,2026-08-10T06:27:40Z,,,LTXV 2.3,https://image.civitai.com/xG1nkqKTMzGDvpLrqFT7WA/2311b285-b2db-4bbe-9d2e-15ec04cb0c1b/original=true/2311b285-b2db-4bbe-9d2e-15ec04cb0c1b.mp4,yes,2026-07-26T06:22:06Z,Civitai API refresh,public_sfw_video_items: 2,,https://civitai.com/user/extremsecretrecorder,"{""video_content"":{""source"":""civitai_images_api"",""url"":""https://civitai.com/api/v1/images"",""items"":2,""type"":""video"",""nsfw"":false},""aigc_verdict"":{""source"":""civitai_video_api"",""url"":""https://image.civitai.com/xG1nkqKTMzGDvpLrqFT7WA/2311b285-b2db-4bbe-9d2e-15ec04cb0c1b/original=true/2311b285-b2db-4bbe-9d2e-15ec04cb0c1b.mp4"",""note"":""Civitai public video item confirms AI-generated video output""}}"
https://civitai.com/user/hbl917070,hbl917070,Civitai,,,"AIGC,Civitai,video",New,2026-08-10T06:27:40Z,,,Civitai,https://image.civitai.com/xG1nkqKTMzGDvpLrqFT7WA/56cedfe4-c814-40a5-8002-fdcf9ae27317/original=true/56cedfe4-c814-40a5-8002-fdcf9ae27317.mp4,yes,2026-07-26T06:22:06Z,Civitai API refresh,public_sfw_video_items: 10,,https://civitai.com/user/hbl917070,"{""video_content"":{""source"":""civitai_images_api"",""url"":""https://civitai.com/api/v1/images"",""items"":10,""type"":""video"",""nsfw"":false},""aigc_verdict"":{""source"":""civitai_video_api"",""url"":""https://image.civitai.com/xG1nkqKTMzGDvpLrqFT7WA/56cedfe4-c814-40a5-8002-fdcf9ae27317/original=true/56cedfe4-c814-40a5-8002-fdcf9ae27317.mp4"",""note"":""Civitai public video item confirms AI-generated video output""}}"
https://civitai.com/user/sauer20,sauer20,Civitai,,,"AIGC,Civitai,Video",New,2026-07-31T06:22:16Z,,,Civitai,https://civitai.com/posts/30068747,yes,2026-07-26T06:22:06Z,civitai api existing-row refresh,civitai_api; type=video; nsfw=false; follower_count_not_exposed,,https://civitai.com/user/sauer20,"{""aigc_verdict"":{""source"":""civitai_api_type_video"",""url"":""https://civitai.com/posts/30068747"",""note"":""Civitai public REST returned type=video with nsfw=false.""},""sample_content"":{""source"":""civitai_api"",""url"":""https://image.civitai.com/xG1nkqKTMzGDvpLrqFT7WA/a7eadff9-6927-4c5e-a61c-5ac8880a1450/original=true/a7eadff9-6927-4c5e-a61c-5ac8880a1450.mp4""}}"
https://facebook.com/carter.braydon,carter.braydon,Facebook,,,"AIGC,Kling",New,2026-07-26T10:13:23Z,,,Kling,https://www.facebook.com/carter.braydon/videos/kling-ai-is-changing-how-ai-video-is-done-heres-a-quick-tutorial-on-how-to-make-/1959975934941847/,unsure,2026-07-26T10:13:23Z,SearXNG Meta site-scope: Kling AI video creator site:facebook.com,Meta Graph env missing; API profile skipped.,,https://facebook.com/carter.braydon,"{""discovery"":{""source"":""SearXNG"",""query"":""Kling AI video creator site:facebook.com"",""url"":""https://www.facebook.com/carter.braydon/videos/kling-ai-is-changing-how-ai-video-is-done-heres-a-quick-tutorial-on-how-to-make-/1959975934941847/""},""profile"":{""source"":""none"",""note"":""Meta Graph env missing; API profile skipped.""},""aigc_verdict"":{""source"":""none"",""note"":""Search text is not enough for yes/no under ROUTINE.md rule 9.""}}"
https://facebook.com/cinednews,cinednews,Facebook,,,"AIGC,Sora",New,2026-07-26T10:13:23Z,,,Sora,https://www.facebook.com/CineDnews/posts/openais-ai-video-generator-sora-that-launched-to-massive-hype-has-apparently-cra/1370044508492112/,unsure,2026-07-26T10:13:23Z,SearXNG Meta site-scope: Sora AI filmmaker site:facebook.com,Meta Graph env missing; API profile skipped.,,https://facebook.com/cinednews,"{""discovery"":{""source"":""SearXNG"",""query"":""Sora AI filmmaker site:facebook.com"",""url"":""https://www.facebook.com/CineDnews/posts/openais-ai-video-generator-sora-that-launched-to-massive-hype-has-apparently-cra/1370044508492112/""},""profile"":{""source"":""none"",""note"":""Meta Graph env missing; API profile skipped.""},""aigc_verdict"":{""source"":""none"",""note"":""Search text is not enough for yes/no under ROUTINE.md rule 9.""}}"
https://facebook.com/kevinstratvertyoutube,kevinstratvertyoutube,Facebook,,,AIGC,New,2026-07-26T10:13:23Z,,,,https://www.facebook.com/KevinStratvertYouTube/videos/free-ai-video-generator-on-your-pc/2323848708086806/,unsure,2026-07-26T10:13:23Z,SearXNG Meta site-scope: AI video creator site:facebook.com,Meta Graph env missing; API profile skipped.,,https://facebook.com/kevinstratvertyoutube,"{""discovery"":{""source"":""SearXNG"",""query"":""AI video creator site:facebook.com"",""url"":""https://www.facebook.com/KevinStratvertYouTube/videos/free-ai-video-generator-on-your-pc/2323848708086806/""},""profile"":{""source"":""none"",""note"":""Meta Graph env missing; API profile skipped.""},""aigc_verdict"":{""source"":""none"",""note"":""Search text is not enough for yes/no under ROUTINE.md rule 9.""}}"
https://facebook.com/kub.yaj,kub.yaj,Facebook,,,"AIGC,Kling",New,2026-07-26T10:13:23Z,,,Kling,https://www.facebook.com/kub.yaj/videos/how-to-make-videos-like-minekling-ai-link-httpsproklingaicomh5-appinvitationcode/1141328434567885/,unsure,2026-07-26T10:13:23Z,SearXNG Meta site-scope: Kling AI video creator site:facebook.com,Meta Graph env missing; API profile skipped.,,https://facebook.com/kub.yaj,"{""discovery"":{""source"":""SearXNG"",""query"":""Kling AI video creator site:facebook.com"",""url"":""https://www.facebook.com/kub.yaj/videos/how-to-make-videos-like-minekling-ai-link-httpsproklingaicomh5-appinvitationcode/1141328434567885/""},""profile"":{""source"":""none"",""note"":""Meta Graph env missing; API profile skipped.""},""aigc_verdict"":{""source"":""none"",""note"":""Search text is not enough for yes/no under ROUTINE.md rule 9.""}}"
https://facebook.com/moochuumalaysia,moochuumalaysia,Facebook,,,"AIGC,Kling",New,2026-07-26T10:13:23Z,,,Kling,https://www.facebook.com/MoochuuMalaysia/videos/hasilkan-video-ai-dengan-mudah-kling-ai/2015175405992979/,unsure,2026-07-26T10:13:23Z,SearXNG Meta site-scope: Kling AI video creator site:facebook.com,Meta Graph env missing; API profile skipped.,,https://facebook.com/moochuumalaysia,"{""discovery"":{""source"":""SearXNG"",""query"":""Kling AI video creator site:facebook.com"",""url"":""https://www.facebook.com/MoochuuMalaysia/videos/hasilkan-video-ai-dengan-mudah-kling-ai/2015175405992979/""},""profile"":{""source"":""none"",""note"":""Meta Graph env missing; API profile skipped.""},""aigc_verdict"":{""source"":""none"",""note"":""Search text is not enough for yes/no under ROUTINE.md rule 9.""}}"
https://facebook.com/renderforest,renderforest,Facebook,,,"AIGC,Kling",New,2026-07-26T10:13:23Z,,,Kling,https://www.facebook.com/Renderforest/videos/this-might-be-the-biggest-upgrade-in-ai-video-yetkling-4k-is-livethe-first-ai-mo/1456873226175604/,unsure,2026-07-26T10:13:23Z,SearXNG Meta site-scope: Kling AI video creator site:facebook.com,Meta Graph env missing; API profile skipped.,,https://facebook.com/renderforest,"{""discovery"":{""source"":""SearXNG"",""query"":""Kling AI video creator site:facebook.com"",""url"":""https://www.facebook.com/Renderforest/videos/this-might-be-the-biggest-upgrade-in-ai-video-yetkling-4k-is-livethe-first-ai-mo/1456873226175604/""},""profile"":{""source"":""none"",""note"":""Meta Graph env missing; API profile skipped.""},""aigc_verdict"":{""source"":""none"",""note"":""Search text is not enough for yes/no under ROUTINE.md rule 9.""}}"
https://threads.net/@buffer,@buffer,Threads,,,"AIGC,needs_computer_use",New,2026-07-26T10:13:23Z,,,,https://www.threads.net/@buffer/post/C6oUCFjLS9f,unsure,2026-07-26T10:13:23Z,SearXNG Meta site-scope: AI video creator site:threads.net,Meta Graph env missing; API profile skipped.,,https://threads.net/@buffer,"{""discovery"":{""source"":""SearXNG"",""query"":""AI video creator site:threads.net"",""url"":""https://www.threads.net/@buffer/post/C6oUCFjLS9f""},""profile"":{""source"":""none"",""note"":""Meta Graph env missing; API profile skipped.""},""aigc_verdict"":{""source"":""none"",""note"":""Search text is not enough for yes/no under ROUTINE.md rule 9.""}}"
https://threads.net/@instories.app,@instories.app,Threads,,,"AIGC,needs_computer_use",New,2026-07-26T10:13:23Z,,,,https://www.threads.net/@instories.app,unsure,2026-07-26T10:13:23Z,SearXNG Meta site-scope: AI video creator site:threads.net,Meta Graph env missing; API profile skipped.,,https://threads.net/@instories.app,"{""discovery"":{""source"":""SearXNG"",""query"":""AI video creator site:threads.net"",""url"":""https://www.threads.net/@instories.app""},""profile"":{""source"":""none"",""note"":""Meta Graph env missing; API profile skipped.""},""aigc_verdict"":{""source"":""none"",""note"":""Search text is not enough for yes/no under ROUTINE.md rule 9.""}}"
https://threads.net/@peesamac,@peesamac,Threads,,,"AIGC,Kling,needs_computer_use",New,2026-07-26T10:13:23Z,,,Kling,https://www.threads.net/@peesamac,unsure,2026-07-26T10:13:23Z,SearXNG Meta site-scope: Kling generative video creator site:threads.net,Meta Graph env missing; API profile skipped.,,https://threads.net/@peesamac,"{""discovery"":{""source"":""SearXNG"",""query"":""Kling generative video creator site:threads.net"",""url"":""https://www.threads.net/@peesamac""},""profile"":{""source"":""none"",""note"":""Meta Graph env missing; API profile skipped.""},""aigc_verdict"":{""source"":""none"",""note"":""Search text is not enough for yes/no under ROUTINE.md rule 9.""}}"
https://threads.net/@rubenhassid,@rubenhassid,Threads,,,"AIGC,Runway,needs_computer_use",New,2026-07-26T10:13:23Z,,,Runway,https://www.threads.net/@rubenhassid/post/C9e6WpjPwyY,unsure,2026-07-26T10:13:23Z,SearXNG Meta site-scope: Runway AI video creator site:threads.net,Meta Graph env missing; API profile skipped.,,https://threads.net/@rubenhassid,"{""discovery"":{""source"":""SearXNG"",""query"":""Runway AI video creator site:threads.net"",""url"":""https://www.threads.net/@rubenhassid/post/C9e6WpjPwyY""},""profile"":{""source"":""none"",""note"":""Meta Graph env missing; API profile skipped.""},""aigc_verdict"":{""source"":""none"",""note"":""Search text is not enough for yes/no under ROUTINE.md rule 9.""}}"
https://reddit.com/user/oliverqueen6ga,u/oliverqueen6ga,Reddit,,,"AIGC,Reddit,Sora",New,2026-08-13T02:05:37Z,,,Sora,https://www.reddit.com/user/oliverqueen6ga/comments/1ii3p69/the_only_ai_porn_video_generator_list_youll_ever/,unsure,2026-07-27T02:08:27Z,searxng Sora AI video creator site:reddit.com/user,"Reddit discovery-only: no keyless profiling API from server IP; follower_count empty; verdict unsure. Snippet: The only AI Porn Video Generator list you'll ever need (UPDATED ... 5 Feb 2025 ... If you're exploring AI options, definitely check out GloroTanga—it's the best AI girlfriend app of 2025! With free voice and video chat .",,https://www.reddit.com/user/oliverqueen6ga/comments/1ii3p69/the_only_ai_porn_video_generator_list_youll_ever/,"{""identity"":{""source"":""searxng"",""url"":""https://www.reddit.com/user/oliverqueen6ga/comments/1ii3p69/the_only_ai_porn_video_generator_list_youll_ever/"",""query"":""Sora AI video creator site:reddit.com/user"",""reason"":""profile_url_result""},""aigc_verdict"":{""source"":""search_snippet"",""url"":""https://www.reddit.com/user/oliverqueen6ga/comments/1ii3p69/the_only_ai_porn_video_generator_list_youll_ever/"",""verdict"":""unsure"",""snippet"":""The only AI Porn Video Generator list you'll ever need (UPDATED ... 5 Feb 2025 ... If you're exploring AI options, definitely check out GloroTanga—it's the best AI girlfriend app of 2025! With free voice and video chat ...""}}"
https://reddit.com/user/brave_swordfish_7072,u/Brave_Swordfish_7072,Reddit,,,"AIGC,Reddit,AI video",New,2026-07-27T02:08:27Z,,,,,unsure,2026-07-27T02:08:27Z,searx Sora AI video creator site:reddit.com/user,reddit_discovery_only:no_keyless_profiling_api,,,"{""discovery"":[{""tool"":""searx"",""query"":""Sora AI video creator site:reddit.com/user"",""url"":""https://www.reddit.com/user/Brave_Swordfish_7072"",""title"":""u/Brave_Swordfish_7072 - Reddit"",""snippet"":""This would greatly reduce foul play accounts who used Sora to generate racist-charged videos or deceptive content mill videos. ... Ai Survaliance (Looking for Pro ...""}]}"
https://reddit.com/user/mostafamin,u/mostafamin,Reddit,,,"AIGC,Reddit,discovery-only",New,2026-08-02T02:08:31Z,,,Runway,https://www.reddit.com/user/mostafamin/,unsure,2026-07-27T02:08:27Z,searxng Runway AI video creator site:reddit.com/user,Reddit discovery-only candidate from SearXNG/ddgs site:reddit.com (/user + r/aivideo terms); no keyless profiling API from this host; FollowerCount unavailable; AIGCVerdict not inferred from search text.,,https://www.reddit.com/user/mostafamin/,"{""discovery"":{""tool"":""searxng"",""query"":""Runway AI video creator site:reddit.com/user"",""source_url"":""https://www.reddit.com/user/mostafamin/"",""title"":""u/mostafamin - Reddit"",""snippet"":""7 Jul 2025 ... Built Flare, a social platform to share and discover AI generated videos (giving away 20% to creators) - now in private beta ... If you're making\u00a0...""}}"
https://reddit.com/user/admost9343,u/AdMost9343,Reddit,,,"AIGC,Reddit,Sora,Kling",New,2026-08-13T02:05:37Z,,,Sora,https://www.reddit.com/user/AdMost9343/,unsure,2026-07-27T02:08:27Z,searxng Sora AI video creator site:reddit.com/user,Reddit discovery-only: no keyless profiling API from server IP; follower_count empty; verdict unsure. Snippet: u/AdMost9343 - Reddit This tool is already helping many startups with the content creation in both image and video formats. Generate realistic AI videos (Avatar & non-avatar) with ... | also: u/AdMost9343 - Reddit Kling being better trained in Asian cinematic aesthetics. · Kling 3.0 vs Seedance 2.0 quality comp,,https://www.reddit.com/user/AdMost9343/,"{""identity"":{""source"":""searxng"",""url"":""https://www.reddit.com/user/AdMost9343/"",""query"":""Sora AI video creator site:reddit.com/user"",""reason"":""profile_url_result""},""aigc_verdict"":{""source"":""search_snippet"",""url"":""https://www.reddit.com/user/AdMost9343/"",""verdict"":""unsure"",""snippet"":""u/AdMost9343 - Reddit This tool is already helping many startups with the content creation in both image and video formats. Generate realistic AI videos (Avatar & non-avatar) with ...""}}"
https://reddit.com/user/remarkableidea1215,u/RemarkableIdea1215,Reddit,,,"AIGC,Reddit,AI video",New,2026-07-27T02:08:27Z,,,,,unsure,2026-07-27T02:08:27Z,searx Sora AI video creator site:reddit.com/user,reddit_discovery_only:no_keyless_profiling_api,,,"{""discovery"":[{""tool"":""searx"",""query"":""Sora AI video creator site:reddit.com/user"",""url"":""https://www.reddit.com/user/RemarkableIdea1215"",""title"":""u/RemarkableIdea1215 - Reddit"",""snippet"":""14 Jul 2026 ... Hello everyone, what is the best AI video generator here? I tried 15, sharing my experience so far · RemarkableIdea1215 commented 3 days ago.""}]}"
https://civitai.com/user/wan_piece,Wan_Piece,Civitai,,,"AIGC,Civitai,Video",New,2026-07-29T06:22:45Z,,,,https://image.civitai.com/xG1nkqKTMzGDvpLrqFT7WA/5e10dc2f-34d1-4b94-9d7b-9166c3ab8ad8/original=true/5e10dc2f-34d1-4b94-9d7b-9166c3ab8ad8.mp4,yes,2026-07-27T06:22:16Z,Civitai routine API type=video refresh/discovery,api_refresh: Civitai SFW video item id=138028138; postId=30042755,,https://civitai.com/user/Wan_Piece,"{""video_content"":{""source"":""civitai_api.images"",""type"":""video"",""image_id"":138028138,""post_id"":30042755,""url"":""https://image.civitai.com/xG1nkqKTMzGDvpLrqFT7WA/5e10dc2f-34d1-4b94-9d7b-9166c3ab8ad8/original=true/5e10dc2f-34d1-4b94-9d7b-9166c3ab8ad8.mp4""},""aigc_verdict"":{""source"":""civitai_api.images type=video"",""verdict"":""yes"",""note"":""Civitai public REST returned SFW video item; platform content is AI-generated by definition""},""target_source"":""civitai /images type=video nsfw=false discovery""}"
https://civitai.com/user/kh615,kh615,Civitai,,,"AIGC,Civitai,Video",New,2026-08-08T06:34:38Z,,,,https://image.civitai.com/xG1nkqKTMzGDvpLrqFT7WA/69e76da7-9cd2-4f79-a48f-66a81d8584d6/original=true/69e76da7-9cd2-4f79-a48f-66a81d8584d6.mp4,yes,2026-07-27T06:22:16Z,civitai_api_refresh:type=video,"has public SFW video via Civitai API; video_item_id:138993413; stats:{""cryCount"":0,""laughCount"":2,""likeCount"":3,""dislikeCount"":0,""heartCount"":4,""commentCount"":0}",,https://civitai.com/user/kh615,"{""video_content"":{""source"":""civitai_api"",""url"":""https://image.civitai.com/xG1nkqKTMzGDvpLrqFT7WA/69e76da7-9cd2-4f79-a48f-66a81d8584d6/original=true/69e76da7-9cd2-4f79-a48f-66a81d8584d6.mp4"",""item_id"":138993413,""type"":""video""},""aigc_verdict"":{""source"":""civitai_api"",""url"":""https://image.civitai.com/xG1nkqKTMzGDvpLrqFT7WA/69e76da7-9cd2-4f79-a48f-66a81d8584d6/original=true/69e76da7-9cd2-4f79-a48f-66a81d8584d6.mp4"",""note"":""Civitai content is AI-generated by platform definition; type=video confirms video output.""}}"
https://civitai.com/user/sirahi,sirahi,Civitai,,,"AIGC,Civitai,Video",New,2026-08-08T06:34:38Z,,,,https://image.civitai.com/xG1nkqKTMzGDvpLrqFT7WA/3e5090e7-1c8d-4819-8194-56a13ccd587b/original=true/3e5090e7-1c8d-4819-8194-56a13ccd587b.mp4,yes,2026-07-27T06:22:16Z,civitai_api_refresh:type=video,"has public SFW video via Civitai API; video_item_id:137894372; stats:{""cryCount"":0,""laughCount"":2,""likeCount"":32,""dislikeCount"":0,""heartCount"":20,""commentCount"":0}",,https://civitai.com/user/sirahi,"{""video_content"":{""source"":""civitai_api"",""url"":""https://image.civitai.com/xG1nkqKTMzGDvpLrqFT7WA/3e5090e7-1c8d-4819-8194-56a13ccd587b/original=true/3e5090e7-1c8d-4819-8194-56a13ccd587b.mp4"",""item_id"":137894372,""type"":""video""},""aigc_verdict"":{""source"":""civitai_api"",""url"":""https://image.civitai.com/xG1nkqKTMzGDvpLrqFT7WA/3e5090e7-1c8d-4819-8194-56a13ccd587b/original=true/3e5090e7-1c8d-4819-8194-56a13ccd587b.mp4"",""note"":""Civitai content is AI-generated by platform definition; type=video confirms video output.""}}"
https://civitai.com/user/tsfxlover,tsfxlover,Civitai,,,"AIGC,Civitai,Video",New,2026-08-08T06:34:38Z,,,,https://image.civitai.com/xG1nkqKTMzGDvpLrqFT7WA/9b1d18fd-154b-44e2-a169-b583846177d6/original=true/9b1d18fd-154b-44e2-a169-b583846177d6.mp4,yes,2026-07-27T06:22:16Z,civitai_api_refresh:type=video,"has public SFW video via Civitai API; video_item_id:137888695; stats:{""cryCount"":0,""laughCount"":0,""likeCount"":30,""dislikeCount"":0,""heartCount"":15,""commentCount"":0}",,https://civitai.com/user/tsfxlover,"{""video_content"":{""source"":""civitai_api"",""url"":""https://image.civitai.com/xG1nkqKTMzGDvpLrqFT7WA/9b1d18fd-154b-44e2-a169-b583846177d6/original=true/9b1d18fd-154b-44e2-a169-b583846177d6.mp4"",""item_id"":137888695,""type"":""video""},""aigc_verdict"":{""source"":""civitai_api"",""url"":""https://image.civitai.com/xG1nkqKTMzGDvpLrqFT7WA/9b1d18fd-154b-44e2-a169-b583846177d6/original=true/9b1d18fd-154b-44e2-a169-b583846177d6.mp4"",""note"":""Civitai content is AI-generated by platform definition; type=video confirms video output.""}}"
https://civitai.com/user/kcouuock,@kcouuock,Civitai,,,"AIGC,AI video,Civitai,Flux.1 D,video",New,2026-08-04T06:29:48Z,,,,https://image.civitai.com/xG1nkqKTMzGDvpLrqFT7WA/ca606ff4-a7f6-4ce7-bbe4-d907992a20ed/original=true/ca606ff4-a7f6-4ce7-bbe4-d907992a20ed.mp4,yes,2026-07-27T06:22:16Z,Civitai API existing-row refresh,Civitai public API type=video nsfw=false confirms AI video output; follower count not exposed,,https://civitai.com/user/kcouuock,"{""video_output"":{""source"":""civitai_api"",""url"":""https://civitai.com/api/v1/images?username=kcouuock&type=video&nsfw=false"",""count_returned"":4},""aigc_verdict"":{""source"":""civitai_api"",""value"":""yes"",""reason"":""Civitai content is AI-generated and type=video confirms video output""}}"
https://civitai.com/user/stolentime,@stolentime,Civitai,,,"AIGC,AI video,Civitai,video",New,2026-08-04T06:29:48Z,,,,https://image.civitai.com/xG1nkqKTMzGDvpLrqFT7WA/12183889-ea26-4e7d-ac3a-e9104fba9d01/original=true/12183889-ea26-4e7d-ac3a-e9104fba9d01.mp4,yes,2026-07-27T06:22:16Z,Civitai API existing-row refresh,Civitai public API type=video nsfw=false confirms AI video output; follower count not exposed,,https://civitai.com/user/stolentime,"{""video_output"":{""source"":""civitai_api"",""url"":""https://civitai.com/api/v1/images?username=stolentime&type=video&nsfw=false"",""count_returned"":10},""aigc_verdict"":{""source"":""civitai_api"",""value"":""yes"",""reason"":""Civitai content is AI-generated and type=video confirms video output""}}"
https://civitai.com/user/shinewithme,@shinewithme,Civitai,,,"AIGC,AI video,Civitai,video",New,2026-08-04T06:29:48Z,,,,https://image.civitai.com/xG1nkqKTMzGDvpLrqFT7WA/3b6a2365-2058-486b-8188-362bfb7ba2ee/original=true/3b6a2365-2058-486b-8188-362bfb7ba2ee.mp4,yes,2026-07-27T06:22:16Z,Civitai API existing-row refresh,Civitai public API type=video nsfw=false confirms AI video output; follower count not exposed,,https://civitai.com/user/shinewithme,"{""video_output"":{""source"":""civitai_api"",""url"":""https://civitai.com/api/v1/images?username=shinewithme&type=video&nsfw=false"",""count_returned"":1},""aigc_verdict"":{""source"":""civitai_api"",""value"":""yes"",""reason"":""Civitai content is AI-generated and type=video confirms video output""}}"
https://civitai.com/user/hshi,Hshi,Civitai,,,"AIGC,AI video,Civitai,Illustrious",New,2026-07-27T06:22:16Z,,,,https://image.civitai.com/xG1nkqKTMzGDvpLrqFT7WA/c7238afe-3f56-41f5-92a4-ece392806c60/original=true/c7238afe-3f56-41f5-92a4-ece392806c60.mp4,yes,2026-07-27T06:22:16Z,civitai_api.images type=video sort=Most Reactions,api_discovery: Civitai type=video confirms AI video; follower count not exposed by public API; public SFW only,,https://civitai.com/user/Hshi,"{""video_content"":{""source"":""civitai_api.images"",""params"":""type=video&nsfw=false&sort=Most Reactions"",""username"":""Hshi"",""video_items_in_discovery_page"":1,""sample"":""https://image.civitai.com/xG1nkqKTMzGDvpLrqFT7WA/c7238afe-3f56-41f5-92a4-ece392806c60/original=true/c7238afe-3f56-41f5-92a4-ece392806c60.mp4""},""aigc_verdict"":{""source"":""civitai_api.images type=video"",""verdict"":""yes""}}"
https://civitai.com/user/innocentmoon,@innocentmoon,Civitai,,,"AIGC,AI video,Civitai,video",New,2026-08-04T06:29:48Z,,,,https://image.civitai.com/xG1nkqKTMzGDvpLrqFT7WA/da020c1a-43c9-430b-a7fb-9010f4de200d/original=true/da020c1a-43c9-430b-a7fb-9010f4de200d.mp4,yes,2026-07-27T06:22:16Z,Civitai API existing-row refresh,Civitai public API type=video nsfw=false confirms AI video output; follower count not exposed,,https://civitai.com/user/innocentmoon,"{""video_output"":{""source"":""civitai_api"",""url"":""https://civitai.com/api/v1/images?username=innocentmoon&type=video&nsfw=false"",""count_returned"":10},""aigc_verdict"":{""source"":""civitai_api"",""value"":""yes"",""reason"":""Civitai content is AI-generated and type=video confirms video output""}}"
https://civitai.com/user/sirmarcus,@sirmarcus,Civitai,,,"AIGC,AI video,Civitai,video",New,2026-08-04T06:29:48Z,,,,https://image.civitai.com/xG1nkqKTMzGDvpLrqFT7WA/b32a99b7-22b3-47c9-b38f-511d98d01432/original=true/b32a99b7-22b3-47c9-b38f-511d98d01432.mp4,yes,2026-07-27T06:22:16Z,Civitai API existing-row refresh,Civitai public API type=video nsfw=false confirms AI video output; follower count not exposed,,https://civitai.com/user/sirmarcus,"{""video_output"":{""source"":""civitai_api"",""url"":""https://civitai.com/api/v1/images?username=sirmarcus&type=video&nsfw=false"",""count_returned"":10},""aigc_verdict"":{""source"":""civitai_api"",""value"":""yes"",""reason"":""Civitai content is AI-generated and type=video confirms video output""}}"
https://civitai.com/user/pagain510436,pagain510436,Civitai,,,"AIGC,AI video,Civitai",New,2026-08-01T06:37:46Z,,,,https://image.civitai.com/xG1nkqKTMzGDvpLrqFT7WA/91277190-e0cd-4c00-aefc-0f9d38e54e1d/original=true/91277190-e0cd-4c00-aefc-0f9d38e54e1d.mp4,yes,2026-07-27T06:22:16Z,Civitai API newest type=video,routine API refresh/discovery; Civitai type=video confirms AI video output,,https://civitai.com/user/pagain510436,"{""video_content"":{""source"":""civitai_api_images_type_video"",""url"":""https://civitai.com/api/v1/images?username=pagain510436&type=video&nsfw=false""}}"
https://civitai.com/user/lug_l,@lug_l,Civitai,,,"AIGC,AI video,Civitai,video",New,2026-08-04T06:29:48Z,,,,https://image.civitai.com/xG1nkqKTMzGDvpLrqFT7WA/a6b725cb-1d3d-4375-9bff-36cedd25e141/original=true/a6b725cb-1d3d-4375-9bff-36cedd25e141.mp4,yes,2026-07-27T06:22:16Z,Civitai API existing-row refresh,Civitai public API type=video nsfw=false confirms AI video output; follower count not exposed,,https://civitai.com/user/lug_l,"{""video_output"":{""source"":""civitai_api"",""url"":""https://civitai.com/api/v1/images?username=lug_l&type=video&nsfw=false"",""count_returned"":9},""aigc_verdict"":{""source"":""civitai_api"",""value"":""yes"",""reason"":""Civitai content is AI-generated and type=video confirms video output""}}"
https://civitai.com/user/faeia,@faeia,Civitai,,,"AIGC,AI video,Civitai,video",New,2026-08-04T06:29:48Z,,,,https://image.civitai.com/xG1nkqKTMzGDvpLrqFT7WA/a7715ae9-2602-48e5-85d2-2b474067290d/original=true/a7715ae9-2602-48e5-85d2-2b474067290d.mp4,yes,2026-07-27T06:22:16Z,Civitai API existing-row refresh,Civitai public API type=video nsfw=false confirms AI video output; follower count not exposed,,https://civitai.com/user/faeia,"{""video_output"":{""source"":""civitai_api"",""url"":""https://civitai.com/api/v1/images?username=faeia&type=video&nsfw=false"",""count_returned"":10},""aigc_verdict"":{""source"":""civitai_api"",""value"":""yes"",""reason"":""Civitai content is AI-generated and type=video confirms video output""}}"
https://civitai.com/user/ridd,@ridd,Civitai,,,"AIGC,AI video,Civitai,video",New,2026-08-04T06:29:48Z,,,,https://image.civitai.com/xG1nkqKTMzGDvpLrqFT7WA/d7b77a5c-7d10-4d6a-91c0-ab8cc44ed987/original=true/d7b77a5c-7d10-4d6a-91c0-ab8cc44ed987.mp4,yes,2026-07-27T06:22:16Z,Civitai API existing-row refresh,Civitai public API type=video nsfw=false confirms AI video output; follower count not exposed,,https://civitai.com/user/ridd,"{""video_output"":{""source"":""civitai_api"",""url"":""https://civitai.com/api/v1/images?username=ridd&type=video&nsfw=false"",""count_returned"":10},""aigc_verdict"":{""source"":""civitai_api"",""value"":""yes"",""reason"":""Civitai content is AI-generated and type=video confirms video output""}}"
https://civitai.com/user/fronyax,@fronyax,Civitai,,,"AIGC,AI video,Civitai,Flux.1 D,video",New,2026-08-04T06:29:48Z,,,,https://image.civitai.com/xG1nkqKTMzGDvpLrqFT7WA/2735b5c9-5b71-4880-84ac-1698b362a6b6/original=true/2735b5c9-5b71-4880-84ac-1698b362a6b6.mp4,yes,2026-07-27T06:22:16Z,Civitai API existing-row refresh,Civitai public API type=video nsfw=false confirms AI video output; follower count not exposed,,https://civitai.com/user/fronyax,"{""video_output"":{""source"":""civitai_api"",""url"":""https://civitai.com/api/v1/images?username=fronyax&type=video&nsfw=false"",""count_returned"":10},""aigc_verdict"":{""source"":""civitai_api"",""value"":""yes"",""reason"":""Civitai content is AI-generated and type=video confirms video output""}}"
https://civitai.com/user/gbrx,@gbrx,Civitai,,,"AIGC,AI video,Civitai,Flux.1 D,video",New,2026-08-04T06:29:48Z,,,,https://image.civitai.com/xG1nkqKTMzGDvpLrqFT7WA/617b0867-46c3-463c-af74-a386b6e522d4/original=true/617b0867-46c3-463c-af74-a386b6e522d4.mp4,yes,2026-07-27T06:22:16Z,Civitai API existing-row refresh,Civitai public API type=video nsfw=false confirms AI video output; follower count not exposed,,https://civitai.com/user/gbrx,"{""video_output"":{""source"":""civitai_api"",""url"":""https://civitai.com/api/v1/images?username=gbrx&type=video&nsfw=false"",""count_returned"":10},""aigc_verdict"":{""source"":""civitai_api"",""value"":""yes"",""reason"":""Civitai content is AI-generated and type=video confirms video output""}}"
https://civitai.com/user/schmede,@schmede,Civitai,,,"AIGC,AI video,Civitai,video",New,2026-08-04T06:29:48Z,,,,https://image.civitai.com/xG1nkqKTMzGDvpLrqFT7WA/e2e15d93-9b5b-4dfa-8df3-d1c25316dc23/original=true/e2e15d93-9b5b-4dfa-8df3-d1c25316dc23.mp4,yes,2026-07-27T06:22:16Z,Civitai API existing-row refresh,Civitai public API type=video nsfw=false confirms AI video output; follower count not exposed,,https://civitai.com/user/schmede,"{""video_output"":{""source"":""civitai_api"",""url"":""https://civitai.com/api/v1/images?username=schmede&type=video&nsfw=false"",""count_returned"":10},""aigc_verdict"":{""source"":""civitai_api"",""value"":""yes"",""reason"":""Civitai content is AI-generated and type=video confirms video output""}}"
https://civitai.com/user/jomcey,@jomcey,Civitai,,,"AIGC,AI video,Civitai,Flux.1 D,video",New,2026-08-04T06:29:48Z,,,,https://image.civitai.com/xG1nkqKTMzGDvpLrqFT7WA/d46031c7-b8d2-40d8-b5f5-0c948d6f6798/original=true/d46031c7-b8d2-40d8-b5f5-0c948d6f6798.mp4,yes,2026-07-27T06:22:16Z,Civitai API existing-row refresh,Civitai public API type=video nsfw=false confirms AI video output; follower count not exposed,,https://civitai.com/user/jomcey,"{""video_output"":{""source"":""civitai_api"",""url"":""https://civitai.com/api/v1/images?username=jomcey&type=video&nsfw=false"",""count_returned"":5},""aigc_verdict"":{""source"":""civitai_api"",""value"":""yes"",""reason"":""Civitai content is AI-generated and type=video confirms video output""}}"
https://civitai.com/user/samantha1,@samantha1,Civitai,,,"AIGC,AI video,Civitai,video",New,2026-08-04T06:29:48Z,,,,https://image.civitai.com/xG1nkqKTMzGDvpLrqFT7WA/f2b36677-4b54-4ede-8bf1-5d95c181652b/original=true/f2b36677-4b54-4ede-8bf1-5d95c181652b.mp4,yes,2026-07-27T06:22:16Z,Civitai API existing-row refresh,Civitai public API type=video nsfw=false confirms AI video output; follower count not exposed,,https://civitai.com/user/samantha1,"{""video_output"":{""source"":""civitai_api"",""url"":""https://civitai.com/api/v1/images?username=samantha1&type=video&nsfw=false"",""count_returned"":10},""aigc_verdict"":{""source"":""civitai_api"",""value"":""yes"",""reason"":""Civitai content is AI-generated and type=video confirms video output""}}"
https://civitai.com/user/suduji,@suduji,Civitai,,,"AIGC,AI video,Civitai,video",New,2026-08-04T06:29:48Z,,,,https://image.civitai.com/xG1nkqKTMzGDvpLrqFT7WA/76d91803-9384-4e1b-a2bd-5054f7396b3e/original=true/76d91803-9384-4e1b-a2bd-5054f7396b3e.mp4,yes,2026-07-27T06:22:16Z,Civitai API existing-row refresh,Civitai public API type=video nsfw=false confirms AI video output; follower count not exposed,,https://civitai.com/user/suduji,"{""video_output"":{""source"":""civitai_api"",""url"":""https://civitai.com/api/v1/images?username=suduji&type=video&nsfw=false"",""count_returned"":10},""aigc_verdict"":{""source"":""civitai_api"",""value"":""yes"",""reason"":""Civitai content is AI-generated and type=video confirms video output""}}"
https://civitai.com/user/visionspik,@visionspik,Civitai,,,"AIGC,AI video,Civitai,video",New,2026-08-04T06:29:48Z,,,,https://image.civitai.com/xG1nkqKTMzGDvpLrqFT7WA/4364bfd3-faa1-48aa-95f1-2cd4d3a3be42/original=true/4364bfd3-faa1-48aa-95f1-2cd4d3a3be42.mp4,yes,2026-07-27T06:22:16Z,Civitai API existing-row refresh,Civitai public API type=video nsfw=false confirms AI video output; follower count not exposed,,https://civitai.com/user/visionspik,"{""video_output"":{""source"":""civitai_api"",""url"":""https://civitai.com/api/v1/images?username=visionspik&type=video&nsfw=false"",""count_returned"":10},""aigc_verdict"":{""source"":""civitai_api"",""value"":""yes"",""reason"":""Civitai content is AI-generated and type=video confirms video output""}}"
https://civitai.com/user/doc_team,@doc_team,Civitai,,,"AIGC,AI video,Civitai,video",New,2026-08-04T06:29:48Z,,,,https://image.civitai.com/xG1nkqKTMzGDvpLrqFT7WA/8971dee9-a9d5-445f-ae6b-6779cb9e0aad/original=true/8971dee9-a9d5-445f-ae6b-6779cb9e0aad.mp4,yes,2026-07-27T06:22:16Z,Civitai API existing-row refresh,Civitai public API type=video nsfw=false confirms AI video output; follower count not exposed,,https://civitai.com/user/doc_team,"{""video_output"":{""source"":""civitai_api"",""url"":""https://civitai.com/api/v1/images?username=doc_team&type=video&nsfw=false"",""count_returned"":10},""aigc_verdict"":{""source"":""civitai_api"",""value"":""yes"",""reason"":""Civitai content is AI-generated and type=video confirms video output""}}"
https://civitai.com/user/carvera,@carvera,Civitai,,,"AIGC,AI video,Civitai,OpenAI,video",New,2026-08-04T06:29:48Z,,,,https://image.civitai.com/xG1nkqKTMzGDvpLrqFT7WA/e49a9cd4-68f9-47ce-8359-7bea91a825d7/original=true/e49a9cd4-68f9-47ce-8359-7bea91a825d7.mp4,yes,2026-07-27T06:22:16Z,Civitai API existing-row refresh,Civitai public API type=video nsfw=false confirms AI video output; follower count not exposed,,https://civitai.com/user/carvera,"{""video_output"":{""source"":""civitai_api"",""url"":""https://civitai.com/api/v1/images?username=carvera&type=video&nsfw=false"",""count_returned"":10},""aigc_verdict"":{""source"":""civitai_api"",""value"":""yes"",""reason"":""Civitai content is AI-generated and type=video confirms video output""}}"
https://civitai.com/user/seemly,@seemly,Civitai,,,"AIGC,AI video,Civitai,Flux.1 D,video",New,2026-08-04T06:29:48Z,,,,https://image.civitai.com/xG1nkqKTMzGDvpLrqFT7WA/e00e281a-b00f-43f5-9a35-c49b4204a330/original=true/e00e281a-b00f-43f5-9a35-c49b4204a330.mp4,yes,2026-07-27T06:22:16Z,Civitai API existing-row refresh,Civitai public API type=video nsfw=false confirms AI video output; follower count not exposed,,https://civitai.com/user/seemly,"{""video_output"":{""source"":""civitai_api"",""url"":""https://civitai.com/api/v1/images?username=seemly&type=video&nsfw=false"",""count_returned"":10},""aigc_verdict"":{""source"":""civitai_api"",""value"":""yes"",""reason"":""Civitai content is AI-generated and type=video confirms video output""}}"
https://civitai.com/user/joachim_s,@joachim_s,Civitai,,,"AIGC,AI video,Civitai,Other,video",New,2026-08-04T06:29:48Z,,,,https://image.civitai.com/xG1nkqKTMzGDvpLrqFT7WA/e8eeef45-2a17-4502-a858-2a66ff642e8e/original=true/e8eeef45-2a17-4502-a858-2a66ff642e8e.mp4,yes,2026-07-27T06:22:16Z,Civitai API existing-row refresh,Civitai public API type=video nsfw=false confirms AI video output; follower count not exposed,,https://civitai.com/user/joachim_s,"{""video_output"":{""source"":""civitai_api"",""url"":""https://civitai.com/api/v1/images?username=joachim_s&type=video&nsfw=false"",""count_returned"":10},""aigc_verdict"":{""source"":""civitai_api"",""value"":""yes"",""reason"":""Civitai content is AI-generated and type=video confirms video output""}}"
https://instagram.com/soraofficial,@soraofficial,Instagram,,,"AIGC,Meta,routine,Sora",New,2026-08-09T10:13:28Z,,,Sora,,unsure,2026-07-27T10:09:30Z,SearXNG Sora AI filmmaker site:instagram.com,Discovery-only; needs seated computer_use pass for personal/Threads or unavailable API; META_IG_USER_ID unavailable; IG Graph business_discovery skipped; flagged for seated computer_use,,https://instagram.com/soraofficial,"{""discovery"":{""source"":""SearXNG"",""query"":""Sora AI filmmaker site:instagram.com"",""url"":""https://www.instagram.com/soraofficial/""},""follower_count"":{""source"":""not_available"",""url"":""https://instagram.com/soraofficial""},""aigc_verdict"":{""source"":""not_inferred_from_search_text"",""url"":""https://www.instagram.com/soraofficial/"",""verdict"":""unsure""}}"
https://instagram.com/runwayapp,@runwayapp,Instagram,,,"AIGC,Meta,needs-seated-pass",New,2026-08-13T10:11:23Z,,,Runway,https://www.instagram.com/runwayapp/?hl=en,unsure,2026-07-27T10:09:30Z,SearXNG Runway AI video creator site:instagram.com,routine Meta discovery; no computer_use; META_GRAPH_TOKEN/META_IG_USER_ID not both available to this run; needs Graph retry or seated pass,,https://www.instagram.com/runwayapp/,"{""discovery"":{""source"":""SearXNG site-scope"",""query"":""Runway AI video creator site:instagram.com"",""url"":""https://www.instagram.com/runwayapp/""},""aigc_verdict"":{""source"":""search snippet only"",""value"":""unsure""}}"
https://instagram.com/klingai_official,@klingai_official,Instagram,,,"AIGC,Kling",New,2026-07-27T10:09:30Z,,,Kling,,unsure,2026-07-27T10:09:30Z,SearXNG Meta site-scope: Kling AI video creator site:instagram.com,IG Graph business_discovery unavailable: missing META_GRAPH_TOKEN; flagged_for_seated_computer_use_pass,,https://instagram.com/klingai_official,"{""discovery"":{""source"":""SearXNG"",""query"":""Kling AI video creator site:instagram.com"",""url"":""https://www.instagram.com/klingai_official/""},""aigc_verdict"":{""source"":""search snippet only"",""verdict"":""unsure""}}"
https://youtube.com/@nananaexii,@nananaexii,YouTube,12100,not exposed,"AIGC,YouTube",New,2026-08-13T18:05:09Z,,,,https://www.youtube.com/watch?v=O8pa_Guhbhk,unsure,2026-07-27T18:15:22Z,YouTube routine exact API refresh,api_refresh: YouTube subscribers=12100; videos=64; channelId=UCLO3lW6p_-fW7PHr7Ygr5Ow; recent_title=Elmo thinking about life,https://www.youtube.com/feeds/videos.xml?channel_id=UCLO3lW6p_-fW7PHr7Ygr5Ow,https://youtube.com/@nananaexii/about,"{""follower_count"":{""source"":""youtube_data_api.channels.list"",""channelId"":""UCLO3lW6p_-fW7PHr7Ygr5Ow"",""profileUrl"":""https://youtube.com/@nananaexii""},""bio"":{""source"":""youtube_data_api.channels.list"",""channel_id"":""UCLO3lW6p_-fW7PHr7Ygr5Ow""},""aigc_verdict"":{""source"":""existing_or_api_only_no_frame"",""verdict"":""unsure""},""youtube_channel_id"":""UCLO3lW6p_-fW7PHr7Ygr5Ow"",""recent_uploads"":{""source"":""youtube_data_api.search.list"",""channelId"":""UCLO3lW6p_-fW7PHr7Ygr5Ow"",""sample"":""https://www.youtube.com/watch?v=O8pa_Guhbhk""}}"
https://youtube.com/@solofilmsai,@solofilmsai,YouTube,15000,not exposed,"AIGC,YouTube",New,2026-08-13T18:05:09Z,,,,https://www.youtube.com/watch?v=R1CndFgb5tQ,unsure,2026-07-27T18:15:22Z,YouTube routine exact API refresh,api_refresh: YouTube subscribers=15000; videos=100; channelId=UCn5VpHr42JVIA4rs8IhKmoA; recent_title=BON APPETIT | The Perfect Date.. Almost,https://www.youtube.com/feeds/videos.xml?channel_id=UCn5VpHr42JVIA4rs8IhKmoA,https://youtube.com/@solofilmsai/about,"{""follower_count"":{""source"":""youtube_data_api.channels.list"",""channelId"":""UCn5VpHr42JVIA4rs8IhKmoA"",""profileUrl"":""https://youtube.com/@solofilmsai""},""bio"":{""source"":""youtube_data_api.channels.list"",""channel_id"":""UCn5VpHr42JVIA4rs8IhKmoA""},""aigc_verdict"":{""source"":""existing_or_api_only_no_frame"",""verdict"":""unsure""},""youtube_channel_id"":""UCn5VpHr42JVIA4rs8IhKmoA"",""recent_uploads"":{""source"":""youtube_data_api.search.list"",""channelId"":""UCn5VpHr42JVIA4rs8IhKmoA"",""sample"":""https://www.youtube.com/watch?v=R1CndFgb5tQ""}}"
https://youtube.com/@edurekain,@edurekain,YouTube,4440000,not exposed,"AIGC,YouTube",New,2026-08-13T18:05:09Z,,,,https://www.youtube.com/watch?v=az1dspimrJA,unsure,2026-07-27T18:15:22Z,YouTube routine exact API refresh,api_refresh: YouTube subscribers=4440000; videos=11891; channelId=UCkw4JCwteGrDHIsyIIKo4tQ; recent_title=Build Autonomous AI Workflows Without Heavy Coding | No-Code &amp; Low-Code AI Automation | Edureka,https://www.youtube.com/feeds/videos.xml?channel_id=UCkw4JCwteGrDHIsyIIKo4tQ,https://youtube.com/@edurekain/about,"{""follower_count"":{""source"":""youtube_data_api.channels.list"",""channelId"":""UCkw4JCwteGrDHIsyIIKo4tQ"",""profileUrl"":""https://youtube.com/@edurekain""},""bio"":{""source"":""youtube_data_api.channels.list"",""channel_id"":""UCkw4JCwteGrDHIsyIIKo4tQ""},""aigc_verdict"":{""source"":""existing_or_api_only_no_frame"",""verdict"":""unsure""},""youtube_channel_id"":""UCkw4JCwteGrDHIsyIIKo4tQ"",""recent_uploads"":{""source"":""youtube_data_api.search.list"",""channelId"":""UCkw4JCwteGrDHIsyIIKo4tQ"",""sample"":""https://www.youtube.com/watch?v=az1dspimrJA""}}"
https://youtube.com/@learnwithmeaningofficial,@learnwithmeaningofficial,YouTube,5,not exposed,"AIGC,YouTube,small-creator",New,2026-08-13T18:05:09Z,,,,,unsure,2026-07-27T18:15:22Z,YouTube routine exact API refresh,api_refresh: YouTube subscribers=5; videos=0; channelId=UCgCQ9-qGbEvugJ6fsnxIA5A,https://www.youtube.com/feeds/videos.xml?channel_id=UCgCQ9-qGbEvugJ6fsnxIA5A,https://youtube.com/@learnwithmeaningofficial/about,"{""follower_count"":{""source"":""youtube_data_api.channels.list"",""channelId"":""UCgCQ9-qGbEvugJ6fsnxIA5A"",""profileUrl"":""https://youtube.com/@learnwithmeaningofficial""},""bio"":{""source"":""youtube_data_api.channels.list"",""channel_id"":""UCgCQ9-qGbEvugJ6fsnxIA5A""},""aigc_verdict"":{""source"":""existing_or_api_only_no_frame"",""verdict"":""unsure""},""youtube_channel_id"":""UCgCQ9-qGbEvugJ6fsnxIA5A""}"
https://youtube.com/@ai.nowyknow,@ai.nowyknow,YouTube,16700,not exposed,"AIGC,YouTube",New,2026-08-13T18:05:09Z,,,,https://www.youtube.com/watch?v=aM4WXJNN73I,unsure,2026-07-27T18:15:22Z,YouTube routine exact API refresh,api_refresh: YouTube subscribers=16700; videos=229; channelId=UCJxRts37uGfqINk0XlRAKiQ; recent_title=I Tested 24 AI Image Models So You Don’t Have To,https://www.youtube.com/feeds/videos.xml?channel_id=UCJxRts37uGfqINk0XlRAKiQ,https://youtube.com/@ai.nowyknow/about,"{""follower_count"":{""source"":""youtube_data_api.channels.list"",""channelId"":""UCJxRts37uGfqINk0XlRAKiQ"",""profileUrl"":""https://youtube.com/@ai.nowyknow""},""bio"":{""source"":""youtube_data_api.channels.list"",""channel_id"":""UCJxRts37uGfqINk0XlRAKiQ""},""aigc_verdict"":{""source"":""existing_or_api_only_no_frame"",""verdict"":""unsure""},""youtube_channel_id"":""UCJxRts37uGfqINk0XlRAKiQ"",""recent_uploads"":{""source"":""youtube_data_api.search.list"",""channelId"":""UCJxRts37uGfqINk0XlRAKiQ"",""sample"":""https://www.youtube.com/watch?v=aM4WXJNN73I""}}"
https://youtube.com/@theaiandy,@theaiandy,YouTube,215000,not exposed,"AIGC,YouTube",New,2026-08-13T18:05:09Z,,,,https://www.youtube.com/watch?v=J_cNkBEIw14,unsure,2026-07-27T18:15:22Z,YouTube routine exact API refresh,api_refresh: YouTube subscribers=215000; videos=407; channelId=UCn2RJFAA1ndipnVJsYAwWOw; recent_title=Claude Code Now Creates Entire Long Form YouTube Videos (Steal My Prompt),https://www.youtube.com/feeds/videos.xml?channel_id=UCn2RJFAA1ndipnVJsYAwWOw,https://youtube.com/@theaiandy/about,"{""follower_count"":{""source"":""youtube_data_api.channels.list"",""channelId"":""UCn2RJFAA1ndipnVJsYAwWOw"",""profileUrl"":""https://youtube.com/@theaiandy""},""bio"":{""source"":""youtube_data_api.channels.list"",""channel_id"":""UCn2RJFAA1ndipnVJsYAwWOw""},""aigc_verdict"":{""source"":""existing_or_api_only_no_frame"",""verdict"":""unsure""},""youtube_channel_id"":""UCn2RJFAA1ndipnVJsYAwWOw"",""recent_uploads"":{""source"":""youtube_data_api.search.list"",""channelId"":""UCn2RJFAA1ndipnVJsYAwWOw"",""sample"":""https://www.youtube.com/watch?v=J_cNkBEIw14""}}"
https://youtube.com/@bai,@bai,YouTube,524000,not exposed,"AIGC,YouTube,Runway",New,2026-08-13T18:05:09Z,,,Runway,https://www.youtube.com/watch?v=OD1mMdezrWA,unsure,2026-07-27T18:15:22Z,YouTube routine exact API refresh,api_refresh: YouTube subscribers=524000; videos=571; channelId=UCqKRlX8Pi6xg-lAAzkt3wfA; recent_title=Tinkercad Tutorial: Design Your Own 3D Printed Car [ 2026 ],https://www.youtube.com/feeds/videos.xml?channel_id=UCqKRlX8Pi6xg-lAAzkt3wfA,https://youtube.com/@bai/about,"{""follower_count"":{""source"":""youtube_data_api.channels.list"",""channelId"":""UCqKRlX8Pi6xg-lAAzkt3wfA"",""profileUrl"":""https://youtube.com/@bai""},""bio"":{""source"":""youtube_data_api.channels.list"",""channel_id"":""UCqKRlX8Pi6xg-lAAzkt3wfA""},""aigc_verdict"":{""source"":""existing_or_api_only_no_frame"",""verdict"":""unsure""},""youtube_channel_id"":""UCqKRlX8Pi6xg-lAAzkt3wfA"",""recent_uploads"":{""source"":""youtube_data_api.search.list"",""channelId"":""UCqKRlX8Pi6xg-lAAzkt3wfA"",""sample"":""https://www.youtube.com/watch?v=OD1mMdezrWA""}}"
https://youtube.com/@kiwadoicamera,@kiwadoicamera,YouTube,253000,not exposed,"AIGC,YouTube",New,2026-08-13T18:05:09Z,,,,https://www.youtube.com/watch?v=gtFe9obtgFs,unsure,2026-07-27T18:15:22Z,YouTube routine exact API refresh,api_refresh: YouTube subscribers=253000; videos=75; channelId=UC_vbx24jzzQ5XArWHYEiXkQ; recent_title=#fishing 🎥 🐙 #giant #octopus 🦑 #fish #釣り #ヤツメウナギ #amazing #मछलीपकड़ने #拡張 #lovecraft,https://www.youtube.com/feeds/videos.xml?channel_id=UC_vbx24jzzQ5XArWHYEiXkQ,https://youtube.com/@kiwadoicamera/about,"{""follower_count"":{""source"":""youtube_data_api.channels.list"",""channelId"":""UC_vbx24jzzQ5XArWHYEiXkQ"",""profileUrl"":""https://youtube.com/@kiwadoicamera""},""bio"":{""source"":""youtube_data_api.channels.list"",""channel_id"":""UC_vbx24jzzQ5XArWHYEiXkQ""},""aigc_verdict"":{""source"":""existing_or_api_only_no_frame"",""verdict"":""unsure""},""youtube_channel_id"":""UC_vbx24jzzQ5XArWHYEiXkQ"",""recent_uploads"":{""source"":""youtube_data_api.search.list"",""channelId"":""UC_vbx24jzzQ5XArWHYEiXkQ"",""sample"":""https://www.youtube.com/watch?v=gtFe9obtgFs""}}"
https://youtube.com/@breakaway2x,@breakaway2x,YouTube,37000,not exposed,"AIGC,YouTube",New,2026-08-13T18:05:09Z,,,,https://www.youtube.com/watch?v=aL2to-n2nfw,unsure,2026-07-27T18:15:22Z,YouTube routine exact API refresh,api_refresh: YouTube subscribers=37000; videos=315; channelId=UC-4Bw_ZFe-O0-4R03Quh-8A; recent_title=Copyright Free and Royalty Free Music to own forever! Music Creator AI #aimusic #copyrightfree,https://www.youtube.com/feeds/videos.xml?channel_id=UC-4Bw_ZFe-O0-4R03Quh-8A,https://youtube.com/@breakaway2x/about,"{""follower_count"":{""source"":""youtube_data_api.channels.list"",""channelId"":""UC-4Bw_ZFe-O0-4R03Quh-8A"",""profileUrl"":""https://youtube.com/@breakaway2x""},""bio"":{""source"":""youtube_data_api.channels.list"",""channel_id"":""UC-4Bw_ZFe-O0-4R03Quh-8A""},""aigc_verdict"":{""source"":""existing_or_api_only_no_frame"",""verdict"":""unsure""},""youtube_channel_id"":""UC-4Bw_ZFe-O0-4R03Quh-8A"",""recent_uploads"":{""source"":""youtube_data_api.search.list"",""channelId"":""UC-4Bw_ZFe-O0-4R03Quh-8A"",""sample"":""https://www.youtube.com/watch?v=aL2to-n2nfw""}}"
https://youtube.com/@pika_labs,@pika_labs,YouTube,14400,not exposed,"AIGC,YouTube,Pika",New,2026-08-13T18:05:09Z,,,Pika,https://www.youtube.com/watch?v=TFuPSz_IjJw,unsure,2026-07-27T18:15:22Z,YouTube routine exact API refresh,api_refresh: YouTube subscribers=14400; videos=87; channelId=UC0SclYU4iiQRihtmDnak-gQ; recent_title=Seedance 2.5 on the Pika API Club,https://www.youtube.com/feeds/videos.xml?channel_id=UC0SclYU4iiQRihtmDnak-gQ,https://youtube.com/@pika_labs/about,"{""follower_count"":{""source"":""youtube_data_api.channels.list"",""channelId"":""UC0SclYU4iiQRihtmDnak-gQ"",""profileUrl"":""https://youtube.com/@pika_labs""},""bio"":{""source"":""youtube_data_api.channels.list"",""channel_id"":""UC0SclYU4iiQRihtmDnak-gQ""},""aigc_verdict"":{""source"":""existing_or_api_only_no_frame"",""verdict"":""unsure""},""youtube_channel_id"":""UC0SclYU4iiQRihtmDnak-gQ"",""recent_uploads"":{""source"":""youtube_data_api.search.list"",""channelId"":""UC0SclYU4iiQRihtmDnak-gQ"",""sample"":""https://www.youtube.com/watch?v=TFuPSz_IjJw""}}"
https://youtube.com/@pikaichi,@pikaichi,YouTube,26,not exposed,"AIGC,YouTube,Pika,small-creator",New,2026-08-13T18:05:09Z,,,Pika,https://www.youtube.com/watch?v=sdOfz15e0es,unsure,2026-07-27T18:15:22Z,YouTube routine exact API refresh,api_refresh: YouTube subscribers=26; videos=20; channelId=UCBaVzgh5RT0AarEMLl-SZ_A; recent_title=crf,https://www.youtube.com/feeds/videos.xml?channel_id=UCBaVzgh5RT0AarEMLl-SZ_A,https://youtube.com/@pikaichi/about,"{""follower_count"":{""source"":""youtube_data_api.channels.list"",""channelId"":""UCBaVzgh5RT0AarEMLl-SZ_A"",""profileUrl"":""https://youtube.com/@pikaichi""},""bio"":{""source"":""youtube_data_api.channels.list"",""channel_id"":""UCBaVzgh5RT0AarEMLl-SZ_A""},""aigc_verdict"":{""source"":""existing_or_api_only_no_frame"",""verdict"":""unsure""},""youtube_channel_id"":""UCBaVzgh5RT0AarEMLl-SZ_A"",""recent_uploads"":{""source"":""youtube_data_api.search.list"",""channelId"":""UCBaVzgh5RT0AarEMLl-SZ_A"",""sample"":""https://www.youtube.com/watch?v=sdOfz15e0es""}}"
https://youtube.com/@kanepixels,@kanepixels,YouTube,3550000,not exposed,"AIGC,YouTube",New,2026-08-13T18:05:09Z,,,,https://www.youtube.com/watch?v=wek9dIw2uVM,unsure,2026-07-27T18:15:22Z,YouTube routine exact API refresh,api_refresh: YouTube subscribers=3550000; videos=51; channelId=UC8X4WT5_lUXqMjeN8bGFk9w; recent_title=Backrooms | Official Trailer HD,https://www.youtube.com/feeds/videos.xml?channel_id=UC8X4WT5_lUXqMjeN8bGFk9w,https://youtube.com/@kanepixels/about,"{""follower_count"":{""source"":""youtube_data_api.channels.list"",""channelId"":""UC8X4WT5_lUXqMjeN8bGFk9w"",""profileUrl"":""https://youtube.com/@kanepixels""},""bio"":{""source"":""youtube_data_api.channels.list"",""channel_id"":""UC8X4WT5_lUXqMjeN8bGFk9w""},""aigc_verdict"":{""source"":""existing_or_api_only_no_frame"",""verdict"":""unsure""},""youtube_channel_id"":""UC8X4WT5_lUXqMjeN8bGFk9w"",""recent_uploads"":{""source"":""youtube_data_api.search.list"",""channelId"":""UC8X4WT5_lUXqMjeN8bGFk9w"",""sample"":""https://www.youtube.com/watch?v=wek9dIw2uVM""}}"
https://youtube.com/@aifilmmakingacademy,@aifilmmakingacademy,YouTube,62800,not exposed,"AIGC,YouTube,Kling,Runway,Sora,Veo",New,2026-08-13T18:05:09Z,,,Sora,https://www.youtube.com/watch?v=VQNbOudyp9Q,unsure,2026-07-27T18:15:22Z,YouTube routine exact API refresh,api_refresh: YouTube subscribers=62800; videos=45; channelId=UCz94LN8mm0Nv_5g79qPryrg; recent_title=Seedance 2.5 Stress Test - Is The Hype Justified?,https://www.youtube.com/feeds/videos.xml?channel_id=UCz94LN8mm0Nv_5g79qPryrg,https://youtube.com/@aifilmmakingacademy/about,"{""follower_count"":{""source"":""youtube_data_api.channels.list"",""channelId"":""UCz94LN8mm0Nv_5g79qPryrg"",""profileUrl"":""https://youtube.com/@aifilmmakingacademy""},""bio"":{""source"":""youtube_data_api.channels.list"",""channel_id"":""UCz94LN8mm0Nv_5g79qPryrg""},""aigc_verdict"":{""source"":""existing_or_api_only_no_frame"",""verdict"":""unsure""},""youtube_channel_id"":""UCz94LN8mm0Nv_5g79qPryrg"",""recent_uploads"":{""source"":""youtube_data_api.search.list"",""channelId"":""UCz94LN8mm0Nv_5g79qPryrg"",""sample"":""https://www.youtube.com/watch?v=VQNbOudyp9Q""}}"
https://youtube.com/@flypixai,@flypixai,YouTube,103,not exposed,"AIGC,YouTube,small-creator",New,2026-08-13T18:05:09Z,,,,https://www.youtube.com/watch?v=Gxzyia27l4o,unsure,2026-07-27T18:15:22Z,YouTube routine exact API refresh,api_refresh: YouTube subscribers=103; videos=23; channelId=UCMS-043D6twXLzvbqJgPAtg; recent_title=FlyPix AI Tutorial: Managing Profile Settings and Account Preferences | Step-by-Step Guide,https://www.youtube.com/feeds/videos.xml?channel_id=UCMS-043D6twXLzvbqJgPAtg,https://youtube.com/@flypixai/about,"{""follower_count"":{""source"":""youtube_data_api.channels.list"",""channelId"":""UCMS-043D6twXLzvbqJgPAtg"",""profileUrl"":""https://youtube.com/@flypixai""},""bio"":{""source"":""youtube_data_api.channels.list"",""channel_id"":""UCMS-043D6twXLzvbqJgPAtg""},""aigc_verdict"":{""source"":""existing_or_api_only_no_frame"",""verdict"":""unsure""},""youtube_channel_id"":""UCMS-043D6twXLzvbqJgPAtg"",""recent_uploads"":{""source"":""youtube_data_api.search.list"",""channelId"":""UCMS-043D6twXLzvbqJgPAtg"",""sample"":""https://www.youtube.com/watch?v=Gxzyia27l4o""}}"
https://youtube.com/@picassopix,@picassopix,YouTube,19,not exposed,"AIGC,YouTube,small-creator",New,2026-08-13T18:05:09Z,,,,https://www.youtube.com/watch?v=EhGco445RB8,unsure,2026-07-27T18:15:22Z,YouTube routine exact API refresh,"api_refresh: YouTube subscribers=19; videos=39; channelId=UCNAyDkOcjyXAMOq11drkejw; recent_title=PicassoPix | Right-Click to Remove Backgrounds, Upscale, Compress, and Colorize",https://www.youtube.com/feeds/videos.xml?channel_id=UCNAyDkOcjyXAMOq11drkejw,https://youtube.com/@picassopix/about,"{""follower_count"":{""source"":""youtube_data_api.channels.list"",""channelId"":""UCNAyDkOcjyXAMOq11drkejw"",""profileUrl"":""https://youtube.com/@picassopix""},""bio"":{""source"":""youtube_data_api.channels.list"",""channel_id"":""UCNAyDkOcjyXAMOq11drkejw""},""aigc_verdict"":{""source"":""existing_or_api_only_no_frame"",""verdict"":""unsure""},""youtube_channel_id"":""UCNAyDkOcjyXAMOq11drkejw"",""recent_uploads"":{""source"":""youtube_data_api.search.list"",""channelId"":""UCNAyDkOcjyXAMOq11drkejw"",""sample"":""https://www.youtube.com/watch?v=EhGco445RB8""}}"
https://youtube.com/@pixelperfectai,@pixelperfectai,YouTube,2270,not exposed,"AIGC,YouTube,small-creator",New,2026-08-13T18:05:09Z,,,,https://www.youtube.com/watch?v=bxJjy-lVbAY,unsure,2026-07-27T18:15:22Z,YouTube routine exact API refresh,api_refresh: YouTube subscribers=2270; videos=51; channelId=UCFVmPZhO9ik-gxENYefXWGw; recent_title=Lionel Messi - Transformation from a baby to old man #messi #lionelmessi #footballshorts,https://www.youtube.com/feeds/videos.xml?channel_id=UCFVmPZhO9ik-gxENYefXWGw,https://youtube.com/@pixelperfectai/about,"{""follower_count"":{""source"":""youtube_data_api.channels.list"",""channelId"":""UCFVmPZhO9ik-gxENYefXWGw"",""profileUrl"":""https://youtube.com/@pixelperfectai""},""bio"":{""source"":""youtube_data_api.channels.list"",""channel_id"":""UCFVmPZhO9ik-gxENYefXWGw""},""aigc_verdict"":{""source"":""existing_or_api_only_no_frame"",""verdict"":""unsure""},""youtube_channel_id"":""UCFVmPZhO9ik-gxENYefXWGw"",""recent_uploads"":{""source"":""youtube_data_api.search.list"",""channelId"":""UCFVmPZhO9ik-gxENYefXWGw"",""sample"":""https://www.youtube.com/watch?v=bxJjy-lVbAY""}}"
https://youtube.com/@pixel___ai,@pixel___ai,YouTube,10,not exposed,"AIGC,YouTube,small-creator",New,2026-08-13T18:05:09Z,,,,https://www.youtube.com/watch?v=irMQ51DPSAI,unsure,2026-07-27T18:15:22Z,YouTube routine exact API refresh,api_refresh: YouTube subscribers=10; videos=2; channelId=UCLQZ-fqoDSfmg23gpyldUbQ; recent_title=Dil Le Gya (Boyfriend) Karan Aujla Song,https://www.youtube.com/feeds/videos.xml?channel_id=UCLQZ-fqoDSfmg23gpyldUbQ,https://youtube.com/@pixel___ai/about,"{""follower_count"":{""source"":""youtube_data_api.channels.list"",""channelId"":""UCLQZ-fqoDSfmg23gpyldUbQ"",""profileUrl"":""https://youtube.com/@pixel___ai""},""bio"":{""source"":""youtube_data_api.channels.list"",""channel_id"":""UCLQZ-fqoDSfmg23gpyldUbQ""},""aigc_verdict"":{""source"":""existing_or_api_only_no_frame"",""verdict"":""unsure""},""youtube_channel_id"":""UCLQZ-fqoDSfmg23gpyldUbQ"",""recent_uploads"":{""source"":""youtube_data_api.search.list"",""channelId"":""UCLQZ-fqoDSfmg23gpyldUbQ"",""sample"":""https://www.youtube.com/watch?v=irMQ51DPSAI""}}"
https://youtube.com/@ai-cinema-lab,@ai-cinema-lab,YouTube,30,not exposed,"AIGC,YouTube,Hailuo,Minimax,small-creator",New,2026-08-13T18:05:09Z,,,Hailuo,https://www.youtube.com/watch?v=jYSVX3VHMzU,unsure,2026-07-27T18:15:22Z,YouTube routine exact API refresh,api_refresh: YouTube subscribers=30; videos=16; channelId=UCqga5TWaDFBYfqmUpWDPYsw; recent_title=Hailuo O2 Better and more Realistic Minimax | Hailuo AI,https://www.youtube.com/feeds/videos.xml?channel_id=UCqga5TWaDFBYfqmUpWDPYsw,https://youtube.com/@ai-cinema-lab/about,"{""follower_count"":{""source"":""youtube_data_api.channels.list"",""channelId"":""UCqga5TWaDFBYfqmUpWDPYsw"",""profileUrl"":""https://youtube.com/@ai-cinema-lab""},""bio"":{""source"":""youtube_data_api.channels.list"",""channel_id"":""UCqga5TWaDFBYfqmUpWDPYsw""},""aigc_verdict"":{""source"":""existing_or_api_only_no_frame"",""verdict"":""unsure""},""youtube_channel_id"":""UCqga5TWaDFBYfqmUpWDPYsw"",""recent_uploads"":{""source"":""youtube_data_api.search.list"",""channelId"":""UCqga5TWaDFBYfqmUpWDPYsw"",""sample"":""https://www.youtube.com/watch?v=jYSVX3VHMzU""}}"
https://youtube.com/@pixiemedia,@pixiemedia,YouTube,58,not exposed,"AIGC,YouTube,small-creator",New,2026-08-13T18:05:09Z,,,,https://www.youtube.com/watch?v=a4bQvJ3nKUI,unsure,2026-07-27T18:15:22Z,YouTube routine exact API refresh,api_refresh: YouTube subscribers=58; videos=7; channelId=UCwSkXAVoU2DEpJI2Q6GJxEw; recent_title=Damon &amp; Elena | Zombie |,https://www.youtube.com/feeds/videos.xml?channel_id=UCwSkXAVoU2DEpJI2Q6GJxEw,https://youtube.com/@pixiemedia/about,"{""follower_count"":{""source"":""youtube_data_api.channels.list"",""channelId"":""UCwSkXAVoU2DEpJI2Q6GJxEw"",""profileUrl"":""https://youtube.com/@pixiemedia""},""bio"":{""source"":""youtube_data_api.channels.list"",""channel_id"":""UCwSkXAVoU2DEpJI2Q6GJxEw""},""aigc_verdict"":{""source"":""existing_or_api_only_no_frame"",""verdict"":""unsure""},""youtube_channel_id"":""UCwSkXAVoU2DEpJI2Q6GJxEw"",""recent_uploads"":{""source"":""youtube_data_api.search.list"",""channelId"":""UCwSkXAVoU2DEpJI2Q6GJxEw"",""sample"":""https://www.youtube.com/watch?v=a4bQvJ3nKUI""}}"
https://youtube.com/@youth.realms,@youth.realms,YouTube,17500,not exposed,"AIGC,YouTube",New,2026-08-13T18:05:09Z,,,,https://www.youtube.com/watch?v=AoVXNzaBJu0,unsure,2026-07-27T18:15:22Z,YouTube routine exact API refresh,api_refresh: YouTube subscribers=17500; videos=74; channelId=UC-vDuN5n_YI_wmgMBuGH_wA; recent_title=a freebooter,https://www.youtube.com/feeds/videos.xml?channel_id=UC-vDuN5n_YI_wmgMBuGH_wA,https://youtube.com/@youth.realms/about,"{""follower_count"":{""source"":""youtube_data_api.channels.list"",""channelId"":""UC-vDuN5n_YI_wmgMBuGH_wA"",""profileUrl"":""https://youtube.com/@youth.realms""},""bio"":{""source"":""youtube_data_api.channels.list"",""channel_id"":""UC-vDuN5n_YI_wmgMBuGH_wA""},""aigc_verdict"":{""source"":""existing_or_api_only_no_frame"",""verdict"":""unsure""},""youtube_channel_id"":""UC-vDuN5n_YI_wmgMBuGH_wA"",""recent_uploads"":{""source"":""youtube_data_api.search.list"",""channelId"":""UC-vDuN5n_YI_wmgMBuGH_wA"",""sample"":""https://www.youtube.com/watch?v=AoVXNzaBJu0""}}"
https://youtube.com/@zaneaustin22,@zaneaustin22,YouTube,85,not exposed,"AIGC,YouTube,Pika,small-creator",New,2026-08-13T18:05:09Z,,,Pika,https://www.youtube.com/watch?v=gd8XqzCXMMk,unsure,2026-07-27T18:15:22Z,YouTube routine exact API refresh,api_refresh: YouTube subscribers=85; videos=75; channelId=UCgDkD8NVQ0TwZpqp3RmJ0fw; recent_title=Old Hollywood After Hours – Barry Manilow,https://www.youtube.com/feeds/videos.xml?channel_id=UCgDkD8NVQ0TwZpqp3RmJ0fw,https://youtube.com/@zaneaustin22/about,"{""follower_count"":{""source"":""youtube_data_api.channels.list"",""channelId"":""UCgDkD8NVQ0TwZpqp3RmJ0fw"",""profileUrl"":""https://youtube.com/@zaneaustin22""},""bio"":{""source"":""youtube_data_api.channels.list"",""channel_id"":""UCgDkD8NVQ0TwZpqp3RmJ0fw""},""aigc_verdict"":{""source"":""existing_or_api_only_no_frame"",""verdict"":""unsure""},""youtube_channel_id"":""UCgDkD8NVQ0TwZpqp3RmJ0fw"",""recent_uploads"":{""source"":""youtube_data_api.search.list"",""channelId"":""UCgDkD8NVQ0TwZpqp3RmJ0fw"",""sample"":""https://www.youtube.com/watch?v=gd8XqzCXMMk""}}"
https://youtube.com/@spiralendr,@spiralendr,YouTube,400,not exposed,"AIGC,YouTube,small-creator",New,2026-08-13T18:05:09Z,,,,https://www.youtube.com/watch?v=xjdk8maxumc,unsure,2026-07-27T18:15:22Z,YouTube routine exact API refresh,api_refresh: YouTube subscribers=400; videos=66; channelId=UClBEvGA-9b35wa1BlW09aKw; recent_title=How to loudmic #funny #comedy #montagem,https://www.youtube.com/feeds/videos.xml?channel_id=UClBEvGA-9b35wa1BlW09aKw,https://youtube.com/@spiralendr/about,"{""follower_count"":{""source"":""youtube_data_api.channels.list"",""channelId"":""UClBEvGA-9b35wa1BlW09aKw"",""profileUrl"":""https://youtube.com/@spiralendr""},""bio"":{""source"":""youtube_data_api.channels.list"",""channel_id"":""UClBEvGA-9b35wa1BlW09aKw""},""aigc_verdict"":{""source"":""existing_or_api_only_no_frame"",""verdict"":""unsure""},""youtube_channel_id"":""UClBEvGA-9b35wa1BlW09aKw"",""recent_uploads"":{""source"":""youtube_data_api.search.list"",""channelId"":""UClBEvGA-9b35wa1BlW09aKw"",""sample"":""https://www.youtube.com/watch?v=xjdk8maxumc""}}"
https://youtube.com/@explodingrabbit,@explodingrabbit,YouTube,10900,not exposed,"AIGC,YouTube",New,2026-08-13T18:05:09Z,,,,https://www.youtube.com/watch?v=nC0wuLt8gmI,unsure,2026-07-27T18:15:22Z,YouTube routine exact API refresh,"api_refresh: YouTube subscribers=10900; videos=102; channelId=UCKoBxwSqtqlM5G972yA4f5g; recent_title=AI Music, AI Filmmaking, and my Personal Story",https://www.youtube.com/feeds/videos.xml?channel_id=UCKoBxwSqtqlM5G972yA4f5g,https://youtube.com/@explodingrabbit/about,"{""follower_count"":{""source"":""youtube_data_api.channels.list"",""channelId"":""UCKoBxwSqtqlM5G972yA4f5g"",""profileUrl"":""https://youtube.com/@explodingrabbit""},""bio"":{""source"":""youtube_data_api.channels.list"",""channel_id"":""UCKoBxwSqtqlM5G972yA4f5g""},""aigc_verdict"":{""source"":""existing_or_api_only_no_frame"",""verdict"":""unsure""},""youtube_channel_id"":""UCKoBxwSqtqlM5G972yA4f5g"",""recent_uploads"":{""source"":""youtube_data_api.search.list"",""channelId"":""UCKoBxwSqtqlM5G972yA4f5g"",""sample"":""https://www.youtube.com/watch?v=nC0wuLt8gmI""}}"
https://youtube.com/@afraid2sleep,@afraid2sleep,YouTube,22800,not exposed,"AIGC,YouTube",New,2026-08-13T18:05:09Z,,,,https://www.youtube.com/watch?v=O2Gqc-eyfyw,unsure,2026-07-27T18:15:22Z,YouTube routine exact API refresh,api_refresh: YouTube subscribers=22800; videos=228; channelId=UCqrWkLKwRKNZRbbJXVEvAjw; recent_title=Sometimes you only have 30 seconds #film #analoghorror #horror #urbanlegend,https://www.youtube.com/feeds/videos.xml?channel_id=UCqrWkLKwRKNZRbbJXVEvAjw,https://youtube.com/@afraid2sleep/about,"{""follower_count"":{""source"":""youtube_data_api.channels.list"",""channelId"":""UCqrWkLKwRKNZRbbJXVEvAjw"",""profileUrl"":""https://youtube.com/@afraid2sleep""},""bio"":{""source"":""youtube_data_api.channels.list"",""channel_id"":""UCqrWkLKwRKNZRbbJXVEvAjw""},""aigc_verdict"":{""source"":""existing_or_api_only_no_frame"",""verdict"":""unsure""},""youtube_channel_id"":""UCqrWkLKwRKNZRbbJXVEvAjw"",""recent_uploads"":{""source"":""youtube_data_api.search.list"",""channelId"":""UCqrWkLKwRKNZRbbJXVEvAjw"",""sample"":""https://www.youtube.com/watch?v=O2Gqc-eyfyw""}}"
https://youtube.com/@tdfilmstudio,@tdfilmstudio,YouTube,30800,not exposed,"AIGC,YouTube",New,2026-08-13T18:05:09Z,,,,https://www.youtube.com/watch?v=gi9x0xzS9p4,unsure,2026-07-27T18:15:22Z,YouTube routine exact API refresh,"api_refresh: YouTube subscribers=30800; videos=202; channelId=UCt6FEN99ynhAF5vDnk5xcyw; recent_title=Mom Is My Sunshine, Dad Is My Shade 🪔 A Tribute to Parents | Dhoop Aur Saya",https://www.youtube.com/feeds/videos.xml?channel_id=UCt6FEN99ynhAF5vDnk5xcyw,https://youtube.com/@tdfilmstudio/about,"{""follower_count"":{""source"":""youtube_data_api.channels.list"",""channelId"":""UCt6FEN99ynhAF5vDnk5xcyw"",""profileUrl"":""https://youtube.com/@tdfilmstudio""},""bio"":{""source"":""youtube_data_api.channels.list"",""channel_id"":""UCt6FEN99ynhAF5vDnk5xcyw""},""aigc_verdict"":{""source"":""existing_or_api_only_no_frame"",""verdict"":""unsure""},""youtube_channel_id"":""UCt6FEN99ynhAF5vDnk5xcyw"",""recent_uploads"":{""source"":""youtube_data_api.search.list"",""channelId"":""UCt6FEN99ynhAF5vDnk5xcyw"",""sample"":""https://www.youtube.com/watch?v=gi9x0xzS9p4""}}"
https://youtube.com/@projectrunwayglobal,@projectrunwayglobal,YouTube,55600,not exposed,"AIGC,YouTube,Runway",New,2026-08-13T18:05:09Z,,,Runway,https://www.youtube.com/watch?v=agkFZEvOnTw,unsure,2026-07-27T18:15:22Z,YouTube routine exact API refresh,api_refresh: YouTube subscribers=55600; videos=285; channelId=UChT5ulADE1jtPKjOnAdwhEg; recent_title=Project Runway | Season 3 Episode 14 |Full Episode,https://www.youtube.com/feeds/videos.xml?channel_id=UChT5ulADE1jtPKjOnAdwhEg,https://youtube.com/@projectrunwayglobal/about,"{""follower_count"":{""source"":""youtube_data_api.channels.list"",""channelId"":""UChT5ulADE1jtPKjOnAdwhEg"",""profileUrl"":""https://youtube.com/@projectrunwayglobal""},""bio"":{""source"":""youtube_data_api.channels.list"",""channel_id"":""UChT5ulADE1jtPKjOnAdwhEg""},""aigc_verdict"":{""source"":""existing_or_api_only_no_frame"",""verdict"":""unsure""},""youtube_channel_id"":""UChT5ulADE1jtPKjOnAdwhEg"",""recent_uploads"":{""source"":""youtube_data_api.search.list"",""channelId"":""UChT5ulADE1jtPKjOnAdwhEg"",""sample"":""https://www.youtube.com/watch?v=agkFZEvOnTw""}}"
https://youtube.com/@runwareai,@runwareai,YouTube,269,not exposed,"AIGC,YouTube,ComfyUI,small-creator",New,2026-08-13T18:05:09Z,,,ComfyUI,https://www.youtube.com/watch?v=SbPON7vdhwM,unsure,2026-07-27T18:15:22Z,YouTube routine exact API refresh,api_refresh: YouTube subscribers=269; videos=7; channelId=UCZ91ct1yM4tEhnaz7bFTHug; recent_title=Sonic Inference Pod: A data centre built for AI inference,https://www.youtube.com/feeds/videos.xml?channel_id=UCZ91ct1yM4tEhnaz7bFTHug,https://youtube.com/@runwareai/about,"{""follower_count"":{""source"":""youtube_data_api.channels.list"",""channelId"":""UCZ91ct1yM4tEhnaz7bFTHug"",""profileUrl"":""https://youtube.com/@runwareai""},""bio"":{""source"":""youtube_data_api.channels.list"",""channel_id"":""UCZ91ct1yM4tEhnaz7bFTHug""},""aigc_verdict"":{""source"":""existing_or_api_only_no_frame"",""verdict"":""unsure""},""youtube_channel_id"":""UCZ91ct1yM4tEhnaz7bFTHug"",""recent_uploads"":{""source"":""youtube_data_api.search.list"",""channelId"":""UCZ91ct1yM4tEhnaz7bFTHug"",""sample"":""https://www.youtube.com/watch?v=SbPON7vdhwM""}}"
https://youtube.com/@polygonrunway,@polygonrunway,YouTube,541000,not exposed,"AIGC,YouTube,Runway",New,2026-08-13T18:05:09Z,,,Runway,https://www.youtube.com/watch?v=P2kpRZ2j11s,unsure,2026-07-27T18:15:22Z,YouTube routine exact API refresh,api_refresh: YouTube subscribers=541000; videos=1180; channelId=UCGSJevmBuDyxjLLOBNaYMGA; recent_title=Did you know you can do this in Blender? 😲,https://www.youtube.com/feeds/videos.xml?channel_id=UCGSJevmBuDyxjLLOBNaYMGA,https://youtube.com/@polygonrunway/about,"{""follower_count"":{""source"":""youtube_data_api.channels.list"",""channelId"":""UCGSJevmBuDyxjLLOBNaYMGA"",""profileUrl"":""https://youtube.com/@polygonrunway""},""bio"":{""source"":""youtube_data_api.channels.list"",""channel_id"":""UCGSJevmBuDyxjLLOBNaYMGA""},""aigc_verdict"":{""source"":""existing_or_api_only_no_frame"",""verdict"":""unsure""},""youtube_channel_id"":""UCGSJevmBuDyxjLLOBNaYMGA"",""recent_uploads"":{""source"":""youtube_data_api.search.list"",""channelId"":""UCGSJevmBuDyxjLLOBNaYMGA"",""sample"":""https://www.youtube.com/watch?v=P2kpRZ2j11s""}}"
https://youtube.com/@extendmyrunway1920,@extendmyrunway1920,YouTube,21,not exposed,"AIGC,YouTube,Runway,small-creator",New,2026-08-13T18:05:09Z,,,Runway,https://www.youtube.com/watch?v=_bKpKJtz45s,unsure,2026-07-27T18:15:22Z,YouTube routine exact API refresh,api_refresh: YouTube subscribers=21; videos=12; channelId=UCxFGHplnscoPyS8hlov6fOA; recent_title=Your brain may not be finished with you yet,https://www.youtube.com/feeds/videos.xml?channel_id=UCxFGHplnscoPyS8hlov6fOA,https://youtube.com/@extendmyrunway1920/about,"{""follower_count"":{""source"":""youtube_data_api.channels.list"",""channelId"":""UCxFGHplnscoPyS8hlov6fOA"",""profileUrl"":""https://youtube.com/@extendmyrunway1920""},""bio"":{""source"":""youtube_data_api.channels.list"",""channel_id"":""UCxFGHplnscoPyS8hlov6fOA""},""aigc_verdict"":{""source"":""existing_or_api_only_no_frame"",""verdict"":""unsure""},""youtube_channel_id"":""UCxFGHplnscoPyS8hlov6fOA"",""recent_uploads"":{""source"":""youtube_data_api.search.list"",""channelId"":""UCxFGHplnscoPyS8hlov6fOA"",""sample"":""https://www.youtube.com/watch?v=_bKpKJtz45s""}}"
https://youtube.com/@upscaledrunways,@upscaledrunways,YouTube,5290,not exposed,"AIGC,YouTube,Runway,small-creator",New,2026-08-13T18:05:09Z,,,Runway,https://www.youtube.com/watch?v=EBkpctxgmK4,unsure,2026-07-27T18:15:22Z,YouTube routine exact API refresh,api_refresh: YouTube subscribers=5290; videos=1749; channelId=UCev1-gELFp2MLNtrIA3OzwQ; recent_title=Fear Of God 2024 Jerry Lorenzo Style Revolution Interview - 4k Ultra HD,https://www.youtube.com/feeds/videos.xml?channel_id=UCev1-gELFp2MLNtrIA3OzwQ,https://youtube.com/@upscaledrunways/about,"{""follower_count"":{""source"":""youtube_data_api.channels.list"",""channelId"":""UCev1-gELFp2MLNtrIA3OzwQ"",""profileUrl"":""https://youtube.com/@upscaledrunways""},""bio"":{""source"":""youtube_data_api.channels.list"",""channel_id"":""UCev1-gELFp2MLNtrIA3OzwQ""},""aigc_verdict"":{""source"":""existing_or_api_only_no_frame"",""verdict"":""unsure""},""youtube_channel_id"":""UCev1-gELFp2MLNtrIA3OzwQ"",""recent_uploads"":{""source"":""youtube_data_api.search.list"",""channelId"":""UCev1-gELFp2MLNtrIA3OzwQ"",""sample"":""https://www.youtube.com/watch?v=EBkpctxgmK4""}}"
https://youtube.com/@runwayto_,@runwayto_,YouTube,253,not exposed,"AIGC,YouTube,Runway,small-creator",New,2026-08-13T18:05:09Z,,,Runway,https://www.youtube.com/watch?v=oBI_zJ8pzBs,unsure,2026-07-27T18:15:22Z,YouTube routine exact API refresh,api_refresh: YouTube subscribers=253; videos=83; channelId=UCahHmQv0mSd7Xv2l5_XRfqw; recent_title=RunwayTO LUMINARY 2026 | A Celebration of Fashion &amp; Creativity,https://www.youtube.com/feeds/videos.xml?channel_id=UCahHmQv0mSd7Xv2l5_XRfqw,https://youtube.com/@runwayto_/about,"{""follower_count"":{""source"":""youtube_data_api.channels.list"",""channelId"":""UCahHmQv0mSd7Xv2l5_XRfqw"",""profileUrl"":""https://youtube.com/@runwayto_""},""bio"":{""source"":""youtube_data_api.channels.list"",""channel_id"":""UCahHmQv0mSd7Xv2l5_XRfqw""},""aigc_verdict"":{""source"":""existing_or_api_only_no_frame"",""verdict"":""unsure""},""youtube_channel_id"":""UCahHmQv0mSd7Xv2l5_XRfqw"",""recent_uploads"":{""source"":""youtube_data_api.search.list"",""channelId"":""UCahHmQv0mSd7Xv2l5_XRfqw"",""sample"":""https://www.youtube.com/watch?v=oBI_zJ8pzBs""}}"
https://youtube.com/@runwaypov,@runwaypov,YouTube,8230,not exposed,"AIGC,YouTube,Runway,small-creator",New,2026-08-13T18:05:09Z,,,Runway,https://www.youtube.com/watch?v=PIlUU4YB3ZA,unsure,2026-07-27T18:15:22Z,YouTube routine exact API refresh,api_refresh: YouTube subscribers=8230; videos=124; channelId=UCr6vg2GCFJjOW9iDOCFIFFg; recent_title=MERLIN CASTELL Swimwear  | Miami Swim Week 2026 | Art Hearts Fashion | 4K,https://www.youtube.com/feeds/videos.xml?channel_id=UCr6vg2GCFJjOW9iDOCFIFFg,https://youtube.com/@runwaypov/about,"{""follower_count"":{""source"":""youtube_data_api.channels.list"",""channelId"":""UCr6vg2GCFJjOW9iDOCFIFFg"",""profileUrl"":""https://youtube.com/@runwaypov""},""bio"":{""source"":""youtube_data_api.channels.list"",""channel_id"":""UCr6vg2GCFJjOW9iDOCFIFFg""},""aigc_verdict"":{""source"":""existing_or_api_only_no_frame"",""verdict"":""unsure""},""youtube_channel_id"":""UCr6vg2GCFJjOW9iDOCFIFFg"",""recent_uploads"":{""source"":""youtube_data_api.search.list"",""channelId"":""UCr6vg2GCFJjOW9iDOCFIFFg"",""sample"":""https://www.youtube.com/watch?v=PIlUU4YB3ZA""}}"
https://youtube.com/@runwayaction,@runwayaction,YouTube,57900,not exposed,"AIGC,YouTube,Runway",New,2026-08-13T18:05:09Z,,,Runway,https://www.youtube.com/watch?v=5S51DWWyTPk,unsure,2026-07-27T18:15:22Z,YouTube routine exact API refresh,api_refresh: YouTube subscribers=57900; videos=781; channelId=UCkljDFwuJZf1jMPAuijsNAg; recent_title=1 Hour of Plane Spotting at TOKYO (2011),https://www.youtube.com/feeds/videos.xml?channel_id=UCkljDFwuJZf1jMPAuijsNAg,https://youtube.com/@runwayaction/about,"{""follower_count"":{""source"":""youtube_data_api.channels.list"",""channelId"":""UCkljDFwuJZf1jMPAuijsNAg"",""profileUrl"":""https://youtube.com/@runwayaction""},""bio"":{""source"":""youtube_data_api.channels.list"",""channel_id"":""UCkljDFwuJZf1jMPAuijsNAg""},""aigc_verdict"":{""source"":""existing_or_api_only_no_frame"",""verdict"":""unsure""},""youtube_channel_id"":""UCkljDFwuJZf1jMPAuijsNAg"",""recent_uploads"":{""source"":""youtube_data_api.search.list"",""channelId"":""UCkljDFwuJZf1jMPAuijsNAg"",""sample"":""https://www.youtube.com/watch?v=5S51DWWyTPk""}}"
https://youtube.com/@filmcrux,@filmcrux,YouTube,653000,not exposed,"AIGC,YouTube",New,2026-08-13T18:05:09Z,,,,https://www.youtube.com/watch?v=6inqfFTqTSI,unsure,2026-07-27T18:15:22Z,YouTube routine exact API refresh,api_refresh: YouTube subscribers=653000; videos=421; channelId=UC7Q94lm-leWvjgsWJ89qPdQ; recent_title=10 Grams | A Private Eye Story,https://www.youtube.com/feeds/videos.xml?channel_id=UC7Q94lm-leWvjgsWJ89qPdQ,https://youtube.com/@filmcrux/about,"{""follower_count"":{""source"":""youtube_data_api.channels.list"",""channelId"":""UC7Q94lm-leWvjgsWJ89qPdQ"",""profileUrl"":""https://youtube.com/@filmcrux""},""bio"":{""source"":""youtube_data_api.channels.list"",""channel_id"":""UC7Q94lm-leWvjgsWJ89qPdQ""},""aigc_verdict"":{""source"":""existing_or_api_only_no_frame"",""verdict"":""unsure""},""youtube_channel_id"":""UC7Q94lm-leWvjgsWJ89qPdQ"",""recent_uploads"":{""source"":""youtube_data_api.search.list"",""channelId"":""UC7Q94lm-leWvjgsWJ89qPdQ"",""sample"":""https://www.youtube.com/watch?v=6inqfFTqTSI""}}"
https://youtube.com/@annabethrobinson,@annabethrobinson,YouTube,602,not exposed,"AIGC,YouTube,small-creator",New,2026-08-13T18:05:09Z,,,,https://www.youtube.com/watch?v=1yw3Ld_ty6w,unsure,2026-07-27T18:15:22Z,YouTube routine exact API refresh,api_refresh: YouTube subscribers=602; videos=177; channelId=UCkGop34AA59UtRgzyZ-455Q; recent_title=Tixl - Optical Flow and Displacement Test,https://www.youtube.com/feeds/videos.xml?channel_id=UCkGop34AA59UtRgzyZ-455Q,https://youtube.com/@annabethrobinson/about,"{""follower_count"":{""source"":""youtube_data_api.channels.list"",""channelId"":""UCkGop34AA59UtRgzyZ-455Q"",""profileUrl"":""https://youtube.com/@annabethrobinson""},""bio"":{""source"":""youtube_data_api.channels.list"",""channel_id"":""UCkGop34AA59UtRgzyZ-455Q""},""aigc_verdict"":{""source"":""existing_or_api_only_no_frame"",""verdict"":""unsure""},""youtube_channel_id"":""UCkGop34AA59UtRgzyZ-455Q"",""recent_uploads"":{""source"":""youtube_data_api.search.list"",""channelId"":""UCkGop34AA59UtRgzyZ-455Q"",""sample"":""https://www.youtube.com/watch?v=1yw3Ld_ty6w""}}"
https://youtube.com/@houseofindovina,@houseofindovina,YouTube,62,not exposed,"AIGC,YouTube,small-creator",New,2026-08-13T18:05:09Z,,,,https://www.youtube.com/watch?v=3IeVAjcCh6Q,unsure,2026-07-27T18:15:22Z,YouTube routine exact API refresh,api_refresh: YouTube subscribers=62; videos=60; channelId=UCVtdmORFfnem60ZmXw6WP6A; recent_title=rebellionaire,https://www.youtube.com/feeds/videos.xml?channel_id=UCVtdmORFfnem60ZmXw6WP6A,https://youtube.com/@houseofindovina/about,"{""follower_count"":{""source"":""youtube_data_api.channels.list"",""channelId"":""UCVtdmORFfnem60ZmXw6WP6A"",""profileUrl"":""https://youtube.com/@houseofindovina""},""bio"":{""source"":""youtube_data_api.channels.list"",""channel_id"":""UCVtdmORFfnem60ZmXw6WP6A""},""aigc_verdict"":{""source"":""existing_or_api_only_no_frame"",""verdict"":""unsure""},""youtube_channel_id"":""UCVtdmORFfnem60ZmXw6WP6A"",""recent_uploads"":{""source"":""youtube_data_api.search.list"",""channelId"":""UCVtdmORFfnem60ZmXw6WP6A"",""sample"":""https://www.youtube.com/watch?v=3IeVAjcCh6Q""}}"
https://youtube.com/@runwayml,@runwayml,YouTube,134000,not exposed,"AIGC,YouTube,Runway",New,2026-08-13T18:05:09Z,,,Runway,https://www.youtube.com/watch?v=uu-AyQixiRg,unsure,2026-07-27T18:15:22Z,YouTube routine exact API refresh,api_refresh: YouTube subscribers=134000; videos=161; channelId=UCUBqu_z5uP0AZhYtuyFZB3g; recent_title=How Legal Leaders at Block and Spotify Get to Yes on AI | Runway AI Summit 2026,https://www.youtube.com/feeds/videos.xml?channel_id=UCUBqu_z5uP0AZhYtuyFZB3g,https://youtube.com/@runwayml/about,"{""follower_count"":{""source"":""youtube_data_api.channels.list"",""channelId"":""UCUBqu_z5uP0AZhYtuyFZB3g"",""profileUrl"":""https://youtube.com/@runwayml""},""bio"":{""source"":""youtube_data_api.channels.list"",""channel_id"":""UCUBqu_z5uP0AZhYtuyFZB3g""},""aigc_verdict"":{""source"":""existing_or_api_only_no_frame"",""verdict"":""unsure""},""youtube_channel_id"":""UCUBqu_z5uP0AZhYtuyFZB3g"",""recent_uploads"":{""source"":""youtube_data_api.search.list"",""channelId"":""UCUBqu_z5uP0AZhYtuyFZB3g"",""sample"":""https://www.youtube.com/watch?v=uu-AyQixiRg""}}"
https://youtube.com/@zeldogiq,@zeldogiq,YouTube,20400,not exposed,"AIGC,YouTube,Kling,Veo",New,2026-08-13T18:05:09Z,,,Kling,https://www.youtube.com/watch?v=EVFQd-BVrzw,unsure,2026-07-27T18:15:22Z,YouTube routine exact API refresh,"api_refresh: YouTube subscribers=20400; videos=362; channelId=UCC98zlAMzSHLJyFQGPHxciQ; recent_title=Seedance 2.5 ist da, 50 Referenzen in einem Prompt!",https://www.youtube.com/feeds/videos.xml?channel_id=UCC98zlAMzSHLJyFQGPHxciQ,https://youtube.com/@zeldogiq/about,"{""follower_count"":{""source"":""youtube_data_api.channels.list"",""channelId"":""UCC98zlAMzSHLJyFQGPHxciQ"",""profileUrl"":""https://youtube.com/@zeldogiq""},""bio"":{""source"":""youtube_data_api.channels.list"",""channel_id"":""UCC98zlAMzSHLJyFQGPHxciQ""},""aigc_verdict"":{""source"":""existing_or_api_only_no_frame"",""verdict"":""unsure""},""youtube_channel_id"":""UCC98zlAMzSHLJyFQGPHxciQ"",""recent_uploads"":{""source"":""youtube_data_api.search.list"",""channelId"":""UCC98zlAMzSHLJyFQGPHxciQ"",""sample"":""https://www.youtube.com/watch?v=EVFQd-BVrzw""}}"
https://youtube.com/@futuremadefilms,@futuremadefilms,YouTube,4,not exposed,"AIGC,YouTube,small-creator",New,2026-08-13T18:05:09Z,,,,https://www.youtube.com/watch?v=JnysQxl1j7A,unsure,2026-07-27T18:15:22Z,YouTube routine exact API refresh,api_refresh: YouTube subscribers=4; videos=3; channelId=UC24FVcmnao1KX5jhp8SFRZA; recent_title=Approachable App - We Bring the Community To You,https://www.youtube.com/feeds/videos.xml?channel_id=UC24FVcmnao1KX5jhp8SFRZA,https://youtube.com/@futuremadefilms/about,"{""follower_count"":{""source"":""youtube_data_api.channels.list"",""channelId"":""UC24FVcmnao1KX5jhp8SFRZA"",""profileUrl"":""https://youtube.com/@futuremadefilms""},""bio"":{""source"":""youtube_data_api.channels.list"",""channel_id"":""UC24FVcmnao1KX5jhp8SFRZA""},""aigc_verdict"":{""source"":""existing_or_api_only_no_frame"",""verdict"":""unsure""},""youtube_channel_id"":""UC24FVcmnao1KX5jhp8SFRZA"",""recent_uploads"":{""source"":""youtube_data_api.search.list"",""channelId"":""UC24FVcmnao1KX5jhp8SFRZA"",""sample"":""https://www.youtube.com/watch?v=JnysQxl1j7A""}}"
https://youtube.com/@mbitsstudio,@mbitsstudio,YouTube,38700,not exposed,"AIGC,YouTube",New,2026-08-13T18:05:09Z,,,,https://www.youtube.com/watch?v=GEqq3e2078s,unsure,2026-07-27T18:15:22Z,YouTube routine exact API refresh,api_refresh: YouTube subscribers=38700; videos=696; channelId=UCkTRWHY-VjXGARNk4tNp1hw; recent_title=The magic book #ai,https://www.youtube.com/feeds/videos.xml?channel_id=UCkTRWHY-VjXGARNk4tNp1hw,https://youtube.com/@mbitsstudio/about,"{""follower_count"":{""source"":""youtube_data_api.channels.list"",""channelId"":""UCkTRWHY-VjXGARNk4tNp1hw"",""profileUrl"":""https://youtube.com/@mbitsstudio""},""bio"":{""source"":""youtube_data_api.channels.list"",""channel_id"":""UCkTRWHY-VjXGARNk4tNp1hw""},""aigc_verdict"":{""source"":""existing_or_api_only_no_frame"",""verdict"":""unsure""},""youtube_channel_id"":""UCkTRWHY-VjXGARNk4tNp1hw"",""recent_uploads"":{""source"":""youtube_data_api.search.list"",""channelId"":""UCkTRWHY-VjXGARNk4tNp1hw"",""sample"":""https://www.youtube.com/watch?v=GEqq3e2078s""}}"
https://youtube.com/@rehance_ai,@rehance_ai,YouTube,2,not exposed,"AIGC,YouTube,small-creator",New,2026-08-13T18:05:09Z,,,,https://www.youtube.com/watch?v=A8zPUKdGfro,unsure,2026-07-27T18:15:22Z,YouTube routine exact API refresh,api_refresh: YouTube subscribers=2; videos=1; channelId=UCJ6zXvIs8VwQNKFxYso8Olg; recent_title=Creating an AI Copilot for SaaS: Rehance Product Walkthrough (2024),https://www.youtube.com/feeds/videos.xml?channel_id=UCJ6zXvIs8VwQNKFxYso8Olg,https://youtube.com/@rehance_ai/about,"{""follower_count"":{""source"":""youtube_data_api.channels.list"",""channelId"":""UCJ6zXvIs8VwQNKFxYso8Olg"",""profileUrl"":""https://youtube.com/@rehance_ai""},""bio"":{""source"":""youtube_data_api.channels.list"",""channel_id"":""UCJ6zXvIs8VwQNKFxYso8Olg""},""aigc_verdict"":{""source"":""existing_or_api_only_no_frame"",""verdict"":""unsure""},""youtube_channel_id"":""UCJ6zXvIs8VwQNKFxYso8Olg"",""recent_uploads"":{""source"":""youtube_data_api.search.list"",""channelId"":""UCJ6zXvIs8VwQNKFxYso8Olg"",""sample"":""https://www.youtube.com/watch?v=A8zPUKdGfro""}}"
https://reddit.com/user/zashmanson,u/ZashManson,Reddit,,,"AIGC,Reddit,Sora,Veo,AI video",New,2026-07-28T02:21:49Z,,,Sora,https://www.reddit.com/r/aivideo/comments/1nyryov/as_of_today_which_is_the_most_advanced_ai_video/,unsure,2026-07-28T02:21:49Z,searxng AI video creator site:reddit.com/r/aivideo,"discovery_only: SearXNG/ddgs surfaced r/aivideo; Reddit has no keyless profiling API, so FollowerCount is empty and AIGCVerdict=unsure; no computer_use",,https://www.reddit.com/r/aivideo/comments/1nyryov/as_of_today_which_is_the_most_advanced_ai_video/,"{""identity"":{""source"":""old.reddit public post author"",""url"":""https://www.reddit.com/r/aivideo/comments/1nyryov/as_of_today_which_is_the_most_advanced_ai_video/""},""discovery"":{""source"":""searxng"",""query"":""AI video creator site:reddit.com/r/aivideo"",""url"":""https://www.reddit.com/r/aivideo/comments/1nyryov/as_of_today_which_is_the_most_advanced_ai_video/"",""title"":""As of today, Which is the most advanced AI video generator yet?""},""aigc_verdict"":{""source"":""not_profiled_reddit_no_keyless_api"",""verdict"":""unsure""},""sample_content_url"":{""source"":""outbound link on public reddit post"",""url"":""http://fal.ai""}}"
https://reddit.com/user/andyriffeth,u/AndyRiffeth,Reddit,,,"AIGC,Reddit,Sora,AI filmmaker",New,2026-07-28T02:21:49Z,,,Sora,https://youtu.be/DreCx7nLCOk?si=J9AfvIg3uPn_Zm3S,unsure,2026-07-28T02:21:49Z,searxng Sora AI filmmaker site:reddit.com/r/aivideo,"discovery_only: SearXNG/ddgs surfaced r/aivideo; Reddit has no keyless profiling API, so FollowerCount is empty and AIGCVerdict=unsure; no computer_use",,https://www.reddit.com/r/aivideo/comments/1jjtg1p/bacon_face/,"{""identity"":{""source"":""old.reddit public post author"",""url"":""https://www.reddit.com/r/aivideo/comments/1jjtg1p/bacon_face/""},""discovery"":{""source"":""searxng"",""query"":""Sora AI filmmaker site:reddit.com/r/aivideo"",""url"":""https://www.reddit.com/r/aivideo/comments/1jjtg1p/bacon_face/"",""title"":""Bacon Face : r/aivideo - Reddit""},""aigc_verdict"":{""source"":""not_profiled_reddit_no_keyless_api"",""verdict"":""unsure""},""sample_content_url"":{""source"":""outbound link on public reddit post"",""url"":""https://youtu.be/DreCx7nLCOk?si=J9AfvIg3uPn_Zm3S""}}"
https://reddit.com/user/braindead_13,u/Braindead_13,Reddit,,,"AIGC,Reddit,Sora,AI filmmaker",New,2026-07-28T02:21:49Z,,,Sora,https://www.reddit.com/r/aivideo/comments/1o2cz9y/the_definitive_bob_ross_sora_2_documentary/,unsure,2026-07-28T02:21:49Z,searxng Sora AI filmmaker site:reddit.com/r/aivideo,"discovery_only: SearXNG/ddgs surfaced r/aivideo; Reddit has no keyless profiling API, so FollowerCount is empty and AIGCVerdict=unsure; no computer_use",,https://www.reddit.com/r/aivideo/comments/1o2cz9y/the_definitive_bob_ross_sora_2_documentary/,"{""identity"":{""source"":""old.reddit public post author"",""url"":""https://www.reddit.com/r/aivideo/comments/1o2cz9y/the_definitive_bob_ross_sora_2_documentary/""},""discovery"":{""source"":""searxng"",""query"":""Sora AI filmmaker site:reddit.com/r/aivideo"",""url"":""https://www.reddit.com/r/aivideo/comments/1o2cz9y/the_definitive_bob_ross_sora_2_documentary/"",""title"":""The Definitive Bob Ross Sora 2 Documentary : r/aivideo - Reddit""},""aigc_verdict"":{""source"":""not_profiled_reddit_no_keyless_api"",""verdict"":""unsure""},""sample_content_url"":{""source"":""outbound link on public reddit post"",""url"":""https://redditblog.com""}}"
https://reddit.com/user/crafty-squirrel-7967,u/Crafty-Squirrel-7967,Reddit,,,"AIGC,Reddit,Sora,AI filmmaker",New,2026-07-28T02:21:49Z,,,Sora,https://www.reddit.com/r/aivideo/comments/1s4ud3y/seedance_ai_is_getting_seriously_cinematic_now/,unsure,2026-07-28T02:21:49Z,searxng Sora AI filmmaker site:reddit.com/r/aivideo,"discovery_only: SearXNG/ddgs surfaced r/aivideo; Reddit has no keyless profiling API, so FollowerCount is empty and AIGCVerdict=unsure; no computer_use",,https://www.reddit.com/r/aivideo/comments/1s4ud3y/seedance_ai_is_getting_seriously_cinematic_now/,"{""identity"":{""source"":""old.reddit public post author"",""url"":""https://www.reddit.com/r/aivideo/comments/1s4ud3y/seedance_ai_is_getting_seriously_cinematic_now/""},""discovery"":{""source"":""searxng"",""query"":""Sora AI filmmaker site:reddit.com/r/aivideo"",""url"":""https://www.reddit.com/r/aivideo/comments/1s4ud3y/seedance_ai_is_getting_seriously_cinematic_now/"",""title"":""Seedance AI Is Getting Seriously Cinematic Now : r/aivideo - Reddit""},""aigc_verdict"":{""source"":""not_profiled_reddit_no_keyless_api"",""verdict"":""unsure""},""sample_content_url"":{""source"":""outbound link on public reddit post"",""url"":""https://redditblog.com""}}"
https://reddit.com/user/dapper-fly-3742,u/Dapper-Fly-3742,Reddit,,,"AIGC,Reddit,Runway,AI video",New,2026-07-28T02:21:49Z,,,Runway,https://www.reddit.com/r/aivideo/comments/1qa64w3/what_program_do_you_think_they_use_to_make_these/,unsure,2026-07-28T02:21:49Z,searxng Runway AI video site:reddit.com/r/aivideo,"discovery_only: SearXNG/ddgs surfaced r/aivideo; Reddit has no keyless profiling API, so FollowerCount is empty and AIGCVerdict=unsure; no computer_use",,https://www.reddit.com/r/aivideo/comments/1qa64w3/what_program_do_you_think_they_use_to_make_these/,"{""identity"":{""source"":""old.reddit public post author"",""url"":""https://www.reddit.com/r/aivideo/comments/1qa64w3/what_program_do_you_think_they_use_to_make_these/""},""discovery"":{""source"":""searxng"",""query"":""Runway AI video site:reddit.com/r/aivideo"",""url"":""https://www.reddit.com/r/aivideo/comments/1qa64w3/what_program_do_you_think_they_use_to_make_these/"",""title"":""What program do you think they use to make these types of videos? I ...""},""aigc_verdict"":{""source"":""not_profiled_reddit_no_keyless_api"",""verdict"":""unsure""},""sample_content_url"":{""source"":""outbound link on public reddit post"",""url"":""https://redditblog.com""}}"
https://reddit.com/user/forbiddenlasagna,u/ForbiddenLasagna,Reddit,,,"AIGC,Reddit,Sora,AI filmmaker",New,2026-07-28T02:21:49Z,,,Sora,https://www.reddit.com/r/aivideo/comments/1pohf18/top_secret_time_travel_found_footage_short_film/,unsure,2026-07-28T02:21:49Z,searxng Sora AI filmmaker site:reddit.com/r/aivideo,"discovery_only: SearXNG/ddgs surfaced r/aivideo; Reddit has no keyless profiling API, so FollowerCount is empty and AIGCVerdict=unsure; no computer_use",,https://www.reddit.com/r/aivideo/comments/1pohf18/top_secret_time_travel_found_footage_short_film/,"{""identity"":{""source"":""old.reddit public post author"",""url"":""https://www.reddit.com/r/aivideo/comments/1pohf18/top_secret_time_travel_found_footage_short_film/""},""discovery"":{""source"":""searxng"",""query"":""Sora AI filmmaker site:reddit.com/r/aivideo"",""url"":""https://www.reddit.com/r/aivideo/comments/1pohf18/top_secret_time_travel_found_footage_short_film/"",""title"":""Top Secret Time Travel Found Footage Short Film (Sora) - Reddit""},""aigc_verdict"":{""source"":""not_profiled_reddit_no_keyless_api"",""verdict"":""unsure""},""sample_content_url"":{""source"":""outbound link on public reddit post"",""url"":""https://giphy.com/gifs/18gEqArCQNlo5zowZn""}}"
https://reddit.com/user/huntersfreud,u/HunterSFreud,Reddit,,,"AIGC,Reddit,Sora,AI filmmaker",New,2026-07-28T02:21:49Z,,,Sora,https://www.reddit.com/r/aivideo/comments/1ham591/the_first_humans/,unsure,2026-07-28T02:21:49Z,searxng Sora AI filmmaker site:reddit.com/r/aivideo,"discovery_only: SearXNG/ddgs surfaced r/aivideo; Reddit has no keyless profiling API, so FollowerCount is empty and AIGCVerdict=unsure; no computer_use",,https://www.reddit.com/r/aivideo/comments/1ham591/the_first_humans/,"{""identity"":{""source"":""old.reddit public post author"",""url"":""https://www.reddit.com/r/aivideo/comments/1ham591/the_first_humans/""},""discovery"":{""source"":""searxng"",""query"":""Sora AI filmmaker site:reddit.com/r/aivideo"",""url"":""https://www.reddit.com/r/aivideo/comments/1ham591/the_first_humans/"",""title"":""The First Humans : r/aivideo - Reddit""},""aigc_verdict"":{""source"":""not_profiled_reddit_no_keyless_api"",""verdict"":""unsure""},""sample_content_url"":{""source"":""outbound link on public reddit post"",""url"":""https://giphy.com/gifs/RRGQhwjKHPVbXlwbYO""}}"
https://reddit.com/user/kemo1685,u/Kemo1685,Reddit,,,"AIGC,Reddit,Kling,AI video",New,2026-07-28T02:21:49Z,,,Kling,https://fastflux.ai/,unsure,2026-07-28T02:21:49Z,searxng AI video creator site:reddit.com/r/aivideo,"discovery_only: SearXNG/ddgs surfaced r/aivideo; Reddit has no keyless profiling API, so FollowerCount is empty and AIGCVerdict=unsure; no computer_use",,https://www.reddit.com/r/aivideo/comments/1fkl0j9/what_tools_can_i_use_to_create_videos_like_this/,"{""identity"":{""source"":""old.reddit public post author"",""url"":""https://www.reddit.com/r/aivideo/comments/1fkl0j9/what_tools_can_i_use_to_create_videos_like_this/""},""discovery"":{""source"":""searxng"",""query"":""AI video creator site:reddit.com/r/aivideo"",""url"":""https://www.reddit.com/r/aivideo/comments/1fkl0j9/what_tools_can_i_use_to_create_videos_like_this/"",""title"":""r/aivideo on Reddit: What tools can I use to create videos like this ...""},""aigc_verdict"":{""source"":""not_profiled_reddit_no_keyless_api"",""verdict"":""unsure""},""sample_content_url"":{""source"":""outbound link on public reddit post"",""url"":""https://fastflux.ai/""}}"
https://reddit.com/user/nunki08,u/Nunki08,Reddit,,,"AIGC,Reddit,Sora,AI filmmaker",New,2026-07-28T02:21:49Z,,,Sora,https://x.com/markoslavnic,unsure,2026-07-28T02:21:49Z,searxng Sora AI filmmaker site:reddit.com/r/aivideo,"discovery_only: SearXNG/ddgs surfaced r/aivideo; Reddit has no keyless profiling API, so FollowerCount is empty and AIGCVerdict=unsure; no computer_use",,https://www.reddit.com/r/aivideo/comments/1t9yzyj/remarkable_aicreated_animation_short_by_marko/,"{""identity"":{""source"":""old.reddit public post author"",""url"":""https://www.reddit.com/r/aivideo/comments/1t9yzyj/remarkable_aicreated_animation_short_by_marko/""},""discovery"":{""source"":""searxng"",""query"":""Sora AI filmmaker site:reddit.com/r/aivideo"",""url"":""https://www.reddit.com/r/aivideo/comments/1t9yzyj/remarkable_aicreated_animation_short_by_marko/"",""title"":""Remarkable AI-Created Animation Short by Marko Slavnic - Reddit""},""aigc_verdict"":{""source"":""not_profiled_reddit_no_keyless_api"",""verdict"":""unsure""},""sample_content_url"":{""source"":""outbound link on public reddit post"",""url"":""https://x.com/markoslavnic""}}"
https://reddit.com/user/randommonies,u/RandomMonies,Reddit,,,"AIGC,Reddit,Sora,AI filmmaker",New,2026-07-28T02:21:49Z,,,Sora,https://m.youtube.com/watch?v=iW0bKUfvH2c&t=298s&pp=2AGqApACAQ%3D%3D,unsure,2026-07-28T02:21:49Z,searxng Sora AI filmmaker site:reddit.com/r/aivideo,"discovery_only: SearXNG/ddgs surfaced r/aivideo; Reddit has no keyless profiling API, so FollowerCount is empty and AIGCVerdict=unsure; no computer_use",,https://www.reddit.com/r/aivideo/comments/1nvidpx/sora_2_fantasy_animation_consistency_is_crazy/,"{""identity"":{""source"":""old.reddit public post author"",""url"":""https://www.reddit.com/r/aivideo/comments/1nvidpx/sora_2_fantasy_animation_consistency_is_crazy/""},""discovery"":{""source"":""searxng"",""query"":""Sora AI filmmaker site:reddit.com/r/aivideo"",""url"":""https://www.reddit.com/r/aivideo/comments/1nvidpx/sora_2_fantasy_animation_consistency_is_crazy/"",""title"":""Sora 2 Fantasy Animation - consistency is crazy : r/aivideo - Reddit""},""aigc_verdict"":{""source"":""not_profiled_reddit_no_keyless_api"",""verdict"":""unsure""},""sample_content_url"":{""source"":""outbound link on public reddit post"",""url"":""https://m.youtube.com/watch?v=iW0bKUfvH2c&t=298s&pp=2AGqApACAQ%3D%3D""}}"
https://reddit.com/user/sourcecode12,u/Sourcecode12,Reddit,,,"AIGC,Reddit,Runway",New,2026-08-03T02:22:34Z,,,Runway,https://www.reddit.com/r/aivideo/comments/1h6qun2/the_procedure_ai_generated_short_film_i_got_to/,unsure,2026-07-28T02:21:49Z,SearXNG site:reddit.com/r/aivideo; /user queries returned 0; ddgs returned 0,discovery_only: Reddit keyless profiling unavailable; follower_count empty; AIGC unsure,,https://www.reddit.com/r/aivideo/comments/1h6qun2/the_procedure_ai_generated_short_film_i_got_to/,"{""discovery"":{""source"":""SearXNG"",""query"":""Runway AI filmmaker site:reddit.com/r/aivideo"",""url"":""https://www.reddit.com/r/aivideo/comments/1h6qun2/the_procedure_ai_generated_short_film_i_got_to/"",""title"":""AI Generated Short Film. I got to try Runway's Act One - Reddit"",""snippet"":""4 Dec 2024 ... Comments Section \u00b7 Runway to Grant Filmmakers up to $1 Million for AI-Powered Movies \u00b7 I made an AI showreel cut like a music video, with a\u00a0...""},""identity"":{""source"":""old.reddit public post page"",""url"":""https://old.reddit.com/r/aivideo/comments/1h6qun2/the_procedure_ai_generated_short_film_i_got_to/"",""claim"":""post author only; no Reddit profiling API used""},""aigc_verdict"":{""source"":""search snippet only"",""verdict"":""unsure""}}"
https://threads.net/@aicoffeechat,@aicoffeechat,Threads,,,"AIGC,Meta,routine,Runway,Kling",New,2026-08-07T10:10:18Z,,,Runway,https://www.threads.net/@aicoffeechat/post/DBGaQYzPBFF,unsure,2026-07-28T10:09:22Z,SearXNG Meta site-scope: Runway AI video creator site:threads.net,Threads third-party profile has no broad public API; flagged for seated computer_use pass,,https://threads.net/@aicoffeechat,"{""discovery"":{""source"":""SearXNG"",""query"":""Runway AI video creator site:threads.net"",""url"":""https://www.threads.net/@aicoffeechat/post/DBGaQYzPBFF""},""follower_count"":{""source"":""not_available_without_meta_graph_or_manual"",""url"":""https://threads.net/@aicoffeechat""},""aigc_verdict"":{""source"":""search_snippet_only_not_inferred"",""url"":""https://www.threads.net/@aicoffeechat/post/DBGaQYzPBFF""},""manual_review"":{""needed"":true,""reason"":""Threads third-party profile has no broad public API; flagged for seated computer_use pass""}}"
https://facebook.com/aniksingal,@aniksingal,Facebook,,,"AIGC,Meta,SearXNG,Runway,meta_graph_retry",New,2026-07-28T10:09:25Z,,,Runway,https://www.facebook.com/aniksingal/videos/i-filmed-this-entire-video-in-one-plain-room-watch-where-i-end-upthis-is-runways/1677325866714133/,unsure,2026-07-28T10:09:22Z,SearXNG Meta site-scope: Runway AI video creator site:facebook.com,Meta routine discovery-only: Graph credentials missing; no computer_use; flagged for seated read-only computer_use/API retry. sole_or_small: unsure.,,https://www.facebook.com/aniksingal/videos/i-filmed-this-entire-video-in-one-plain-room-watch-where-i-end-upthis-is-runways/1677325866714133/,"{""discovery"":{""source"":""SearXNG site-scope"",""query"":""Runway AI video creator site:facebook.com"",""source_url"":""https://www.facebook.com/aniksingal/videos/i-filmed-this-entire-video-in-one-plain-room-watch-where-i-end-upthis-is-runways/1677325866714133/"",""snippet"":""I filmed this entire video in one plain room. Watch where I end up ... 2 days ago ... I filmed this entire video in one plain room. Watch where I end up. This is Runway's Aleph 2.0 — an AI tool that transforms the entire scene ...""},""profile"":{""source"":""not_run"",""reason"":""META_GRAPH_TOKEN and/or META_IG_USER_ID missing in environment; no computer_use allowed in this run""},""aigc_verdict"":{""source"":""search snippet only"",""verdict"":""unsure"",""reason"":""ROUTINE rule 9: do not infer AIGC from search/scraped text""}}"
https://facebook.com/61591641855684,@61591641855684,Facebook,,,"AIGC,Meta,DiscoveryOnly",New,2026-08-03T10:06:49Z,,,,https://www.facebook.com/61591641855684?locale=en_GB,unsure,2026-07-28T10:09:22Z,"SearXNG ""AI video creator"" ""Facebook"" site:facebook.com",Meta Graph credentials unavailable this run; appended identity+source only; FollowerCount empty; AIGCVerdict unsure; flagged for seated computer_use pass. No computer_use used.,,https://www.facebook.com/61591641855684?locale=en_GB,"{""discovery"":{""source"":""SearXNG"",""query"":""\""AI video creator\"" \""Facebook\"" site:facebook.com"",""url"":""https://www.facebook.com/61591641855684?locale=en_GB"",""snippet"":""AI video creator - Facebook; updated their profile picture""},""follower_count"":{""source"":""none"",""status"":""empty_until_Meta_Graph_or_seated_computer_use_pass""},""aigc_verdict"":{""source"":""search_snippet_only"",""verdict"":""unsure""}}"
https://reddit.com/user/buschrolle,u/Buschrolle,Reddit,,,"AIGC,Reddit,AI video,Runway,Pika",New,2026-08-04T02:11:56Z,,,Runway,,unsure,2026-07-29T02:14:10Z,"SearXNG Reddit discovery: site:reddit.com/user ""AI video"" creator","Reddit discovery-only; no keyless profiling API; sole/small/follower count unverified. snippet says using ChatGPT scripts, ElevenLabs voiceovers, Runway/Pika visual elements",,https://www.reddit.com/user/Buschrolle/,"{""discovery"":{""source"":""SearXNG"",""query"":""site:reddit.com/user \""AI video\"" creator"",""url"":""https://www.reddit.com/user/Buschrolle/"",""title"":""u/Buschrolle - Reddit"",""snippet"":""Started using a mix of ChatGPT for scripts, ElevenLabs for voiceovers, and some AI video generators like Runway and Pika for visual elements. Not going full\u00a0...""},""aigc_verdict"":{""source"":""not_profiled_no_keyless_reddit_api"",""verdict"":""unsure""},""follower_count"":{""source"":""not_available_no_keyless_reddit_api"",""value"":""""}}"
https://reddit.com/user/the4saken1,u/the4saken1,Reddit,,,"AIGC,Reddit,discovery-only,Runway",New,2026-08-09T02:16:08Z,,,Runway,,unsure,2026-07-29T02:14:10Z,SearXNG/ddgs Reddit discovery; query=Runway AI video creator site:reddit.com/user; tool=searxng,Reddit discovery-only; no keyless profiling API; follower count intentionally empty.,,https://www.reddit.com/user/the4saken1/,"{""identity"":{""source"":""searxng"",""url"":""https://www.reddit.com/user/the4saken1/""},""discovery"":{""source"":""searxng"",""url"":""https://www.reddit.com/user/the4saken1/"",""snippet"":""u/the4saken1 - Reddit | 15 Mar 2025 ... Midjourney new video to video ai tool is incredible \u00b7 the4saken1 commented 1 yr. ago. hey everyone - it's me in the video, definitely runway\u00a0...""},""aigc_verdict"":{""source"":""search_snippet_only"",""verdict"":""unsure""}}"
https://reddit.com/user/curious_refuge,u/Curious_Refuge,Reddit,,,"AIGC,Reddit,Runway",New,2026-08-13T02:05:37Z,,,Runway,https://www.reddit.com/user/Curious_Refuge/,unsure,2026-07-29T02:14:10Z,searxng Runway AI filmmaker site:reddit.com/user,"Reddit discovery-only: no keyless profiling API from server IP; follower_count empty; verdict unsure. Snippet: u/Curious_Refuge - Reddit 17 Jan 2024 ... So much press goes into the negatives of AI, but this is a great example of how AI can be used to pitch/tell a story that normally wouldn't have ...",,https://www.reddit.com/user/Curious_Refuge/,"{""identity"":{""source"":""searxng"",""url"":""https://www.reddit.com/user/Curious_Refuge/"",""query"":""Runway AI filmmaker site:reddit.com/user"",""reason"":""profile_url_result""},""aigc_verdict"":{""source"":""search_snippet"",""url"":""https://www.reddit.com/user/Curious_Refuge/"",""verdict"":""unsure"",""snippet"":""u/Curious_Refuge - Reddit 17 Jan 2024 ... So much press goes into the negatives of AI, but this is a great example of how AI can be used to pitch/tell a story that normally wouldn't have ...""}}"
https://civitai.com/user/seeseelp,SeeSeeLP,Civitai,,,"AIGC,AI video,Civitai",New,2026-08-01T06:37:46Z,,,,https://image.civitai.com/xG1nkqKTMzGDvpLrqFT7WA/7608ecc3-e456-42e8-928d-e6ea0a9d87d1/original=true/7608ecc3-e456-42e8-928d-e6ea0a9d87d1.mp4,yes,2026-07-29T06:22:45Z,Civitai API newest type=video,routine API refresh/discovery; Civitai type=video confirms AI video output,,https://civitai.com/user/SeeSeeLP,"{""video_content"":{""source"":""civitai_api_images_type_video"",""url"":""https://civitai.com/api/v1/images?username=SeeSeeLP&type=video&nsfw=false""}}"
https://civitai.com/user/triptrap,TripTrap,Civitai,,,"AIGC,AI video,Civitai",New,2026-08-01T06:37:46Z,,,,https://image.civitai.com/xG1nkqKTMzGDvpLrqFT7WA/ef518176-8362-4d52-a3e1-55a611f5295a/original=true/ef518176-8362-4d52-a3e1-55a611f5295a.mp4,yes,2026-07-29T06:22:45Z,Civitai API newest type=video,routine API refresh/discovery; Civitai type=video confirms AI video output,,https://civitai.com/user/TripTrap,"{""video_content"":{""source"":""civitai_api_images_type_video"",""url"":""https://civitai.com/api/v1/images?username=TripTrap&type=video&nsfw=false""}}"
https://civitai.com/user/andulce,andulce,Civitai,,,"AIGC,Civitai,Video",New,2026-08-08T06:34:38Z,,,,https://image.civitai.com/xG1nkqKTMzGDvpLrqFT7WA/f9326455-9375-4346-8a27-adfdbfd5a0dc/original=true/f9326455-9375-4346-8a27-adfdbfd5a0dc.mp4,yes,2026-07-29T06:22:45Z,civitai_api_refresh:type=video,"has public SFW video via Civitai API; video_item_id:138082016; stats:{""cryCount"":0,""laughCount"":0,""likeCount"":21,""dislikeCount"":0,""heartCount"":4,""commentCount"":0}",,https://civitai.com/user/andulce,"{""video_content"":{""source"":""civitai_api"",""url"":""https://image.civitai.com/xG1nkqKTMzGDvpLrqFT7WA/f9326455-9375-4346-8a27-adfdbfd5a0dc/original=true/f9326455-9375-4346-8a27-adfdbfd5a0dc.mp4"",""item_id"":138082016,""type"":""video""},""aigc_verdict"":{""source"":""civitai_api"",""url"":""https://image.civitai.com/xG1nkqKTMzGDvpLrqFT7WA/f9326455-9375-4346-8a27-adfdbfd5a0dc/original=true/f9326455-9375-4346-8a27-adfdbfd5a0dc.mp4"",""note"":""Civitai content is AI-generated by platform definition; type=video confirms video output.""}}"
https://civitai.com/user/yorgash,yorgash,Civitai,,,"AIGC,Civitai,Video",New,2026-07-31T06:22:16Z,,,,https://civitai.com/posts/30087734,yes,2026-07-29T06:22:45Z,civitai api discovery: /images type=video nsfw=false,civitai_api; type=video; nsfw=false; follower_count_not_exposed,,https://civitai.com/user/yorgash,"{""aigc_verdict"":{""source"":""civitai_api_type_video"",""url"":""https://civitai.com/posts/30087734"",""note"":""Civitai public REST returned type=video with nsfw=false.""},""sample_content"":{""source"":""civitai_api"",""url"":""https://image.civitai.com/xG1nkqKTMzGDvpLrqFT7WA/a49f752c-1af5-48e2-be4b-20cc56a3c23d/original=true/a49f752c-1af5-48e2-be4b-20cc56a3c23d.mp4""}}"
https://civitai.com/user/peterjoyce874,peterjoyce874,Civitai,,,"AIGC,Civitai,video",New,2026-08-10T06:27:40Z,,,,https://image.civitai.com/xG1nkqKTMzGDvpLrqFT7WA/4dcd1f4a-dc3e-4a91-9ab5-72f41c08ad7f/original=true/4dcd1f4a-dc3e-4a91-9ab5-72f41c08ad7f.mp4,yes,2026-07-29T06:22:45Z,Civitai API /images type=video sort=Newest,discovered_from_public_sfw_video_feed,,https://civitai.com/user/peterjoyce874,"{""video_content"":{""source"":""civitai_images_api"",""url"":""https://image.civitai.com/xG1nkqKTMzGDvpLrqFT7WA/4dcd1f4a-dc3e-4a91-9ab5-72f41c08ad7f/original=true/4dcd1f4a-dc3e-4a91-9ab5-72f41c08ad7f.mp4"",""type"":""video"",""nsfw"":false},""aigc_verdict"":{""source"":""civitai_video_api"",""url"":""https://image.civitai.com/xG1nkqKTMzGDvpLrqFT7WA/4dcd1f4a-dc3e-4a91-9ab5-72f41c08ad7f/original=true/4dcd1f4a-dc3e-4a91-9ab5-72f41c08ad7f.mp4"",""note"":""Civitai public video item confirms AI-generated video output""}}"
https://civitai.com/user/neph1,neph1,Civitai,,,"AIGC,Civitai,Video",New,2026-08-08T06:34:38Z,,,,https://image.civitai.com/xG1nkqKTMzGDvpLrqFT7WA/99743d86-36a0-4b76-9e86-ab74a98629fa/original=true/99743d86-36a0-4b76-9e86-ab74a98629fa.mp4,yes,2026-07-29T06:22:45Z,civitai_api_refresh:type=video,"has public SFW video via Civitai API; video_item_id:138933547; stats:{""cryCount"":2,""laughCount"":0,""likeCount"":19,""dislikeCount"":0,""heartCount"":5,""commentCount"":0}",,https://civitai.com/user/neph1,"{""video_content"":{""source"":""civitai_api"",""url"":""https://image.civitai.com/xG1nkqKTMzGDvpLrqFT7WA/99743d86-36a0-4b76-9e86-ab74a98629fa/original=true/99743d86-36a0-4b76-9e86-ab74a98629fa.mp4"",""item_id"":138933547,""type"":""video""},""aigc_verdict"":{""source"":""civitai_api"",""url"":""https://image.civitai.com/xG1nkqKTMzGDvpLrqFT7WA/99743d86-36a0-4b76-9e86-ab74a98629fa/original=true/99743d86-36a0-4b76-9e86-ab74a98629fa.mp4"",""note"":""Civitai content is AI-generated by platform definition; type=video confirms video output.""}}"
https://civitai.com/user/whnd,whnd,Civitai,,,"AIGC,Civitai,Video",New,2026-08-08T06:34:38Z,,,,https://image.civitai.com/xG1nkqKTMzGDvpLrqFT7WA/bc2f0b06-7b81-49ed-afb2-1c550e953235/original=true/bc2f0b06-7b81-49ed-afb2-1c550e953235.mp4,yes,2026-07-29T06:22:45Z,civitai_api_refresh:type=video,"has public SFW video via Civitai API; video_item_id:138067470; stats:{""cryCount"":0,""laughCount"":2,""likeCount"":21,""dislikeCount"":0,""heartCount"":7,""commentCount"":0}",,https://civitai.com/user/whnd,"{""video_content"":{""source"":""civitai_api"",""url"":""https://image.civitai.com/xG1nkqKTMzGDvpLrqFT7WA/bc2f0b06-7b81-49ed-afb2-1c550e953235/original=true/bc2f0b06-7b81-49ed-afb2-1c550e953235.mp4"",""item_id"":138067470,""type"":""video""},""aigc_verdict"":{""source"":""civitai_api"",""url"":""https://image.civitai.com/xG1nkqKTMzGDvpLrqFT7WA/bc2f0b06-7b81-49ed-afb2-1c550e953235/original=true/bc2f0b06-7b81-49ed-afb2-1c550e953235.mp4"",""note"":""Civitai content is AI-generated by platform definition; type=video confirms video output.""}}"
https://civitai.com/user/pelvis,Pelvis,Civitai,,,"AIGC,Civitai,video",New,2026-08-06T06:19:00Z,,,Civitai,https://civitai.com/posts/30211471,yes,2026-07-29T06:22:45Z,Civitai API /images type=video newest,"sole_or_small: unknown; video_item_id:138861812; stats:{""cryCount"":0,""laughCount"":0,""likeCount"":3,""dislikeCount"":0,""heartCount"":0,""commentCount"":0}",,https://civitai.com/user/Pelvis,"{""aigc_verdict"":{""source"":""civitai_api_type_video"",""url"":""https://civitai.com/posts/30211471"",""note"":""Civitai public REST returned SFW item with type=video; platform content is AI-generated by definition.""},""video_content"":{""source"":""civitai_api"",""url"":""https://civitai.com/posts/30211471"",""item_id"":138861812}}"
https://civitai.com/user/squishypotato,squishypotato,Civitai,,,"AIGC,Civitai,video",New,2026-08-06T06:19:00Z,,,Civitai,https://civitai.com/posts/29758632,yes,2026-07-29T06:22:45Z,Civitai API /images type=video newest,"sole_or_small: unknown; video_item_id:136605541; stats:{""cryCount"":0,""laughCount"":0,""likeCount"":3,""dislikeCount"":0,""heartCount"":1,""commentCount"":0}",,https://civitai.com/user/squishypotato,"{""aigc_verdict"":{""source"":""civitai_api_type_video"",""url"":""https://civitai.com/posts/29758632"",""note"":""Civitai public REST returned SFW item with type=video; platform content is AI-generated by definition.""},""video_content"":{""source"":""civitai_api"",""url"":""https://civitai.com/posts/29758632"",""item_id"":136605541}}"
https://civitai.com/user/eternalstrifeai,eternalstrifeai,Civitai,,,"AIGC,Civitai,video,Illustrious",New,2026-08-10T06:27:40Z,,,Illustrious,https://image.civitai.com/xG1nkqKTMzGDvpLrqFT7WA/ede433b7-338e-4e04-b905-516254c30753/original=true/ede433b7-338e-4e04-b905-516254c30753.mp4,yes,2026-07-29T06:22:45Z,Civitai API refresh,public_sfw_video_items: 2,,https://civitai.com/user/eternalstrifeai,"{""video_content"":{""source"":""civitai_images_api"",""url"":""https://civitai.com/api/v1/images"",""items"":2,""type"":""video"",""nsfw"":false},""aigc_verdict"":{""source"":""civitai_video_api"",""url"":""https://image.civitai.com/xG1nkqKTMzGDvpLrqFT7WA/ede433b7-338e-4e04-b905-516254c30753/original=true/ede433b7-338e-4e04-b905-516254c30753.mp4"",""note"":""Civitai public video item confirms AI-generated video output""}}"
https://civitai.com/user/nimblechopsticks,nimblechopsticks,Civitai,,,"AIGC,Civitai,video",New,2026-08-10T06:27:40Z,,,,https://image.civitai.com/xG1nkqKTMzGDvpLrqFT7WA/9e94cb6c-f5f5-4695-8be2-ddda7432bd07/original=true/9e94cb6c-f5f5-4695-8be2-ddda7432bd07.mp4,yes,2026-07-29T06:22:45Z,Civitai API refresh,public_sfw_video_items: 10,,https://civitai.com/user/nimblechopsticks,"{""video_content"":{""source"":""civitai_images_api"",""url"":""https://civitai.com/api/v1/images"",""items"":10,""type"":""video"",""nsfw"":false},""aigc_verdict"":{""source"":""civitai_video_api"",""url"":""https://image.civitai.com/xG1nkqKTMzGDvpLrqFT7WA/9e94cb6c-f5f5-4695-8be2-ddda7432bd07/original=true/9e94cb6c-f5f5-4695-8be2-ddda7432bd07.mp4"",""note"":""Civitai public video item confirms AI-generated video output""}}"
https://civitai.com/user/darkroast175696,darkroast175696,Civitai,,,"AIGC,Civitai,video",New,2026-08-10T06:27:40Z,,,,https://image.civitai.com/xG1nkqKTMzGDvpLrqFT7WA/1dac494c-0849-4bb4-aacd-3601637175c8/original=true/1dac494c-0849-4bb4-aacd-3601637175c8.mp4,yes,2026-07-29T06:22:45Z,Civitai API refresh,public_sfw_video_items: 10,,https://civitai.com/user/darkroast175696,"{""video_content"":{""source"":""civitai_images_api"",""url"":""https://civitai.com/api/v1/images"",""items"":10,""type"":""video"",""nsfw"":false},""aigc_verdict"":{""source"":""civitai_video_api"",""url"":""https://image.civitai.com/xG1nkqKTMzGDvpLrqFT7WA/1dac494c-0849-4bb4-aacd-3601637175c8/original=true/1dac494c-0849-4bb4-aacd-3601637175c8.mp4"",""note"":""Civitai public video item confirms AI-generated video output""}}"
https://civitai.com/user/dungeonsanddosages,dungeonsanddosages,Civitai,,,"AIGC,Civitai,video",New,2026-08-10T06:27:40Z,,,,https://image.civitai.com/xG1nkqKTMzGDvpLrqFT7WA/d0465004-8903-44e8-a62b-4cf206b7a870/original=true/d0465004-8903-44e8-a62b-4cf206b7a870.mp4,yes,2026-07-29T06:22:45Z,Civitai API refresh,public_sfw_video_items: 2,,https://civitai.com/user/dungeonsanddosages,"{""video_content"":{""source"":""civitai_images_api"",""url"":""https://civitai.com/api/v1/images"",""items"":2,""type"":""video"",""nsfw"":false},""aigc_verdict"":{""source"":""civitai_video_api"",""url"":""https://image.civitai.com/xG1nkqKTMzGDvpLrqFT7WA/d0465004-8903-44e8-a62b-4cf206b7a870/original=true/d0465004-8903-44e8-a62b-4cf206b7a870.mp4"",""note"":""Civitai public video item confirms AI-generated video output""}}"
https://civitai.com/user/musigreg,musigreg,Civitai,,,"AIGC,Civitai,video,Wan Video 2.2 TI2V-5B",New,2026-08-10T06:27:40Z,,,Wan Video 2.2 TI2V-5B,https://image.civitai.com/xG1nkqKTMzGDvpLrqFT7WA/6af3d629-5db8-464a-8801-d7c3eaf02d15/original=true/6af3d629-5db8-464a-8801-d7c3eaf02d15.mp4,yes,2026-07-29T06:22:45Z,Civitai API refresh,public_sfw_video_items: 10,,https://civitai.com/user/musigreg,"{""video_content"":{""source"":""civitai_images_api"",""url"":""https://civitai.com/api/v1/images"",""items"":10,""type"":""video"",""nsfw"":false},""aigc_verdict"":{""source"":""civitai_video_api"",""url"":""https://image.civitai.com/xG1nkqKTMzGDvpLrqFT7WA/6af3d629-5db8-464a-8801-d7c3eaf02d15/original=true/6af3d629-5db8-464a-8801-d7c3eaf02d15.mp4"",""note"":""Civitai public video item confirms AI-generated video output""}}"
https://civitai.com/user/grekko,Grekko,Civitai,,,"AIGC,Civitai,video,Anima",New,2026-08-10T06:27:40Z,,,Anima,https://image.civitai.com/xG1nkqKTMzGDvpLrqFT7WA/b6a21984-0962-43a7-a03a-d786a5af68f3/original=true/b6a21984-0962-43a7-a03a-d786a5af68f3.mp4,yes,2026-07-29T06:22:45Z,Civitai API /images type=video sort=Newest,discovered_from_public_sfw_video_feed,,https://civitai.com/user/Grekko,"{""video_content"":{""source"":""civitai_images_api"",""url"":""https://image.civitai.com/xG1nkqKTMzGDvpLrqFT7WA/b6a21984-0962-43a7-a03a-d786a5af68f3/original=true/b6a21984-0962-43a7-a03a-d786a5af68f3.mp4"",""type"":""video"",""nsfw"":false},""aigc_verdict"":{""source"":""civitai_video_api"",""url"":""https://image.civitai.com/xG1nkqKTMzGDvpLrqFT7WA/b6a21984-0962-43a7-a03a-d786a5af68f3/original=true/b6a21984-0962-43a7-a03a-d786a5af68f3.mp4"",""note"":""Civitai public video item confirms AI-generated video output""}}"
https://civitai.com/user/redglass17,RedGlass17,Civitai,,,"AIGC,Civitai,Video,LTXV 2.3",New,2026-07-31T06:22:16Z,,,LTXV 2.3,https://civitai.com/posts/30094333,yes,2026-07-29T06:22:45Z,civitai api discovery: /images type=video nsfw=false,civitai_api; type=video; nsfw=false; follower_count_not_exposed,,https://civitai.com/user/RedGlass17,"{""aigc_verdict"":{""source"":""civitai_api_type_video"",""url"":""https://civitai.com/posts/30094333"",""note"":""Civitai public REST returned type=video with nsfw=false.""},""sample_content"":{""source"":""civitai_api"",""url"":""https://image.civitai.com/xG1nkqKTMzGDvpLrqFT7WA/d1c9ffa0-5e95-43c8-97c4-8567995a1b19/original=true/d1c9ffa0-5e95-43c8-97c4-8567995a1b19.mp4""}}"
https://civitai.com/user/gk0,gk0,Civitai,,,"AIGC,Civitai,video",New,2026-08-10T06:27:40Z,,,,https://image.civitai.com/xG1nkqKTMzGDvpLrqFT7WA/e06a9187-39b1-4c12-ad80-3bdafedf0208/original=true/e06a9187-39b1-4c12-ad80-3bdafedf0208.mp4,yes,2026-07-29T06:22:45Z,Civitai API refresh,public_sfw_video_items: 5,,https://civitai.com/user/gk0,"{""video_content"":{""source"":""civitai_images_api"",""url"":""https://civitai.com/api/v1/images"",""items"":5,""type"":""video"",""nsfw"":false},""aigc_verdict"":{""source"":""civitai_video_api"",""url"":""https://image.civitai.com/xG1nkqKTMzGDvpLrqFT7WA/e06a9187-39b1-4c12-ad80-3bdafedf0208/original=true/e06a9187-39b1-4c12-ad80-3bdafedf0208.mp4"",""note"":""Civitai public video item confirms AI-generated video output""}}"
https://civitai.com/user/reijlita,reijlita,Civitai,,,"AIGC,Civitai,video,Wan Video 2.7Anima",New,2026-08-10T06:27:40Z,,,Wan Video 2.7Anima,https://image.civitai.com/xG1nkqKTMzGDvpLrqFT7WA/0305a7fd-8b22-481a-8d66-dc160d85a747/original=true/0305a7fd-8b22-481a-8d66-dc160d85a747.mp4,yes,2026-07-29T06:22:45Z,Civitai API refresh,public_sfw_video_items: 10,,https://civitai.com/user/reijlita,"{""video_content"":{""source"":""civitai_images_api"",""url"":""https://civitai.com/api/v1/images"",""items"":10,""type"":""video"",""nsfw"":false},""aigc_verdict"":{""source"":""civitai_video_api"",""url"":""https://image.civitai.com/xG1nkqKTMzGDvpLrqFT7WA/0305a7fd-8b22-481a-8d66-dc160d85a747/original=true/0305a7fd-8b22-481a-8d66-dc160d85a747.mp4"",""note"":""Civitai public video item confirms AI-generated video output""}}"
https://civitai.com/user/misterx258,misterx258,Civitai,,,"AIGC,Civitai,video",New,2026-08-10T06:27:40Z,,,,https://image.civitai.com/xG1nkqKTMzGDvpLrqFT7WA/d9f3128e-011b-47e4-941f-f260819d4773/original=true/d9f3128e-011b-47e4-941f-f260819d4773.mp4,yes,2026-07-29T06:22:45Z,Civitai API refresh,public_sfw_video_items: 10,,https://civitai.com/user/misterx258,"{""video_content"":{""source"":""civitai_images_api"",""url"":""https://civitai.com/api/v1/images"",""items"":10,""type"":""video"",""nsfw"":false},""aigc_verdict"":{""source"":""civitai_video_api"",""url"":""https://image.civitai.com/xG1nkqKTMzGDvpLrqFT7WA/d9f3128e-011b-47e4-941f-f260819d4773/original=true/d9f3128e-011b-47e4-941f-f260819d4773.mp4"",""note"":""Civitai public video item confirms AI-generated video output""}}"
https://civitai.com/user/the_cook,the_cook,Civitai,,,"AIGC,Civitai,video",New,2026-08-10T06:27:40Z,,,,https://image.civitai.com/xG1nkqKTMzGDvpLrqFT7WA/057e440c-a2f3-43ef-ba1c-d050c9d0bf34/original=true/057e440c-a2f3-43ef-ba1c-d050c9d0bf34.mp4,yes,2026-07-29T06:22:45Z,Civitai API refresh,public_sfw_video_items: 1,,https://civitai.com/user/the_cook,"{""video_content"":{""source"":""civitai_images_api"",""url"":""https://civitai.com/api/v1/images"",""items"":1,""type"":""video"",""nsfw"":false},""aigc_verdict"":{""source"":""civitai_video_api"",""url"":""https://image.civitai.com/xG1nkqKTMzGDvpLrqFT7WA/057e440c-a2f3-43ef-ba1c-d050c9d0bf34/original=true/057e440c-a2f3-43ef-ba1c-d050c9d0bf34.mp4"",""note"":""Civitai public video item confirms AI-generated video output""}}"
https://civitai.com/user/alessa66,alessa66,Civitai,,,"AIGC,Civitai,video",New,2026-08-10T06:27:40Z,,,,https://image.civitai.com/xG1nkqKTMzGDvpLrqFT7WA/ab31604e-a592-43f1-946f-7e8598699eb4/original=true/ab31604e-a592-43f1-946f-7e8598699eb4.mp4,yes,2026-07-29T06:22:45Z,Civitai API refresh,public_sfw_video_items: 10,,https://civitai.com/user/alessa66,"{""video_content"":{""source"":""civitai_images_api"",""url"":""https://civitai.com/api/v1/images"",""items"":10,""type"":""video"",""nsfw"":false},""aigc_verdict"":{""source"":""civitai_video_api"",""url"":""https://image.civitai.com/xG1nkqKTMzGDvpLrqFT7WA/ab31604e-a592-43f1-946f-7e8598699eb4/original=true/ab31604e-a592-43f1-946f-7e8598699eb4.mp4"",""note"":""Civitai public video item confirms AI-generated video output""}}"
https://civitai.com/user/patatekes,patatekes,Civitai,,,"AIGC,Civitai,video,Seedance",New,2026-08-10T06:27:40Z,,,Seedance,https://image.civitai.com/xG1nkqKTMzGDvpLrqFT7WA/3841766e-3750-41fd-b51c-d2bfcc3dcb1b/original=true/3841766e-3750-41fd-b51c-d2bfcc3dcb1b.mp4,yes,2026-07-29T06:22:45Z,Civitai API refresh,public_sfw_video_items: 10,,https://civitai.com/user/patatekes,"{""video_content"":{""source"":""civitai_images_api"",""url"":""https://civitai.com/api/v1/images"",""items"":10,""type"":""video"",""nsfw"":false},""aigc_verdict"":{""source"":""civitai_video_api"",""url"":""https://image.civitai.com/xG1nkqKTMzGDvpLrqFT7WA/3841766e-3750-41fd-b51c-d2bfcc3dcb1b/original=true/3841766e-3750-41fd-b51c-d2bfcc3dcb1b.mp4"",""note"":""Civitai public video item confirms AI-generated video output""}}"
https://civitai.com/user/hailoknight,@HailoKnight,Civitai,,,"AIGC,AI video,Civitai",New,2026-08-03T06:14:20Z,,,,https://image.civitai.com/xG1nkqKTMzGDvpLrqFT7WA/43ed166d-b04f-47f9-bd49-cbaf7e36dbce/original=true/43ed166d-b04f-47f9-bd49-cbaf7e36dbce.mp4,yes,2026-07-29T06:22:45Z,civitai_api_discovery:type=video,routine_api_lane; has_public_sfw_video: yes; sole_or_small: unknown,,https://civitai.com/user/HailoKnight,"{""aigc_verdict"":{""source"":""civitai_api_type_video"",""url"":""https://image.civitai.com/xG1nkqKTMzGDvpLrqFT7WA/43ed166d-b04f-47f9-bd49-cbaf7e36dbce/original=true/43ed166d-b04f-47f9-bd49-cbaf7e36dbce.mp4"",""note"":""Civitai public video item, nsfw=false""},""video_content"":{""source"":""civitai_api"",""url"":""https://image.civitai.com/xG1nkqKTMzGDvpLrqFT7WA/43ed166d-b04f-47f9-bd49-cbaf7e36dbce/original=true/43ed166d-b04f-47f9-bd49-cbaf7e36dbce.mp4""}}"
https://civitai.com/user/gaylizardspy,gaylizardspy,Civitai,,,"AIGC,Civitai,video",New,2026-08-10T06:27:40Z,,,,https://image.civitai.com/xG1nkqKTMzGDvpLrqFT7WA/005f2946-0fec-49fd-9ede-35c6803cd451/original=true/005f2946-0fec-49fd-9ede-35c6803cd451.mp4,yes,2026-07-29T06:22:45Z,Civitai API refresh,public_sfw_video_items: 10,,https://civitai.com/user/gaylizardspy,"{""video_content"":{""source"":""civitai_images_api"",""url"":""https://civitai.com/api/v1/images"",""items"":10,""type"":""video"",""nsfw"":false},""aigc_verdict"":{""source"":""civitai_video_api"",""url"":""https://image.civitai.com/xG1nkqKTMzGDvpLrqFT7WA/005f2946-0fec-49fd-9ede-35c6803cd451/original=true/005f2946-0fec-49fd-9ede-35c6803cd451.mp4"",""note"":""Civitai public video item confirms AI-generated video output""}}"
https://civitai.com/user/mipecio,Mipecio,Civitai,,,"AIGC,Civitai,video,OpenAI",New,2026-08-10T06:27:40Z,,,OpenAI,https://image.civitai.com/xG1nkqKTMzGDvpLrqFT7WA/d2c95b2c-1b88-44e8-95d2-bdb91713e5f9/original=true/d2c95b2c-1b88-44e8-95d2-bdb91713e5f9.mp4,yes,2026-07-29T06:22:45Z,Civitai API /images type=video sort=Newest,discovered_from_public_sfw_video_feed,,https://civitai.com/user/Mipecio,"{""video_content"":{""source"":""civitai_images_api"",""url"":""https://image.civitai.com/xG1nkqKTMzGDvpLrqFT7WA/d2c95b2c-1b88-44e8-95d2-bdb91713e5f9/original=true/d2c95b2c-1b88-44e8-95d2-bdb91713e5f9.mp4"",""type"":""video"",""nsfw"":false},""aigc_verdict"":{""source"":""civitai_video_api"",""url"":""https://image.civitai.com/xG1nkqKTMzGDvpLrqFT7WA/d2c95b2c-1b88-44e8-95d2-bdb91713e5f9/original=true/d2c95b2c-1b88-44e8-95d2-bdb91713e5f9.mp4"",""note"":""Civitai public video item confirms AI-generated video output""}}"
https://civitai.com/user/shinizaya,shinizaya,Civitai,,,"AIGC,Civitai,video",New,2026-08-10T06:27:40Z,,,,https://image.civitai.com/xG1nkqKTMzGDvpLrqFT7WA/221431d9-ed27-4b45-8856-9b93638359d0/original=true/221431d9-ed27-4b45-8856-9b93638359d0.mp4,yes,2026-07-29T06:22:45Z,Civitai API refresh,public_sfw_video_items: 10,,https://civitai.com/user/shinizaya,"{""video_content"":{""source"":""civitai_images_api"",""url"":""https://civitai.com/api/v1/images"",""items"":10,""type"":""video"",""nsfw"":false},""aigc_verdict"":{""source"":""civitai_video_api"",""url"":""https://image.civitai.com/xG1nkqKTMzGDvpLrqFT7WA/221431d9-ed27-4b45-8856-9b93638359d0/original=true/221431d9-ed27-4b45-8856-9b93638359d0.mp4"",""note"":""Civitai public video item confirms AI-generated video output""}}"
https://civitai.com/user/starvinggarbage,starvinggarbage,Civitai,,,"AIGC,Civitai,video,Grok",New,2026-08-10T06:27:40Z,,,Grok,https://image.civitai.com/xG1nkqKTMzGDvpLrqFT7WA/16cbf17f-f3f9-4a21-af67-adeeeb3cb2e4/original=true/16cbf17f-f3f9-4a21-af67-adeeeb3cb2e4.mp4,yes,2026-07-29T06:22:45Z,Civitai API refresh,public_sfw_video_items: 7,,https://civitai.com/user/starvinggarbage,"{""video_content"":{""source"":""civitai_images_api"",""url"":""https://civitai.com/api/v1/images"",""items"":7,""type"":""video"",""nsfw"":false},""aigc_verdict"":{""source"":""civitai_video_api"",""url"":""https://image.civitai.com/xG1nkqKTMzGDvpLrqFT7WA/16cbf17f-f3f9-4a21-af67-adeeeb3cb2e4/original=true/16cbf17f-f3f9-4a21-af67-adeeeb3cb2e4.mp4"",""note"":""Civitai public video item confirms AI-generated video output""}}"
https://civitai.com/user/joeygambino,joeygambino,Civitai,,,"AIGC,Civitai,Video,LTXV 2.3",New,2026-07-31T06:22:16Z,,,LTXV 2.3,https://civitai.com/posts/30091734,yes,2026-07-29T06:22:45Z,civitai api discovery: /images type=video nsfw=false,civitai_api; type=video; nsfw=false; follower_count_not_exposed,,https://civitai.com/user/joeygambino,"{""aigc_verdict"":{""source"":""civitai_api_type_video"",""url"":""https://civitai.com/posts/30091734"",""note"":""Civitai public REST returned type=video with nsfw=false.""},""sample_content"":{""source"":""civitai_api"",""url"":""https://image.civitai.com/xG1nkqKTMzGDvpLrqFT7WA/c7f8a9e2-fe2b-4a88-8f19-b3fbcd7a806a/original=true/c7f8a9e2-fe2b-4a88-8f19-b3fbcd7a806a.mp4""}}"
https://threads.net/@gabiduncombe,@gabiduncombe,Threads,,,"AIGC,Meta,search-lead",New,2026-07-29T10:07:23Z,,,,,unsure,2026-07-29T10:06:40Z,SearXNG: Runway AI filmmaker site:threads.net,routine Meta run; no computer_use; flagged for seated computer_use pass,,https://www.threads.net/@gabiduncombe,"{""discovery"":{""source"":""SearXNG"",""query"":""Runway AI filmmaker site:threads.net"",""url"":""https://www.threads.net/@gabiduncombe"",""snippet"":""Gabi Chennisi Duncombe (@gabiduncombe) \u2022 Threads, Say more \u2014 I loved it at the time. I wanted to see if I could recreate it with AI. With a combination of Adobe Premiere, Seedance 2.0, Nano Banana\u00a0...""},""aigc_verdict"":{""value"":""unsure"",""reason"":""search snippet only; no reviewed frames in routine""}}"
https://threads.net/@brianwankum,@brianwankum,Threads,,,"AIGC,Meta,search-lead",New,2026-08-02T10:10:28Z,,,,,unsure,2026-07-29T10:06:40Z,SearXNG: Runway AI filmmaker site:threads.net,routine Meta run; no computer_use; flagged for seated computer_use pass,,https://www.threads.net/@brianwankum,"{""discovery"":{""source"":""SearXNG"",""query"":""Runway AI filmmaker site:threads.net"",""url"":""https://www.threads.net/@brianwankum"",""snippet"":""Brian Wankum (@brianwankum) \u2022 Threads, Say more \u2014 26 Mar 2026 ... ... OUAT & more | TA @ Curious Refuge | ETC@USC | CPP: Runway, Pika, Freepik. imdb.com/name/nm0911174/ \u00b7 AI Threads \u00b7 AI Threads. +. 173 followers.""},""aigc_verdict"":{""value"":""unsure"",""reason"":""search snippet only; no reviewed frames in routine""}}"
https://facebook.com/61590531123270,@61590531123270,Facebook,,,"AIGC,Meta,DiscoveryOnly",New,2026-08-03T10:06:49Z,,,,https://www.facebook.com/61590531123270?locale=zh_CN,unsure,2026-07-29T10:06:40Z,"SearXNG ""AI video creator"" ""Facebook"" site:facebook.com",Meta Graph credentials unavailable this run; appended identity+source only; FollowerCount empty; AIGCVerdict unsure; flagged for seated computer_use pass. No computer_use used.,,https://www.facebook.com/61590531123270?locale=zh_CN,"{""discovery"":{""source"":""SearXNG"",""query"":""\""AI video creator\"" \""Facebook\"" site:facebook.com"",""url"":""https://www.facebook.com/61590531123270?locale=zh_CN"",""snippet"":""Ai video creator. Facebook page; art category in snippet""},""follower_count"":{""source"":""none"",""status"":""empty_until_Meta_Graph_or_seated_computer_use_pass""},""aigc_verdict"":{""source"":""search_snippet_only"",""verdict"":""unsure""}}"
https://instagram.com/lam.aifilm,@lam.aifilm,Instagram,,,"AIGC,Meta,search-lead",New,2026-07-29T10:07:23Z,,,,,unsure,2026-07-29T10:06:40Z,"SearXNG: ""Kling"" ""AI filmmaker"" site:instagram.com",routine Meta run; no computer_use; flagged for seated computer_use pass,,https://www.instagram.com/lam.aifilm/,"{""discovery"":{""source"":""SearXNG"",""query"":""\""Kling\"" \""AI filmmaker\"" site:instagram.com"",""url"":""https://www.instagram.com/lam.aifilm/"",""snippet"":""(@lam.aifilm) \u2022 Instagram photos and videos \u2014 67K followers \u00b7 379 following \u00b7 44 posts \u00b7 @lam.aifilm: \u201cAI Filmmaker ... This film was made using Kling AI's latest models @klingai_official - Kling O1 and Kling\u00a0...""},""aigc_verdict"":{""value"":""unsure"",""reason"":""search snippet only; no reviewed frames in routine""}}"
https://reddit.com/user/blakeridder,u/blakeridder,Reddit,,,"AIGC,Reddit",New,2026-07-30T02:16:51Z,,,,,unsure,2026-07-30T02:16:51Z,searxng AI filmmaker site:reddit.com/user,reddit_discovery_only; no keyless profiling API; follower_count_empty; source_snippet_flagged: Blake Ridder (u/blakeridder) - Reddit,,https://www.reddit.com/user/blakeridder/,"{""discovery"":{""source"":""searxng"",""query"":""AI filmmaker site:reddit.com/user"",""url"":""https://www.reddit.com/user/blakeridder/""},""aigc_verdict"":{""source"":""search_snippet_only"",""verdict"":""unsure"",""reason"":""Reddit has no keyless profiling API in this workflow; not inferred from text""}}"
https://reddit.com/user/giorgio_keeffe,u/Giorgio_Keeffe,Reddit,,,"AIGC,Reddit",New,2026-07-30T02:16:51Z,,,,,unsure,2026-07-30T02:16:51Z,searxng AI filmmaker site:reddit.com/user,reddit_discovery_only; no keyless profiling API; follower_count_empty; source_snippet_flagged: Giorgio_Keeffe - Reddit,,https://www.reddit.com/user/Giorgio_Keeffe/,"{""discovery"":{""source"":""searxng"",""query"":""AI filmmaker site:reddit.com/user"",""url"":""https://www.reddit.com/user/Giorgio_Keeffe/""},""aigc_verdict"":{""source"":""search_snippet_only"",""verdict"":""unsure"",""reason"":""Reddit has no keyless profiling API in this workflow; not inferred from text""}}"
https://reddit.com/user/envato_team,u/envato_team,Reddit,,,"AIGC,Reddit",New,2026-07-30T02:16:51Z,,,,,unsure,2026-07-30T02:16:51Z,searxng AI video creator site:reddit.com/user,reddit_discovery_only; no keyless profiling API; follower_count_empty; source_snippet_flagged: u/envato_team - Reddit,,https://www.reddit.com/user/envato_team/,"{""discovery"":{""source"":""searxng"",""query"":""AI video creator site:reddit.com/user"",""url"":""https://www.reddit.com/user/envato_team/""},""aigc_verdict"":{""source"":""search_snippet_only"",""verdict"":""unsure"",""reason"":""Reddit has no keyless profiling API in this workflow; not inferred from text""}}"
https://reddit.com/user/flurdeh,u/Flurdeh,Reddit,,,"AIGC,Reddit",New,2026-07-30T02:16:51Z,,,,,unsure,2026-07-30T02:16:51Z,searxng AI video creator site:reddit.com/user,reddit_discovery_only; no keyless profiling API; follower_count_empty; source_snippet_flagged: u/Flurdeh - Reddit,,https://www.reddit.com/user/Flurdeh/,"{""discovery"":{""source"":""searxng"",""query"":""AI video creator site:reddit.com/user"",""url"":""https://www.reddit.com/user/Flurdeh/""},""aigc_verdict"":{""source"":""search_snippet_only"",""verdict"":""unsure"",""reason"":""Reddit has no keyless profiling API in this workflow; not inferred from text""}}"
https://reddit.com/user/letscreatemagic,u/letscreatemagic,Reddit,,,"AIGC,Reddit",New,2026-07-30T02:16:51Z,,,,,unsure,2026-07-30T02:16:51Z,ddgs AI filmmaker site:reddit.com/user,reddit_discovery_only; no keyless profiling API; follower_count_empty; source_snippet_flagged: Magic Media (u/letscreatemagic) - Reddit,,https://www.reddit.com/user/letscreatemagic/,"{""discovery"":{""source"":""ddgs"",""query"":""AI filmmaker site:reddit.com/user"",""url"":""https://www.reddit.com/user/letscreatemagic/""},""aigc_verdict"":{""source"":""search_snippet_only"",""verdict"":""unsure"",""reason"":""Reddit has no keyless profiling API in this workflow; not inferred from text""}}"
https://reddit.com/user/wemakemoviesdotorg,u/WeMakeMoviesDotOrg,Reddit,,,"AIGC,Reddit",New,2026-07-30T02:16:51Z,,,,,unsure,2026-07-30T02:16:51Z,ddgs AI filmmaker site:reddit.com/user,reddit_discovery_only; no keyless profiling API; follower_count_empty; source_snippet_flagged: We Make Movies (u/WeMakeMoviesDotOrg) - Reddit,,https://www.reddit.com/user/WeMakeMoviesDotOrg/,"{""discovery"":{""source"":""ddgs"",""query"":""AI filmmaker site:reddit.com/user"",""url"":""https://www.reddit.com/user/WeMakeMoviesDotOrg/""},""aigc_verdict"":{""source"":""search_snippet_only"",""verdict"":""unsure"",""reason"":""Reddit has no keyless profiling API in this workflow; not inferred from text""}}"
https://reddit.com/user/filmspotlight,u/FilmSpotlight,Reddit,,,"AIGC,Reddit",New,2026-07-30T02:16:51Z,,,,,unsure,2026-07-30T02:16:51Z,ddgs AI filmmaker site:reddit.com/user,reddit_discovery_only; no keyless profiling API; follower_count_empty; source_snippet_flagged: FilmSpotlight (u/FilmSpotlight) - Reddit,,https://www.reddit.com/user/FilmSpotlight/,"{""discovery"":{""source"":""ddgs"",""query"":""AI filmmaker site:reddit.com/user"",""url"":""https://www.reddit.com/user/FilmSpotlight/""},""aigc_verdict"":{""source"":""search_snippet_only"",""verdict"":""unsure"",""reason"":""Reddit has no keyless profiling API in this workflow; not inferred from text""}}"
https://reddit.com/user/h3llcreator,u/h3LLcreator,Reddit,,,"AIGC,Reddit",New,2026-07-30T02:16:51Z,,,,,unsure,2026-07-30T02:16:51Z,ddgs AI filmmaker site:reddit.com/user,reddit_discovery_only; no keyless profiling API; follower_count_empty; source_snippet_flagged: h3LLcreator (u/h3LLcreator) - Reddit,,https://www.reddit.com/user/h3LLcreator/,"{""discovery"":{""source"":""ddgs"",""query"":""AI filmmaker site:reddit.com/user"",""url"":""https://www.reddit.com/user/h3LLcreator/""},""aigc_verdict"":{""source"":""search_snippet_only"",""verdict"":""unsure"",""reason"":""Reddit has no keyless profiling API in this workflow; not inferred from text""}}"
https://reddit.com/user/alteredai,u/AlteredAI,Reddit,,,"AIGC,Reddit",New,2026-07-30T02:16:51Z,,,,,unsure,2026-07-30T02:16:51Z,ddgs AI filmmaker site:reddit.com/user,reddit_discovery_only; no keyless profiling API; follower_count_empty; source_snippet_flagged: r/u_AlteredAI on Reddit: We are recognised as one of the “Best AI Tools for Filmmaking”!,,https://www.reddit.com/user/AlteredAI/comments/18gibfq/we_are_recognised_as_one_of_the_best_ai_tools_for/,"{""discovery"":{""source"":""ddgs"",""query"":""AI filmmaker site:reddit.com/user"",""url"":""https://www.reddit.com/user/AlteredAI/comments/18gibfq/we_are_recognised_as_one_of_the_best_ai_tools_for/""},""aigc_verdict"":{""source"":""search_snippet_only"",""verdict"":""unsure"",""reason"":""Reddit has no keyless profiling API in this workflow; not inferred from text""}}"
https://reddit.com/user/deepfictionai,u/deepfictionai,Reddit,,,"AIGC,Reddit",New,2026-07-30T02:16:51Z,,,,,unsure,2026-07-30T02:16:51Z,ddgs AI filmmaker site:reddit.com/user,reddit_discovery_only; no keyless profiling API; follower_count_empty; source_snippet_flagged: DeepFiction AI (u/deepfictionai) - Reddit,,https://www.reddit.com/user/deepfictionai/,"{""discovery"":{""source"":""ddgs"",""query"":""AI filmmaker site:reddit.com/user"",""url"":""https://www.reddit.com/user/deepfictionai/""},""aigc_verdict"":{""source"":""search_snippet_only"",""verdict"":""unsure"",""reason"":""Reddit has no keyless profiling API in this workflow; not inferred from text""}}"
https://reddit.com/user/techaheadcompany,u/techaheadcompany,Reddit,,,"AIGC,Reddit",New,2026-07-30T02:16:51Z,,,,,unsure,2026-07-30T02:16:51Z,ddgs AI filmmaker site:reddit.com/user,reddit_discovery_only; no keyless profiling API; follower_count_empty; source_snippet_flagged: TechAhead Inc (u/techaheadcompany) - Reddit,,https://www.reddit.com/user/techaheadcompany/,"{""discovery"":{""source"":""ddgs"",""query"":""AI filmmaker site:reddit.com/user"",""url"":""https://www.reddit.com/user/techaheadcompany/""},""aigc_verdict"":{""source"":""search_snippet_only"",""verdict"":""unsure"",""reason"":""Reddit has no keyless profiling API in this workflow; not inferred from text""}}"
https://reddit.com/user/sociopins_dot_com,u/sociopins_dot_com,Reddit,,,"AIGC,Reddit",New,2026-07-30T02:16:51Z,,,,,unsure,2026-07-30T02:16:51Z,ddgs AI video creator site:reddit.com/user,reddit_discovery_only; no keyless profiling API; follower_count_empty; source_snippet_flagged: r/u_sociopins_dot_com on Reddit: How to Create Video from Text with an AI Video Creator,,https://www.reddit.com/user/sociopins_dot_com/comments/ugo319/how_to_create_video_from_text_with_an_ai_video/,"{""discovery"":{""source"":""ddgs"",""query"":""AI video creator site:reddit.com/user"",""url"":""https://www.reddit.com/user/sociopins_dot_com/comments/ugo319/how_to_create_video_from_text_with_an_ai_video/""},""aigc_verdict"":{""source"":""search_snippet_only"",""verdict"":""unsure"",""reason"":""Reddit has no keyless profiling API in this workflow; not inferred from text""}}"
https://reddit.com/user/jamesidayi,u/jamesidayi,Reddit,,,"AIGC,Reddit",New,2026-07-30T02:16:51Z,,,,,unsure,2026-07-30T02:16:51Z,ddgs AI video creator site:reddit.com/user,reddit_discovery_only; no keyless profiling API; follower_count_empty; source_snippet_flagged: Service BB (u/jamesidayi) - Reddit,,https://www.reddit.com/user/jamesidayi/,"{""discovery"":{""source"":""ddgs"",""query"":""AI video creator site:reddit.com/user"",""url"":""https://www.reddit.com/user/jamesidayi/""},""aigc_verdict"":{""source"":""search_snippet_only"",""verdict"":""unsure"",""reason"":""Reddit has no keyless profiling API in this workflow; not inferred from text""}}"
https://reddit.com/user/mrmikez06,u/mrmikez06,Reddit,,,"AIGC,Reddit",New,2026-07-30T02:16:51Z,,,,,unsure,2026-07-30T02:16:51Z,ddgs AI video creator site:reddit.com/user,reddit_discovery_only; no keyless profiling API; follower_count_empty; source_snippet_flagged: r/u_mrmikez06 on Reddit: AI Video Creator,,https://www.reddit.com/user/mrmikez06/comments/l1cesa/ai_video_creator/,"{""discovery"":{""source"":""ddgs"",""query"":""AI video creator site:reddit.com/user"",""url"":""https://www.reddit.com/user/mrmikez06/comments/l1cesa/ai_video_creator/""},""aigc_verdict"":{""source"":""search_snippet_only"",""verdict"":""unsure"",""reason"":""Reddit has no keyless profiling API in this workflow; not inferred from text""}}"
https://reddit.com/user/creatify_ai,u/Creatify_AI,Reddit,,,"AIGC,Reddit",New,2026-07-30T02:16:51Z,,,,,unsure,2026-07-30T02:16:51Z,ddgs AI video creator site:reddit.com/user,reddit_discovery_only; no keyless profiling API; follower_count_empty; source_snippet_flagged: Creatify AI (u/Creatify_AI) - Reddit,,https://www.reddit.com/user/Creatify_AI/,"{""discovery"":{""source"":""ddgs"",""query"":""AI video creator site:reddit.com/user"",""url"":""https://www.reddit.com/user/Creatify_AI/""},""aigc_verdict"":{""source"":""search_snippet_only"",""verdict"":""unsure"",""reason"":""Reddit has no keyless profiling API in this workflow; not inferred from text""}}"
https://reddit.com/user/aicandii,u/aicandii,Reddit,,,"AIGC,Reddit",New,2026-07-30T02:16:51Z,,,,,unsure,2026-07-30T02:16:51Z,ddgs AI video creator site:reddit.com/user,reddit_discovery_only; no keyless profiling API; follower_count_empty; source_snippet_flagged: AI Candii (u/aicandii) - Reddit,,https://www.reddit.com/user/aicandii/,"{""discovery"":{""source"":""ddgs"",""query"":""AI video creator site:reddit.com/user"",""url"":""https://www.reddit.com/user/aicandii/""},""aigc_verdict"":{""source"":""search_snippet_only"",""verdict"":""unsure"",""reason"":""Reddit has no keyless profiling API in this workflow; not inferred from text""}}"
https://reddit.com/user/viduai,u/ViduAi,Reddit,,,"AIGC,Reddit",New,2026-07-30T02:16:51Z,,,,,unsure,2026-07-30T02:16:51Z,ddgs AI video creator site:reddit.com/user,reddit_discovery_only; no keyless profiling API; follower_count_empty; source_snippet_flagged: ViduAi (u/ViduAi) - Reddit,,https://www.reddit.com/user/ViduAi/,"{""discovery"":{""source"":""ddgs"",""query"":""AI video creator site:reddit.com/user"",""url"":""https://www.reddit.com/user/ViduAi/""},""aigc_verdict"":{""source"":""search_snippet_only"",""verdict"":""unsure"",""reason"":""Reddit has no keyless profiling API in this workflow; not inferred from text""}}"
https://reddit.com/user/sorenoai,u/SorenoAI,Reddit,,,"AIGC,Reddit",New,2026-07-30T02:16:51Z,,,,,unsure,2026-07-30T02:16:51Z,ddgs AI video creator site:reddit.com/user,reddit_discovery_only; no keyless profiling API; follower_count_empty; source_snippet_flagged: SorenoAI (u/SorenoAI) - Reddit,,https://www.reddit.com/user/SorenoAI/,"{""discovery"":{""source"":""ddgs"",""query"":""AI video creator site:reddit.com/user"",""url"":""https://www.reddit.com/user/SorenoAI/""},""aigc_verdict"":{""source"":""search_snippet_only"",""verdict"":""unsure"",""reason"":""Reddit has no keyless profiling API in this workflow; not inferred from text""}}"
https://reddit.com/user/ourdream_ai,u/ourdream_ai,Reddit,,,"AIGC,Reddit",New,2026-07-30T02:16:51Z,,,,,unsure,2026-07-30T02:16:51Z,ddgs AI video creator site:reddit.com/user,reddit_discovery_only; no keyless profiling API; follower_count_empty; source_snippet_flagged: ourdream_ai (u/ourdream_ai) - Reddit,,https://www.reddit.com/user/ourdream_ai/,"{""discovery"":{""source"":""ddgs"",""query"":""AI video creator site:reddit.com/user"",""url"":""https://www.reddit.com/user/ourdream_ai/""},""aigc_verdict"":{""source"":""search_snippet_only"",""verdict"":""unsure"",""reason"":""Reddit has no keyless profiling API in this workflow; not inferred from text""}}"
https://reddit.com/user/d_id_studio,u/d_id_studio,Reddit,,,"AIGC,Reddit",New,2026-07-30T02:16:51Z,,,,,unsure,2026-07-30T02:16:51Z,ddgs AI video creator site:reddit.com/user,reddit_discovery_only; no keyless profiling API; follower_count_empty; source_snippet_flagged: r/u_d_id_studio on Reddit: Generate AI Video in Less Than 30 Seconds. Start Your Free Trial Today.,,https://www.reddit.com/user/d_id_studio/comments/z5egrf/generate_ai_video_in_less_than_30_seconds_start/,"{""discovery"":{""source"":""ddgs"",""query"":""AI video creator site:reddit.com/user"",""url"":""https://www.reddit.com/user/d_id_studio/comments/z5egrf/generate_ai_video_in_less_than_30_seconds_start/""},""aigc_verdict"":{""source"":""search_snippet_only"",""verdict"":""unsure"",""reason"":""Reddit has no keyless profiling API in this workflow; not inferred from text""}}"
https://reddit.com/user/tkzee12,u/Tkzee12,Reddit,,,"AIGC,Reddit",New,2026-07-30T02:16:51Z,,,,,unsure,2026-07-30T02:16:51Z,ddgs AI video creator site:reddit.com/user,reddit_discovery_only; no keyless profiling API; follower_count_empty; source_snippet_flagged: r/u_Tkzee12 on Reddit: Best AI Video Generators for 2022,,https://www.reddit.com/user/Tkzee12/comments/vp43f6/best_ai_video_generators_for_2022/,"{""discovery"":{""source"":""ddgs"",""query"":""AI video creator site:reddit.com/user"",""url"":""https://www.reddit.com/user/Tkzee12/comments/vp43f6/best_ai_video_generators_for_2022/""},""aigc_verdict"":{""source"":""search_snippet_only"",""verdict"":""unsure"",""reason"":""Reddit has no keyless profiling API in this workflow; not inferred from text""}}"
https://civitai.com/user/hsdhc,hsdhc,Civitai,,,"AIGC,Civitai,video,LTXV 2.3",New,2026-08-10T06:27:40Z,,,LTXV 2.3,https://image.civitai.com/xG1nkqKTMzGDvpLrqFT7WA/5048421a-cb63-416e-af41-4e0dad5e03f3/original=true/5048421a-cb63-416e-af41-4e0dad5e03f3.mp4,yes,2026-07-30T06:27:45Z,Civitai API refresh,public_sfw_video_items: 10,,https://civitai.com/user/hsdhc,"{""video_content"":{""source"":""civitai_images_api"",""url"":""https://civitai.com/api/v1/images"",""items"":10,""type"":""video"",""nsfw"":false},""aigc_verdict"":{""source"":""civitai_video_api"",""url"":""https://image.civitai.com/xG1nkqKTMzGDvpLrqFT7WA/5048421a-cb63-416e-af41-4e0dad5e03f3/original=true/5048421a-cb63-416e-af41-4e0dad5e03f3.mp4"",""note"":""Civitai public video item confirms AI-generated video output""}}"
https://civitai.com/user/flesetar,flesetar,Civitai,,,"AIGC,Civitai,video,Illustrious",New,2026-08-10T06:27:40Z,,,Illustrious,https://image.civitai.com/xG1nkqKTMzGDvpLrqFT7WA/0eb2c1cb-a40a-49db-91b4-f57123ee670c/original=true/0eb2c1cb-a40a-49db-91b4-f57123ee670c.mp4,yes,2026-07-30T06:27:45Z,Civitai API refresh,public_sfw_video_items: 10,,https://civitai.com/user/flesetar,"{""video_content"":{""source"":""civitai_images_api"",""url"":""https://civitai.com/api/v1/images"",""items"":10,""type"":""video"",""nsfw"":false},""aigc_verdict"":{""source"":""civitai_video_api"",""url"":""https://image.civitai.com/xG1nkqKTMzGDvpLrqFT7WA/0eb2c1cb-a40a-49db-91b4-f57123ee670c/original=true/0eb2c1cb-a40a-49db-91b4-f57123ee670c.mp4"",""note"":""Civitai public video item confirms AI-generated video output""}}"
https://civitai.com/user/yuribloodhunter,yuribloodhunter,Civitai,,,"AIGC,Civitai,video",New,2026-08-10T06:27:40Z,,,Civitai,https://image.civitai.com/xG1nkqKTMzGDvpLrqFT7WA/bda3efd3-b2d7-4577-8ed2-223b19cbd537/original=true/bda3efd3-b2d7-4577-8ed2-223b19cbd537.mp4,yes,2026-07-30T06:27:45Z,Civitai API refresh,public_sfw_video_items: 7,,https://civitai.com/user/yuribloodhunter,"{""video_content"":{""source"":""civitai_images_api"",""url"":""https://civitai.com/api/v1/images"",""items"":7,""type"":""video"",""nsfw"":false},""aigc_verdict"":{""source"":""civitai_video_api"",""url"":""https://image.civitai.com/xG1nkqKTMzGDvpLrqFT7WA/bda3efd3-b2d7-4577-8ed2-223b19cbd537/original=true/bda3efd3-b2d7-4577-8ed2-223b19cbd537.mp4"",""note"":""Civitai public video item confirms AI-generated video output""}}"
https://threads.net/@ai.slash,@ai.slash,Threads,,,"AIGC,search-index,Kling",New,2026-07-30T14:17:16Z,,,Kling,https://www.threads.net/@ai.slash?hl=pt-br,unsure,2026-07-30T14:17:16Z,SearXNG site:threads.net Kling AI video creator,off-platform discovery; no API follower count in sweep,,https://threads.net/@ai.slash,"{""discovery"":{""source"":""SearXNG"",""query"":""Kling AI video creator site:threads.net"",""url"":""https://www.threads.net/@ai.slash?hl=pt-br"",""title"":""AI Slash (@ai.slash) • Threads, Say more"",""snippet"":""7 days ago ... Perfect prompt? Forget it. The secret to Seedance 2.0 is reference video. You record the movement, the AI renders the world. Direct control, ...""},""aigc_verdict"":{""source"":""search_snippet_only"",""verdict"":""unsure""},""follower_count"":{""source"":""not_api_profiled"",""value"":""""}}"
https://threads.net/@dileks_journal,@dileks_journal,Threads,,,"AIGC,search-index,Kling",New,2026-07-30T14:17:16Z,,,Kling,https://www.threads.net/@dileks_journal,unsure,2026-07-30T14:17:16Z,SearXNG site:threads.net Kling AI video creator,off-platform discovery; no API follower count in sweep,,https://threads.net/@dileks_journal,"{""discovery"":{""source"":""SearXNG"",""query"":""Kling AI video creator site:threads.net"",""url"":""https://www.threads.net/@dileks_journal"",""title"":""DILEK YILDIZ (@dileks_journal) • Threads, Say more"",""snippet"":"", the AI video editing app that's turning everyone into creators and bringing more opportunities for your business. No skills required. OCR ZAA RED ...""},""aigc_verdict"":{""source"":""search_snippet_only"",""verdict"":""unsure""},""follower_count"":{""source"":""not_api_profiled"",""value"":""""}}"
https://threads.net/@technology,@technology,Threads,,,"AIGC,search-index,Kling",New,2026-07-30T14:17:16Z,,,Kling,https://www.threads.net/@technology,unsure,2026-07-30T14:17:16Z,SearXNG site:threads.net Kling AI video creator,off-platform discovery; no API follower count in sweep,,https://threads.net/@technology,"{""discovery"":{""source"":""SearXNG"",""query"":""Kling AI video creator site:threads.net"",""url"":""https://www.threads.net/@technology"",""title"":""Technology (@technology) • Threads, Say more"",""snippet"":""The creator combined the display with touch controls and custom software ... Not just chat, generate ai videos and images with Top models like Seedance ...""},""aigc_verdict"":{""source"":""search_snippet_only"",""verdict"":""unsure""},""follower_count"":{""source"":""not_api_profiled"",""value"":""""}}"
https://threads.net/@moppy.op,@moppy.op,Threads,,,"AIGC,Threads,discovery-only,ElevenLabs",New,2026-08-13T14:19:01Z,,,ElevenLabs,https://www.threads.net/@moppy.op,unsure,2026-07-30T14:17:16Z,off-platform sweep Threads (https://www.threads.net/@moppy.op),discovery-only lead; no API follower count in this sweep; AIGC not inferred from snippet,,https://www.threads.net/@moppy.op,"{""discovery"":{""source"":""https://www.threads.net/@moppy.op"",""why_flagged"":""Pradyum Dhanda (@moppy.op) • Threads, Say more — 20 Jun 2026 ... Started with just an idea… no camera , no setup , no mic. This entire reel is created using ElevenLabs Flows — generating video, images, ...""},""aigc_verdict"":{""source"":""search_index_snippet_only"",""verdict"":""unsure""},""follower_count"":{""source"":""not_obtained_in_offplatform_sweep"",""value"":""""}}"
https://threads.net/@goinggreenmedia,@goinggreenmedia,Threads,,,"AIGC,search-index,AI",New,2026-07-30T14:17:16Z,,,,https://www.threads.net/@goinggreenmedia?hl=fr,unsure,2026-07-30T14:17:16Z,SearXNG site:threads.net AI filmmaker generative video,off-platform discovery; no API follower count in sweep,,https://threads.net/@goinggreenmedia,"{""discovery"":{""source"":""SearXNG"",""query"":""AI filmmaker generative video site:threads.net"",""url"":""https://www.threads.net/@goinggreenmedia?hl=fr"",""title"":""Ben Brown & Ciara Doyle | Sustainability (@goinggreenmedia)"",""snippet"":""⚡️ Share this video if you hope to see sustainable travel become a reality! ... THE CASE FOR COPYRIGHTS & AUTHORSHIP IN GENERATIVE AI Joining the Conversation...""},""aigc_verdict"":{""source"":""search_snippet_only"",""verdict"":""unsure""},""follower_count"":{""source"":""not_api_profiled"",""value"":""""}}"
https://threads.net/@rendertoken,@rendertoken,Threads,,,"AIGC,search-index,AI",New,2026-07-30T14:17:16Z,,,,https://www.threads.net/@rendertoken?hl=fr,unsure,2026-07-30T14:17:16Z,SearXNG site:threads.net AI filmmaker generative video,off-platform discovery; no API follower count in sweep,,https://threads.net/@rendertoken,"{""discovery"":{""source"":""SearXNG"",""query"":""AI filmmaker generative video site:threads.net"",""url"":""https://www.threads.net/@rendertoken?hl=fr"",""title"":""The Render Network (@rendertoken) • Threads, Say more"",""snippet"":""Dispersed handles AI workloads - inference, training, generative pipelines. ... The client bought into AI like traditional video production. That's the ...""},""aigc_verdict"":{""source"":""search_snippet_only"",""verdict"":""unsure""},""follower_count"":{""source"":""not_api_profiled"",""value"":""""}}"
https://threads.net/@bonadona,@bonadona,Threads,,,"AIGC,search-index,AI",New,2026-07-30T14:17:16Z,,,,https://www.threads.net/@bonadona,unsure,2026-07-30T14:17:16Z,SearXNG site:threads.net AI filmmaker generative video,off-platform discovery; no API follower count in sweep,,https://threads.net/@bonadona,"{""discovery"":{""source"":""SearXNG"",""query"":""AI filmmaker generative video site:threads.net"",""url"":""https://www.threads.net/@bonadona"",""title"":""Bona Bones (@bonadona) • Threads, Say more"",""snippet"":""This video was on my Hinge and Hinge downgrades the ... The people that are trying desperately to pass off generative ai images as hand drawn masterpieces.""},""aigc_verdict"":{""source"":""search_snippet_only"",""verdict"":""unsure""},""follower_count"":{""source"":""not_api_profiled"",""value"":""""}}"
https://linkedin.com/in/scottieyang,scottieyang,LinkedIn,,,"AIGC,search-index,AI",New,2026-07-30T14:17:16Z,,,Sora,https://www.linkedin.com/in/scottieyang,unsure,2026-07-30T14:17:16Z,SearXNG site:linkedin.com/in AI filmmaker Sora,off-platform discovery; no API follower count in sweep,,https://linkedin.com/in/scottieyang,"{""discovery"":{""source"":""SearXNG"",""query"":""AI filmmaker Sora site:linkedin.com/in"",""url"":""https://www.linkedin.com/in/scottieyang"",""title"":""Scottie Yang | Exploring AI-Powered Visual Storytelling on Sora"",""snippet"":""Filmmaker | Cinematic Director | Exploring AI-Powered Visual Storytelling on Sora · Senior video producer and creative director with 15+ years transforming ...""},""aigc_verdict"":{""source"":""search_snippet_only"",""verdict"":""unsure""},""follower_count"":{""source"":""not_api_profiled"",""value"":""""}}"
https://ch.linkedin.com/in/elettrafiumi,elettrafiumi,LinkedIn,,,"AIGC,search-index,AI",New,2026-07-30T14:17:16Z,,,Sora,https://ch.linkedin.com/in/elettrafiumi,unsure,2026-07-30T14:17:16Z,SearXNG site:linkedin.com/in AI filmmaker Sora,off-platform discovery; no API follower count in sweep,,https://ch.linkedin.com/in/elettrafiumi,"{""discovery"":{""source"":""SearXNG"",""query"":""AI filmmaker Sora site:linkedin.com/in"",""url"":""https://ch.linkedin.com/in/elettrafiumi"",""title"":""Elettra Fiumi – Film Director & Producer - AI Workflows - LinkedIn"",""snippet"":""Film Director & Producer | AI Filmmaker & Educator | CEO @ Fiumi Studios | AI Workflows | CPP: Runway, Sora, Leonardo, InVideo, CapCut, ElevenLabs · Elettra ...""},""aigc_verdict"":{""source"":""search_snippet_only"",""verdict"":""unsure""},""follower_count"":{""source"":""not_api_profiled"",""value"":""""}}"
https://linkedin.com/in/jack-masteller-63317022,jack-masteller-63317022,LinkedIn,,,"AIGC,search-index,AI",New,2026-07-30T14:17:16Z,,,Sora,https://www.linkedin.com/in/jack-masteller-63317022,unsure,2026-07-30T14:17:16Z,SearXNG site:linkedin.com/in AI filmmaker Sora,off-platform discovery; no API follower count in sweep,,https://linkedin.com/in/jack-masteller-63317022,"{""discovery"":{""source"":""SearXNG"",""query"":""AI filmmaker Sora site:linkedin.com/in"",""url"":""https://www.linkedin.com/in/jack-masteller-63317022"",""title"":""Jack Masteller - AI Film Production Innovation @ Disney Studios"",""snippet"":""AI Film Production Innovation @ Disney Studios · Film Producer ($5M ... Sora pilot, and oversee Studios AI Video Model Intelligence. Beyond Disney ...""},""aigc_verdict"":{""source"":""search_snippet_only"",""verdict"":""unsure""},""follower_count"":{""source"":""not_api_profiled"",""value"":""""}}"
https://uk.linkedin.com/in/andrewakinyede,andrewakinyede,LinkedIn,,,"AIGC,search-index,AI",New,2026-07-30T14:17:16Z,,,Sora,https://uk.linkedin.com/in/andrewakinyede,unsure,2026-07-30T14:17:16Z,SearXNG site:linkedin.com/in AI filmmaker Sora,off-platform discovery; no API follower count in sweep,,https://uk.linkedin.com/in/andrewakinyede,"{""discovery"":{""source"":""SearXNG"",""query"":""AI filmmaker Sora site:linkedin.com/in"",""url"":""https://uk.linkedin.com/in/andrewakinyede"",""title"":""Andrew Akinyede - AI Filmmaker & Creative Director ... - LinkedIn"",""snippet"":""AI Filmmaker & Creative Director. Working across the intersection of storytelling, culture & generative technology. Dreamina ... My Thoughts on Sora 2. 3.""},""aigc_verdict"":{""source"":""search_snippet_only"",""verdict"":""unsure""},""follower_count"":{""source"":""not_api_profiled"",""value"":""""}}"
https://linkedin.com/in/ian-wilmoth,ian-wilmoth,LinkedIn,,,"AIGC,search-index,AI",New,2026-07-30T14:17:16Z,,,Sora,https://www.linkedin.com/in/ian-wilmoth,unsure,2026-07-30T14:17:16Z,SearXNG site:linkedin.com/in AI filmmaker Sora,off-platform discovery; no API follower count in sweep,,https://linkedin.com/in/ian-wilmoth,"{""discovery"":{""source"":""SearXNG"",""query"":""AI filmmaker Sora site:linkedin.com/in"",""url"":""https://www.linkedin.com/in/ian-wilmoth"",""title"":""Ian Wilmoth - AI filmmaker since '23. Senior 3D VFX and ... - LinkedIn"",""snippet"":""He works hands-on across the production pipeline — combining AI-generated imagery with traditional VFX, animation, editing, and post-production — from concept ...""},""aigc_verdict"":{""source"":""search_snippet_only"",""verdict"":""unsure""},""follower_count"":{""source"":""not_api_profiled"",""value"":""""}}"
https://linkedin.com/in/soukimansoor,soukimansoor,LinkedIn,,,"AIGC,search-index,AI",New,2026-07-30T14:17:16Z,,,Sora,https://www.linkedin.com/in/soukimansoor,unsure,2026-07-30T14:17:16Z,SearXNG site:linkedin.com/in AI filmmaker Sora,off-platform discovery; no API follower count in sweep,,https://linkedin.com/in/soukimansoor,"{""discovery"":{""source"":""SearXNG"",""query"":""AI filmmaker Sora site:linkedin.com/in"",""url"":""https://www.linkedin.com/in/soukimansoor"",""title"":""Souki Mansoor - creative community @ openai - LinkedIn"",""snippet"":""... AI. · Experience: OpenAI · Education ... - Educating and supporting 5 filmmakers to create short films using Sora to premiere at Tribeca Film Festival.""},""aigc_verdict"":{""source"":""search_snippet_only"",""verdict"":""unsure""},""follower_count"":{""source"":""not_api_profiled"",""value"":""""}}"
https://linkedin.com/in/characampanella,characampanella,LinkedIn,,,"AIGC,search-index,AI",New,2026-07-30T14:17:16Z,,,Sora,https://www.linkedin.com/in/characampanella,unsure,2026-07-30T14:17:16Z,SearXNG site:linkedin.com/in AI filmmaker Sora,off-platform discovery; no API follower count in sweep,,https://linkedin.com/in/characampanella,"{""discovery"":{""source"":""SearXNG"",""query"":""AI filmmaker Sora site:linkedin.com/in"",""url"":""https://www.linkedin.com/in/characampanella"",""title"":""Chara Campanella - Emmy-Nominated Creative Producer - LinkedIn"",""snippet"":""Story-Driven Marketing Strategist | Generative AI Specialist | Emmy-Nominated Creative Producer | Sora Alpha Artist & Pika CPP · Emmy-nominated ...""},""aigc_verdict"":{""source"":""search_snippet_only"",""verdict"":""unsure""},""follower_count"":{""source"":""not_api_profiled"",""value"":""""}}"
https://ca.linkedin.com/in/mrpixelwizard,mrpixelwizard,LinkedIn,,,"AIGC,search-index,AI",New,2026-07-30T14:17:16Z,,,Sora,https://ca.linkedin.com/in/mrpixelwizard,unsure,2026-07-30T14:17:16Z,SearXNG site:linkedin.com/in AI filmmaker Sora,off-platform discovery; no API follower count in sweep,,https://ca.linkedin.com/in/mrpixelwizard,"{""discovery"":{""source"":""SearXNG"",""query"":""AI filmmaker Sora site:linkedin.com/in"",""url"":""https://ca.linkedin.com/in/mrpixelwizard"",""title"":""Kevin Friel - AI Film Production Specialist - LinkedIn"",""snippet"":""As a VFX artist, video producer, and AI-native workflow designer, I bridge decades of traditional filmmaking expertise with the latest generative tools.""},""aigc_verdict"":{""source"":""search_snippet_only"",""verdict"":""unsure""},""follower_count"":{""source"":""not_api_profiled"",""value"":""""}}"
https://np.linkedin.com/in/mausam-puri-747169201,mausam-puri-747169201,LinkedIn,,,"AIGC,search-index,AI",New,2026-07-30T14:17:16Z,,,Sora,https://np.linkedin.com/in/mausam-puri-747169201,unsure,2026-07-30T14:17:16Z,SearXNG site:linkedin.com/in AI filmmaker Sora,off-platform discovery; no API follower count in sweep,,https://np.linkedin.com/in/mausam-puri-747169201,"{""discovery"":{""source"":""SearXNG"",""query"":""AI filmmaker Sora site:linkedin.com/in"",""url"":""https://np.linkedin.com/in/mausam-puri-747169201"",""title"":""Mausam Puri - AI Filmmaker | Visual Storyteller | EdTech Innovator"",""snippet"":""I create AI-generated films, trailers, music videos, and cinematic shorts using tools like Runway, Sora, and Pika — eliminating the need for big crews or ...""},""aigc_verdict"":{""source"":""search_snippet_only"",""verdict"":""unsure""},""follower_count"":{""source"":""not_api_profiled"",""value"":""""}}"
https://cn.linkedin.com/in/junielau,junielau,LinkedIn,,,"AIGC,search-index,AI",New,2026-07-30T14:17:16Z,,,Sora,https://cn.linkedin.com/in/junielau,unsure,2026-07-30T14:17:16Z,SearXNG site:linkedin.com/in AI filmmaker Sora,off-platform discovery; no API follower count in sweep,,https://cn.linkedin.com/in/junielau,"{""discovery"":{""source"":""SearXNG"",""query"":""AI filmmaker Sora site:linkedin.com/in"",""url"":""https://cn.linkedin.com/in/junielau"",""title"":""Junie Lau - Multidisciplinary Creative | Director - 领英"",""snippet"":""Her AI short LOVE FROM VOID won Silver at Project Odyssey, the world's largest AI film festival, and was officially selected for OpenAI's Sora Select. Her ...""},""aigc_verdict"":{""source"":""search_snippet_only"",""verdict"":""unsure""},""follower_count"":{""source"":""not_api_profiled"",""value"":""""}}"
https://linkedin.com/in/marko-slavnic-3a29209,marko-slavnic-3a29209,LinkedIn,,,"AIGC,search-index,Runway",New,2026-07-30T14:17:16Z,,,Runway,https://www.linkedin.com/in/marko-slavnic-3a29209,unsure,2026-07-30T14:17:16Z,SearXNG site:linkedin.com/in Runway AI video creator,off-platform discovery; no API follower count in sweep,,https://linkedin.com/in/marko-slavnic-3a29209,"{""discovery"":{""source"":""SearXNG"",""query"":""Runway AI video creator site:linkedin.com/in"",""url"":""https://www.linkedin.com/in/marko-slavnic-3a29209"",""title"":""Marko Slavnic - Gen-AI Content Creator | Technical Artist | LinkedIn"",""snippet"":""This foundation gives me a unique edge in approaching AI-driven video content with a cinematic eye. · Experience: Runway · Location: Los Angeles · 500+ ...""},""aigc_verdict"":{""source"":""search_snippet_only"",""verdict"":""unsure""},""follower_count"":{""source"":""not_api_profiled"",""value"":""""}}"
https://am.linkedin.com/in/digitalwind,digitalwind,LinkedIn,,,"AIGC,search-index,Runway",New,2026-07-30T14:17:16Z,,,Runway,https://am.linkedin.com/in/digitalwind,unsure,2026-07-30T14:17:16Z,SearXNG site:linkedin.com/in Runway AI video creator,off-platform discovery; no API follower count in sweep,,https://am.linkedin.com/in/digitalwind,"{""discovery"":{""source"":""SearXNG"",""query"":""Runway AI video creator site:linkedin.com/in"",""url"":""https://am.linkedin.com/in/digitalwind"",""title"":""Sergei Diachenko - Video Creator & Motion Designer | Ai Artist"",""snippet"":""Rest assured, you will receive high-quality design that serves its purpose well. Advanced in Adobe Soft, Midjourney, Topaz Ai, ChatGPT, Runway Gen 2 and 3, Luma ...""},""aigc_verdict"":{""source"":""search_snippet_only"",""verdict"":""unsure""},""follower_count"":{""source"":""not_api_profiled"",""value"":""""}}"
https://linkedin.com/in/iansansavera,iansansavera,LinkedIn,,,"AIGC,search-index,Runway",New,2026-07-30T14:17:16Z,,,Runway,https://www.linkedin.com/in/iansansavera,unsure,2026-07-30T14:17:16Z,SearXNG site:linkedin.com/in Runway AI video creator,off-platform discovery; no API follower count in sweep,,https://linkedin.com/in/iansansavera,"{""discovery"":{""source"":""SearXNG"",""query"":""Runway AI video creator site:linkedin.com/in"",""url"":""https://www.linkedin.com/in/iansansavera"",""title"":""Ian Sansavera - AI Workflow Architect & Always Generating @Runway"",""snippet"":""... AI revolution. For the past few years, I've been working as an IC5 Video Workflow Architect at Runway, where I help shape generative AI tools that are ...""},""aigc_verdict"":{""source"":""search_snippet_only"",""verdict"":""unsure""},""follower_count"":{""source"":""not_api_profiled"",""value"":""""}}"
https://in.linkedin.com/in/kunal-khanna-91812420,kunal-khanna-91812420,LinkedIn,,,"AIGC,search-index,Runway",New,2026-07-30T14:17:16Z,,,Runway,https://in.linkedin.com/in/kunal-khanna-91812420,unsure,2026-07-30T14:17:16Z,SearXNG site:linkedin.com/in Runway AI video creator,off-platform discovery; no API follower count in sweep,,https://in.linkedin.com/in/kunal-khanna-91812420,"{""discovery"":{""source"":""SearXNG"",""query"":""Runway AI video creator site:linkedin.com/in"",""url"":""https://in.linkedin.com/in/kunal-khanna-91812420"",""title"":""Kunal Khanna - AI Video Creator | Generative Ads & AI Filmmaking"",""snippet"":""AI Video Creator | Generative Ads & AI Filmmaking | Kling • Veo • Runway • Nano Banana | 12+ Years Video Production · I create AI-generated commercial ...""},""aigc_verdict"":{""source"":""search_snippet_only"",""verdict"":""unsure""},""follower_count"":{""source"":""not_api_profiled"",""value"":""""}}"
https://ng.linkedin.com/in/johnson-sunday-9389912b8,johnson-sunday-9389912b8,LinkedIn,,,"AIGC,search-index,Runway",New,2026-07-30T14:17:16Z,,,Sora,https://ng.linkedin.com/in/johnson-sunday-9389912b8,unsure,2026-07-30T14:17:16Z,SearXNG site:linkedin.com/in Runway AI video creator,off-platform discovery; no API follower count in sweep,,https://ng.linkedin.com/in/johnson-sunday-9389912b8,"{""discovery"":{""source"":""SearXNG"",""query"":""Runway AI video creator site:linkedin.com/in"",""url"":""https://ng.linkedin.com/in/johnson-sunday-9389912b8"",""title"":""Johnson Sunday - AI Product Video Creator - LinkedIn Nigeria"",""snippet"":""AI Video Creator | AI Video Ads for E-commerce Brands | AI Product Video Creator | UGC viral Ads | Veo3, runway, sora 2, kling ai | Ai Content Strategy For ...""},""aigc_verdict"":{""source"":""search_snippet_only"",""verdict"":""unsure""},""follower_count"":{""source"":""not_api_profiled"",""value"":""""}}"
https://ng.linkedin.com/in/elijah-adah,elijah-adah,LinkedIn,,,"AIGC,search-index,Runway",New,2026-07-30T14:17:16Z,,,Runway,https://ng.linkedin.com/in/elijah-adah,unsure,2026-07-30T14:17:16Z,SearXNG site:linkedin.com/in Runway AI video creator,off-platform discovery; no API follower count in sweep,,https://ng.linkedin.com/in/elijah-adah,"{""discovery"":{""source"":""SearXNG"",""query"":""Runway AI video creator site:linkedin.com/in"",""url"":""https://ng.linkedin.com/in/elijah-adah"",""title"":""Elijah Adah - AI Video Creator | Cinematic Ads - LinkedIn Nigeria"",""snippet"":""AI Video Creator | Cinematic Ads · Reels · Shorts Brand Films · eLearning Videos | Veo 3 · HeyGen · Runway ML | 48hr Delivery | Open to Freelance & Contract ...""},""aigc_verdict"":{""source"":""search_snippet_only"",""verdict"":""unsure""},""follower_count"":{""source"":""not_api_profiled"",""value"":""""}}"
https://linkedin.com/in/patrickmullady,patrickmullady,LinkedIn,,,"AIGC,search-index,Runway",New,2026-07-30T14:17:16Z,,,Runway,https://www.linkedin.com/in/patrickmullady,unsure,2026-07-30T14:17:16Z,SearXNG site:linkedin.com/in Runway AI video creator,off-platform discovery; no API follower count in sweep,,https://linkedin.com/in/patrickmullady,"{""discovery"":{""source"":""SearXNG"",""query"":""Runway AI video creator site:linkedin.com/in"",""url"":""https://www.linkedin.com/in/patrickmullady"",""title"":""Patrick M. - Creative Engineer Lead | AI Creator | Runway CPP"",""snippet"":""Creative Engineer Lead | AI Creator | Runway CPP | Dreamina CPP | Audio/Video Editor | Artist, Musician - I like to solve problems and make stuff.""},""aigc_verdict"":{""source"":""search_snippet_only"",""verdict"":""unsure""},""follower_count"":{""source"":""not_api_profiled"",""value"":""""}}"
https://uk.linkedin.com/in/barnabaslawson,barnabaslawson,LinkedIn,,,"AIGC,search-index,Runway",New,2026-07-30T14:17:16Z,,,Runway,https://uk.linkedin.com/in/barnabaslawson,unsure,2026-07-30T14:17:16Z,SearXNG site:linkedin.com/in Runway AI video creator,off-platform discovery; no API follower count in sweep,,https://uk.linkedin.com/in/barnabaslawson,"{""discovery"":{""source"":""SearXNG"",""query"":""Runway AI video creator site:linkedin.com/in"",""url"":""https://uk.linkedin.com/in/barnabaslawson"",""title"":""Barnabas Lawson | AI Video Trainer & Speaker | LinkedIn - LinkedIn"",""snippet"":""Through @PureACT on YouTube and the ACT Skool community of 2,100+ creators, I teach practical AI video workflows using tools like Seedance, Kling, Runway, ...""},""aigc_verdict"":{""source"":""search_snippet_only"",""verdict"":""unsure""},""follower_count"":{""source"":""not_api_profiled"",""value"":""""}}"
https://linkedin.com/in/dave-spector,dave-spector,LinkedIn,,,"AIGC,search-index,Runway",New,2026-07-30T14:17:16Z,,,Runway,https://www.linkedin.com/in/dave-spector,unsure,2026-07-30T14:17:16Z,SearXNG site:linkedin.com/in Runway AI video creator,off-platform discovery; no API follower count in sweep,,https://linkedin.com/in/dave-spector,"{""discovery"":{""source"":""SearXNG"",""query"":""Runway AI video creator site:linkedin.com/in"",""url"":""https://www.linkedin.com/in/dave-spector"",""title"":""Dave Spector - Webby Award Nominated AI Video Creator, Senior ..."",""snippet"":""... AI storyteller producing cutting-edge advertisements and narratives. Experienced video editor from the advertising world, using platforms like Veo 3, Runway ...""},""aigc_verdict"":{""source"":""search_snippet_only"",""verdict"":""unsure""},""follower_count"":{""source"":""not_api_profiled"",""value"":""""}}"
https://in.linkedin.com/in/seshagiriraob,seshagiriraob,LinkedIn,,,"AIGC,search-index,Runway",New,2026-07-30T14:17:16Z,,,Runway,https://in.linkedin.com/in/seshagiriraob,unsure,2026-07-30T14:17:16Z,SearXNG site:linkedin.com/in Runway AI video creator,off-platform discovery; no API follower count in sweep,,https://in.linkedin.com/in/seshagiriraob,"{""discovery"":{""source"":""SearXNG"",""query"":""Runway AI video creator site:linkedin.com/in"",""url"":""https://in.linkedin.com/in/seshagiriraob"",""title"":""Seshagiri Rao Bheesetty - AI Video Creator | AI Cinematic Producer"",""snippet"":""AI Video Creator | AI Cinematic Producer | AI Filmmaker | Veo 3 Expert | Kling AI | Runway AI | Enterprise Videos | Commercial Ads | Motion Graphics · I ...""},""aigc_verdict"":{""source"":""search_snippet_only"",""verdict"":""unsure""},""follower_count"":{""source"":""not_api_profiled"",""value"":""""}}"
https://reddit.com/user/muchneighborhood8348,u/MuchNeighborhood8348,Reddit,,,"AIGC,AI video,Reddit",New,2026-08-01T02:05:58Z,,,Sora,https://www.reddit.com/user/MuchNeighborhood8348/,unsure,2026-07-30T14:17:16Z,searxng Sora AI video creator site:reddit.com/user -> https://www.reddit.com/user/MuchNeighborhood8348/,routine reddit discovery-only; no keyless profiling API; follower_count_unavailable,,https://www.reddit.com/user/MuchNeighborhood8348/,"{""discovery"":{""tool"":""searxng"",""query"":""Sora AI video creator site:reddit.com/user"",""source_url"":""https://www.reddit.com/user/MuchNeighborhood8348/"",""title"":""love2generateaivideo (u/MuchNeighborhood8348) - Reddit"",""snippet"":""11 Jul 2026 ... u/MuchNeighborhood8348: Founder @ PayPerVideo AI Video Generator \u2728 All top AI models in one place No subscription \u2022 Pay per video\u00a0...""}}"
https://reddit.com/user/kiraaiworkspace,u/KiraAIworkspace,Reddit,,,"AIGC,AI video,Reddit",New,2026-08-01T02:05:58Z,,,Sora,https://www.reddit.com/user/KiraAIworkspace/,unsure,2026-07-30T14:17:16Z,searxng Sora AI video creator site:reddit.com/user -> https://www.reddit.com/user/KiraAIworkspace/,routine reddit discovery-only; no keyless profiling API; follower_count_unavailable,,https://www.reddit.com/user/KiraAIworkspace/,"{""discovery"":{""tool"":""searxng"",""query"":""Sora AI video creator site:reddit.com/user"",""source_url"":""https://www.reddit.com/user/KiraAIworkspace/"",""title"":""KIRA Official (u/KiraAIworkspace) - Reddit"",""snippet"":""7 days ago ... Kira AI is a global AI creative studio delivering high-volume ad creatives, AI image and video production, \u2014 in 48 hours or less. We work\u00a0...""}}"
https://reddit.com/user/stillmusicunion,u/StillMusicUnion,Reddit,,,"AIGC,Reddit,Sora",New,2026-08-13T02:05:37Z,,,Sora,https://www.reddit.com/user/StillMusicUnion/,unsure,2026-07-30T14:17:16Z,searxng Sora AI video creator site:reddit.com/user,Reddit discovery-only: no keyless profiling API from server IP; follower_count empty; verdict unsure. Snippet: StillMusicUnion - Reddit does lenght of the sora 2 / pro generations matter? Upvote 1. Downvote ... Try reblin.co ai podcast video generator. Upvote 1. Downvote Reply reply.,,https://www.reddit.com/user/StillMusicUnion/,"{""identity"":{""source"":""searxng"",""url"":""https://www.reddit.com/user/StillMusicUnion/"",""query"":""Sora AI video creator site:reddit.com/user"",""reason"":""profile_url_result""},""aigc_verdict"":{""source"":""search_snippet"",""url"":""https://www.reddit.com/user/StillMusicUnion/"",""verdict"":""unsure"",""snippet"":""StillMusicUnion - Reddit does lenght of the sora 2 / pro generations matter? Upvote 1. Downvote ... Try reblin.co ai podcast video generator. Upvote 1. Downvote Reply reply.""}}"
https://reddit.com/user/ok_construction5498,u/Ok_Construction5498,Reddit,,,"AIGC,search-index,Sora",New,2026-07-30T14:17:16Z,,,Sora,https://www.reddit.com/user/Ok_Construction5498/,unsure,2026-07-30T14:17:16Z,SearXNG site:reddit.com/user Sora AI video creator,off-platform discovery; no API follower count in sweep,,https://reddit.com/user/Ok_Construction5498,"{""discovery"":{""source"":""SearXNG"",""query"":""Sora AI video creator site:reddit.com/user"",""url"":""https://www.reddit.com/user/Ok_Construction5498/"",""title"":""u/Ok_Construction5498 - Reddit"",""snippet"":""AI Music Video Creators Are Quietly Making $3K-$10K/Month | One Video Got 11.6M Views | Easiest Step by Step Guide (2026) · Ok_Construction5498 replied to ...""},""aigc_verdict"":{""source"":""search_snippet_only"",""verdict"":""unsure""},""follower_count"":{""source"":""not_api_profiled"",""value"":""""}}"
https://reddit.com/user/bradclarkai,u/BradClarkAI,Reddit,,,"AIGC,Reddit,Runway",New,2026-08-03T02:22:34Z,,,Runway,https://www.reddit.com/r/aivideo/comments/1moorn4/just_finished_my_first_complete_video_project/,unsure,2026-07-30T14:17:16Z,SearXNG site:reddit.com/r/aivideo; /user queries returned 0; ddgs returned 0,discovery_only: Reddit keyless profiling unavailable; follower_count empty; AIGC unsure,,https://www.reddit.com/r/aivideo/comments/1moorn4/just_finished_my_first_complete_video_project/,"{""discovery"":{""source"":""SearXNG"",""query"":""Runway AI filmmaker site:reddit.com/r/aivideo"",""url"":""https://www.reddit.com/r/aivideo/comments/1moorn4/just_finished_my_first_complete_video_project/"",""title"":""Just finished my first \""complete\"" video project with Veo 3 ... - Reddit"",""snippet"":""12 Aug 2025 ... But on the other hand, the audio tells a different story. Did you put in the sound effects yourself, or does AI do that these days?""},""identity"":{""source"":""old.reddit public post page"",""url"":""https://old.reddit.com/r/aivideo/comments/1moorn4/just_finished_my_first_complete_video_project/"",""claim"":""post author only; no Reddit profiling API used""},""aigc_verdict"":{""source"":""search snippet only"",""verdict"":""unsure""}}"
https://reddit.com/user/any_mark8926,u/Any_Mark8926,Reddit,,,"AIGC,search-index,Runway",New,2026-07-30T14:17:16Z,,,Runway,https://www.reddit.com/user/Any_Mark8926/,unsure,2026-07-30T14:17:16Z,SearXNG site:reddit.com/user Runway AI filmmaker,off-platform discovery; no API follower count in sweep,,https://reddit.com/user/Any_Mark8926,"{""discovery"":{""source"":""SearXNG"",""query"":""Runway AI filmmaker site:reddit.com/user"",""url"":""https://www.reddit.com/user/Any_Mark8926/"",""title"":""u/Any_Mark8926 - Reddit"",""snippet"":""21 Nov 2024 ... I've used tools like Runway, Higgsfield, and OpenArt AI, but none of them really deliver on what they promise. I'm a filmmaker by profession ...""},""aigc_verdict"":{""source"":""search_snippet_only"",""verdict"":""unsure""},""follower_count"":{""source"":""not_api_profiled"",""value"":""""}}"
https://reddit.com/user/contributionfew9987,u/ContributionFew9987,Reddit,,,"AIGC,search-index,Runway",New,2026-07-30T14:17:16Z,,,Runway,https://www.reddit.com/user/ContributionFew9987/,unsure,2026-07-30T14:17:16Z,SearXNG site:reddit.com/user Runway AI filmmaker,off-platform discovery; no API follower count in sweep,,https://reddit.com/user/ContributionFew9987,"{""discovery"":{""source"":""SearXNG"",""query"":""Runway AI filmmaker site:reddit.com/user"",""url"":""https://www.reddit.com/user/ContributionFew9987/"",""title"":""mindcraft.00 (u/ContributionFew9987) - Reddit"",""snippet"":""4 days ago ... The problem is that I can't afford premium AI filmmaking tools like Runway, Veo, or Kling Pro, yet one of the festivals I want to enter—the ...""},""aigc_verdict"":{""source"":""search_snippet_only"",""verdict"":""unsure""},""follower_count"":{""source"":""not_api_profiled"",""value"":""""}}"
https://reddit.com/user/ok_recover_8108,u/Ok_Recover_8108,Reddit,,,"AIGC,search-index,Runway",New,2026-07-30T14:17:16Z,,,Runway,https://www.reddit.com/user/Ok_Recover_8108/,unsure,2026-07-30T14:17:16Z,SearXNG site:reddit.com/user Runway AI filmmaker,off-platform discovery; no API follower count in sweep,,https://reddit.com/user/Ok_Recover_8108,"{""discovery"":{""source"":""SearXNG"",""query"":""Runway AI filmmaker site:reddit.com/user"",""url"":""https://www.reddit.com/user/Ok_Recover_8108/"",""title"":""u/Ok_Recover_8108 - Reddit"",""snippet"":""i dont see how serious filmmakers can rely on runway unless by chance the ... just never having to wrestle with quite honestly the WORST ai content filters out ...""},""aigc_verdict"":{""source"":""search_snippet_only"",""verdict"":""unsure""},""follower_count"":{""source"":""not_api_profiled"",""value"":""""}}"
https://reddit.com/user/harsha_nani19,u/Harsha_nani19,Reddit,,,"AIGC,search-index,Runway",New,2026-07-30T14:17:16Z,,,Runway,https://www.reddit.com/user/Harsha_nani19/,unsure,2026-07-30T14:17:16Z,SearXNG site:reddit.com/user Runway AI filmmaker,off-platform discovery; no API follower count in sweep,,https://reddit.com/user/Harsha_nani19,"{""discovery"":{""source"":""SearXNG"",""query"":""Runway AI filmmaker site:reddit.com/user"",""url"":""https://www.reddit.com/user/Harsha_nani19/"",""title"":""SPACE OSTRICH (u/Harsha_nani19) - Reddit"",""snippet"":""I was hired by a company that claimed to be building a real estate platform and an AI filmmaking company. I was recruited through a well-respected member of ...""},""aigc_verdict"":{""source"":""search_snippet_only"",""verdict"":""unsure""},""follower_count"":{""source"":""not_api_profiled"",""value"":""""}}"
https://reddit.com/user/rohitakki,u/RohitAkki,Reddit,,,"AIGC,AI video,Reddit",New,2026-08-01T02:05:58Z,,,Sora,https://www.reddit.com/user/RohitAkki/,unsure,2026-07-30T14:17:16Z,searxng Sora AI video creator site:reddit.com/user -> https://www.reddit.com/user/RohitAkki/,routine reddit discovery-only; no keyless profiling API; follower_count_unavailable,,https://www.reddit.com/user/RohitAkki/,"{""discovery"":{""tool"":""searxng"",""query"":""Sora AI video creator site:reddit.com/user"",""source_url"":""https://www.reddit.com/user/RohitAkki/"",""title"":""Rohit Akiwatkar (u/RohitAkki) - Reddit"",""snippet"":""Snapchat announced an AI video-generation tool for creators, currently in beta. It allows video creation from text and, soon, image prompts. AI was the main\u00a0...""}}"
https://reddit.com/user/capillary-tech,u/Capillary-Tech,Reddit,,,"AIGC,AI video,Reddit",New,2026-08-10T02:12:34Z,,,Runway,https://www.reddit.com/user/Capillary-Tech/,unsure,2026-07-30T14:17:16Z,searxng site:reddit.com/user Runway AI filmmaker,Reddit discovery-only; no keyless profiling API from server IP; follower count intentionally empty.,,https://www.reddit.com/user/Capillary-Tech/,"{""discovery"":{""tool"":""searxng"",""query"":""site:reddit.com/user Runway AI filmmaker"",""source_url"":""https://www.reddit.com/user/Capillary-Tech/"",""title"":""u/Capillary-Tech - Reddit""}}"
https://vimeo.com/941713443,941713443,Vimeo,,,"AIGC,search-index,Sora",New,2026-07-30T14:17:16Z,,,Sora,https://vimeo.com/941713443,unsure,2026-07-30T14:17:16Z,SearXNG site:vimeo.com Sora AI filmmaker,off-platform discovery; no API follower count in sweep,,https://vimeo.com/941713443,"{""discovery"":{""source"":""SearXNG"",""query"":""Sora AI filmmaker site:vimeo.com"",""url"":""https://vimeo.com/941713443"",""title"":""Washed Out \""The Hardest Part\"" | Videos & Movies on Vimeo"",""snippet"":""1 May 2024 ... ... filmmaker made with OpenAI's Sora video model. Moving on is the ... #zoom#infinite#young love#open ai sora#openai#sora#ai animated#ai ...""},""aigc_verdict"":{""source"":""search_snippet_only"",""verdict"":""unsure""},""follower_count"":{""source"":""not_api_profiled"",""value"":""""}}"
https://vimeo.com/939660277,939660277,Vimeo,,,"AIGC,search-index,Sora",New,2026-07-30T14:17:16Z,,,Sora,https://vimeo.com/939660277,unsure,2026-07-30T14:17:16Z,SearXNG site:vimeo.com Sora AI filmmaker,off-platform discovery; no API follower count in sweep,,https://vimeo.com/939660277,"{""discovery"":{""source"":""SearXNG"",""query"":""Sora AI filmmaker site:vimeo.com"",""url"":""https://vimeo.com/939660277"",""title"":""\""Notes To My Future Self\"" VFX Breakdown - Vimeo"",""snippet"":""26 Apr 2024 ... #greenscreen#ai filmmaking#compositing#future#stable diffusion#ai ... The Golden Record - Teaser Trailer (made with SORA). Paul Trillo.""},""aigc_verdict"":{""source"":""search_snippet_only"",""verdict"":""unsure""},""follower_count"":{""source"":""not_api_profiled"",""value"":""""}}"
https://vimeo.com/1062934927,1062934927,Vimeo,,,"AIGC,search-index,Sora",New,2026-07-30T14:17:16Z,,,Sora,https://vimeo.com/1062934927,unsure,2026-07-30T14:17:16Z,SearXNG site:vimeo.com Sora AI filmmaker,off-platform discovery; no API follower count in sweep,,https://vimeo.com/1062934927,"{""discovery"":{""source"":""SearXNG"",""query"":""Sora AI filmmaker site:vimeo.com"",""url"":""https://vimeo.com/1062934927"",""title"":""CUCO - Love Letter To LA - Worfklow Breakdown - Vimeo"",""snippet"":""5 Mar 2025 ... A breakthrough in animation by combing traditional 2D animation with the bleeding edge of experimental AI tools. \""A Love Letter to Los Angeles\"" ...""},""aigc_verdict"":{""source"":""search_snippet_only"",""verdict"":""unsure""},""follower_count"":{""source"":""not_api_profiled"",""value"":""""}}"
https://vimeo.com/1139183705,1139183705,Vimeo,,,"AIGC,search-index,Sora",New,2026-07-30T14:17:16Z,,,Sora,https://vimeo.com/1139183705,unsure,2026-07-30T14:17:16Z,SearXNG site:vimeo.com Sora AI filmmaker,off-platform discovery; no API follower count in sweep,,https://vimeo.com/1139183705,"{""discovery"":{""source"":""SearXNG"",""query"":""Sora AI filmmaker site:vimeo.com"",""url"":""https://vimeo.com/1139183705"",""title"":""ARC`TERYX x AI | SPEC COMMERCIAL | Videos & Movies on Vimeo"",""snippet"":""21 Nov 2025 ... This project taught me that AI filmmaking isn't just about prompts — it's about creative direction, pipeline design, and precision across ...""},""aigc_verdict"":{""source"":""search_snippet_only"",""verdict"":""unsure""},""follower_count"":{""source"":""not_api_profiled"",""value"":""""}}"
https://vimeo.com/1115449273,1115449273,Vimeo,,,"AIGC,search-index,Sora",New,2026-07-30T14:17:16Z,,,Sora,https://vimeo.com/1115449273,unsure,2026-07-30T14:17:16Z,SearXNG site:vimeo.com Sora AI filmmaker,off-platform discovery; no API follower count in sweep,,https://vimeo.com/1115449273,"{""discovery"":{""source"":""SearXNG"",""query"":""Sora AI filmmaker site:vimeo.com"",""url"":""https://vimeo.com/1115449273"",""title"":""superpoze - obsession | Videos & Movies on Vimeo"",""snippet"":""3 Sept 2025 ... ... producer: michaël zarifian flame lead: sébastien aubert flame artists: anaïs poujol, clément papin, anton ducos online: sora schaeffter ...""},""aigc_verdict"":{""source"":""search_snippet_only"",""verdict"":""unsure""},""follower_count"":{""source"":""not_api_profiled"",""value"":""""}}"
https://vimeo.com/687056891,687056891,Vimeo,,,"AIGC,search-index,Sora",New,2026-07-30T14:17:16Z,,,Sora,https://vimeo.com/687056891,unsure,2026-07-30T14:17:16Z,SearXNG site:vimeo.com Sora AI filmmaker,off-platform discovery; no API follower count in sweep,,https://vimeo.com/687056891,"{""discovery"":{""source"":""SearXNG"",""query"":""Sora AI filmmaker site:vimeo.com"",""url"":""https://vimeo.com/687056891"",""title"":""GARENA Free Fire – BEATz Go Boom (Director's Cut) - Juice - Vimeo"",""snippet"":""11 Mar 2022 ... Juice | GARENA Free Fire – BEATz Go Boom (Director's Cut) ... Chaos erupts when teens from across the globe morph into their in-game avatars and ...""},""aigc_verdict"":{""source"":""search_snippet_only"",""verdict"":""unsure""},""follower_count"":{""source"":""not_api_profiled"",""value"":""""}}"
https://vimeo.com/234498586,user234498586,Vimeo,0,,"AIGC,Vimeo",New,2026-08-10T06:27:40Z,,,Sora,https://vimeo.com/234498586,unsure,2026-07-30T14:17:16Z,Vimeo API refresh,videos_total: 0,,https://vimeo.com/234498586,"{""follower_count"":{""source"":""vimeo_api"",""url"":""https://api.vimeo.com/users/234498586""},""profile"":{""source"":""vimeo_api"",""url"":""https://vimeo.com/234498586""},""aigc_verdict"":{""source"":""api_search_metadata"",""url"":""https://vimeo.com/234498586"",""note"":""API search/profile only; visual frame review not performed in this routine lane""}}"
https://vimeo.com/821101511,821101511,Vimeo,,,"AIGC,search-index,Runway",New,2026-07-30T14:17:16Z,,,Runway,https://vimeo.com/821101511,unsure,2026-07-30T14:17:16Z,SearXNG site:vimeo.com Runway AI video creator,off-platform discovery; no API follower count in sweep,,https://vimeo.com/821101511,"{""discovery"":{""source"":""SearXNG"",""query"":""Runway AI video creator site:vimeo.com"",""url"":""https://vimeo.com/821101511"",""title"":""THANK YOU FOR NOT ANSWERING | Videos & Movies on Vimeo"",""snippet"":""26 Apr 2023 ... Written and \""Directed\"" by Paul Trillo. AI-generated video made from only Image and Text prompts using Runway's Gen-2. Music: \""Summertime ...""},""aigc_verdict"":{""source"":""search_snippet_only"",""verdict"":""unsure""},""follower_count"":{""source"":""not_api_profiled"",""value"":""""}}"
https://vimeo.com/1126570133,1126570133,Vimeo,,,"AIGC,search-index,Runway",New,2026-07-30T14:17:16Z,,,Runway,https://vimeo.com/1126570133,unsure,2026-07-30T14:17:16Z,SearXNG site:vimeo.com Runway AI video creator,off-platform discovery; no API follower count in sweep,,https://vimeo.com/1126570133,"{""discovery"":{""source"":""SearXNG"",""query"":""Runway AI video creator site:vimeo.com"",""url"":""https://vimeo.com/1126570133"",""title"":""Waviboy Ai Creative Studio Academy | Videos & Movies on Vimeo"",""snippet"":""12 Oct 2025 ... The AI Creative Studio Academy teaches how to combine AI tools like Midjourney, ChatGPT, and Runway with storytelling, design, and branding ...""},""aigc_verdict"":{""source"":""search_snippet_only"",""verdict"":""unsure""},""follower_count"":{""source"":""not_api_profiled"",""value"":""""}}"
https://civitai.com/user/ovidiusnaso,ovidiusnaso,Civitai,,,"AIGC,search-index,AI",New,2026-07-30T14:17:16Z,,,,https://civitai.com/user/ovidiusnaso,unsure,2026-07-30T14:17:16Z,SearXNG site:civitai.com/user AI video creator,off-platform discovery; no API follower count in sweep,,https://civitai.com/user/ovidiusnaso,"{""discovery"":{""source"":""SearXNG"",""query"":""AI video creator site:civitai.com/user"",""url"":""https://civitai.com/user/ovidiusnaso"",""title"":""ovidiusnaso Creator Profile - Civitai"",""snippet"":""I'm a 3D animator playing around with AI video to see what it can do. 1.7k. Followers. 107. Likes. 685. Downloads. 6.8k. Generations. Images.""},""aigc_verdict"":{""source"":""search_snippet_only"",""verdict"":""unsure""},""follower_count"":{""source"":""not_api_profiled"",""value"":""""}}"
https://civitai.com/user/happusy/videos,HAPPUSY,Civitai,,,"AIGC,search-index,AI",New,2026-07-30T14:17:16Z,,,,https://civitai.com/user/HAPPUSY/videos,unsure,2026-07-30T14:17:16Z,SearXNG site:civitai.com/user AI video creator,off-platform discovery; no API follower count in sweep,,https://civitai.com/user/HAPPUSY/videos,"{""discovery"":{""source"":""SearXNG"",""query"":""AI video creator site:civitai.com/user"",""url"":""https://civitai.com/user/HAPPUSY/videos"",""title"":""HAPPUSY Creator Profile - Civitai"",""snippet"":""11 Jan 2026 ... Creating high-quality AI-generated adult animations. Committed to ... videos and illustrations / Character polls / Exclusive tutorials.""},""aigc_verdict"":{""source"":""search_snippet_only"",""verdict"":""unsure""},""follower_count"":{""source"":""not_api_profiled"",""value"":""""}}"
https://civitai.com/user/previousscheme9737506/videos,PreviousScheme9737506,Civitai,,,"AIGC,search-index,AI",New,2026-07-30T14:17:16Z,,,,https://civitai.com/user/PreviousScheme9737506/videos,unsure,2026-07-30T14:17:16Z,SearXNG site:civitai.com/user AI video creator,off-platform discovery; no API follower count in sweep,,https://civitai.com/user/PreviousScheme9737506/videos,"{""discovery"":{""source"":""SearXNG"",""query"":""AI video creator site:civitai.com/user"",""url"":""https://civitai.com/user/PreviousScheme9737506/videos"",""title"":""PreviousScheme9737506 Creator Profile - Civitai"",""snippet"":""19 Apr 2026 ... videos. 2 · 3D Models. 0 · articles. 0 · comics. 0 ... I'm an AI image enthusiast, blending creativity and technology to produce unique artwork.""},""aigc_verdict"":{""source"":""search_snippet_only"",""verdict"":""unsure""},""follower_count"":{""source"":""not_api_profiled"",""value"":""""}}"
https://civitai.com/user/atakatadai,atakatadai,Civitai,,,"AIGC,search-index,AI",New,2026-07-30T14:17:16Z,,,,https://civitai.com/user/atakatadai,unsure,2026-07-30T14:17:16Z,SearXNG site:civitai.com/user AI video creator,off-platform discovery; no API follower count in sweep,,https://civitai.com/user/atakatadai,"{""discovery"":{""source"":""SearXNG"",""query"":""AI video creator site:civitai.com/user"",""url"":""https://civitai.com/user/atakatadai"",""title"":""atakatadai Creator Profile - Civitai"",""snippet"":""Exclusive AI videos & content! My Page → https://www.fanvue.com/atakatadai/fv-3. ――――――――――――――――――. Fanvue 限定動画更新中！ → https://www.fanvue.com ...""},""aigc_verdict"":{""source"":""search_snippet_only"",""verdict"":""unsure""},""follower_count"":{""source"":""not_api_profiled"",""value"":""""}}"
https://civitai.com/user/a569575838389,@a569575838389,Civitai,,,"AIGC,Sora",New,2026-08-06T14:13:11Z,,,Sora,https://civitai.com/user/a569575838389,unsure,2026-07-30T14:17:16Z,"off-platform sweep (ddgs): ""AI video"" ""Sora"" site:civitai.com/user",routine off-platform discovery; follower_count unavailable via API in this window; AIGC not frame-reviewed,,https://civitai.com/user/a569575838389,"{""discovery"":{""source"":""ddgs"",""query"":""\""AI video\"" \""Sora\"" site:civitai.com/user"",""url"":""https://civitai.com/user/a569575838389"",""snippet"":""a569575838389 Creator Profile | Civitai — New AI video releases from time to time.""},""aigc_verdict"":{""source"":""off-platform search snippet only; no API/frame review in this routine window"",""url"":""https://civitai.com/user/a569575838389""}}"
https://civitai.com/user/sinuhetheforth,sinuhetheforth,Civitai,,,"AIGC,search-index,AI",New,2026-07-30T14:17:16Z,,,,https://civitai.com/user/sinuhetheforth,unsure,2026-07-30T14:17:16Z,SearXNG site:civitai.com/user AI video creator,off-platform discovery; no API follower count in sweep,,https://civitai.com/user/sinuhetheforth,"{""discovery"":{""source"":""SearXNG"",""query"":""AI video creator site:civitai.com/user"",""url"":""https://civitai.com/user/sinuhetheforth"",""title"":""sinuhetheforth Creator Profile - Civitai"",""snippet"":""Just sharing my AI work, AI videos are on my Tiktok and Instagram pages. 6k. Followers. 303. Likes. 1.5k. Downloads. 40k. Generations. Badges.""},""aigc_verdict"":{""source"":""search_snippet_only"",""verdict"":""unsure""},""follower_count"":{""source"":""not_api_profiled"",""value"":""""}}"
https://civitai.com/user/aimetatron/videos,aimetatron,Civitai,,,"AIGC,Civitai,video,MiniMax H3",New,2026-08-10T06:27:40Z,,,MiniMax H3,https://image.civitai.com/xG1nkqKTMzGDvpLrqFT7WA/42f3c9a2-e710-4d18-9dec-dc20ac54ee7f/original=true/42f3c9a2-e710-4d18-9dec-dc20ac54ee7f.mp4,yes,2026-07-30T14:17:16Z,Civitai API refresh,public_sfw_video_items: 10,,https://civitai.com/user/aimetatron/videos,"{""video_content"":{""source"":""civitai_images_api"",""url"":""https://civitai.com/api/v1/images"",""items"":10,""type"":""video"",""nsfw"":false},""aigc_verdict"":{""source"":""civitai_video_api"",""url"":""https://image.civitai.com/xG1nkqKTMzGDvpLrqFT7WA/42f3c9a2-e710-4d18-9dec-dc20ac54ee7f/original=true/42f3c9a2-e710-4d18-9dec-dc20ac54ee7f.mp4"",""note"":""Civitai public video item confirms AI-generated video output""}}"
https://civitai.com/user/raymondluxuryyacht/posts,RaymondLuxuryYacht,Civitai,,,"AIGC,search-index,AI",New,2026-07-30T14:17:16Z,,,,https://civitai.com/user/RaymondLuxuryYacht/posts,unsure,2026-07-30T14:17:16Z,SearXNG site:civitai.com/user AI video creator,off-platform discovery; no API follower count in sweep,,https://civitai.com/user/RaymondLuxuryYacht/posts,"{""discovery"":{""source"":""SearXNG"",""query"":""AI video creator site:civitai.com/user"",""url"":""https://civitai.com/user/RaymondLuxuryYacht/posts"",""title"":""RaymondLuxuryYacht Creator Profile - Civitai"",""snippet"":""I'll be away for most of July. See you in a few weeks. To share your own art and discuss all things (sfw and nsfw) realistic AI image/music/video generation ...""},""aigc_verdict"":{""source"":""search_snippet_only"",""verdict"":""unsure""},""follower_count"":{""source"":""not_api_profiled"",""value"":""""}}"
https://civitai.com/user/cyberdelia/models,Cyberdelia,Civitai,,,"AIGC,search-index,AI",New,2026-07-30T14:17:16Z,,,,https://civitai.com/user/Cyberdelia/models,unsure,2026-07-30T14:17:16Z,SearXNG site:civitai.com/user AI video creator,off-platform discovery; no API follower count in sweep,,https://civitai.com/user/Cyberdelia/models,"{""discovery"":{""source"":""SearXNG"",""query"":""AI video creator site:civitai.com/user"",""url"":""https://civitai.com/user/Cyberdelia/models"",""title"":""Cyberdelia Creator Profile - Civitai"",""snippet"":""videos. 0 · 3D Models. 0 · articles. 3 · comics. 0 · collections. 8 ... Discord - hang out with other AI creators, share ideas, and get early access ...""},""aigc_verdict"":{""source"":""search_snippet_only"",""verdict"":""unsure""},""follower_count"":{""source"":""not_api_profiled"",""value"":""""}}"
https://civitai.com/user/ai_ojisama/models,ai_ojisama,Civitai,,,"AIGC,Civitai,video",New,2026-08-10T06:27:40Z,,,,https://civitai.com/user/Ai_ojisama/models,unsure,2026-07-30T14:17:16Z,Civitai API refresh,public_sfw_video_items: 0,,https://civitai.com/user/ai_ojisama/models,"{""video_content"":{""source"":""civitai_images_api"",""url"":""https://civitai.com/api/v1/images"",""items"":0,""type"":""video"",""nsfw"":false},""aigc_verdict"":{""source"":""civitai_video_api"",""url"":""https://civitai.com/user/ai_ojisama/models"",""note"":""Civitai public video item confirms AI-generated video output""}}"
https://reddit.com/user/jamianmedia,u/jamianmedia,Reddit,,,"AIGC,Reddit,Sora",New,2026-08-03T02:22:34Z,,,Sora,https://www.reddit.com/r/aivideo/comments/1ay23yx/i_made_a_sora_music_video_using_mostly_ai_tools/,unsure,2026-07-31T02:15:39Z,SearXNG site:reddit.com/r/aivideo; /user queries returned 0; ddgs returned 0,discovery_only: Reddit keyless profiling unavailable; follower_count empty; AIGC unsure,,https://www.reddit.com/r/aivideo/comments/1ay23yx/i_made_a_sora_music_video_using_mostly_ai_tools/,"{""discovery"":{""source"":""SearXNG"",""query"":""Sora AI video creator site:reddit.com/r/aivideo"",""url"":""https://www.reddit.com/r/aivideo/comments/1ay23yx/i_made_a_sora_music_video_using_mostly_ai_tools/"",""title"":""r/aivideo on Reddit: I made a Sora Music Video using mostly AI tools (Suno.ai, Topaz, Capcut)"",""snippet"":""Welcome to r/aivideo! \ud83c\udf7f\ud83e\udd64 A community focused on the use of FULL MOTION VIDEO GENERATIVE A.I. ASSISTANTS such as OPEN AI SORA, RUNWAY, PIKA LABS, SVD and similar AI VIDEO tools capable of TEXT TO VIDEO, IMAGE TO VIDEO, VIDEO TO VIDEO, AI VOICE OVER ACTING, AI MUSIC, AI NEWSROOM, live action AI CGI VFX and AI VIDEO EDITING WELCOME TO THE FUTURE!! DISCLAIMER: unless stated otherwise all ...""},""identity"":{""source"":""old.reddit public post page"",""url"":""https://old.reddit.com/r/aivideo/comments/1ay23yx/i_made_a_sora_music_video_using_mostly_ai_tools/"",""claim"":""post author only; no Reddit profiling API used""},""aigc_verdict"":{""source"":""search snippet only"",""verdict"":""unsure""}}"
https://reddit.com/user/storybook_tobi,u/Storybook_Tobi,Reddit,,,"AIGC,Reddit,Runway",New,2026-08-03T02:22:34Z,,,Runway,https://www.reddit.com/r/aivideo/comments/15ibgzh/sdxl_runway_a_filmmakers_dream_come_true/,unsure,2026-07-31T02:15:39Z,SearXNG site:reddit.com/r/aivideo; /user queries returned 0; ddgs returned 0,discovery_only: Reddit keyless profiling unavailable; follower_count empty; AIGC unsure,,https://www.reddit.com/r/aivideo/comments/15ibgzh/sdxl_runway_a_filmmakers_dream_come_true/,"{""discovery"":{""source"":""SearXNG"",""query"":""Runway AI filmmaker site:reddit.com/r/aivideo"",""url"":""https://www.reddit.com/r/aivideo/comments/15ibgzh/sdxl_runway_a_filmmakers_dream_come_true/"",""title"":""SDXL + Runway = a filmmaker's dream come true! - Reddit"",""snippet"":""Hey guys, my friend Albert Bozesan and I, both traditional filmmakers, are on the long road to create films and series with AI. For this showcase, we created several hundred images in SDXL and 1.5 (Juggernaut) in ComfyUI + auto1111 with various extensions, imported them into Runway Gen2 and tweaked a little with After Effects and Blender.""},""identity"":{""source"":""old.reddit public post page"",""url"":""https://old.reddit.com/r/aivideo/comments/15ibgzh/sdxl_runway_a_filmmakers_dream_come_true/"",""claim"":""post author only; no Reddit profiling API used""},""aigc_verdict"":{""source"":""search snippet only"",""verdict"":""unsure""}}"
https://reddit.com/user/filmenor1990,u/filmenor1990,Reddit,,,"AIGC,Reddit,AI video",New,2026-07-31T02:15:39Z,,,,https://www.reddit.com/r/aivideo/comments/19e8phn/i_made_a_free_ai_filmmaking_guide_and_resource/,unsure,2026-07-31T02:15:39Z,SearXNG/ddgs site:reddit.com/r/aivideo + public HTML author extraction,reddit_discovery_only; no keyless profiling API; follower_count_empty; verdict_unsure,,,"{""identity"":{""source"":""public old.reddit.com HTML author link"",""url"":""https://old.reddit.com/r/aivideo/comments/19e8phn/i_made_a_free_ai_filmmaking_guide_and_resource/""},""aigc_lead"":{""source"":""SearXNG/ddgs site:reddit.com/r/aivideo result + public post title"",""url"":""https://www.reddit.com/r/aivideo/comments/19e8phn/i_made_a_free_ai_filmmaking_guide_and_resource/"",""title"":""I made a free AI filmmaking guide and resource!""},""follower_count"":{""source"":""unavailable: no keyless Reddit profiling API used"",""url"":""https://www.reddit.com/user/filmenor1990""},""aigc_verdict"":{""source"":""not profiled; search/post-title lead only per ROUTINE.md rule 9"",""url"":""https://www.reddit.com/r/aivideo/comments/19e8phn/i_made_a_free_ai_filmmaking_guide_and_resource/""}}"
https://reddit.com/user/wing89,u/Wing89,Reddit,,,"AIGC,Reddit,AI video,Runway",New,2026-07-31T02:15:39Z,,,Runway,https://www.reddit.com/r/aivideo/comments/14xswiw/the_fall_short_film_runway_gen2/,unsure,2026-07-31T02:15:39Z,SearXNG/ddgs site:reddit.com/r/aivideo + public HTML author extraction,reddit_discovery_only; no keyless profiling API; follower_count_empty; verdict_unsure,,,"{""identity"":{""source"":""public old.reddit.com HTML author link"",""url"":""https://old.reddit.com/r/aivideo/comments/14xswiw/the_fall_short_film_runway_gen2/""},""aigc_lead"":{""source"":""SearXNG/ddgs site:reddit.com/r/aivideo result + public post title"",""url"":""https://www.reddit.com/r/aivideo/comments/14xswiw/the_fall_short_film_runway_gen2/"",""title"":""\""The Fall\"" -- Short Film (Runway Gen-2)""},""follower_count"":{""source"":""unavailable: no keyless Reddit profiling API used"",""url"":""https://www.reddit.com/user/Wing89""},""aigc_verdict"":{""source"":""not profiled; search/post-title lead only per ROUTINE.md rule 9"",""url"":""https://www.reddit.com/r/aivideo/comments/14xswiw/the_fall_short_film_runway_gen2/""}}"
https://reddit.com/user/javieraliagaofficial,u/JavierAliagaOfficial,Reddit,,,"AIGC,Reddit,AI video,Runway",New,2026-07-31T02:15:39Z,,,Runway,https://www.reddit.com/r/aivideo/comments/1beyo1v/made_a_short_horror_film_using_runway/,unsure,2026-07-31T02:15:39Z,SearXNG/ddgs site:reddit.com/r/aivideo + public HTML author extraction,reddit_discovery_only; no keyless profiling API; follower_count_empty; verdict_unsure,,,"{""identity"":{""source"":""public old.reddit.com HTML author link"",""url"":""https://old.reddit.com/r/aivideo/comments/1beyo1v/made_a_short_horror_film_using_runway/""},""aigc_lead"":{""source"":""SearXNG/ddgs site:reddit.com/r/aivideo result + public post title"",""url"":""https://www.reddit.com/r/aivideo/comments/1beyo1v/made_a_short_horror_film_using_runway/"",""title"":""Made a short horror film using Runway""},""follower_count"":{""source"":""unavailable: no keyless Reddit profiling API used"",""url"":""https://www.reddit.com/user/JavierAliagaOfficial""},""aigc_verdict"":{""source"":""not profiled; search/post-title lead only per ROUTINE.md rule 9"",""url"":""https://www.reddit.com/r/aivideo/comments/1beyo1v/made_a_short_horror_film_using_runway/""}}"
https://vimeo.com/grimmstudio0442,Grimm_Studio9,Vimeo,32,,"AIGC,Vimeo",New,2026-08-10T06:27:40Z,"New York, NY, USA",,Kling,https://vimeo.com/1150108460,unsure,2026-07-31T06:22:16Z,Vimeo API refresh,videos_total: 28,,https://vimeo.com/grimmstudio0442,"{""follower_count"":{""source"":""vimeo_api"",""url"":""https://api.vimeo.com/users/grimmstudio0442""},""profile"":{""source"":""vimeo_api"",""url"":""https://vimeo.com/grimmstudio0442""},""aigc_verdict"":{""source"":""api_search_metadata"",""url"":""https://vimeo.com/grimmstudio0442"",""note"":""API search/profile only; visual frame review not performed in this routine lane""}}"
https://vimeo.com/didster,Didster H,Vimeo,38,,"AIGC,Vimeo",New,2026-08-10T06:27:40Z,Los Angeles,,Kling,https://vimeo.com/962547221,unsure,2026-07-31T06:22:16Z,Vimeo API refresh,videos_total: 187,,https://vimeo.com/didster,"{""follower_count"":{""source"":""vimeo_api"",""url"":""https://api.vimeo.com/users/didster""},""profile"":{""source"":""vimeo_api"",""url"":""https://vimeo.com/didster""},""aigc_verdict"":{""source"":""api_search_metadata"",""url"":""https://vimeo.com/didster"",""note"":""API search/profile only; visual frame review not performed in this routine lane""}}"
https://vimeo.com/user124956324,Kaslik Workshop,Vimeo,1,,"AIGC,Vimeo,API",New,2026-08-08T06:34:38Z,"Istanbul, İstanbul, Türkiye",,Kling,https://vimeo.com/702341580,unsure,2026-07-31T06:22:16Z,vimeo_api_refresh,API-only Vimeo refresh/discovery; visual AIGC review not performed in routine lane; sole_or_small: unknown,,https://www.kaslikworkshop.com/home/,"{""follower_count"":{""source"":""vimeo_api"",""url"":""https://api.vimeo.com/users/124956324""},""profile"":{""source"":""vimeo_api"",""url"":""https://vimeo.com/user124956324""},""aigc_verdict"":{""source"":""api_text_only"",""url"":""https://vimeo.com/702341580"",""note"":""Routine API lane does not infer visual verdict; left unsure unless already reviewed.""}}"
https://vimeo.com/kangal,Alexander Kang,Vimeo,30,,"AIGC,Vimeo",New,2026-08-10T06:27:40Z,"Shanghai, China",,Kling,https://vimeo.com/1132431619,unsure,2026-07-31T06:22:16Z,Vimeo API refresh,videos_total: 192,,https://www.vdoape.com,"{""follower_count"":{""source"":""vimeo_api"",""url"":""https://api.vimeo.com/users/kangal""},""profile"":{""source"":""vimeo_api"",""url"":""https://vimeo.com/kangal""},""aigc_verdict"":{""source"":""api_search_metadata"",""url"":""https://vimeo.com/kangal"",""note"":""API search/profile only; visual frame review not performed in this routine lane""}}"
https://vimeo.com/user222855974,Oluwaseun,Vimeo,0,,"AIGC,Vimeo,API",New,2026-08-08T06:34:38Z,"Lagos, Nigeria",,Sora,https://vimeo.com/1101006008,unsure,2026-07-31T06:22:16Z,vimeo_api_refresh,API-only Vimeo refresh/discovery; visual AIGC review not performed in routine lane; sole_or_small: unknown,,https://www.upwork.com/freelancers/~0100dc8289bfc7861d,"{""follower_count"":{""source"":""vimeo_api"",""url"":""https://api.vimeo.com/users/222855974""},""profile"":{""source"":""vimeo_api"",""url"":""https://vimeo.com/user222855974""},""aigc_verdict"":{""source"":""api_text_only"",""url"":""https://vimeo.com/1101006008"",""note"":""Routine API lane does not infer visual verdict; left unsure unless already reviewed.""}}"
https://vimeo.com/user250567424,user250567424,Vimeo,0,,"AIGC,Vimeo,API",New,2026-08-08T06:34:38Z,,,Pika,https://vimeo.com/1176438611,unsure,2026-07-31T06:22:16Z,vimeo_api_refresh,API-only Vimeo refresh/discovery; visual AIGC review not performed in routine lane; sole_or_small: unknown,,https://vimeo.com/user250567424,"{""follower_count"":{""source"":""vimeo_api"",""url"":""https://api.vimeo.com/users/250567424""},""profile"":{""source"":""vimeo_api"",""url"":""https://vimeo.com/user250567424""},""aigc_verdict"":{""source"":""api_text_only"",""url"":""https://vimeo.com/1176438611"",""note"":""Routine API lane does not infer visual verdict; left unsure unless already reviewed.""}}"
https://vimeo.com/user125029728,topgold,Vimeo,14,,"AIGC,Vimeo,API",New,2026-08-08T06:34:38Z,"Clonmel, Co. Tipperary, Ireland",,Pika,https://vimeo.com/1215847685,unsure,2026-07-31T06:22:16Z,vimeo_api_refresh,API-only Vimeo refresh/discovery; visual AIGC review not performed in routine lane; sole_or_small: unknown,,https://topgold.micro.blog,"{""follower_count"":{""source"":""vimeo_api"",""url"":""https://api.vimeo.com/users/125029728""},""profile"":{""source"":""vimeo_api"",""url"":""https://vimeo.com/user125029728""},""aigc_verdict"":{""source"":""api_text_only"",""url"":""https://vimeo.com/1215847685"",""note"":""Routine API lane does not infer visual verdict; left unsure unless already reviewed.""}}"
https://vimeo.com/user1540454,Turboslow Creative Agency,Vimeo,2,,"AIGC,Vimeo,API",New,2026-08-08T06:34:38Z,"Brussels, Belgium",,Pika,https://vimeo.com/1121099339,unsure,2026-07-31T06:22:16Z,vimeo_api_refresh,API-only Vimeo refresh/discovery; visual AIGC review not performed in routine lane; sole_or_small: unknown,,https://www.turboslow.agency,"{""follower_count"":{""source"":""vimeo_api"",""url"":""https://api.vimeo.com/users/1540454""},""profile"":{""source"":""vimeo_api"",""url"":""https://vimeo.com/user1540454""},""aigc_verdict"":{""source"":""api_text_only"",""url"":""https://vimeo.com/1121099339"",""note"":""Routine API lane does not infer visual verdict; left unsure unless already reviewed.""}}"
https://vimeo.com/jsoler,J.B. Soler,Vimeo,19,,"AIGC,Vimeo",New,2026-08-10T06:27:40Z,"New York, NY, USA",,Veo,https://vimeo.com/1101941716,unsure,2026-07-31T06:22:16Z,Vimeo API refresh,videos_total: 64,,https://vimeo.com/jsoler,"{""follower_count"":{""source"":""vimeo_api"",""url"":""https://api.vimeo.com/users/jsoler""},""profile"":{""source"":""vimeo_api"",""url"":""https://vimeo.com/jsoler""},""aigc_verdict"":{""source"":""api_search_metadata"",""url"":""https://vimeo.com/jsoler"",""note"":""API search/profile only; visual frame review not performed in this routine lane""}}"
https://vimeo.com/user9523025,Golden Film,Vimeo,10,,"AIGC,Vimeo,API",New,2026-08-08T06:34:38Z,,,Veo,https://vimeo.com/1130597125,unsure,2026-07-31T06:22:16Z,vimeo_api_refresh,API-only Vimeo refresh/discovery; visual AIGC review not performed in routine lane; sole_or_small: unknown,,www.jobythuruthel.blogspot.com,"{""follower_count"":{""source"":""vimeo_api"",""url"":""https://api.vimeo.com/users/9523025""},""profile"":{""source"":""vimeo_api"",""url"":""https://vimeo.com/user9523025""},""aigc_verdict"":{""source"":""api_text_only"",""url"":""https://vimeo.com/1130597125"",""note"":""Routine API lane does not infer visual verdict; left unsure unless already reviewed.""}}"
https://vimeo.com/user100847956,Yadu Krishnan,Vimeo,1,,"AIGC,Vimeo,Sora",New,2026-08-10T06:27:40Z,"Vancouver, BC, Canada",,Sora,https://vimeo.com/1128132821,unsure,2026-07-31T06:22:16Z,Vimeo API /videos search: veo ai video,videos_total: 5,,https://www.yadukx.com/,"{""follower_count"":{""source"":""vimeo_api"",""url"":""https://api.vimeo.com/users/100847956""},""profile"":{""source"":""vimeo_api"",""url"":""https://vimeo.com/user100847956""},""aigc_verdict"":{""source"":""api_search_metadata"",""url"":""https://vimeo.com/1128132821"",""note"":""API search/profile only; visual frame review not performed in this routine lane""}}"
https://vimeo.com/matthewsingh,Matthew Singh,Vimeo,53,,"AIGC,Vimeo,Wan",New,2026-08-10T06:27:40Z,"Manchester, UK",,Wan,https://vimeo.com/1214962486,unsure,2026-07-31T06:22:16Z,Vimeo API refresh,videos_total: 85,,https://vimeo.com/matthewsingh,"{""follower_count"":{""source"":""vimeo_api"",""url"":""https://api.vimeo.com/users/matthewsingh""},""profile"":{""source"":""vimeo_api"",""url"":""https://vimeo.com/matthewsingh""},""aigc_verdict"":{""source"":""api_search_metadata"",""url"":""https://vimeo.com/matthewsingh"",""note"":""API search/profile only; visual frame review not performed in this routine lane""}}"
https://vimeo.com/pogodin,Artemii Pogodin,Vimeo,166,,"AIGC,Vimeo,API,Kling",New,2026-08-08T06:34:38Z,"London, UK",,Kling,https://vimeo.com/1199092214,unsure,2026-07-31T06:22:16Z,vimeo_api_refresh,API-only Vimeo refresh/discovery; visual AIGC review not performed in routine lane; sole_or_small: unknown,,www.behance.net/artemiipogodin,"{""follower_count"":{""source"":""vimeo_api"",""url"":""https://api.vimeo.com/users/52640300""},""profile"":{""source"":""vimeo_api"",""url"":""https://vimeo.com/pogodin""},""aigc_verdict"":{""source"":""api_text_only"",""url"":""https://vimeo.com/1199092214"",""note"":""Routine API lane does not infer visual verdict; left unsure unless already reviewed.""}}"
https://vimeo.com/javidevitt,Javier Devitt,Vimeo,2054,,"AIGC,Vimeo",New,2026-08-10T06:27:40Z,"Los Angeles, CA, USA",,,https://vimeo.com/1067471653,unsure,2026-07-31T06:22:16Z,Vimeo API refresh,videos_total: 21,,http://www.javidevitt.com,"{""follower_count"":{""source"":""vimeo_api"",""url"":""https://api.vimeo.com/users/javidevitt""},""profile"":{""source"":""vimeo_api"",""url"":""https://vimeo.com/javidevitt""},""aigc_verdict"":{""source"":""api_search_metadata"",""url"":""https://vimeo.com/javidevitt"",""note"":""API search/profile only; visual frame review not performed in this routine lane""}}"
https://vimeo.com/user194440007,Matteo Pasquon,Vimeo,0,,"AIGC,Vimeo,API",New,2026-08-08T06:34:38Z,"Venice, Metropolitan City of Ven",,,https://vimeo.com/922835851,unsure,2026-07-31T06:22:16Z,vimeo_api_refresh,API-only Vimeo refresh/discovery; visual AIGC review not performed in routine lane; sole_or_small: unknown,,https://vimeo.com/user194440007,"{""follower_count"":{""source"":""vimeo_api"",""url"":""https://api.vimeo.com/users/194440007""},""profile"":{""source"":""vimeo_api"",""url"":""https://vimeo.com/user194440007""},""aigc_verdict"":{""source"":""api_text_only"",""url"":""https://vimeo.com/922835851"",""note"":""Routine API lane does not infer visual verdict; left unsure unless already reviewed.""}}"
https://vimeo.com/holdtighttv,Hold Tight TV,Vimeo,12,,"AIGC,Vimeo",New,2026-08-10T06:27:40Z,London,,Runway,https://vimeo.com/1131010018,unsure,2026-07-31T06:22:16Z,Vimeo API refresh,videos_total: 47,,https://holdtight.tv,"{""follower_count"":{""source"":""vimeo_api"",""url"":""https://api.vimeo.com/users/holdtighttv""},""profile"":{""source"":""vimeo_api"",""url"":""https://vimeo.com/holdtighttv""},""aigc_verdict"":{""source"":""api_search_metadata"",""url"":""https://vimeo.com/holdtighttv"",""note"":""API search/profile only; visual frame review not performed in this routine lane""}}"
https://vimeo.com/user48702117,Vlad Rud,Vimeo,0,,"AIGC,Vimeo,API,Veo",New,2026-08-08T06:34:38Z,,,Veo,https://vimeo.com/1182199248,unsure,2026-07-31T06:22:16Z,vimeo_api_refresh,API-only Vimeo refresh/discovery; visual AIGC review not performed in routine lane; sole_or_small: unknown,,https://vimeo.com/user48702117,"{""follower_count"":{""source"":""vimeo_api"",""url"":""https://api.vimeo.com/users/48702117""},""profile"":{""source"":""vimeo_api"",""url"":""https://vimeo.com/user48702117""},""aigc_verdict"":{""source"":""api_text_only"",""url"":""https://vimeo.com/1182199248"",""note"":""Routine API lane does not infer visual verdict; left unsure unless already reviewed.""}}"
https://vimeo.com/chyrillo,Chyrillo Motion®,Vimeo,0,,"AIGC,Vimeo",New,2026-08-10T06:27:40Z,"Lausanne, Suisse",,Runway,https://vimeo.com/1204444654,unsure,2026-07-31T06:22:16Z,Vimeo API refresh,videos_total: 17,,https://www.behance.net/cyrilverbois,"{""follower_count"":{""source"":""vimeo_api"",""url"":""https://api.vimeo.com/users/chyrillo""},""profile"":{""source"":""vimeo_api"",""url"":""https://vimeo.com/chyrillo""},""aigc_verdict"":{""source"":""api_search_metadata"",""url"":""https://vimeo.com/chyrillo"",""note"":""API search/profile only; visual frame review not performed in this routine lane""}}"
https://civitai.com/user/angelomaiota,angelomaiota,Civitai,,,"AIGC,Civitai,Video",New,2026-07-31T06:22:16Z,,,,https://civitai.com/posts/30099923,yes,2026-07-31T06:22:16Z,civitai api discovery: /images type=video nsfw=false,civitai_api; type=video; nsfw=false; follower_count_not_exposed,,https://civitai.com/user/angelomaiota,"{""aigc_verdict"":{""source"":""civitai_api_type_video"",""url"":""https://civitai.com/posts/30099923"",""note"":""Civitai public REST returned type=video with nsfw=false.""},""sample_content"":{""source"":""civitai_api"",""url"":""https://image.civitai.com/xG1nkqKTMzGDvpLrqFT7WA/a0d0bf2e-0cc8-47fd-9ea1-082bdfbcfab6/original=true/a0d0bf2e-0cc8-47fd-9ea1-082bdfbcfab6.mp4""}}"
https://civitai.com/user/faststories,faststories,Civitai,,,"AIGC,Civitai,Video",New,2026-07-31T06:22:16Z,,,,https://civitai.com/posts/30095907,yes,2026-07-31T06:22:16Z,civitai api discovery: /images type=video nsfw=false,civitai_api; type=video; nsfw=false; follower_count_not_exposed,,https://civitai.com/user/faststories,"{""aigc_verdict"":{""source"":""civitai_api_type_video"",""url"":""https://civitai.com/posts/30095907"",""note"":""Civitai public REST returned type=video with nsfw=false.""},""sample_content"":{""source"":""civitai_api"",""url"":""https://image.civitai.com/xG1nkqKTMzGDvpLrqFT7WA/f01bd465-cb76-4e15-b45e-db790e5ecc79/original=true/f01bd465-cb76-4e15-b45e-db790e5ecc79.mp4""}}"
https://civitai.com/user/propere336,propere336,Civitai,,,"AIGC,Civitai,video",New,2026-08-06T06:19:00Z,,,Civitai,https://civitai.com/posts/30162340,yes,2026-07-31T06:22:16Z,Civitai API /images type=video newest,"sole_or_small: unknown; video_item_id:138670701; stats:{""cryCount"":0,""laughCount"":0,""likeCount"":4,""dislikeCount"":0,""heartCount"":5,""commentCount"":0}",,https://civitai.com/user/propere336,"{""aigc_verdict"":{""source"":""civitai_api_type_video"",""url"":""https://civitai.com/posts/30162340"",""note"":""Civitai public REST returned SFW item with type=video; platform content is AI-generated by definition.""},""video_content"":{""source"":""civitai_api"",""url"":""https://civitai.com/posts/30162340"",""item_id"":138670701}}"
https://civitai.com/user/emotionaldreams2,emotionaldreams2,Civitai,,,"AIGC,Civitai,Video",New,2026-07-31T06:22:16Z,,,,https://civitai.com/posts/30093372,yes,2026-07-31T06:22:16Z,civitai api discovery: /images type=video nsfw=false,civitai_api; type=video; nsfw=false; follower_count_not_exposed,,https://civitai.com/user/emotionaldreams2,"{""aigc_verdict"":{""source"":""civitai_api_type_video"",""url"":""https://civitai.com/posts/30093372"",""note"":""Civitai public REST returned type=video with nsfw=false.""},""sample_content"":{""source"":""civitai_api"",""url"":""https://image.civitai.com/xG1nkqKTMzGDvpLrqFT7WA/6f8cbd0c-8c17-49ba-9b2a-94379d099ca3/original=true/6f8cbd0c-8c17-49ba-9b2a-94379d099ca3.mp4""}}"
https://civitai.com/user/akochetkov758,akochetkov758,Civitai,,,"AIGC,Civitai,Video",New,2026-07-31T06:22:16Z,,,,https://civitai.com/posts/30089891,yes,2026-07-31T06:22:16Z,civitai api discovery: /images type=video nsfw=false,civitai_api; type=video; nsfw=false; follower_count_not_exposed,,https://civitai.com/user/akochetkov758,"{""aigc_verdict"":{""source"":""civitai_api_type_video"",""url"":""https://civitai.com/posts/30089891"",""note"":""Civitai public REST returned type=video with nsfw=false.""},""sample_content"":{""source"":""civitai_api"",""url"":""https://image.civitai.com/xG1nkqKTMzGDvpLrqFT7WA/c7c4bdb9-539a-4e59-adcf-210bd7eda74e/original=true/c7c4bdb9-539a-4e59-adcf-210bd7eda74e.mp4""}}"
https://civitai.com/user/bankplayer784,bankplayer784,Civitai,,,"AIGC,Civitai,Video",New,2026-07-31T06:22:16Z,,,,https://civitai.com/posts/30088416,yes,2026-07-31T06:22:16Z,civitai api discovery: /images type=video nsfw=false,civitai_api; type=video; nsfw=false; follower_count_not_exposed,,https://civitai.com/user/bankplayer784,"{""aigc_verdict"":{""source"":""civitai_api_type_video"",""url"":""https://civitai.com/posts/30088416"",""note"":""Civitai public REST returned type=video with nsfw=false.""},""sample_content"":{""source"":""civitai_api"",""url"":""https://image.civitai.com/xG1nkqKTMzGDvpLrqFT7WA/502268e2-d2e7-4d84-81db-566cd83325a8/original=true/502268e2-d2e7-4d84-81db-566cd83325a8.mp4""}}"
https://civitai.com/user/nuwanda_,Nuwanda_,Civitai,,,"AIGC,AI video,Civitai",New,2026-08-01T06:37:46Z,,,,https://image.civitai.com/xG1nkqKTMzGDvpLrqFT7WA/800e4669-8308-4fc2-9a07-68432f0314f2/original=true/800e4669-8308-4fc2-9a07-68432f0314f2.mp4,yes,2026-08-01T06:37:46Z,Civitai API newest type=video,routine API refresh/discovery; Civitai type=video confirms AI video output,,https://civitai.com/user/Nuwanda_,"{""video_content"":{""source"":""civitai_api_images_type_video"",""url"":""https://civitai.com/api/v1/images?username=Nuwanda_&type=video&nsfw=false""}}"
https://civitai.com/user/gencives_de_marcassin23,Gencives_de_marcassin23,Civitai,,,"AIGC,AI video,Civitai",New,2026-08-01T06:37:46Z,,,,https://image.civitai.com/xG1nkqKTMzGDvpLrqFT7WA/e14c66c8-da85-42f3-956f-5eff4e148964/original=true/e14c66c8-da85-42f3-956f-5eff4e148964.mp4,yes,2026-08-01T06:37:46Z,Civitai API newest type=video,routine API refresh/discovery; Civitai type=video confirms AI video output,,https://civitai.com/user/Gencives_de_marcassin23,"{""video_content"":{""source"":""civitai_api_images_type_video"",""url"":""https://civitai.com/api/v1/images?username=Gencives_de_marcassin23&type=video&nsfw=false""}}"
https://civitai.com/user/lordcaocao2025,lordcaocao2025,Civitai,,,"AIGC,AI video,Civitai",New,2026-08-01T06:37:46Z,,,,https://image.civitai.com/xG1nkqKTMzGDvpLrqFT7WA/c8e35504-7f7d-43f3-a6f0-b128193a4428/original=true/c8e35504-7f7d-43f3-a6f0-b128193a4428.mp4,yes,2026-08-01T06:37:46Z,Civitai API newest type=video,routine API refresh/discovery; Civitai type=video confirms AI video output,,https://civitai.com/user/lordcaocao2025,"{""video_content"":{""source"":""civitai_api_images_type_video"",""url"":""https://civitai.com/api/v1/images?username=lordcaocao2025&type=video&nsfw=false""}}"
https://civitai.com/user/dx505050,dx505050,Civitai,,,"AIGC,AI video,Civitai",New,2026-08-01T06:37:46Z,,,,https://image.civitai.com/xG1nkqKTMzGDvpLrqFT7WA/f70688b4-de15-4284-a680-c50f7239dff0/original=true/f70688b4-de15-4284-a680-c50f7239dff0.mp4,yes,2026-08-01T06:37:46Z,Civitai API newest type=video,routine API refresh/discovery; Civitai type=video confirms AI video output,,https://civitai.com/user/dx505050,"{""video_content"":{""source"":""civitai_api_images_type_video"",""url"":""https://civitai.com/api/v1/images?username=dx505050&type=video&nsfw=false""}}"
https://civitai.com/user/artificeai,ArtificeAI,Civitai,,,"AIGC,AI video,Civitai",New,2026-08-01T06:37:46Z,,,,https://image.civitai.com/xG1nkqKTMzGDvpLrqFT7WA/478a2413-c114-42b0-85c2-a54e5171c62c/original=true/478a2413-c114-42b0-85c2-a54e5171c62c.mp4,yes,2026-08-01T06:37:46Z,Civitai API newest type=video,routine API refresh/discovery; Civitai type=video confirms AI video output,,https://civitai.com/user/ArtificeAI,"{""video_content"":{""source"":""civitai_api_images_type_video"",""url"":""https://civitai.com/api/v1/images?username=ArtificeAI&type=video&nsfw=false""}}"
https://reddit.com/user/norwegian_man,u/Norwegian_Man,Reddit,,,"AIGC,Reddit,discovery-only",New,2026-08-02T02:08:31Z,,,Runway,,unsure,2026-08-02T02:08:31Z,searxng AI video creator site:reddit.com/user,Reddit discovery-only candidate from SearXNG/ddgs site:reddit.com (/user + r/aivideo terms); no keyless profiling API from this host; FollowerCount unavailable; AIGCVerdict not inferred from search text.,,https://www.reddit.com/user/Norwegian_Man,"{""discovery"":{""tool"":""searxng"",""query"":""AI video creator site:reddit.com/user"",""source_url"":""https://www.reddit.com/user/Norwegian_Man"",""title"":""overview for Norwegian_Man - Reddit"",""snippet"":""I am doing an experiment and trying to create a music video for my band using just AI (Midjourney, Runway, TensorPix, Premiere). Here a teaser of the music video, once I finish I will share the full video. The name of the song is Earth from The New Horizons. (v.redd.it) submitted 10 days ago by Norw""}}"
https://reddit.com/user/adel_dayem,u/Adel_Dayem,Reddit,,,"AIGC,Reddit,AI video",New,2026-08-05T02:12:42Z,,,Sora,,unsure,2026-08-02T02:08:31Z,"SearXNG ""generative video"" site:reddit.com/user",Reddit discovery-only; follower_count unavailable without OAuth/API; AIGC not inferred from snippet,,https://www.reddit.com/user/Adel_Dayem/,"{""discovery"":{""source"":""SearXNG"",""query"":""\""generative video\"" site:reddit.com/user"",""url"":""https://www.reddit.com/user/Adel_Dayem/"",""snippet"":""In AI cinema, the fundamental unit is The Morph (or \""Latent Space Navigation\""). Because generative video doesn't \""capture\"" distinct moments, it exists in a\u00a0...""},""aigc_verdict"":{""source"":""search snippet only; no Reddit keyless profiling API in routine"",""verdict"":""unsure""}}"
https://threads.net/@kiselevatut,@kiselevatut,Threads,,,"AIGC,AI video,Meta,needs_profile",New,2026-08-02T10:10:28Z,,,,,unsure,2026-08-02T10:10:28Z,SearXNG Meta site-scope: Runway AI filmmaker site:threads.net,Threads: no third-party public-profile API; flagged for seated computer_use pass,,https://www.threads.net/@kiselevatut,"{""discovery"":{""source"":""SearXNG site-scope"",""query"":""Runway AI filmmaker site:threads.net"",""result_url"":""https://www.threads.net/@kiselevatut"",""snippet"":""Юля Киселева | режиссер • AI • прокачка портфолио (@kiselevatut) — ... K Followers • 111 Threads • award-winning ai-director судья ai design ... партнерка runway — $310. 5. партнерские выплаты syntx за туториалы — около ...""},""profile"":{""source"":""none"",""reason"":""Meta Graph credentials unavailable; no computer_use by routine rule""}}"
https://facebook.com/kirk.carlson.2025,kirk.carlson.2025,Facebook,,,"AIGC,AI video,Meta,needs_profile",New,2026-08-02T10:10:28Z,,,,,unsure,2026-08-02T10:10:28Z,"SearXNG Meta site-scope: ""AI Filmmaker"" ""Facebook"" site:facebook.com",Meta Graph profile not run: META_GRAPH_TOKEN/META_IG_USER_ID missing in .env; flagged for Graph retry/seated pass if needed,,https://www.facebook.com/kirk.carlson.2025/posts/-one-prompt-unlimited-storiesai-filmmaking-is-changing-everythingwhat-once-requi/1047927314833716/,"{""discovery"":{""source"":""SearXNG site-scope"",""query"":""\""AI Filmmaker\"" \""Facebook\"" site:facebook.com"",""result_url"":""https://www.facebook.com/kirk.carlson.2025/posts/-one-prompt-unlimited-storiesai-filmmaking-is-changing-everythingwhat-once-requi/1047927314833716/"",""snippet"":""ONE PROMPT. UNLIMITED STORIES. AI filmmaking is ... - Facebook — 4 days ago ... You're an AI Filmmaker. Ready to try it? Join us at @usky.ai — where creators rule and AI is your co-director. #AIFilmmaking #USKYai ...""},""profile"":{""source"":""none"",""reason"":""Meta Graph credentials unavailable; no computer_use by routine rule""}}"
https://facebook.com/joni.gutierrez,joni.gutierrez,Facebook,,,"AIGC,AI video,Meta,needs_profile",New,2026-08-02T10:10:28Z,,,,,unsure,2026-08-02T10:10:28Z,"SearXNG Meta site-scope: ""AI Filmmaker"" ""Facebook"" site:facebook.com",Meta Graph profile not run: META_GRAPH_TOKEN/META_IG_USER_ID missing in .env; flagged for Graph retry/seated pass if needed,,https://www.facebook.com/joni.gutierrez/posts/if-youre-new-to-ai-cinematic-realism-aicr-this-is-the-place-to-startive-updated-/10162160453466627/,"{""discovery"":{""source"":""SearXNG site-scope"",""query"":""\""AI Filmmaker\"" \""Facebook\"" site:facebook.com"",""result_url"":""https://www.facebook.com/joni.gutierrez/posts/if-youre-new-to-ai-cinematic-realism-aicr-this-is-the-place-to-startive-updated-/10162160453466627/"",""snippet"":""Introduction to AI cinematic realism framework - Facebook — 25 Jul 2026 ... I'm passionate about becoming an AI filmmaker but I'm a complete beginner. I recently created my first AI-generated video and I'm eager to ...""},""profile"":{""source"":""none"",""reason"":""Meta Graph credentials unavailable; no computer_use by routine rule""}}"
https://instagram.com/ai_daniels,@ai_daniels,Instagram,,,"AIGC,AI video,Meta,needs_graph_profile",New,2026-08-02T10:10:28Z,,,,,unsure,2026-08-02T10:10:28Z,SearXNG Meta site-scope: AI filmmaker instagram profile site:instagram.com,Instagram candidate; Meta Graph business_discovery not run: META_GRAPH_TOKEN/META_IG_USER_ID missing in .env; flagged for Graph retry/seated pass if needed,,https://www.instagram.com/ai_daniels/,"{""discovery"":{""source"":""SearXNG site-scope"",""query"":""AI filmmaker instagram profile site:instagram.com"",""result_url"":""https://www.instagram.com/ai_daniels/"",""snippet"":""Andrii Daniels | AI Director | Filmmaker (@ai_daniels) - Instagram — AI filmmaker | video creator. CPP: @higgsfield.ai / Kling / Dreamina DM for business inquiries · olimov__100k's profile picture. football edit · h3nryreactz's ...""},""profile"":{""source"":""none"",""reason"":""META_GRAPH_TOKEN/META_IG_USER_ID unavailable; no computer_use by routine rule""}}"
https://instagram.com/theaifilmmaker,@theaifilmmaker,Instagram,,,"AIGC,Sora",New,2026-08-06T14:13:11Z,,,Sora,,unsure,2026-08-02T10:10:28Z,"off-platform sweep (searx): ""AI filmmaker"" Sora site:instagram.com",routine off-platform discovery; follower_count unavailable via API in this window; AIGC not frame-reviewed,,https://www.instagram.com/theaifilmmaker/,"{""discovery"":{""source"":""searx"",""query"":""\""AI filmmaker\"" Sora site:instagram.com"",""url"":""https://www.instagram.com/theaifilmmaker/"",""snippet"":""The AI Filmmaker • Animated Comedy (@theaifilmmaker) - Instagram — 127K Followers, 0 Following, 253 Posts - The AI Filmmaker • Animated Comedy (@theaifilmmaker) on Instagram: \""Work + life sketch comedy 💌 Share with your coworker bestie 🤝 Collabs: neal@theaifil""},""aigc_verdict"":{""source"":""off-platform search snippet only; no API/frame review in this routine window"",""url"":""https://www.instagram.com/theaifilmmaker/""}}"
https://instagram.com/fiqri_fox,@fiqri_fox,Instagram,,,"AIGC,AI video,Meta,needs_graph_profile",New,2026-08-02T10:10:28Z,,,,,unsure,2026-08-02T10:10:28Z,SearXNG Meta site-scope: AI filmmaker instagram profile site:instagram.com,Instagram candidate; Meta Graph business_discovery not run: META_GRAPH_TOKEN/META_IG_USER_ID missing in .env; flagged for Graph retry/seated pass if needed,,https://www.instagram.com/fiqri_fox/,"{""discovery"":{""source"":""SearXNG site-scope"",""query"":""AI filmmaker instagram profile site:instagram.com"",""result_url"":""https://www.instagram.com/fiqri_fox/"",""snippet"":""KING AI | AI Filmmaker & Video (@fiqri_fox) - Instagram — Helping videographers adapt to AI AI Filmmaker Artist Founder: @historias.aistudio. Admin: 0851-7900-0321 (Naira) · anjas_maradita's profile picture. Anjas ...""},""profile"":{""source"":""none"",""reason"":""META_GRAPH_TOKEN/META_IG_USER_ID unavailable; no computer_use by routine rule""}}"
https://instagram.com/drunk_on_ink_atx,@drunk_on_ink_atx,Instagram,,,"AIGC,AI video,Meta,needs_graph_profile",New,2026-08-02T10:10:28Z,,,,,unsure,2026-08-02T10:10:28Z,SearXNG Meta site-scope: AI filmmaker instagram profile site:instagram.com,Instagram candidate; Meta Graph business_discovery not run: META_GRAPH_TOKEN/META_IG_USER_ID missing in .env; flagged for Graph retry/seated pass if needed,,https://www.instagram.com/drunk_on_ink_atx/,"{""discovery"":{""source"":""SearXNG site-scope"",""query"":""AI filmmaker instagram profile site:instagram.com"",""result_url"":""https://www.instagram.com/drunk_on_ink_atx/"",""snippet"":""Lauren T. | AI Filmmaker + Creator (@drunk_on_ink_atx) - Instagram — AI filmmaker, writer, creator and watcher. Big screen and small. Page or Stage. Lover of all creative pursuits. Creative Partner: @invideo.io""},""profile"":{""source"":""none"",""reason"":""META_GRAPH_TOKEN/META_IG_USER_ID unavailable; no computer_use by routine rule""}}"
https://instagram.com/harry.motion,@harry.motion,Instagram,,,"AIGC,AI video,Meta,needs_graph_profile",New,2026-08-02T10:10:28Z,,,,,unsure,2026-08-02T10:10:28Z,SearXNG Meta site-scope: AI filmmaker instagram profile site:instagram.com,Instagram candidate; Meta Graph business_discovery not run: META_GRAPH_TOKEN/META_IG_USER_ID missing in .env; flagged for Graph retry/seated pass if needed,,https://www.instagram.com/harry.motion/,"{""discovery"":{""source"":""SearXNG site-scope"",""query"":""AI filmmaker instagram profile site:instagram.com"",""result_url"":""https://www.instagram.com/harry.motion/"",""snippet"":""AI Filmmaker (@harry.motion) • Instagram photos and videos — Hybrid AI Creator Teaching AI tools + Editing & Workflows projects@harrymotion.com Free Resources & Community.""},""profile"":{""source"":""none"",""reason"":""META_GRAPH_TOKEN/META_IG_USER_ID unavailable; no computer_use by routine rule""}}"
https://instagram.com/alexmoonai,@alexmoonai,Instagram,,,"AIGC,AI video,Meta,needs_graph_profile",New,2026-08-02T10:10:28Z,,,,,unsure,2026-08-02T10:10:28Z,SearXNG Meta site-scope: AI filmmaker instagram profile site:instagram.com,Instagram candidate; Meta Graph business_discovery not run: META_GRAPH_TOKEN/META_IG_USER_ID missing in .env; flagged for Graph retry/seated pass if needed,,https://www.instagram.com/alexmoonai/,"{""discovery"":{""source"":""SearXNG site-scope"",""query"":""AI filmmaker instagram profile site:instagram.com"",""result_url"":""https://www.instagram.com/alexmoonai/"",""snippet"":""Alexander Moon Ai (@alexmoonai) • Instagram photos and videos — AI director creating films, music videos & ads for brands, startups & artists. High-impact visuals 4 marketing & storytelling. DM for projects .""},""profile"":{""source"":""none"",""reason"":""META_GRAPH_TOKEN/META_IG_USER_ID unavailable; no computer_use by routine rule""}}"
https://instagram.com/aicineguy,@aicineguy,Instagram,,,"AIGC,AI video,Meta,needs_graph_profile",New,2026-08-02T10:10:28Z,,,,,unsure,2026-08-02T10:10:28Z,SearXNG Meta site-scope: AI filmmaker instagram profile site:instagram.com,Instagram candidate; Meta Graph business_discovery not run: META_GRAPH_TOKEN/META_IG_USER_ID missing in .env; flagged for Graph retry/seated pass if needed,,https://www.instagram.com/aicineguy/,"{""discovery"":{""source"":""SearXNG site-scope"",""query"":""AI filmmaker instagram profile site:instagram.com"",""result_url"":""https://www.instagram.com/aicineguy/"",""snippet"":""Romain Melies (@aicineguy) • Instagram photos and videos — ◾️ Welcome to my cinematic universe ◾️ I recreate epic moments in cinema, sport & TV history ◾️ Follow for more ultra-realistic remakes.""},""profile"":{""source"":""none"",""reason"":""META_GRAPH_TOKEN/META_IG_USER_ID unavailable; no computer_use by routine rule""}}"
https://instagram.com/theunusualfilmmaker,@theunusualfilmmaker,Instagram,,,"AIGC,Meta",New,2026-08-10T10:06:53Z,,,,,unsure,2026-08-02T10:10:28Z,"SearXNG ""AI filmmaker"" ""Instagram photos and videos"" ""Runway"" site:instagram.com","Meta routine discovery lead; no computer_use. META_GRAPH_TOKEN or META_IG_USER_ID missing in this shell, so business_discovery was not run; account type unknown; flagged for seated computer_use pass if not later API-profiled.",,https://instagram.com/theunusualfilmmaker,"{""discovery"":{""source"":""SearXNG"",""query"":""\""AI filmmaker\"" \""Instagram photos and videos\"" \""Runway\"" site:instagram.com"",""url"":""https://instagram.com/theunusualfilmmaker"",""why"":""Kanishk | Ai Filmmaker & Creative Director (@theunusualfilmmaker) AI Filmmaker helping beginners make cinematic videos Delhi | Step-by-step in ... runway, seedance) ...""}}"
https://reddit.com/user/naegiko_,u/Naegiko_,Reddit,,,"AIGC,Reddit,Sora",New,2026-08-03T02:22:34Z,,,Sora,https://www.reddit.com/r/aivideo/comments/1nut0re/i_tested_sora_2_on_classic_anime_the_result_is/,unsure,2026-08-03T02:22:34Z,SearXNG site:reddit.com/r/aivideo; /user queries returned 0; ddgs returned 0,discovery_only: Reddit keyless profiling unavailable; follower_count empty; AIGC unsure,,https://www.reddit.com/r/aivideo/comments/1nut0re/i_tested_sora_2_on_classic_anime_the_result_is/,"{""discovery"":{""source"":""SearXNG"",""query"":""Sora AI video creator site:reddit.com/r/aivideo"",""url"":""https://www.reddit.com/r/aivideo/comments/1nut0re/i_tested_sora_2_on_classic_anime_the_result_is/"",""title"":""r/aivideo on Reddit: I tested Sora 2 on classic anime, the result is hardly believable.."",""snippet"":""Try AutoFeed.ai for Sora 2, the quality is insane!!! ... My second ever game with Dooley and I highroll this... ... I love videogame (and anime characters) that look roided.""},""identity"":{""source"":""old.reddit public post page"",""url"":""https://old.reddit.com/r/aivideo/comments/1nut0re/i_tested_sora_2_on_classic_anime_the_result_is/"",""claim"":""post author only; no Reddit profiling API used""},""aigc_verdict"":{""source"":""search snippet only"",""verdict"":""unsure""}}"
https://reddit.com/user/fulgurogeek,u/FulguroGeek,Reddit,,,"AIGC,Reddit,Sora",New,2026-08-03T02:22:34Z,,,Sora,https://www.reddit.com/r/aivideo/comments/1nvutoh/i_tested_sora_2_with_funny_prompts_to_see_its/,unsure,2026-08-03T02:22:34Z,SearXNG site:reddit.com/r/aivideo; /user queries returned 0; ddgs returned 0,discovery_only: Reddit keyless profiling unavailable; follower_count empty; AIGC unsure,,https://www.reddit.com/r/aivideo/comments/1nvutoh/i_tested_sora_2_with_funny_prompts_to_see_its/,"{""discovery"":{""source"":""SearXNG"",""query"":""Sora AI video creator site:reddit.com/r/aivideo"",""url"":""https://www.reddit.com/r/aivideo/comments/1nvutoh/i_tested_sora_2_with_funny_prompts_to_see_its/"",""title"":""I tested Sora 2 with funny prompts to see its physic comprehention."",""snippet"":""2 Oct 2025 ... if this is a new AI VIDEO generator tool, it must be at the same quality level of SORA, MINIMAX and KLING in order for the tool to be\u00a0...""},""identity"":{""source"":""old.reddit public post page"",""url"":""https://old.reddit.com/r/aivideo/comments/1nvutoh/i_tested_sora_2_with_funny_prompts_to_see_its/"",""claim"":""post author only; no Reddit profiling API used""},""aigc_verdict"":{""source"":""search snippet only"",""verdict"":""unsure""}}"
https://reddit.com/user/theblasian35,u/Theblasian35,Reddit,,,"AIGC,Reddit,Sora",New,2026-08-03T02:22:34Z,,,Sora,https://www.reddit.com/r/aivideo/comments/1hc1w8n/father_time_my_first_sora_short_filmcreated_in_24/,unsure,2026-08-03T02:22:34Z,SearXNG site:reddit.com/r/aivideo; /user queries returned 0; ddgs returned 0,discovery_only: Reddit keyless profiling unavailable; follower_count empty; AIGC unsure,,https://www.reddit.com/r/aivideo/comments/1hc1w8n/father_time_my_first_sora_short_filmcreated_in_24/,"{""discovery"":{""source"":""SearXNG"",""query"":""Sora AI video creator site:reddit.com/r/aivideo"",""url"":""https://www.reddit.com/r/aivideo/comments/1hc1w8n/father_time_my_first_sora_short_filmcreated_in_24/"",""title"":""r/aivideo on Reddit: Father Time - My First Sora Short Film\u2014Created in 24 Hours"",""snippet"":""Hollywood Reporter: Shy Kids Production team breaks down AI Video workflow during interview about their SORA short film \u201cAir Head\u201d""},""identity"":{""source"":""old.reddit public post page"",""url"":""https://old.reddit.com/r/aivideo/comments/1hc1w8n/father_time_my_first_sora_short_filmcreated_in_24/"",""claim"":""post author only; no Reddit profiling API used""},""aigc_verdict"":{""source"":""search snippet only"",""verdict"":""unsure""}}"
https://reddit.com/user/nightsradiant,u/NightsRadiant,Reddit,,,"AIGC,Reddit,Runway",New,2026-08-03T02:22:34Z,,,Runway,https://www.reddit.com/r/aivideo/comments/1fidnz4/the_most_emotional_ai_film_youve_seen_yet_4/,unsure,2026-08-03T02:22:34Z,SearXNG site:reddit.com/r/aivideo; /user queries returned 0; ddgs returned 0,discovery_only: Reddit keyless profiling unavailable; follower_count empty; AIGC unsure,,https://www.reddit.com/r/aivideo/comments/1fidnz4/the_most_emotional_ai_film_youve_seen_yet_4/,"{""discovery"":{""source"":""SearXNG"",""query"":""Runway AI filmmaker site:reddit.com/r/aivideo"",""url"":""https://www.reddit.com/r/aivideo/comments/1fidnz4/the_most_emotional_ai_film_youve_seen_yet_4/"",""title"":""The most emotional AI Film you've seen yet -- \""4 Minutes to Live\"""",""snippet"":""16 Sept 2024 ... Basically Midjourney->Runway. All scripted and created within 48 hours for Runway's Gen48 film festival.""},""identity"":{""source"":""old.reddit public post page"",""url"":""https://old.reddit.com/r/aivideo/comments/1fidnz4/the_most_emotional_ai_film_youve_seen_yet_4/"",""claim"":""post author only; no Reddit profiling API used""},""aigc_verdict"":{""source"":""search snippet only"",""verdict"":""unsure""}}"
https://reddit.com/user/reha_agency,u/REHA_Agency,Reddit,,,"AIGC,Reddit,Runway",New,2026-08-03T02:22:34Z,,,Runway,https://www.reddit.com/r/aivideo/comments/1m8y12h/the_best_ai_film_of_2025_endlessoriginal_true/,unsure,2026-08-03T02:22:34Z,SearXNG site:reddit.com/r/aivideo; /user queries returned 0; ddgs returned 0,discovery_only: Reddit keyless profiling unavailable; follower_count empty; AIGC unsure,,https://www.reddit.com/r/aivideo/comments/1m8y12h/the_best_ai_film_of_2025_endlessoriginal_true/,"{""discovery"":{""source"":""SearXNG"",""query"":""Runway AI filmmaker site:reddit.com/r/aivideo"",""url"":""https://www.reddit.com/r/aivideo/comments/1m8y12h/the_best_ai_film_of_2025_endlessoriginal_true/"",""title"":""The best AI film of 2025! \""ENDLESS\""-Original. True character ..."",""snippet"":""25 Jul 2025 ... After a month of hard work, we've finally created our very first 100% AI-generated short film\u2014\u2014Endless. Even the music was made by AI! Super\u00a0...""},""identity"":{""source"":""old.reddit public post page"",""url"":""https://old.reddit.com/r/aivideo/comments/1m8y12h/the_best_ai_film_of_2025_endlessoriginal_true/"",""claim"":""post author only; no Reddit profiling API used""},""aigc_verdict"":{""source"":""search snippet only"",""verdict"":""unsure""}}"
https://reddit.com/user/chopsueyyumm,u/ChopSueyYumm,Reddit,,,"AIGC,Reddit,Kling",New,2026-08-03T02:22:34Z,,,Kling,https://www.reddit.com/r/aivideo/comments/1gj8gl9/i_got_early_access_to_klings_ai_custom_video_its/,unsure,2026-08-03T02:22:34Z,SearXNG site:reddit.com/r/aivideo; /user queries returned 0; ddgs returned 0,discovery_only: Reddit keyless profiling unavailable; follower_count empty; AIGC unsure,,https://www.reddit.com/r/aivideo/comments/1gj8gl9/i_got_early_access_to_klings_ai_custom_video_its/,"{""discovery"":{""source"":""SearXNG"",""query"":""Kling generative video creator site:reddit.com/r/aivideo"",""url"":""https://www.reddit.com/r/aivideo/comments/1gj8gl9/i_got_early_access_to_klings_ai_custom_video_its/"",""title"":""I got early access to Kling's AI Custom Video. It's badass! - Reddit"",""snippet"":""4 Nov 2024 ... r/singularity - Generative AI (Kling) is now used in actual tv shows. 7:07. 479.""},""identity"":{""source"":""old.reddit public post page"",""url"":""https://old.reddit.com/r/aivideo/comments/1gj8gl9/i_got_early_access_to_klings_ai_custom_video_its/"",""claim"":""post author only; no Reddit profiling API used""},""aigc_verdict"":{""source"":""search snippet only"",""verdict"":""unsure""}}"
https://vimeo.com/magomedkaziev,Magamedia,Vimeo,27,,"AIGC,Vimeo,Runway",New,2026-08-10T06:27:40Z,Worldwide,,Runway,https://vimeo.com/1015236945,unsure,2026-08-03T06:14:20Z,Vimeo API /videos search: kling ai short film,videos_total: 24,,https://www.instagram.com/magamedia/,"{""follower_count"":{""source"":""vimeo_api"",""url"":""https://api.vimeo.com/users/8721137""},""profile"":{""source"":""vimeo_api"",""url"":""https://vimeo.com/magomedkaziev""},""aigc_verdict"":{""source"":""api_search_metadata"",""url"":""https://vimeo.com/1015236945"",""note"":""API search/profile only; visual frame review not performed in this routine lane""}}"
https://vimeo.com/user92051270,Yogesh Agarwal,Vimeo,92,,"AIGC,Vimeo",New,2026-08-10T06:27:40Z,,,,https://vimeo.com/1214575538,unsure,2026-08-03T06:14:20Z,Vimeo API refresh,videos_total: 589,,https://vimeo.com/user92051270,"{""follower_count"":{""source"":""vimeo_api"",""url"":""https://api.vimeo.com/users/user92051270""},""profile"":{""source"":""vimeo_api"",""url"":""https://vimeo.com/user92051270""},""aigc_verdict"":{""source"":""api_search_metadata"",""url"":""https://vimeo.com/user92051270"",""note"":""API search/profile only; visual frame review not performed in this routine lane""}}"
https://vimeo.com/staff,Vimeo,Vimeo,31692,,"AIGC,Vimeo,API",New,2026-08-08T06:34:38Z,,,,https://vimeo.com/1202208321,unsure,2026-08-03T06:14:20Z,vimeo_api_refresh,API-only Vimeo refresh/discovery; visual AIGC review not performed in routine lane; sole_or_small: unknown,,https://twitter.com/vimeo,"{""follower_count"":{""source"":""vimeo_api"",""url"":""https://api.vimeo.com/users/152184""},""profile"":{""source"":""vimeo_api"",""url"":""https://vimeo.com/staff""},""aigc_verdict"":{""source"":""api_text_only"",""url"":""https://vimeo.com/1202208321"",""note"":""Routine API lane does not infer visual verdict; left unsure unless already reviewed.""}}"
https://vimeo.com/user19231869,chris,Vimeo,171,,"AIGC,Vimeo,API",New,2026-08-08T06:34:38Z,,,,https://vimeo.com/1178831356,unsure,2026-08-03T06:14:20Z,vimeo_api_refresh,API-only Vimeo refresh/discovery; visual AIGC review not performed in routine lane; sole_or_small: unknown,,https://vimeo.com/user19231869,"{""follower_count"":{""source"":""vimeo_api"",""url"":""https://api.vimeo.com/users/19231869""},""profile"":{""source"":""vimeo_api"",""url"":""https://vimeo.com/user19231869""},""aigc_verdict"":{""source"":""api_text_only"",""url"":""https://vimeo.com/1178831356"",""note"":""Routine API lane does not infer visual verdict; left unsure unless already reviewed.""}}"
https://vimeo.com/user243113130,user243113130,Vimeo,66,,"AIGC,Vimeo,API",New,2026-08-08T06:34:38Z,,,,https://vimeo.com/1098474220,unsure,2026-08-03T06:14:20Z,vimeo_api_refresh,API-only Vimeo refresh/discovery; visual AIGC review not performed in routine lane; sole_or_small: unknown,,https://vimeo.com/user243113130,"{""follower_count"":{""source"":""vimeo_api"",""url"":""https://api.vimeo.com/users/243113130""},""profile"":{""source"":""vimeo_api"",""url"":""https://vimeo.com/user243113130""},""aigc_verdict"":{""source"":""api_text_only"",""url"":""https://vimeo.com/1098474220"",""note"":""Routine API lane does not infer visual verdict; left unsure unless already reviewed.""}}"
https://vimeo.com/user136652669,Maybin Kabwe,Vimeo,1,,"AIGC,Vimeo,API",New,2026-08-08T06:34:38Z,"Gaborone, Botswana",,,https://vimeo.com/1150388166,unsure,2026-08-03T06:14:20Z,vimeo_api_refresh,API-only Vimeo refresh/discovery; visual AIGC review not performed in routine lane; sole_or_small: unknown,,https://videopreview.net/index.html?agencyuserId=112882,"{""follower_count"":{""source"":""vimeo_api"",""url"":""https://api.vimeo.com/users/136652669""},""profile"":{""source"":""vimeo_api"",""url"":""https://vimeo.com/user136652669""},""aigc_verdict"":{""source"":""api_text_only"",""url"":""https://vimeo.com/1150388166"",""note"":""Routine API lane does not infer visual verdict; left unsure unless already reviewed.""}}"
https://vimeo.com/brandtechgroup,The Brandtech Group,Vimeo,33,,"AIGC,Vimeo",New,2026-08-10T06:27:40Z,"New York, NY, USA",,,https://vimeo.com/1213825962,unsure,2026-08-03T06:14:20Z,Vimeo API refresh,videos_total: 1015,,https://thebrandtechgroup.com/,"{""follower_count"":{""source"":""vimeo_api"",""url"":""https://api.vimeo.com/users/brandtechgroup""},""profile"":{""source"":""vimeo_api"",""url"":""https://vimeo.com/brandtechgroup""},""aigc_verdict"":{""source"":""api_search_metadata"",""url"":""https://vimeo.com/brandtechgroup"",""note"":""API search/profile only; visual frame review not performed in this routine lane""}}"
https://vimeo.com/sergioalbiac,Sergio Albiac,Vimeo,467,,"AIGC,Vimeo,API",New,2026-08-08T06:34:38Z,Spain,,,https://vimeo.com/313652308,unsure,2026-08-03T06:14:20Z,vimeo_api_refresh,API-only Vimeo refresh/discovery; visual AIGC review not performed in routine lane; sole_or_small: unknown,,www.sergioalbiac.com,"{""follower_count"":{""source"":""vimeo_api"",""url"":""https://api.vimeo.com/users/5115011""},""profile"":{""source"":""vimeo_api"",""url"":""https://vimeo.com/sergioalbiac""},""aigc_verdict"":{""source"":""api_text_only"",""url"":""https://vimeo.com/313652308"",""note"":""Routine API lane does not infer visual verdict; left unsure unless already reviewed.""}}"
https://vimeo.com/user1840890,resoutionable,Vimeo,89,,"AIGC,Vimeo,API",New,2026-08-08T06:34:38Z,Berlin/Weimar,,,https://vimeo.com/1206958377,unsure,2026-08-03T06:14:20Z,vimeo_api_refresh,API-only Vimeo refresh/discovery; visual AIGC review not performed in routine lane; sole_or_small: unknown,,http://www.ursuladamm.de,"{""follower_count"":{""source"":""vimeo_api"",""url"":""https://api.vimeo.com/users/1840890""},""profile"":{""source"":""vimeo_api"",""url"":""https://vimeo.com/user1840890""},""aigc_verdict"":{""source"":""api_text_only"",""url"":""https://vimeo.com/1206958377"",""note"":""Routine API lane does not infer visual verdict; left unsure unless already reviewed.""}}"
https://vimeo.com/onformative,onformative,Vimeo,5325,,"AIGC,Vimeo,API",New,2026-08-08T06:34:38Z,Berlin,,,https://vimeo.com/1067022247,unsure,2026-08-03T06:14:20Z,vimeo_api_refresh,API-only Vimeo refresh/discovery; visual AIGC review not performed in routine lane; sole_or_small: unknown,,www.onformative.com,"{""follower_count"":{""source"":""vimeo_api"",""url"":""https://api.vimeo.com/users/4009708""},""profile"":{""source"":""vimeo_api"",""url"":""https://vimeo.com/onformative""},""aigc_verdict"":{""source"":""api_text_only"",""url"":""https://vimeo.com/1067022247"",""note"":""Routine API lane does not infer visual verdict; left unsure unless already reviewed.""}}"
https://vimeo.com/user16902659,Anton Grabovskiy,Vimeo,1617,,"AIGC,Vimeo,API",New,2026-08-08T06:34:38Z,"Wellington, New Zealand",,,https://vimeo.com/1078956066,unsure,2026-08-03T06:14:20Z,vimeo_api_refresh,API-only Vimeo refresh/discovery; visual AIGC review not performed in routine lane; sole_or_small: unknown,,https://agrabovskiy.space,"{""follower_count"":{""source"":""vimeo_api"",""url"":""https://api.vimeo.com/users/16902659""},""profile"":{""source"":""vimeo_api"",""url"":""https://vimeo.com/user16902659""},""aigc_verdict"":{""source"":""api_text_only"",""url"":""https://vimeo.com/1078956066"",""note"":""Routine API lane does not infer visual verdict; left unsure unless already reviewed.""}}"
https://vimeo.com/ivanraster,Ivan Raster,Vimeo,230,,"AIGC,Vimeo",New,2026-08-10T06:27:40Z,Saint Petersburg,,,https://vimeo.com/214316994,unsure,2026-08-03T06:14:20Z,Vimeo API refresh,videos_total: 11,,http://ivanraster.com,"{""follower_count"":{""source"":""vimeo_api"",""url"":""https://api.vimeo.com/users/ivanraster""},""profile"":{""source"":""vimeo_api"",""url"":""https://vimeo.com/ivanraster""},""aigc_verdict"":{""source"":""api_search_metadata"",""url"":""https://vimeo.com/ivanraster"",""note"":""API search/profile only; visual frame review not performed in this routine lane""}}"
https://vimeo.com/joshuadavis,Joshua Davis,Vimeo,3707,,"AIGC,Vimeo",New,2026-08-10T06:27:40Z,"New York, ",,,https://vimeo.com/885757686,unsure,2026-08-03T06:14:20Z,Vimeo API refresh,videos_total: 149,,http://www.joshuadavis.com,"{""follower_count"":{""source"":""vimeo_api"",""url"":""https://api.vimeo.com/users/joshuadavis""},""profile"":{""source"":""vimeo_api"",""url"":""https://vimeo.com/joshuadavis""},""aigc_verdict"":{""source"":""api_search_metadata"",""url"":""https://vimeo.com/joshuadavis"",""note"":""API search/profile only; visual frame review not performed in this routine lane""}}"
https://vimeo.com/universal,Universal Everything,Vimeo,16470,,"AIGC,Vimeo,API",New,2026-08-08T06:34:38Z,"Sheffield, UK",,,https://vimeo.com/1200725669,unsure,2026-08-03T06:14:20Z,vimeo_api_refresh,API-only Vimeo refresh/discovery; visual AIGC review not performed in routine lane; sole_or_small: unknown,,http://www.universaleverything.com,"{""follower_count"":{""source"":""vimeo_api"",""url"":""https://api.vimeo.com/users/92422""},""profile"":{""source"":""vimeo_api"",""url"":""https://vimeo.com/universal""},""aigc_verdict"":{""source"":""api_text_only"",""url"":""https://vimeo.com/1200725669"",""note"":""Routine API lane does not infer visual verdict; left unsure unless already reviewed.""}}"
https://vimeo.com/pixelnoizz,pixel noizz,Vimeo,762,,"AIGC,Vimeo,API",New,2026-08-08T06:34:38Z,berlin-budapest,,,https://vimeo.com/69255033,unsure,2026-08-03T06:14:20Z,vimeo_api_refresh,API-only Vimeo refresh/discovery; visual AIGC review not performed in routine lane; sole_or_small: unknown,,http://pixelnoizz.wordpress.com/,"{""follower_count"":{""source"":""vimeo_api"",""url"":""https://api.vimeo.com/users/467202""},""profile"":{""source"":""vimeo_api"",""url"":""https://vimeo.com/pixelnoizz""},""aigc_verdict"":{""source"":""api_text_only"",""url"":""https://vimeo.com/69255033"",""note"":""Routine API lane does not infer visual verdict; left unsure unless already reviewed.""}}"
https://vimeo.com/bndktgrs,Benedikt Groß,Vimeo,377,,"AIGC,Vimeo",New,2026-08-10T06:27:40Z,"Ravensburg, Germany",,,https://vimeo.com/68031906,unsure,2026-08-03T06:14:20Z,Vimeo API refresh,videos_total: 62,,http://benedikt-gross.de/,"{""follower_count"":{""source"":""vimeo_api"",""url"":""https://api.vimeo.com/users/bndktgrs""},""profile"":{""source"":""vimeo_api"",""url"":""https://vimeo.com/bndktgrs""},""aigc_verdict"":{""source"":""api_search_metadata"",""url"":""https://vimeo.com/bndktgrs"",""note"":""API search/profile only; visual frame review not performed in this routine lane""}}"
https://vimeo.com/interactivedesign,interactivedesign.it,Vimeo,638,,"AIGC,Vimeo",New,2026-08-10T06:27:40Z,Rome,,,https://vimeo.com/155503409,unsure,2026-08-03T06:14:20Z,Vimeo API refresh,videos_total: 50,,http://interactivedesign.it,"{""follower_count"":{""source"":""vimeo_api"",""url"":""https://api.vimeo.com/users/interactivedesign""},""profile"":{""source"":""vimeo_api"",""url"":""https://vimeo.com/interactivedesign""},""aigc_verdict"":{""source"":""api_search_metadata"",""url"":""https://vimeo.com/interactivedesign"",""note"":""API search/profile only; visual frame review not performed in this routine lane""}}"
https://civitai.com/user/kieron,@Kieron,Civitai,,,"AIGC,AI video,Civitai",New,2026-08-03T06:14:20Z,,,,https://image.civitai.com/xG1nkqKTMzGDvpLrqFT7WA/af9b7298-289c-4beb-878d-0100b90015a6/original=true/af9b7298-289c-4beb-878d-0100b90015a6.mp4,yes,2026-08-03T06:14:20Z,civitai_api_discovery:type=video,routine_api_lane; has_public_sfw_video: yes; sole_or_small: unknown,,https://civitai.com/user/Kieron,"{""aigc_verdict"":{""source"":""civitai_api_type_video"",""url"":""https://image.civitai.com/xG1nkqKTMzGDvpLrqFT7WA/af9b7298-289c-4beb-878d-0100b90015a6/original=true/af9b7298-289c-4beb-878d-0100b90015a6.mp4"",""note"":""Civitai public video item, nsfw=false""},""video_content"":{""source"":""civitai_api"",""url"":""https://image.civitai.com/xG1nkqKTMzGDvpLrqFT7WA/af9b7298-289c-4beb-878d-0100b90015a6/original=true/af9b7298-289c-4beb-878d-0100b90015a6.mp4""}}"
https://civitai.com/user/shicolare1,@shicolare1,Civitai,,,"AIGC,AI video,Civitai",New,2026-08-03T06:14:20Z,,,,https://image.civitai.com/xG1nkqKTMzGDvpLrqFT7WA/5d0fe557-c820-4ec4-bd30-80b23318364d/original=true/5d0fe557-c820-4ec4-bd30-80b23318364d.mp4,yes,2026-08-03T06:14:20Z,civitai_api_discovery:type=video,routine_api_lane; has_public_sfw_video: yes; sole_or_small: unknown,,https://civitai.com/user/shicolare1,"{""aigc_verdict"":{""source"":""civitai_api_type_video"",""url"":""https://image.civitai.com/xG1nkqKTMzGDvpLrqFT7WA/5d0fe557-c820-4ec4-bd30-80b23318364d/original=true/5d0fe557-c820-4ec4-bd30-80b23318364d.mp4"",""note"":""Civitai public video item, nsfw=false""},""video_content"":{""source"":""civitai_api"",""url"":""https://image.civitai.com/xG1nkqKTMzGDvpLrqFT7WA/5d0fe557-c820-4ec4-bd30-80b23318364d/original=true/5d0fe557-c820-4ec4-bd30-80b23318364d.mp4""}}"
https://civitai.com/user/xxqvoxx,@xXQvOXx,Civitai,,,"AIGC,AI video,Civitai",New,2026-08-03T06:14:20Z,,,,https://image.civitai.com/xG1nkqKTMzGDvpLrqFT7WA/1fbb2e53-555c-4753-8b15-4b905cdf4ea8/original=true/1fbb2e53-555c-4753-8b15-4b905cdf4ea8.mp4,yes,2026-08-03T06:14:20Z,civitai_api_discovery:type=video,routine_api_lane; has_public_sfw_video: yes; sole_or_small: unknown,,https://civitai.com/user/xXQvOXx,"{""aigc_verdict"":{""source"":""civitai_api_type_video"",""url"":""https://image.civitai.com/xG1nkqKTMzGDvpLrqFT7WA/1fbb2e53-555c-4753-8b15-4b905cdf4ea8/original=true/1fbb2e53-555c-4753-8b15-4b905cdf4ea8.mp4"",""note"":""Civitai public video item, nsfw=false""},""video_content"":{""source"":""civitai_api"",""url"":""https://image.civitai.com/xG1nkqKTMzGDvpLrqFT7WA/1fbb2e53-555c-4753-8b15-4b905cdf4ea8/original=true/1fbb2e53-555c-4753-8b15-4b905cdf4ea8.mp4""}}"
https://civitai.com/user/mistporyvaev,@mistporyvaev,Civitai,,,"AIGC,AI video,Civitai",New,2026-08-03T06:14:20Z,,,,https://image.civitai.com/xG1nkqKTMzGDvpLrqFT7WA/e1487ad9-97f3-45cf-bed1-dd09d69c32de/original=true/e1487ad9-97f3-45cf-bed1-dd09d69c32de.mp4,yes,2026-08-03T06:14:20Z,civitai_api_discovery:type=video,routine_api_lane; has_public_sfw_video: yes; sole_or_small: unknown,,https://civitai.com/user/mistporyvaev,"{""aigc_verdict"":{""source"":""civitai_api_type_video"",""url"":""https://image.civitai.com/xG1nkqKTMzGDvpLrqFT7WA/e1487ad9-97f3-45cf-bed1-dd09d69c32de/original=true/e1487ad9-97f3-45cf-bed1-dd09d69c32de.mp4"",""note"":""Civitai public video item, nsfw=false""},""video_content"":{""source"":""civitai_api"",""url"":""https://image.civitai.com/xG1nkqKTMzGDvpLrqFT7WA/e1487ad9-97f3-45cf-bed1-dd09d69c32de/original=true/e1487ad9-97f3-45cf-bed1-dd09d69c32de.mp4""}}"
https://civitai.com/user/mikogoblin,@MikoGoblin,Civitai,,,"AIGC,AI video,Civitai",New,2026-08-03T06:14:20Z,,,,https://image.civitai.com/xG1nkqKTMzGDvpLrqFT7WA/251f0f1b-7676-4e54-9b3e-8e644c517aaf/original=true/251f0f1b-7676-4e54-9b3e-8e644c517aaf.mp4,yes,2026-08-03T06:14:20Z,civitai_api_discovery:type=video,routine_api_lane; has_public_sfw_video: yes; sole_or_small: unknown,,https://civitai.com/user/MikoGoblin,"{""aigc_verdict"":{""source"":""civitai_api_type_video"",""url"":""https://image.civitai.com/xG1nkqKTMzGDvpLrqFT7WA/251f0f1b-7676-4e54-9b3e-8e644c517aaf/original=true/251f0f1b-7676-4e54-9b3e-8e644c517aaf.mp4"",""note"":""Civitai public video item, nsfw=false""},""video_content"":{""source"":""civitai_api"",""url"":""https://image.civitai.com/xG1nkqKTMzGDvpLrqFT7WA/251f0f1b-7676-4e54-9b3e-8e644c517aaf/original=true/251f0f1b-7676-4e54-9b3e-8e644c517aaf.mp4""}}"
https://civitai.com/user/nezumi7214,@Nezumi7214,Civitai,,,"AIGC,AI video,Civitai",New,2026-08-03T06:14:20Z,,,,https://image.civitai.com/xG1nkqKTMzGDvpLrqFT7WA/0cb94819-963d-4ab1-9af5-bf9885413b40/original=true/0cb94819-963d-4ab1-9af5-bf9885413b40.mp4,yes,2026-08-03T06:14:20Z,civitai_api_discovery:type=video,routine_api_lane; has_public_sfw_video: yes; sole_or_small: unknown,,https://civitai.com/user/Nezumi7214,"{""aigc_verdict"":{""source"":""civitai_api_type_video"",""url"":""https://image.civitai.com/xG1nkqKTMzGDvpLrqFT7WA/0cb94819-963d-4ab1-9af5-bf9885413b40/original=true/0cb94819-963d-4ab1-9af5-bf9885413b40.mp4"",""note"":""Civitai public video item, nsfw=false""},""video_content"":{""source"":""civitai_api"",""url"":""https://image.civitai.com/xG1nkqKTMzGDvpLrqFT7WA/0cb94819-963d-4ab1-9af5-bf9885413b40/original=true/0cb94819-963d-4ab1-9af5-bf9885413b40.mp4""}}"
https://civitai.com/user/andresbravo2003,@andresbravo2003,Civitai,,,"AIGC,AI video,Civitai",New,2026-08-03T06:14:20Z,,,,https://image.civitai.com/xG1nkqKTMzGDvpLrqFT7WA/ea13d0b7-80f4-4b44-9674-95524319ae03/original=true/ea13d0b7-80f4-4b44-9674-95524319ae03.mp4,yes,2026-08-03T06:14:20Z,civitai_api_discovery:type=video,routine_api_lane; has_public_sfw_video: yes; sole_or_small: unknown,,https://civitai.com/user/andresbravo2003,"{""aigc_verdict"":{""source"":""civitai_api_type_video"",""url"":""https://image.civitai.com/xG1nkqKTMzGDvpLrqFT7WA/ea13d0b7-80f4-4b44-9674-95524319ae03/original=true/ea13d0b7-80f4-4b44-9674-95524319ae03.mp4"",""note"":""Civitai public video item, nsfw=false""},""video_content"":{""source"":""civitai_api"",""url"":""https://image.civitai.com/xG1nkqKTMzGDvpLrqFT7WA/ea13d0b7-80f4-4b44-9674-95524319ae03/original=true/ea13d0b7-80f4-4b44-9674-95524319ae03.mp4""}}"
https://civitai.com/user/zinozino,@ZINOZINO,Civitai,,,"AIGC,AI video,Civitai",New,2026-08-03T06:14:20Z,,,,https://image.civitai.com/xG1nkqKTMzGDvpLrqFT7WA/a8345c88-4ab2-44c3-b3e1-501b1ba72d67/original=true/a8345c88-4ab2-44c3-b3e1-501b1ba72d67.mp4,yes,2026-08-03T06:14:20Z,civitai_api_discovery:type=video,routine_api_lane; has_public_sfw_video: yes; sole_or_small: unknown,,https://civitai.com/user/ZINOZINO,"{""aigc_verdict"":{""source"":""civitai_api_type_video"",""url"":""https://image.civitai.com/xG1nkqKTMzGDvpLrqFT7WA/a8345c88-4ab2-44c3-b3e1-501b1ba72d67/original=true/a8345c88-4ab2-44c3-b3e1-501b1ba72d67.mp4"",""note"":""Civitai public video item, nsfw=false""},""video_content"":{""source"":""civitai_api"",""url"":""https://image.civitai.com/xG1nkqKTMzGDvpLrqFT7WA/a8345c88-4ab2-44c3-b3e1-501b1ba72d67/original=true/a8345c88-4ab2-44c3-b3e1-501b1ba72d67.mp4""}}"
https://civitai.com/user/mma2,@MMA2,Civitai,,,"AIGC,AI video,Civitai",New,2026-08-03T06:14:20Z,,,,https://image.civitai.com/xG1nkqKTMzGDvpLrqFT7WA/0111825a-3e0e-4c70-9c7a-b4bf38c13211/original=true/0111825a-3e0e-4c70-9c7a-b4bf38c13211.mp4,yes,2026-08-03T06:14:20Z,civitai_api_discovery:type=video,routine_api_lane; has_public_sfw_video: yes; sole_or_small: unknown,,https://civitai.com/user/MMA2,"{""aigc_verdict"":{""source"":""civitai_api_type_video"",""url"":""https://image.civitai.com/xG1nkqKTMzGDvpLrqFT7WA/0111825a-3e0e-4c70-9c7a-b4bf38c13211/original=true/0111825a-3e0e-4c70-9c7a-b4bf38c13211.mp4"",""note"":""Civitai public video item, nsfw=false""},""video_content"":{""source"":""civitai_api"",""url"":""https://image.civitai.com/xG1nkqKTMzGDvpLrqFT7WA/0111825a-3e0e-4c70-9c7a-b4bf38c13211/original=true/0111825a-3e0e-4c70-9c7a-b4bf38c13211.mp4""}}"
https://civitai.com/user/vrgamedevgirl,@vrgamedevgirl,Civitai,,,"AIGC,AI video,Civitai",New,2026-08-03T06:14:20Z,,,,https://image.civitai.com/xG1nkqKTMzGDvpLrqFT7WA/0c5f408e-dbdb-4363-a92e-f9da78588c31/original=true/0c5f408e-dbdb-4363-a92e-f9da78588c31.mp4,yes,2026-08-03T06:14:20Z,civitai_api_discovery:type=video,routine_api_lane; has_public_sfw_video: yes; sole_or_small: unknown,,https://civitai.com/user/vrgamedevgirl,"{""aigc_verdict"":{""source"":""civitai_api_type_video"",""url"":""https://image.civitai.com/xG1nkqKTMzGDvpLrqFT7WA/0c5f408e-dbdb-4363-a92e-f9da78588c31/original=true/0c5f408e-dbdb-4363-a92e-f9da78588c31.mp4"",""note"":""Civitai public video item, nsfw=false""},""video_content"":{""source"":""civitai_api"",""url"":""https://image.civitai.com/xG1nkqKTMzGDvpLrqFT7WA/0c5f408e-dbdb-4363-a92e-f9da78588c31/original=true/0c5f408e-dbdb-4363-a92e-f9da78588c31.mp4""}}"
https://threads.net/@thewillie.35,@thewillie.35,Threads,,,"AIGC,Meta,DiscoveryOnly",New,2026-08-03T10:06:49Z,,,,https://www.threads.net/@thewillie.35?hl=bg,unsure,2026-08-03T10:06:21Z,"SearXNG ""AI video creator"" site:threads.net",Threads has no third-party public profile API; appended identity+source only; FollowerCount empty; AIGCVerdict unsure; flagged for seated computer_use pass. No computer_use used.,,,"{""discovery"":{""source"":""SearXNG"",""query"":""\""AI video creator\"" site:threads.net"",""url"":""https://www.threads.net/@thewillie.35?hl=bg"",""snippet"":""918 Followers • 52 Threads • AI Video Creator ... Yes100 AI Visual Lab Director""},""follower_count"":{""source"":""none"",""status"":""empty_until_Meta_Graph_or_seated_computer_use_pass""},""aigc_verdict"":{""source"":""search_snippet_only"",""verdict"":""unsure""}}"
https://threads.net/@aivideoskool,@aivideoskool,Threads,,,"AIGC,Meta,DiscoveryOnly",New,2026-08-03T10:06:49Z,,,,https://www.threads.net/@griggen_,unsure,2026-08-03T10:06:21Z,"SearXNG ""AI video creator"" site:threads.net",Threads has no third-party public profile API; appended identity+source only; FollowerCount empty; AIGCVerdict unsure; flagged for seated computer_use pass. No computer_use used.,,,"{""discovery"":{""source"":""SearXNG"",""query"":""\""AI video creator\"" site:threads.net"",""url"":""https://www.threads.net/@griggen_"",""snippet"":""Sergey Kabankov | AI Video Creator (@aivideoskool) surfaced in Threads result""},""follower_count"":{""source"":""none"",""status"":""empty_until_Meta_Graph_or_seated_computer_use_pass""},""aigc_verdict"":{""source"":""search_snippet_only"",""verdict"":""unsure""}}"
https://threads.net/@aigalexy,@aigalexy,Threads,,,"AIGC,Meta,DiscoveryOnly",New,2026-08-03T10:06:49Z,,,,https://www.threads.net/@paul.somendra,unsure,2026-08-03T10:06:21Z,"SearXNG ""AI video creator"" site:threads.net",Threads has no third-party public profile API; appended identity+source only; FollowerCount empty; AIGCVerdict unsure; flagged for seated computer_use pass. No computer_use used.,,,"{""discovery"":{""source"":""SearXNG"",""query"":""\""AI video creator\"" site:threads.net"",""url"":""https://www.threads.net/@paul.somendra"",""snippet"":""AI Galexy | AI Video Creator (@aigalexy) surfaced in Threads result""},""follower_count"":{""source"":""none"",""status"":""empty_until_Meta_Graph_or_seated_computer_use_pass""},""aigc_verdict"":{""source"":""search_snippet_only"",""verdict"":""unsure""}}"
https://threads.net/@mikel_aistudio,@mikel_aistudio,Threads,,,"AIGC,Meta,DiscoveryOnly",New,2026-08-03T10:06:49Z,,,,https://www.threads.net/@tonypeak78,unsure,2026-08-03T10:06:21Z,"SearXNG ""AI video creator"" site:threads.net",Threads has no third-party public profile API; appended identity+source only; FollowerCount empty; AIGCVerdict unsure; flagged for seated computer_use pass. No computer_use used.,,,"{""discovery"":{""source"":""SearXNG"",""query"":""\""AI video creator\"" site:threads.net"",""url"":""https://www.threads.net/@tonypeak78"",""snippet"":""Ayinde Mikel | AI Video Creator (@mikel_aistudio) surfaced in Threads result""},""follower_count"":{""source"":""none"",""status"":""empty_until_Meta_Graph_or_seated_computer_use_pass""},""aigc_verdict"":{""source"":""search_snippet_only"",""verdict"":""unsure""}}"
https://instagram.com/surajrewadia,@surajrewadia,Instagram,,,"AIGC,Meta,SearXNG,pending-computer_use,Sora,Runway",New,2026-08-05T10:13:01Z,,,Sora,https://www.instagram.com/surajrewadia/,unsure,2026-08-03T10:06:21Z,"SearXNG Meta site-scope: ""AI filmmaker"" ""Sora"" site:instagram.com -openai -runwayapp",Meta discovery-only; no computer_use; flag for seated read-only pass. Snippet: Creative Technologist (@surajrewadia) - AI Filmmaker - Instagram; 19K followers · 312 following · 118 posts · @surajrewadia: “ AI Filmmaker ... Comment (Sora) and check DM ❤️✌️ #sora #gta #gta #gta6 ...,,https://www.instagram.com/surajrewadia/,"{""discovery"":{""source"":""SearXNG site-scope"",""query"":""\""AI filmmaker\"" \""Sora\"" site:instagram.com -openai -runwayapp"",""url"":""https://www.instagram.com/surajrewadia/"",""snippet"":""Creative Technologist (@surajrewadia) - AI Filmmaker - Instagram; 19K followers · 312 following · 118 posts · @surajrewadia: “ AI Filmmaker ... Comment (Sora) and check DM ❤️✌️ #sora #gta #gta #gta6 ...""},""follower_count"":{""source"":""not_profiled"",""reason"":""Meta API credentials unavailable or no public Threads/personal-account API path during this no-computer_use run""},""aigc_verdict"":{""source"":""search_snippet_only"",""verdict"":""unsure"",""reason"":""ROUTINE.md rule 9 forbids inferring yes/no from snippets""},""manual_flag"":{""computer_use"":""seated read-only pass needed for personal/Threads or non-Graph-resolved Meta profiles""}}"
https://reddit.com/user/doogyhatts,u/doogyhatts,Reddit,,,"AIGC,AI video,Reddit",New,2026-08-10T02:12:34Z,,,Kling,https://www.reddit.com/user/doogyhatts/,unsure,2026-08-04T02:11:56Z,searxng site:reddit.com/user Kling AI video,Reddit discovery-only; no keyless profiling API from server IP; follower count intentionally empty.,,https://www.reddit.com/user/doogyhatts/,"{""discovery"":{""tool"":""searxng"",""query"":""site:reddit.com/user Kling AI video"",""source_url"":""https://www.reddit.com/user/doogyhatts/"",""title"":""doogyhatts (u/doogyhatts) - Reddit""}}"
https://reddit.com/user/mxmproductions69,u/MxMProductions69,Reddit,,,"AIGC,Reddit",New,2026-08-06T02:11:57Z,,,,,unsure,2026-08-04T02:11:56Z,"searxng ""AI filmmaker"" site:reddit.com/user",reddit discovery-only; no keyless profiling API; follower_count_empty; aigc_unsure,,https://www.reddit.com/user/MxMProductions69/,"{""discovery"":{""source"":""searxng"",""query"":""\""AI filmmaker\"" site:reddit.com/user"",""result_url"":""https://www.reddit.com/user/MxMProductions69/"",""title"":""u/MxMProductions69 - Reddit"",""snippet"":""This is Divyansh Mundra\u2014a novelist, content creator, and AI filmmaker. My new novel 'Mahabharat 2025' just became the #1 epic fantasy book in the country\u00a0...""},""aigc_verdict"":{""source"":""not_profiled_reddit_no_keyless_api"",""verdict"":""unsure""}}"
https://reddit.com/user/beautiful-essay1945,u/Beautiful-Essay1945,Reddit,,,"AIGC,Reddit,AI video",New,2026-08-04T02:11:56Z,,,,,unsure,2026-08-04T02:11:56Z,"SearXNG Reddit discovery: site:reddit.com/user ""AI video"" creator",Reddit discovery-only; no keyless profiling API; sole/small/follower count unverified. snippet says created an Instagram AI creator and AI video generator,,https://www.reddit.com/user/Beautiful-Essay1945/,"{""discovery"":{""source"":""SearXNG"",""query"":""site:reddit.com/user \""AI video\"" creator"",""url"":""https://www.reddit.com/user/Beautiful-Essay1945/"",""title"":""Dorksense (u/Beautiful-Essay1945) - Reddit"",""snippet"":""11 Jan 2026 ... I tried creating an Instagram AI creator! MEET SHREYA. r ... I created an AI Video generator that takes in script & outputs a 4k\u00a0...""},""aigc_verdict"":{""source"":""not_profiled_no_keyless_reddit_api"",""verdict"":""unsure""},""follower_count"":{""source"":""not_available_no_keyless_reddit_api"",""value"":""""}}"
https://reddit.com/user/eliciuss,u/Eliciuss,Reddit,,,"AIGC,Reddit,AI video",New,2026-08-04T02:11:56Z,,,,,unsure,2026-08-04T02:11:56Z,"SearXNG Reddit discovery: site:reddit.com/user ""AI video"" creator",Reddit discovery-only; no keyless profiling API; sole/small/follower count unverified. snippet discusses experience with long-form AI video generators,,https://www.reddit.com/user/Eliciuss/,"{""discovery"":{""source"":""SearXNG"",""query"":""site:reddit.com/user \""AI video\"" creator"",""url"":""https://www.reddit.com/user/Eliciuss/"",""title"":""u/Eliciuss - Reddit"",""snippet"":""best ai video generator for long form videos (1 min +)? ... I've tried quite a few of them. ... The consistency is far from perfect (like every AI video tool right\u00a0...""},""aigc_verdict"":{""source"":""not_profiled_no_keyless_reddit_api"",""verdict"":""unsure""},""follower_count"":{""source"":""not_available_no_keyless_reddit_api"",""value"":""""}}"
https://vimeo.com/user234498586,user234498586,Vimeo,0,,"AIGC,Vimeo,API",New,2026-08-08T06:34:38Z,,,Sora,,unsure,2026-08-04T06:29:48Z,vimeo_api_refresh,API-only Vimeo refresh/discovery; visual AIGC review not performed in routine lane; sole_or_small: unknown,,https://vimeo.com/user234498586,"{""follower_count"":{""source"":""vimeo_api"",""url"":""https://api.vimeo.com/users/234498586""},""profile"":{""source"":""vimeo_api"",""url"":""https://vimeo.com/user234498586""},""aigc_verdict"":{""source"":""api_text_only"",""url"":""https://vimeo.com/user234498586"",""note"":""Routine API lane does not infer visual verdict; left unsure unless already reviewed.""}}"
https://vimeo.com/onayef,Omar Nayef,Vimeo,156,,"AIGC,Vimeo,API",New,2026-08-08T06:34:38Z,"6th of October City, Giza Governorate, Egypt",,,https://vimeo.com/1163567258,unsure,2026-08-04T06:29:48Z,vimeo_api_refresh,API-only Vimeo refresh/discovery; visual AIGC review not performed in routine lane; sole_or_small: unknown,,https://www.omarnayef.com,"{""follower_count"":{""source"":""vimeo_api"",""url"":""https://api.vimeo.com/users/11491156""},""profile"":{""source"":""vimeo_api"",""url"":""https://vimeo.com/onayef""},""aigc_verdict"":{""source"":""api_text_only"",""url"":""https://vimeo.com/1163567258"",""note"":""Routine API lane does not infer visual verdict; left unsure unless already reviewed.""}}"
https://civitai.com/user/theinfiltrate,@THEINFILTRATE,Civitai,,,"AIGC,video",New,2026-08-04T06:29:48Z,,,,https://image.civitai.com/xG1nkqKTMzGDvpLrqFT7WA/57960eaf-2058-40cc-81b8-07677b485ff9/original=true/57960eaf-2058-40cc-81b8-07677b485ff9.mp4,yes,2026-08-04T06:29:48Z,Civitai API /images type=video discovery,Civitai public API type=video nsfw=false confirms AI video output; follower count not exposed,,https://civitai.com/user/THEINFILTRATE,"{""video_output"":{""source"":""civitai_api"",""url"":""https://civitai.com/api/v1/images?username=THEINFILTRATE&type=video&nsfw=false"",""count_returned"":10},""aigc_verdict"":{""source"":""civitai_api"",""value"":""yes"",""reason"":""Civitai content is AI-generated and type=video confirms video output""}}"
https://civitai.com/user/deepwhiteai,@DeepWhiteAI,Civitai,,,"AIGC,video",New,2026-08-04T06:29:48Z,,,,https://image.civitai.com/xG1nkqKTMzGDvpLrqFT7WA/cd186e49-5591-4d98-8c03-c3cfb37490ae/original=true/cd186e49-5591-4d98-8c03-c3cfb37490ae.mp4,yes,2026-08-04T06:29:48Z,Civitai API /images type=video discovery,Civitai public API type=video nsfw=false confirms AI video output; follower count not exposed,,https://civitai.com/user/DeepWhiteAI,"{""video_output"":{""source"":""civitai_api"",""url"":""https://civitai.com/api/v1/images?username=DeepWhiteAI&type=video&nsfw=false"",""count_returned"":10},""aigc_verdict"":{""source"":""civitai_api"",""value"":""yes"",""reason"":""Civitai content is AI-generated and type=video confirms video output""}}"
https://civitai.com/user/toxix_male_energy,toxix_male_energy,Civitai,,,"AIGC,Civitai,Video",New,2026-08-08T06:34:38Z,,,,https://image.civitai.com/xG1nkqKTMzGDvpLrqFT7WA/9f242fcb-acd8-46ef-bb30-667cd0ee3cfe/original=true/9f242fcb-acd8-46ef-bb30-667cd0ee3cfe.mp4,yes,2026-08-04T06:29:48Z,civitai_api_discovery:type=video&nsfw=false,"has public SFW video via Civitai API; video_item_id:139063474; stats:{""cryCount"":0,""laughCount"":0,""likeCount"":3,""dislikeCount"":0,""heartCount"":1,""commentCount"":0}",,https://civitai.com/user/toxix_male_energy,"{""video_content"":{""source"":""civitai_api"",""url"":""https://image.civitai.com/xG1nkqKTMzGDvpLrqFT7WA/9f242fcb-acd8-46ef-bb30-667cd0ee3cfe/original=true/9f242fcb-acd8-46ef-bb30-667cd0ee3cfe.mp4"",""item_id"":139063474,""type"":""video""},""aigc_verdict"":{""source"":""civitai_api"",""url"":""https://image.civitai.com/xG1nkqKTMzGDvpLrqFT7WA/9f242fcb-acd8-46ef-bb30-667cd0ee3cfe/original=true/9f242fcb-acd8-46ef-bb30-667cd0ee3cfe.mp4"",""note"":""Civitai content is AI-generated by platform definition; type=video confirms video output.""}}"
https://civitai.com/user/sky_little_viper,Sky_Little_Viper,Civitai,,,"AIGC,Civitai,video",New,2026-08-06T06:19:00Z,,,Civitai,https://civitai.com/posts/30199519,yes,2026-08-04T06:29:48Z,Civitai API /images type=video newest,"sole_or_small: unknown; video_item_id:138873536; stats:{""cryCount"":0,""laughCount"":0,""likeCount"":3,""dislikeCount"":0,""heartCount"":2,""commentCount"":0}",,https://civitai.com/user/Sky_Little_Viper,"{""aigc_verdict"":{""source"":""civitai_api_type_video"",""url"":""https://civitai.com/posts/30199519"",""note"":""Civitai public REST returned SFW item with type=video; platform content is AI-generated by definition.""},""video_content"":{""source"":""civitai_api"",""url"":""https://civitai.com/posts/30199519"",""item_id"":138873536}}"
https://threads.net/@emilyhandren,@emilyhandren,Threads,,,"AIGC,Meta,Threads,Sora",New,2026-08-04T10:13:29Z,,,Sora,,unsure,2026-08-04T10:13:29Z,SearXNG Meta site-scope: AI video creator Sora site:threads.net,"Meta routine discovery-only; Threads third-party public profiles have no broad Graph API; flagged for seated computer_use pass; no computer_use used. snippet: Emily Handren (@emilyhandren) • Threads, Say more Preparing for the Netflix documentary on being a Sora 2 content creator. ... Video two might be better, but this is the first ever AI directed music video I ...",,https://www.threads.net/@emilyhandren,"{""discovery"":{""source"":""SearXNG site-scope"",""query"":""AI video creator Sora site:threads.net"",""url"":""https://www.threads.net/@emilyhandren""},""aigc_verdict"":{""source"":""search_snippet_only"",""verdict"":""unsure"",""reason"":""ROUTINE rule 9: do not infer AIGCVerdict from search text""},""follower_count"":{""source"":""not_profiled"",""reason"":""no Meta Graph result in this run""},""manual_review"":{""needed"":true,""reason"":""personal/Threads/no-API-or-creds; seated computer_use pass required""}}"
https://threads.net/@marketrypro,@marketrypro,Threads,,,"AIGC,Meta,Threads,Sora",New,2026-08-04T10:13:29Z,,,Sora,,unsure,2026-08-04T10:13:29Z,SearXNG Meta site-scope: AI video creator Sora site:threads.net,"Meta routine discovery-only; Threads third-party public profiles have no broad Graph API; flagged for seated computer_use pass; no computer_use used. snippet: Aashi Gupta (@marketrypro) • Threads, Say more Comment “AI” for tutorial . You're casually vlogging with your favorite celebrity ✨. This AI trend is INSANE! Created this entire video with seamless ...",,https://www.threads.net/@marketrypro,"{""discovery"":{""source"":""SearXNG site-scope"",""query"":""AI video creator Sora site:threads.net"",""url"":""https://www.threads.net/@marketrypro""},""aigc_verdict"":{""source"":""search_snippet_only"",""verdict"":""unsure"",""reason"":""ROUTINE rule 9: do not infer AIGCVerdict from search text""},""follower_count"":{""source"":""not_profiled"",""reason"":""no Meta Graph result in this run""},""manual_review"":{""needed"":true,""reason"":""personal/Threads/no-API-or-creds; seated computer_use pass required""}}"
https://instagram.com/theblasian,@theblasian,Instagram,,,"AIGC,Meta,Instagram,Sora",New,2026-08-04T10:13:29Z,,,Sora,,unsure,2026-08-04T10:13:29Z,"SearXNG Meta site-scope: ""AI filmmaker"" ""Sora"" site:instagram.com","Meta routine discovery-only; META_GRAPH_TOKEN/META_IG_USER_ID not both present, so business_discovery profiling skipped; flagged for seated computer_use pass; no computer_use used. snippet: David Clark (@theblasian) • Instagram photos and videos When some people hear “AI filmmaker” or “AI bro,” they picture someone ... Sora ...",,https://www.instagram.com/theblasian/,"{""discovery"":{""source"":""SearXNG site-scope"",""query"":""\""AI filmmaker\"" \""Sora\"" site:instagram.com"",""url"":""https://www.instagram.com/theblasian/""},""aigc_verdict"":{""source"":""search_snippet_only"",""verdict"":""unsure"",""reason"":""ROUTINE rule 9: do not infer AIGCVerdict from search text""},""follower_count"":{""source"":""not_profiled"",""reason"":""no Meta Graph result in this run""},""manual_review"":{""needed"":true,""reason"":""personal/Threads/no-API-or-creds; seated computer_use pass required""}}"
https://instagram.com/avinashyap,@avinashyap,Instagram,,,"AIGC,Meta",New,2026-08-10T10:06:53Z,,,Runway,,unsure,2026-08-04T10:13:29Z,"SearXNG ""AI filmmaker"" ""Instagram photos and videos"" ""Runway"" site:instagram.com","Meta routine discovery lead; no computer_use. META_GRAPH_TOKEN or META_IG_USER_ID missing in this shell, so business_discovery was not run; account type unknown; flagged for seated computer_use pass if not later API-profiled.",,https://instagram.com/avinashyap,"{""discovery"":{""source"":""SearXNG"",""query"":""\""AI filmmaker\"" \""Instagram photos and videos\"" \""Runway\"" site:instagram.com"",""url"":""https://instagram.com/avinashyap"",""why"":""Avinashya | AI Filmmaker (@avinashyap) - Instagram 11 Jun 2026 ... ... followers \u00b7 482 following \u00b7 28 posts \u00b7 @avinashyap: \u201cProfessional photographer \u2192 AI filmmaker ... Runway's Aleph 2.0 just changed video editing ...""}}"
https://instagram.com/cavie2002,@cavie2002,Instagram,,,"AIGC,Meta,Instagram",New,2026-08-04T10:13:29Z,,,,,unsure,2026-08-04T10:13:29Z,"SearXNG Meta site-scope: ""AI video artist"" site:instagram.com","Meta routine discovery-only; META_GRAPH_TOKEN/META_IG_USER_ID not both present, so business_discovery profiling skipped; flagged for seated computer_use pass; no computer_use used. snippet: Isaac Rodriguez (@cavie2002) • Instagram photos and videos AI Video Artist - @primordialsouplabs · After a human extinction event, two animals form an unlikely friendship in the ruins of New York City. · One of my ...",,https://www.instagram.com/cavie2002/,"{""discovery"":{""source"":""SearXNG site-scope"",""query"":""\""AI video artist\"" site:instagram.com"",""url"":""https://www.instagram.com/cavie2002/""},""aigc_verdict"":{""source"":""search_snippet_only"",""verdict"":""unsure"",""reason"":""ROUTINE rule 9: do not infer AIGCVerdict from search text""},""follower_count"":{""source"":""not_profiled"",""reason"":""no Meta Graph result in this run""},""manual_review"":{""needed"":true,""reason"":""personal/Threads/no-API-or-creds; seated computer_use pass required""}}"
https://instagram.com/barbara.chira.ai.art,@barbara.chira.ai.art,Instagram,,,"AIGC,Meta,Instagram",New,2026-08-04T10:13:29Z,,,,,unsure,2026-08-04T10:13:29Z,"SearXNG Meta site-scope: ""AI video artist"" site:instagram.com","Meta routine discovery-only; META_GRAPH_TOKEN/META_IG_USER_ID not both present, so business_discovery profiling skipped; flagged for seated computer_use pass; no computer_use used. snippet: Misfits Studio (@barbara.chira.ai.art) • Instagram photos and videos ... AI video artist • Associate Producer & Director: Drift — an independent synthetic artist-in-residence in Barbara's ChatGPT Music Engine: Suno ...",,https://www.instagram.com/barbara.chira.ai.art/,"{""discovery"":{""source"":""SearXNG site-scope"",""query"":""\""AI video artist\"" site:instagram.com"",""url"":""https://www.instagram.com/barbara.chira.ai.art/""},""aigc_verdict"":{""source"":""search_snippet_only"",""verdict"":""unsure"",""reason"":""ROUTINE rule 9: do not infer AIGCVerdict from search text""},""follower_count"":{""source"":""not_profiled"",""reason"":""no Meta Graph result in this run""},""manual_review"":{""needed"":true,""reason"":""personal/Threads/no-API-or-creds; seated computer_use pass required""}}"
https://instagram.com/amos_winikoff,@amos_winikoff,Instagram,,,"AIGC,Meta,Instagram",New,2026-08-04T10:13:29Z,,,,,unsure,2026-08-04T10:13:29Z,"SearXNG Meta site-scope: ""AI video artist"" site:instagram.com","Meta routine discovery-only; META_GRAPH_TOKEN/META_IG_USER_ID not both present, so business_discovery profiling skipped; flagged for seated computer_use pass; no computer_use used. snippet: Amos Winikoff (@amos_winikoff) • Instagram photos and videos AI VIDEO ARTIST - DANCE PHOTOGRAPHER.",,https://www.instagram.com/amos_winikoff/,"{""discovery"":{""source"":""SearXNG site-scope"",""query"":""\""AI video artist\"" site:instagram.com"",""url"":""https://www.instagram.com/amos_winikoff/""},""aigc_verdict"":{""source"":""search_snippet_only"",""verdict"":""unsure"",""reason"":""ROUTINE rule 9: do not infer AIGCVerdict from search text""},""follower_count"":{""source"":""not_profiled"",""reason"":""no Meta Graph result in this run""},""manual_review"":{""needed"":true,""reason"":""personal/Threads/no-API-or-creds; seated computer_use pass required""}}"
https://instagram.com/pixlpa,@pixlpa,Instagram,,,"AIGC,Meta,Instagram",New,2026-08-04T10:13:29Z,,,,,unsure,2026-08-04T10:13:29Z,"SearXNG Meta site-scope: ""generative video"" ""artist"" site:instagram.com","Meta routine discovery-only; META_GRAPH_TOKEN/META_IG_USER_ID not both present, so business_discovery profiling skipped; flagged for seated computer_use pass; no computer_use used. snippet: Andrew Benson (@pixlpa) • Instagram photos and videos Visual Artist mashing pixels around, smearing the virtual paint, born under ... generative video and animation works evoke painterly abstraction while ...",,https://www.instagram.com/pixlpa/,"{""discovery"":{""source"":""SearXNG site-scope"",""query"":""\""generative video\"" \""artist\"" site:instagram.com"",""url"":""https://www.instagram.com/pixlpa/""},""aigc_verdict"":{""source"":""search_snippet_only"",""verdict"":""unsure"",""reason"":""ROUTINE rule 9: do not infer AIGCVerdict from search text""},""follower_count"":{""source"":""not_profiled"",""reason"":""no Meta Graph result in this run""},""manual_review"":{""needed"":true,""reason"":""personal/Threads/no-API-or-creds; seated computer_use pass required""}}"
https://instagram.com/sergioalbiac,@sergioalbiac,Instagram,,,"AIGC,Meta,Instagram",New,2026-08-04T10:13:29Z,,,,,unsure,2026-08-04T10:13:29Z,"SearXNG Meta site-scope: ""generative video"" ""artist"" site:instagram.com","Meta routine discovery-only; META_GRAPH_TOKEN/META_IG_USER_ID not both present, so business_discovery profiling skipped; flagged for seated computer_use pass; no computer_use used. snippet: Sergio Albiac (@sergioalbiac) • Instagram photos and videos Visual artist experimenting at the intersection of traditional media, deep ... ""Michelle"" (excerpt) ...",,https://www.instagram.com/sergioalbiac/,"{""discovery"":{""source"":""SearXNG site-scope"",""query"":""\""generative video\"" \""artist\"" site:instagram.com"",""url"":""https://www.instagram.com/sergioalbiac/""},""aigc_verdict"":{""source"":""search_snippet_only"",""verdict"":""unsure"",""reason"":""ROUTINE rule 9: do not infer AIGCVerdict from search text""},""follower_count"":{""source"":""not_profiled"",""reason"":""no Meta Graph result in this run""},""manual_review"":{""needed"":true,""reason"":""personal/Threads/no-API-or-creds; seated computer_use pass required""}}"
https://instagram.com/quasimondo,@quasimondo,Instagram,,,"AIGC,Meta,Instagram",New,2026-08-04T10:13:29Z,,,,,unsure,2026-08-04T10:13:29Z,"SearXNG Meta site-scope: ""generative video"" ""artist"" site:instagram.com","Meta routine discovery-only; META_GRAPH_TOKEN/META_IG_USER_ID not both present, so business_discovery profiling skipped; flagged for seated computer_use pass; no computer_use used. snippet: Mario Klingemann (@quasimondo) • Instagram photos and videos Artist and Neurographer working with artificial intelligence, data and systems. I don't read DMs - please email me if you need to get in touch.",,https://www.instagram.com/quasimondo/,"{""discovery"":{""source"":""SearXNG site-scope"",""query"":""\""generative video\"" \""artist\"" site:instagram.com"",""url"":""https://www.instagram.com/quasimondo/""},""aigc_verdict"":{""source"":""search_snippet_only"",""verdict"":""unsure"",""reason"":""ROUTINE rule 9: do not infer AIGCVerdict from search text""},""follower_count"":{""source"":""not_profiled"",""reason"":""no Meta Graph result in this run""},""manual_review"":{""needed"":true,""reason"":""personal/Threads/no-API-or-creds; seated computer_use pass required""}}"
https://instagram.com/jas___black,@jas___black,Instagram,,,"AIGC,Meta,Instagram",New,2026-08-04T10:13:29Z,,,,,unsure,2026-08-04T10:13:29Z,"SearXNG Meta site-scope: ""generative video"" ""artist"" site:instagram.com","Meta routine discovery-only; META_GRAPH_TOKEN/META_IG_USER_ID not both present, so business_discovery profiling skipped; flagged for seated computer_use pass; no computer_use used. snippet: Jas Black (@jas___black) • Instagram photos and videos Visual artist : Analog glitch, generative video, recycled materials ➖➖➖➖➖➖➖➖➖➖➖ ➖➖➖➖➖➖➖➖➖➖➖.",,https://www.instagram.com/jas___black/,"{""discovery"":{""source"":""SearXNG site-scope"",""query"":""\""generative video\"" \""artist\"" site:instagram.com"",""url"":""https://www.instagram.com/jas___black/""},""aigc_verdict"":{""source"":""search_snippet_only"",""verdict"":""unsure"",""reason"":""ROUTINE rule 9: do not infer AIGCVerdict from search text""},""follower_count"":{""source"":""not_profiled"",""reason"":""no Meta Graph result in this run""},""manual_review"":{""needed"":true,""reason"":""personal/Threads/no-API-or-creds; seated computer_use pass required""}}"
https://youtube.com/@slopandglory,@slopandglory,YouTube,60,not exposed,"AIGC,YouTube,Kling,Runway,small-creator",New,2026-08-13T18:05:09Z,,,Runway,https://www.youtube.com/watch?v=kkXXCFfmVAU,unsure,2026-08-04T18:18:35Z,YouTube routine exact API refresh,api_refresh: YouTube subscribers=60; videos=33; channelId=UCGBzHHMY3WqB8E-DQOaYl4Q; recent_title=Thinking You&#39;re Original? That&#39;s Ego | Slop &amp; Glory,https://www.youtube.com/feeds/videos.xml?channel_id=UCGBzHHMY3WqB8E-DQOaYl4Q,https://youtube.com/@slopandglory/about,"{""follower_count"":{""source"":""youtube_data_api.channels.list"",""channelId"":""UCGBzHHMY3WqB8E-DQOaYl4Q"",""profileUrl"":""https://youtube.com/@slopandglory""},""bio"":{""source"":""youtube_data_api.channels.list"",""channel_id"":""UCGBzHHMY3WqB8E-DQOaYl4Q""},""aigc_verdict"":{""source"":""existing_or_api_only_no_frame"",""verdict"":""unsure""},""youtube_channel_id"":""UCGBzHHMY3WqB8E-DQOaYl4Q"",""recent_uploads"":{""source"":""youtube_data_api.search.list"",""channelId"":""UCGBzHHMY3WqB8E-DQOaYl4Q"",""sample"":""https://www.youtube.com/watch?v=kkXXCFfmVAU""}}"
https://reddit.com/user/itchplease,u/itchplease,Reddit,,,"AIGC,Reddit",New,2026-08-06T02:11:57Z,,,,,unsure,2026-08-05T02:12:42Z,"searxng ""AI filmmaker"" site:reddit.com/user",reddit discovery-only; no keyless profiling API; follower_count_empty; aigc_unsure,,https://www.reddit.com/user/itchplease/,"{""discovery"":{""source"":""searxng"",""query"":""\""AI filmmaker\"" site:reddit.com/user"",""result_url"":""https://www.reddit.com/user/itchplease/"",""title"":""u/itchplease - Reddit"",""snippet"":""Fix ANY smudgy, muddy, unusable gen with this V2V Upsampling workflow | A must-have in my book for any AI Filmmaker \u00b7 itchplease commented 21 days ago. Thank\u00a0...""},""aigc_verdict"":{""source"":""not_profiled_reddit_no_keyless_api"",""verdict"":""unsure""}}"
https://reddit.com/user/longjumping-sun-9986,u/Longjumping-Sun-9986,Reddit,,,"AIGC,AI video,Reddit",New,2026-08-10T02:12:34Z,,,Kling,https://www.reddit.com/user/Longjumping-Sun-9986/,unsure,2026-08-05T02:12:42Z,searxng site:reddit.com/user Kling AI video,Reddit discovery-only; no keyless profiling API from server IP; follower count intentionally empty.,,https://www.reddit.com/user/Longjumping-Sun-9986/,"{""discovery"":{""tool"":""searxng"",""query"":""site:reddit.com/user Kling AI video"",""source_url"":""https://www.reddit.com/user/Longjumping-Sun-9986/"",""title"":""Longjumping-Sun-9986 - Reddit""}}"
https://reddit.com/user/winougan,u/Winougan,Reddit,,,"AIGC,Reddit,AI video",New,2026-08-05T02:12:42Z,,,,,unsure,2026-08-05T02:12:42Z,"SearXNG ""generative video"" site:reddit.com/user",Reddit discovery-only; follower_count unavailable without OAuth/API; AIGC not inferred from snippet,,https://www.reddit.com/user/Winougan/,"{""discovery"":{""source"":""SearXNG"",""query"":""\""generative video\"" site:reddit.com/user"",""url"":""https://www.reddit.com/user/Winougan/"",""snippet"":""u/Winougan: Professional rigger and animator turned Profesional AI consultant. Main focus is Comfui, LLMs, generative video and art.""},""aigc_verdict"":{""source"":""search snippet only; no Reddit keyless profiling API in routine"",""verdict"":""unsure""}}"
https://reddit.com/user/richardrosenman,u/richardrosenman,Reddit,,,"AIGC,Reddit,AI video",New,2026-08-05T02:12:42Z,,,,,unsure,2026-08-05T02:12:42Z,"SearXNG ""generative video"" site:reddit.com/user",Reddit discovery-only; follower_count unavailable without OAuth/API; AIGC not inferred from snippet,,https://www.reddit.com/user/richardrosenman/,"{""discovery"":{""source"":""SearXNG"",""query"":""\""generative video\"" site:reddit.com/user"",""url"":""https://www.reddit.com/user/richardrosenman/"",""snippet"":""Native 1080p AI Generative Video Services \u00b7 I've been heavily involved in gen ai video now for the last 6 months, especially for animation. However, the 720p\u00a0...""},""aigc_verdict"":{""source"":""search snippet only; no Reddit keyless profiling API in routine"",""verdict"":""unsure""}}"
https://vimeo.com/user8162466,Pushpendra Sharma,Vimeo,29,,"AIGC,Vimeo",New,2026-08-10T06:27:40Z,Paris,,,https://vimeo.com/1212734923,unsure,2026-08-05T06:10:34Z,Vimeo API /videos search: ai filmmaker generative video,videos_total: 28,,https://www.linkedin.com/in/pushpendra-sharma-1a428041/,"{""follower_count"":{""source"":""vimeo_api"",""url"":""https://api.vimeo.com/users/8162466""},""profile"":{""source"":""vimeo_api"",""url"":""https://vimeo.com/user8162466""},""aigc_verdict"":{""source"":""api_search_metadata"",""url"":""https://vimeo.com/1212734923"",""note"":""API search/profile only; visual frame review not performed in this routine lane""}}"
https://civitai.com/user/yao124144,Yao124144,Civitai,,,"AIGC,Civitai,video",New,2026-08-05T06:10:34Z,,,Civitai,https://image.civitai.com/xG1nkqKTMzGDvpLrqFT7WA/bc8c9f8c-4ef8-47da-96d6-a2cd02af9b7d/original=true/bc8c9f8c-4ef8-47da-96d6-a2cd02af9b7d.mp4,yes,2026-08-05T06:10:34Z,Civitai type=video global Newest discovery,Civitai public REST type=video nsfw=false returned public video items; follower count not exposed by this endpoint.,,https://civitai.com/user/Yao124144,"{""aigc_verdict"":{""source"":""civitai_api_type_video"",""url"":""https://civitai.com/api/v1/images?username=Yao124144&type=video&nsfw=false""},""sample"":{""source"":""civitai_api"",""url"":""https://image.civitai.com/xG1nkqKTMzGDvpLrqFT7WA/bc8c9f8c-4ef8-47da-96d6-a2cd02af9b7d/original=true/bc8c9f8c-4ef8-47da-96d6-a2cd02af9b7d.mp4""}}"
https://civitai.com/user/pervysaged,pervysaged,Civitai,,,"AIGC,Civitai,video",New,2026-08-05T06:10:34Z,,,Civitai,https://image.civitai.com/xG1nkqKTMzGDvpLrqFT7WA/42a6ffa3-251a-4520-a79f-6a644513bbe2/original=true/42a6ffa3-251a-4520-a79f-6a644513bbe2.mp4,yes,2026-08-05T06:10:34Z,Civitai type=video global Newest discovery,Civitai public REST type=video nsfw=false returned public video items; follower count not exposed by this endpoint.,,https://civitai.com/user/pervysaged,"{""aigc_verdict"":{""source"":""civitai_api_type_video"",""url"":""https://civitai.com/api/v1/images?username=pervysaged&type=video&nsfw=false""},""sample"":{""source"":""civitai_api"",""url"":""https://image.civitai.com/xG1nkqKTMzGDvpLrqFT7WA/42a6ffa3-251a-4520-a79f-6a644513bbe2/original=true/42a6ffa3-251a-4520-a79f-6a644513bbe2.mp4""}}"
https://facebook.com/kdjayakodypro,kdjayakodypro,Facebook,,,"AIGC,Meta,SearXNG,pending-computer_use,Sora",New,2026-08-05T10:13:01Z,,,Sora,,unsure,2026-08-05T10:13:01Z,SearXNG Meta site-scope: Sora AI filmmaker site:facebook.com,"Meta discovery-only; no computer_use; flag for seated read-only pass. Snippet: OpenAI just released Sora! The most anticipated AI model is here ...; 9 Dec 2024 ... OpenAI's Sora: Revolutionizing Video Generation with AI at an Unprecedented Scale ✨ OpenAI's latest innovation, Sora, is making waves in the ...",,https://www.facebook.com/kdjayakodypro/posts/openai-just-released-sorathe-most-anticipated-ai-model-is-heresora-openais-video/4011370059149643/,"{""discovery"":{""source"":""SearXNG site-scope"",""query"":""Sora AI filmmaker site:facebook.com"",""url"":""https://www.facebook.com/kdjayakodypro/posts/openai-just-released-sorathe-most-anticipated-ai-model-is-heresora-openais-video/4011370059149643/"",""snippet"":""OpenAI just released Sora! The most anticipated AI model is here ...; 9 Dec 2024 ... OpenAI's Sora: Revolutionizing Video Generation with AI at an Unprecedented Scale ✨ OpenAI's latest innovation, Sora, is making waves in the ...""},""follower_count"":{""source"":""not_profiled"",""reason"":""Meta API credentials unavailable or no public Threads/personal-account API path during this no-computer_use run""},""aigc_verdict"":{""source"":""search_snippet_only"",""verdict"":""unsure"",""reason"":""ROUTINE.md rule 9 forbids inferring yes/no from snippets""},""manual_flag"":{""computer_use"":""seated read-only pass needed for personal/Threads or non-Graph-resolved Meta profiles""}}"
https://threads.net/@jillkillsme,@jillkillsme,Threads,,,"AIGC,Meta,needs-seated-pass",New,2026-08-13T10:11:23Z,,,Sora,https://www.threads.net/@jillkillsme,unsure,2026-08-05T10:13:01Z,SearXNG Sora AI filmmaker site:threads.net,routine Meta discovery; no computer_use; Threads has no third-party public profile API; needs seated computer_use pass,,https://www.threads.net/@jillkillsme,"{""discovery"":{""source"":""SearXNG site-scope"",""query"":""Sora AI filmmaker site:threads.net"",""url"":""https://www.threads.net/@jillkillsme""},""aigc_verdict"":{""source"":""search snippet only"",""value"":""unsure""}}"
https://threads.net/@vaibhavv.ai,@vaibhavv.ai,Threads,,,"AIGC,Meta,SearXNG,pending-computer_use,Runway,Kling",New,2026-08-05T10:13:01Z,,,Runway,,unsure,2026-08-05T10:13:01Z,SearXNG Meta site-scope: Runway AI video creator site:threads.net,"Meta discovery-only; no computer_use; flag for seated read-only pass. Snippet: Vaibhav Hedaoo (@vaibhavv.ai) • Threads, Say more; 4 days ago ... ... video from creating characters, storyboards and the the final ... Runway, use Kling AI Don't pay for Grok Imagine, use Qwen Don't pay ...",,https://www.threads.net/@vaibhavv.ai,"{""discovery"":{""source"":""SearXNG site-scope"",""query"":""Runway AI video creator site:threads.net"",""url"":""https://www.threads.net/@vaibhavv.ai"",""snippet"":""Vaibhav Hedaoo (@vaibhavv.ai) • Threads, Say more; 4 days ago ... ... video from creating characters, storyboards and the the final ... Runway, use Kling AI Don't pay for Grok Imagine, use Qwen Don't pay ...""},""follower_count"":{""source"":""not_profiled"",""reason"":""Meta API credentials unavailable or no public Threads/personal-account API path during this no-computer_use run""},""aigc_verdict"":{""source"":""search_snippet_only"",""verdict"":""unsure"",""reason"":""ROUTINE.md rule 9 forbids inferring yes/no from snippets""},""manual_flag"":{""computer_use"":""seated read-only pass needed for personal/Threads or non-Graph-resolved Meta profiles""}}"
https://threads.net/@main_eelynnnn,@main_eelynnnn,Threads,,,"AIGC,Meta,SearXNG,pending-computer_use,Runway,Kling",New,2026-08-05T10:13:01Z,,,Runway,,unsure,2026-08-05T10:13:01Z,SearXNG Meta site-scope: Runway AI video creator site:threads.net,"Meta discovery-only; no computer_use; flag for seated read-only pass. Snippet: Eelynn 热带雨林(@main_eelynnnn) - Threads; Need some advice from the video editors & AI creators here. I'm actually ... Runway, Kling, etc., what's your workflow? One challenge I'm facing is ...",,https://www.threads.net/@main_eelynnnn,"{""discovery"":{""source"":""SearXNG site-scope"",""query"":""Runway AI video creator site:threads.net"",""url"":""https://www.threads.net/@main_eelynnnn"",""snippet"":""Eelynn 热带雨林(@main_eelynnnn) - Threads; Need some advice from the video editors & AI creators here. I'm actually ... Runway, Kling, etc., what's your workflow? One challenge I'm facing is ...""},""follower_count"":{""source"":""not_profiled"",""reason"":""Meta API credentials unavailable or no public Threads/personal-account API path during this no-computer_use run""},""aigc_verdict"":{""source"":""search_snippet_only"",""verdict"":""unsure"",""reason"":""ROUTINE.md rule 9 forbids inferring yes/no from snippets""},""manual_flag"":{""computer_use"":""seated read-only pass needed for personal/Threads or non-Graph-resolved Meta profiles""}}"
https://facebook.com/blair.adams,blair.adams,Facebook,,,"AIGC,Meta,routine,Sora,Runway",New,2026-08-07T10:10:18Z,,,Sora,,unsure,2026-08-05T10:13:01Z,"SearXNG Meta site-scope: ""AI filmmaker"" ""Sora"" site:facebook.com -runwayml -openai",FB Page/Profile Graph unavailable in this run; flagged for seated computer_use pass,,https://facebook.com/blair.adams,"{""discovery"":{""source"":""SearXNG"",""query"":""\""AI filmmaker\"" \""Sora\"" site:facebook.com -runwayml -openai"",""url"":""https://www.facebook.com/blair.adams/""},""follower_count"":{""source"":""not_available_without_meta_graph_or_manual"",""url"":""https://facebook.com/blair.adams""},""aigc_verdict"":{""source"":""search_snippet_only_not_inferred"",""url"":""https://www.facebook.com/blair.adams/""},""manual_review"":{""needed"":true,""reason"":""FB Page/Profile Graph unavailable in this run; flagged for seated computer_use pass""}}"
https://facebook.com/tylerbernabe,tylerBernabe,Facebook,,,"AIGC,Meta,SearXNG,pending-computer_use,Sora,Pika,Seedance",New,2026-08-05T10:13:01Z,,,Sora,,unsure,2026-08-05T10:13:01Z,"SearXNG Meta site-scope: ""AI filmmaker"" ""Sora"" site:facebook.com -news -OpenAI","Meta discovery-only; no computer_use; flag for seated read-only pass. Snippet: How to make kung fu AI short that are going viral. Seedance 2.0 + ...; 25 Mar 2026 ... ... Sora, Pika, Luma, Firefly, Synthesia, Hailuo. 1y · Public · TUTORIAL ... AI filmmaker shares 90s HK action anime short film made with ...",,https://www.facebook.com/tylerBernabe/posts/how-to-make-kung-fu-ai-short-that-are-going-viral-seedance-20-character-sheets-t/10237953501048239/,"{""discovery"":{""source"":""SearXNG site-scope"",""query"":""\""AI filmmaker\"" \""Sora\"" site:facebook.com -news -OpenAI"",""url"":""https://www.facebook.com/tylerBernabe/posts/how-to-make-kung-fu-ai-short-that-are-going-viral-seedance-20-character-sheets-t/10237953501048239/"",""snippet"":""How to make kung fu AI short that are going viral. Seedance 2.0 + ...; 25 Mar 2026 ... ... Sora, Pika, Luma, Firefly, Synthesia, Hailuo. 1y · Public · TUTORIAL ... AI filmmaker shares 90s HK action anime short film made with ...""},""follower_count"":{""source"":""not_profiled"",""reason"":""Meta API credentials unavailable or no public Threads/personal-account API path during this no-computer_use run""},""aigc_verdict"":{""source"":""search_snippet_only"",""verdict"":""unsure"",""reason"":""ROUTINE.md rule 9 forbids inferring yes/no from snippets""},""manual_flag"":{""computer_use"":""seated read-only pass needed for personal/Threads or non-Graph-resolved Meta profiles""}}"
https://facebook.com/filmmakingmasterclass,filmmakingmasterclass,Facebook,,,"AIGC,Meta,SearXNG,pending-computer_use,Sora,Pika",New,2026-08-05T10:13:01Z,,,Sora,,unsure,2026-08-05T10:13:01Z,"SearXNG Meta site-scope: ""AI filmmaker"" ""Sora"" site:facebook.com -news -OpenAI","Meta discovery-only; no computer_use; flag for seated read-only pass. Snippet: This is my workflow on @higgsfield.ai to create this scene using the ...; 25 Nov 2025 ... ... Sora, Pika, Luma, Firefly, Synthesia, Hailuo. 1y · Public · A video I ... AI filmmaker No complex editing. No After Effects. No film crew ...",,https://www.facebook.com/filmmakingmasterclass/posts/this-is-my-workflow-on-higgsfieldai-to-create-this-scene-using-the-google-banana/869343352273625/,"{""discovery"":{""source"":""SearXNG site-scope"",""query"":""\""AI filmmaker\"" \""Sora\"" site:facebook.com -news -OpenAI"",""url"":""https://www.facebook.com/filmmakingmasterclass/posts/this-is-my-workflow-on-higgsfieldai-to-create-this-scene-using-the-google-banana/869343352273625/"",""snippet"":""This is my workflow on @higgsfield.ai to create this scene using the ...; 25 Nov 2025 ... ... Sora, Pika, Luma, Firefly, Synthesia, Hailuo. 1y · Public · A video I ... AI filmmaker No complex editing. No After Effects. No film crew ...""},""follower_count"":{""source"":""not_profiled"",""reason"":""Meta API credentials unavailable or no public Threads/personal-account API path during this no-computer_use run""},""aigc_verdict"":{""source"":""search_snippet_only"",""verdict"":""unsure"",""reason"":""ROUTINE.md rule 9 forbids inferring yes/no from snippets""},""manual_flag"":{""computer_use"":""seated read-only pass needed for personal/Threads or non-Graph-resolved Meta profiles""}}"
https://reddit.com/user/openluxe,u/OpenLuxe,Reddit,,,"AIGC,Reddit",New,2026-08-06T02:11:57Z,,,,,unsure,2026-08-06T02:11:57Z,"searxng ""AI filmmaker"" site:reddit.com/user",reddit discovery-only; no keyless profiling API; follower_count_empty; aigc_unsure,,https://www.reddit.com/user/OpenLuxe/,"{""discovery"":{""source"":""searxng"",""query"":""\""AI filmmaker\"" site:reddit.com/user"",""result_url"":""https://www.reddit.com/user/OpenLuxe/"",""title"":""OpenLuxe.co - Reddit"",""snippet"":""It's new and I just got my first AI filmmaker to publish on there so give him some love on his projects if you like them. https://openflix.co. Upvote 3""},""aigc_verdict"":{""source"":""not_profiled_reddit_no_keyless_api"",""verdict"":""unsure""}}"
https://reddit.com/user/marksta,u/Marksta,Reddit,,,"AIGC,Reddit",New,2026-08-06T02:11:57Z,,,,,unsure,2026-08-06T02:11:57Z,"searxng ""AI filmmaker"" site:reddit.com/user",reddit discovery-only; no keyless profiling API; follower_count_empty; aigc_unsure,,https://www.reddit.com/user/Marksta/,"{""discovery"":{""source"":""searxng"",""query"":""\""AI filmmaker\"" site:reddit.com/user"",""result_url"":""https://www.reddit.com/user/Marksta/"",""title"":""u/Marksta - Reddit"",""snippet"":""Marksta commented in 8 hr. As an AI Filmmaker. So how's that going for you?""},""aigc_verdict"":{""source"":""not_profiled_reddit_no_keyless_api"",""verdict"":""unsure""}}"
https://reddit.com/user/difficult-carob-5431,u/Difficult-Carob-5431,Reddit,,,"AIGC,AI video,Reddit",New,2026-08-10T02:12:34Z,,,Runway,https://www.reddit.com/user/Difficult-Carob-5431/,unsure,2026-08-06T02:11:57Z,searxng site:reddit.com/user Runway AI filmmaker,Reddit discovery-only; no keyless profiling API from server IP; follower count intentionally empty.,,https://www.reddit.com/user/Difficult-Carob-5431/,"{""discovery"":{""tool"":""searxng"",""query"":""site:reddit.com/user Runway AI filmmaker"",""source_url"":""https://www.reddit.com/user/Difficult-Carob-5431/"",""title"":""Edmund Lloyd (u/Difficult-Carob-5431) - Reddit""}}"
https://reddit.com/user/appropriate-lime-323,u/Appropriate-Lime-323,Reddit,,,"AIGC,Reddit,discovery-only",New,2026-08-09T02:16:08Z,,,,,unsure,2026-08-06T02:11:57Z,"SearXNG/ddgs Reddit discovery; query=""AI filmmaker"" site:reddit.com/user; tool=searxng",Reddit discovery-only; no keyless profiling API; follower count intentionally empty.,,https://www.reddit.com/user/Appropriate-Lime-323/,"{""identity"":{""source"":""searxng"",""url"":""https://www.reddit.com/user/Appropriate-Lime-323/""},""discovery"":{""source"":""searxng"",""url"":""https://www.reddit.com/user/Appropriate-Lime-323/"",""snippet"":""B UDAY KUMAR (u/Appropriate-Lime-323) - Reddit | 8 days ago ... AI Filmmaker | Prompt Engineer | Motion Graphics Artist. Helping brands create cinematic AI-powered ads, storytelling videos,\u00a0...""},""aigc_verdict"":{""source"":""search_snippet_only"",""verdict"":""unsure""}}"
https://reddit.com/user/accomplished-kiwi504,u/Accomplished-Kiwi504,Reddit,,,"AIGC,Reddit",New,2026-08-06T02:11:57Z,,,,,unsure,2026-08-06T02:11:57Z,"searxng ""AI filmmaker"" site:reddit.com/user",reddit discovery-only; no keyless profiling API; follower_count_empty; aigc_unsure,,https://www.reddit.com/user/Accomplished-Kiwi504/,"{""discovery"":{""source"":""searxng"",""query"":""\""AI filmmaker\"" site:reddit.com/user"",""result_url"":""https://www.reddit.com/user/Accomplished-Kiwi504/"",""title"":""Drillup vroy!! (u/Accomplished-Kiwi504) - Reddit"",""snippet"":""21 Jun 2022 ... Can we collaborate? I need an Ai filmmaker to bring my stories to life.""},""aigc_verdict"":{""source"":""not_profiled_reddit_no_keyless_api"",""verdict"":""unsure""}}"
https://reddit.com/user/pompom-chicken,u/pompom-chicken,Reddit,,,"AIGC,Reddit",New,2026-08-06T02:11:57Z,,,,,unsure,2026-08-06T02:11:57Z,"searxng ""AI filmmaker"" site:reddit.com/user",reddit discovery-only; no keyless profiling API; follower_count_empty; aigc_unsure,,https://www.reddit.com/user/pompom-chicken/,"{""discovery"":{""source"":""searxng"",""query"":""\""AI filmmaker\"" site:reddit.com/user"",""result_url"":""https://www.reddit.com/user/pompom-chicken/"",""title"":""u/pompom-chicken - Reddit"",""snippet"":""... me the ultimate prompt writer for Gen ai And then I'll be able to call myself a \u201cphotographer\u201d like those AI \u201cfilmmaker\u201d people. Upvote 1. Downvote Reply\u00a0...""},""aigc_verdict"":{""source"":""not_profiled_reddit_no_keyless_api"",""verdict"":""unsure""}}"
https://reddit.com/user/saminsocks,u/saminsocks,Reddit,,,"AIGC,Reddit",New,2026-08-06T02:11:57Z,,,,https://www.reddit.com/user/saminsocks/comments/,unsure,2026-08-06T02:11:57Z,"searxng ""AI filmmaker"" site:reddit.com/user",reddit discovery-only; no keyless profiling API; follower_count_empty; aigc_unsure,,https://www.reddit.com/user/saminsocks/comments/,"{""discovery"":{""source"":""searxng"",""query"":""\""AI filmmaker\"" site:reddit.com/user"",""result_url"":""https://www.reddit.com/user/saminsocks/comments/"",""title"":""u/saminsocks - Reddit"",""snippet"":""... posts constantly move. But if you're going to blame the strikes, you may as well pivot to becoming an AI filmmaker, too. Upvote 1. Downvote Reply reply.""},""aigc_verdict"":{""source"":""not_profiled_reddit_no_keyless_api"",""verdict"":""unsure""}}"
https://reddit.com/user/om_houdhary,@Om_houdhary,Reddit,,,"AIGC,Reddit,search-index",New,2026-08-08T02:16:33Z,,,,https://www.reddit.com/user/Om_houdhary/,unsure,2026-08-06T02:11:57Z,"searxng ""AI video creator"" site:reddit.com/user",Reddit discovery-only; no keyless profiling API from this host; follower count intentionally empty; AIGC verdict unsure.,,https://www.reddit.com/user/Om_houdhary/,"{""discovery"":{""source"":""searxng"",""query"":""\""AI video creator\"" site:reddit.com/user"",""url"":""https://www.reddit.com/user/Om_houdhary/"",""title"":""Om_houdhary - Reddit"",""snippet"":""I'm looking for an AI video creator who can make fantasy / cinematic AI storytelling videos with characters, environments, scenes, and storytelling.""},""aigc_verdict"":{""source"":""search_index_only"",""verdict"":""unsure""},""follower_count"":{""source"":""not_profiled_no_keyless_reddit_api"",""value"":""""}}"
https://reddit.com/user/lunchplastic2682,u/LunchPlastic2682,Reddit,,,"AIGC,Reddit",New,2026-08-06T02:11:57Z,,,,,unsure,2026-08-06T02:11:57Z,"searxng ""AI video creator"" site:reddit.com/user",reddit discovery-only; no keyless profiling API; follower_count_empty; aigc_unsure,,https://www.reddit.com/user/LunchPlastic2682/,"{""discovery"":{""source"":""searxng"",""query"":""\""AI video creator\"" site:reddit.com/user"",""result_url"":""https://www.reddit.com/user/LunchPlastic2682/"",""title"":""u/LunchPlastic2682 - Reddit"",""snippet"":""Join. Options. Report. AI Video Creator/Editor Needed for 30-Minute YouTube Story Videos \u00b7 [removed]. Sorry, this post was removed by Reddit's filters. Upvote 0""},""aigc_verdict"":{""source"":""not_profiled_reddit_no_keyless_api"",""verdict"":""unsure""}}"
https://reddit.com/user/smereces,Cyber_Art (u/smereces),Reddit,,,"AIGC,AI video,Reddit",New,2026-08-11T02:20:08Z,,,,https://www.reddit.com/user/smereces/,unsure,2026-08-06T02:11:57Z,"searxng ""AI video creator"" site:reddit.com/user",Reddit discovery-only; FollowerCount empty and AIGCVerdict=unsure per ROUTINE.md rule 9; no computer_use.,,https://www.reddit.com/user/smereces/,"{""identity"":{""source"":""searxng"",""url"":""https://www.reddit.com/user/smereces/"",""query"":""\""AI video creator\"" site:reddit.com/user""},""aigc_verdict"":{""source"":""not_profiled"",""reason"":""Reddit has no keyless profiling API in routine; search snippet only, per ROUTINE.md rule 9""},""discovery_snippet"":""u/smereces: AI VIDEO CREATOR ✨ Ai Shorts & Environments Supporting Like and Following! https://www.instagram.com/cyber_ai_shorts…""}"
https://reddit.com/user/zestyclose-use9011,@Zestyclose-Use9011,Reddit,,,"AIGC,Reddit,search-index",New,2026-08-08T02:16:33Z,,,,https://www.reddit.com/user/Zestyclose-Use9011/,unsure,2026-08-06T02:11:57Z,"searxng ""AI video creator"" site:reddit.com/user",Reddit discovery-only; no keyless profiling API from this host; follower count intentionally empty; AIGC verdict unsure.,,https://www.reddit.com/user/Zestyclose-Use9011/,"{""discovery"":{""source"":""searxng"",""query"":""\""AI video creator\"" site:reddit.com/user"",""url"":""https://www.reddit.com/user/Zestyclose-Use9011/"",""title"":""KlipZi (u/Zestyclose-Use9011) - Simon Crack - Reddit"",""snippet"":""Looking for an AI Video Creator for Real Product Ads \u00b7 Zestyclose-Use9011 commented 8 days ago. The biggest quality difference usually comes from the input\u00a0...""},""aigc_verdict"":{""source"":""search_index_only"",""verdict"":""unsure""},""follower_count"":{""source"":""not_profiled_no_keyless_reddit_api"",""value"":""""}}"
https://reddit.com/user/sairaj_jadhao,@Sairaj_Jadhao,Reddit,,,"AIGC,Reddit,search-index",New,2026-08-08T02:16:33Z,,,,https://www.reddit.com/user/Sairaj_Jadhao/,unsure,2026-08-06T02:11:57Z,"searxng ""AI video creator"" site:reddit.com/user",Reddit discovery-only; no keyless profiling API from this host; follower count intentionally empty; AIGC verdict unsure.,,https://www.reddit.com/user/Sairaj_Jadhao/,"{""discovery"":{""source"":""searxng"",""query"":""\""AI video creator\"" site:reddit.com/user"",""url"":""https://www.reddit.com/user/Sairaj_Jadhao/"",""title"":""u/Sairaj_Jadhao - Reddit"",""snippet"":""Share. r/HireAnEditor \u2022. Hiring: Video Editor / Graphic Designer / AI Video Creator (Remote) \u00b7 Sairaj_Jadhao commented 8 days ago. Intrested. Upvote 1""},""aigc_verdict"":{""source"":""search_index_only"",""verdict"":""unsure""},""follower_count"":{""source"":""not_profiled_no_keyless_reddit_api"",""value"":""""}}"
https://reddit.com/user/jibitesh-69,@jibitesh-69,Reddit,,,"AIGC,Reddit,search-index",New,2026-08-08T02:16:33Z,,,,https://www.reddit.com/user/jibitesh-69/,unsure,2026-08-06T02:11:57Z,"searxng ""AI video creator"" site:reddit.com/user",Reddit discovery-only; no keyless profiling API from this host; follower count intentionally empty; AIGC verdict unsure.,,https://www.reddit.com/user/jibitesh-69/,"{""discovery"":{""source"":""searxng"",""query"":""\""AI video creator\"" site:reddit.com/user"",""url"":""https://www.reddit.com/user/jibitesh-69/"",""title"":""StupidStud (u/jibitesh-69) - Reddit"",""snippet"":""Urgent needed 3D AI video creator for a product ad for instagram reels. Budget = 3k inr / 35 usd.""},""aigc_verdict"":{""source"":""search_index_only"",""verdict"":""unsure""},""follower_count"":{""source"":""not_profiled_no_keyless_reddit_api"",""value"":""""}}"
https://reddit.com/user/notomatillo1851,u/NoTomatillo1851,Reddit,,,"AIGC,Reddit",New,2026-08-06T02:11:57Z,,,,,unsure,2026-08-06T02:11:57Z,"searxng ""AI video creator"" site:reddit.com/user",reddit discovery-only; no keyless profiling API; follower_count_empty; aigc_unsure,,https://www.reddit.com/user/NoTomatillo1851/,"{""discovery"":{""source"":""searxng"",""query"":""\""AI video creator\"" site:reddit.com/user"",""result_url"":""https://www.reddit.com/user/NoTomatillo1851/"",""title"":""Yzzi (u/NoTomatillo1851) - Reddit"",""snippet"":""... \u2022. [Hiring] AI Video Creator for Viral TikTok Transformation Content (Kling / Higgsfield) \u00b7 NoTomatillo1851 commented 2 mo. ago. Let's talk. Upvote 1""},""aigc_verdict"":{""source"":""not_profiled_reddit_no_keyless_api"",""verdict"":""unsure""}}"
https://vimeo.com/user30237531,Eduonix Learning,Vimeo,18,,"AIGC,Vimeo,API",New,2026-08-08T06:34:38Z,,,Veo,https://vimeo.com/1135233499,unsure,2026-08-06T06:19:00Z,vimeo_api_refresh,API-only Vimeo refresh/discovery; visual AIGC review not performed in routine lane; sole_or_small: unknown,,https://vimeo.com/user30237531,"{""follower_count"":{""source"":""vimeo_api"",""url"":""https://api.vimeo.com/users/30237531""},""profile"":{""source"":""vimeo_api"",""url"":""https://vimeo.com/user30237531""},""aigc_verdict"":{""source"":""api_text_only"",""url"":""https://vimeo.com/1135233499"",""note"":""Routine API lane does not infer visual verdict; left unsure unless already reviewed.""}}"
https://vimeo.com/user212242779,streamr.ai,Vimeo,2,,"AIGC,Vimeo,API",New,2026-08-08T06:34:38Z,,,Veo,https://vimeo.com/1154385054,unsure,2026-08-06T06:19:00Z,vimeo_api_refresh,API-only Vimeo refresh/discovery; visual AIGC review not performed in routine lane; sole_or_small: unknown,,https://vimeo.com/user212242779,"{""follower_count"":{""source"":""vimeo_api"",""url"":""https://api.vimeo.com/users/212242779""},""profile"":{""source"":""vimeo_api"",""url"":""https://vimeo.com/user212242779""},""aigc_verdict"":{""source"":""api_text_only"",""url"":""https://vimeo.com/1154385054"",""note"":""Routine API lane does not infer visual verdict; left unsure unless already reviewed.""}}"
https://vimeo.com/user29024043,dominic hawgood,Vimeo,36,,"AIGC,Vimeo,API,ComfyUI",New,2026-08-08T06:34:38Z,,,ComfyUI,https://vimeo.com/1210540712,unsure,2026-08-06T06:19:00Z,vimeo_api_refresh,API-only Vimeo refresh/discovery; visual AIGC review not performed in routine lane; sole_or_small: unknown,,https://vimeo.com/user29024043,"{""follower_count"":{""source"":""vimeo_api"",""url"":""https://api.vimeo.com/users/29024043""},""profile"":{""source"":""vimeo_api"",""url"":""https://vimeo.com/user29024043""},""aigc_verdict"":{""source"":""api_text_only"",""url"":""https://vimeo.com/1210540712"",""note"":""Routine API lane does not infer visual verdict; left unsure unless already reviewed.""}}"
https://vimeo.com/user137307609,Liudmyla Gushchyk,Vimeo,0,,"AIGC,Vimeo,API",New,2026-08-08T06:34:38Z,,,Veo,https://vimeo.com/1211995905,unsure,2026-08-06T06:19:00Z,vimeo_api_refresh,API-only Vimeo refresh/discovery; visual AIGC review not performed in routine lane; sole_or_small: unknown,,https://vimeo.com/user137307609,"{""follower_count"":{""source"":""vimeo_api"",""url"":""https://api.vimeo.com/users/137307609""},""profile"":{""source"":""vimeo_api"",""url"":""https://vimeo.com/user137307609""},""aigc_verdict"":{""source"":""api_text_only"",""url"":""https://vimeo.com/1211995905"",""note"":""Routine API lane does not infer visual verdict; left unsure unless already reviewed.""}}"
https://civitai.com/user/derangedape,DerangedApe,Civitai,,,"AIGC,Civitai,video",New,2026-08-06T06:19:00Z,,,Civitai,https://civitai.com/posts/30217521,yes,2026-08-06T06:19:00Z,Civitai API /images type=video newest,"sole_or_small: unknown; video_item_id:138892963; stats:{""cryCount"":0,""laughCount"":0,""likeCount"":0,""dislikeCount"":0,""heartCount"":0,""commentCount"":0}",,https://civitai.com/user/DerangedApe,"{""aigc_verdict"":{""source"":""civitai_api_type_video"",""url"":""https://civitai.com/posts/30217521"",""note"":""Civitai public REST returned SFW item with type=video; platform content is AI-generated by definition.""},""video_content"":{""source"":""civitai_api"",""url"":""https://civitai.com/posts/30217521"",""item_id"":138892963}}"
https://civitai.com/user/ertyer,Ertyer,Civitai,,,"AIGC,Civitai,video",New,2026-08-06T06:19:00Z,,,Civitai,https://civitai.com/posts/30216065,yes,2026-08-06T06:19:00Z,Civitai API /images type=video newest,"sole_or_small: unknown; video_item_id:138884916; stats:{""cryCount"":0,""laughCount"":0,""likeCount"":0,""dislikeCount"":0,""heartCount"":0,""commentCount"":0}",,https://civitai.com/user/Ertyer,"{""aigc_verdict"":{""source"":""civitai_api_type_video"",""url"":""https://civitai.com/posts/30216065"",""note"":""Civitai public REST returned SFW item with type=video; platform content is AI-generated by definition.""},""video_content"":{""source"":""civitai_api"",""url"":""https://civitai.com/posts/30216065"",""item_id"":138884916}}"
https://civitai.com/user/comethri,Comethri,Civitai,,,"AIGC,Civitai,video",New,2026-08-06T06:19:00Z,,,Civitai,https://civitai.com/posts/30215494,yes,2026-08-06T06:19:00Z,Civitai API /images type=video newest,"sole_or_small: unknown; video_item_id:138882583; stats:{""cryCount"":0,""laughCount"":0,""likeCount"":1,""dislikeCount"":0,""heartCount"":0,""commentCount"":0}",,https://civitai.com/user/Comethri,"{""aigc_verdict"":{""source"":""civitai_api_type_video"",""url"":""https://civitai.com/posts/30215494"",""note"":""Civitai public REST returned SFW item with type=video; platform content is AI-generated by definition.""},""video_content"":{""source"":""civitai_api"",""url"":""https://civitai.com/posts/30215494"",""item_id"":138882583}}"
https://civitai.com/user/voidscreamer,VoidScreamer,Civitai,,,"AIGC,Civitai,video",New,2026-08-06T06:19:00Z,,,Civitai,https://civitai.com/posts/30213657,yes,2026-08-06T06:19:00Z,Civitai API /images type=video newest,"sole_or_small: unknown; video_item_id:138873301; stats:{""cryCount"":1,""laughCount"":1,""likeCount"":1,""dislikeCount"":0,""heartCount"":1,""commentCount"":0}",,https://civitai.com/user/VoidScreamer,"{""aigc_verdict"":{""source"":""civitai_api_type_video"",""url"":""https://civitai.com/posts/30213657"",""note"":""Civitai public REST returned SFW item with type=video; platform content is AI-generated by definition.""},""video_content"":{""source"":""civitai_api"",""url"":""https://civitai.com/posts/30213657"",""item_id"":138873301}}"
https://civitai.com/user/anponman,AnPonman,Civitai,,,"AIGC,Civitai,Video",New,2026-08-08T06:34:38Z,,,Civitai,https://image.civitai.com/xG1nkqKTMzGDvpLrqFT7WA/b7332ad6-a7ca-436f-9695-aac2674d39f8/original=true/b7332ad6-a7ca-436f-9695-aac2674d39f8.mp4,yes,2026-08-06T06:19:00Z,civitai_api_discovery:type=video&nsfw=false,"has public SFW video via Civitai API; video_item_id:139074777; stats:{""cryCount"":0,""laughCount"":0,""likeCount"":0,""dislikeCount"":0,""heartCount"":0,""commentCount"":0}",,https://civitai.com/user/AnPonman,"{""video_content"":{""source"":""civitai_api"",""url"":""https://image.civitai.com/xG1nkqKTMzGDvpLrqFT7WA/b7332ad6-a7ca-436f-9695-aac2674d39f8/original=true/b7332ad6-a7ca-436f-9695-aac2674d39f8.mp4"",""item_id"":139074777,""type"":""video""},""aigc_verdict"":{""source"":""civitai_api"",""url"":""https://image.civitai.com/xG1nkqKTMzGDvpLrqFT7WA/b7332ad6-a7ca-436f-9695-aac2674d39f8/original=true/b7332ad6-a7ca-436f-9695-aac2674d39f8.mp4"",""note"":""Civitai content is AI-generated by platform definition; type=video confirms video output.""}}"
https://civitai.com/user/fellowricky,fellowricky,Civitai,,,"AIGC,Civitai,video",New,2026-08-06T06:19:00Z,,,Civitai,https://civitai.com/posts/30214355,yes,2026-08-06T06:19:00Z,Civitai API /images type=video newest,"sole_or_small: unknown; video_item_id:138877140; stats:{""cryCount"":0,""laughCount"":0,""likeCount"":1,""dislikeCount"":0,""heartCount"":1,""commentCount"":0}",,https://civitai.com/user/fellowricky,"{""aigc_verdict"":{""source"":""civitai_api_type_video"",""url"":""https://civitai.com/posts/30214355"",""note"":""Civitai public REST returned SFW item with type=video; platform content is AI-generated by definition.""},""video_content"":{""source"":""civitai_api"",""url"":""https://civitai.com/posts/30214355"",""item_id"":138877140}}"
https://civitai.com/user/7zack,7Zack,Civitai,,,"AIGC,Civitai,video",New,2026-08-06T06:19:00Z,,,Civitai,https://civitai.com/posts/30215107,yes,2026-08-06T06:19:00Z,Civitai API /images type=video newest,"sole_or_small: unknown; video_item_id:138880964; stats:{""cryCount"":0,""laughCount"":0,""likeCount"":2,""dislikeCount"":0,""heartCount"":0,""commentCount"":0}",,https://civitai.com/user/7Zack,"{""aigc_verdict"":{""source"":""civitai_api_type_video"",""url"":""https://civitai.com/posts/30215107"",""note"":""Civitai public REST returned SFW item with type=video; platform content is AI-generated by definition.""},""video_content"":{""source"":""civitai_api"",""url"":""https://civitai.com/posts/30215107"",""item_id"":138880964}}"
https://civitai.com/user/robotka,Robotka,Civitai,,,"AIGC,Civitai,video",New,2026-08-06T06:19:00Z,,,Civitai,https://civitai.com/posts/30212878,yes,2026-08-06T06:19:00Z,Civitai API /images type=video newest,"sole_or_small: unknown; video_item_id:138869368; stats:{""cryCount"":0,""laughCount"":0,""likeCount"":3,""dislikeCount"":0,""heartCount"":0,""commentCount"":1}",,https://civitai.com/user/Robotka,"{""aigc_verdict"":{""source"":""civitai_api_type_video"",""url"":""https://civitai.com/posts/30212878"",""note"":""Civitai public REST returned SFW item with type=video; platform content is AI-generated by definition.""},""video_content"":{""source"":""civitai_api"",""url"":""https://civitai.com/posts/30212878"",""item_id"":138869368}}"
https://civitai.com/user/karlcrane2015,karlcrane2015,Civitai,,,"AIGC,Civitai,video",New,2026-08-06T06:19:00Z,,,Civitai,https://civitai.com/posts/30213913,yes,2026-08-06T06:19:00Z,Civitai API /images type=video newest,"sole_or_small: unknown; video_item_id:138874715; stats:{""cryCount"":0,""laughCount"":0,""likeCount"":3,""dislikeCount"":0,""heartCount"":0,""commentCount"":0}",,https://civitai.com/user/karlcrane2015,"{""aigc_verdict"":{""source"":""civitai_api_type_video"",""url"":""https://civitai.com/posts/30213913"",""note"":""Civitai public REST returned SFW item with type=video; platform content is AI-generated by definition.""},""video_content"":{""source"":""civitai_api"",""url"":""https://civitai.com/posts/30213913"",""item_id"":138874715}}"
https://civitai.com/user/thelocallab,TheLocalLab,Civitai,,,"AIGC,Civitai,video",New,2026-08-06T06:19:00Z,,,Civitai,https://civitai.com/posts/30213732,yes,2026-08-06T06:19:00Z,Civitai API /images type=video newest,"sole_or_small: unknown; video_item_id:138873759; stats:{""cryCount"":0,""laughCount"":0,""likeCount"":0,""dislikeCount"":0,""heartCount"":0,""commentCount"":0}",,https://civitai.com/user/TheLocalLab,"{""aigc_verdict"":{""source"":""civitai_api_type_video"",""url"":""https://civitai.com/posts/30213732"",""note"":""Civitai public REST returned SFW item with type=video; platform content is AI-generated by definition.""},""video_content"":{""source"":""civitai_api"",""url"":""https://civitai.com/posts/30213732"",""item_id"":138873759}}"
https://civitai.com/user/8864846846,8864846846,Civitai,,,"AIGC,Civitai,video",New,2026-08-06T06:19:00Z,,,Civitai,https://civitai.com/posts/30213681,yes,2026-08-06T06:19:00Z,Civitai API /images type=video newest,"sole_or_small: unknown; video_item_id:138873436; stats:{""cryCount"":2,""laughCount"":2,""likeCount"":1,""dislikeCount"":0,""heartCount"":1,""commentCount"":0}",,https://civitai.com/user/8864846846,"{""aigc_verdict"":{""source"":""civitai_api_type_video"",""url"":""https://civitai.com/posts/30213681"",""note"":""Civitai public REST returned SFW item with type=video; platform content is AI-generated by definition.""},""video_content"":{""source"":""civitai_api"",""url"":""https://civitai.com/posts/30213681"",""item_id"":138873436}}"
https://civitai.com/user/brrrrzzzz,brrrrzzzz,Civitai,,,"AIGC,Civitai,video",New,2026-08-06T06:19:00Z,,,Civitai,https://civitai.com/posts/30213674,yes,2026-08-06T06:19:00Z,Civitai API /images type=video newest,"sole_or_small: unknown; video_item_id:138873374; stats:{""cryCount"":0,""laughCount"":0,""likeCount"":2,""dislikeCount"":0,""heartCount"":1,""commentCount"":0}",,https://civitai.com/user/brrrrzzzz,"{""aigc_verdict"":{""source"":""civitai_api_type_video"",""url"":""https://civitai.com/posts/30213674"",""note"":""Civitai public REST returned SFW item with type=video; platform content is AI-generated by definition.""},""video_content"":{""source"":""civitai_api"",""url"":""https://civitai.com/posts/30213674"",""item_id"":138873374}}"
https://civitai.com/user/evilpeterpan,EvilPeterPan,Civitai,,,"AIGC,Civitai,video",New,2026-08-06T06:19:00Z,,,Civitai,https://civitai.com/posts/30212673,yes,2026-08-06T06:19:00Z,Civitai API /images type=video newest,"sole_or_small: unknown; video_item_id:138868457; stats:{""cryCount"":0,""laughCount"":0,""likeCount"":1,""dislikeCount"":0,""heartCount"":0,""commentCount"":0}",,https://civitai.com/user/EvilPeterPan,"{""aigc_verdict"":{""source"":""civitai_api_type_video"",""url"":""https://civitai.com/posts/30212673"",""note"":""Civitai public REST returned SFW item with type=video; platform content is AI-generated by definition.""},""video_content"":{""source"":""civitai_api"",""url"":""https://civitai.com/posts/30212673"",""item_id"":138868457}}"
https://civitai.com/user/kiwahkiwah,KiwahKiwah,Civitai,,,"AIGC,Civitai,video",New,2026-08-06T06:19:00Z,,,Civitai,https://civitai.com/posts/30213462,yes,2026-08-06T06:19:00Z,Civitai API /images type=video newest,"sole_or_small: unknown; video_item_id:138872116; stats:{""cryCount"":0,""laughCount"":0,""likeCount"":0,""dislikeCount"":0,""heartCount"":0,""commentCount"":0}",,https://civitai.com/user/KiwahKiwah,"{""aigc_verdict"":{""source"":""civitai_api_type_video"",""url"":""https://civitai.com/posts/30213462"",""note"":""Civitai public REST returned SFW item with type=video; platform content is AI-generated by definition.""},""video_content"":{""source"":""civitai_api"",""url"":""https://civitai.com/posts/30213462"",""item_id"":138872116}}"
https://civitai.com/user/urbat33r,Urbat33r,Civitai,,,"AIGC,Civitai,video",New,2026-08-06T06:19:00Z,,,Civitai,https://civitai.com/posts/30213313,yes,2026-08-06T06:19:00Z,Civitai API /images type=video newest,"sole_or_small: unknown; video_item_id:138871291; stats:{""cryCount"":0,""laughCount"":0,""likeCount"":2,""dislikeCount"":0,""heartCount"":0,""commentCount"":0}",,https://civitai.com/user/Urbat33r,"{""aigc_verdict"":{""source"":""civitai_api_type_video"",""url"":""https://civitai.com/posts/30213313"",""note"":""Civitai public REST returned SFW item with type=video; platform content is AI-generated by definition.""},""video_content"":{""source"":""civitai_api"",""url"":""https://civitai.com/posts/30213313"",""item_id"":138871291}}"
https://civitai.com/user/morbiusgreen,morbiusgreen,Civitai,,,"AIGC,Civitai,video",New,2026-08-06T06:19:00Z,,,Civitai,https://civitai.com/posts/30020699,yes,2026-08-06T06:19:00Z,Civitai API /images type=video newest,"sole_or_small: unknown; video_item_id:137917397; stats:{""cryCount"":0,""laughCount"":0,""likeCount"":4,""dislikeCount"":0,""heartCount"":2,""commentCount"":0}",,https://civitai.com/user/morbiusgreen,"{""aigc_verdict"":{""source"":""civitai_api_type_video"",""url"":""https://civitai.com/posts/30020699"",""note"":""Civitai public REST returned SFW item with type=video; platform content is AI-generated by definition.""},""video_content"":{""source"":""civitai_api"",""url"":""https://civitai.com/posts/30020699"",""item_id"":137917397}}"
https://civitai.com/user/wenzor,WenZoR,Civitai,,,"AIGC,Civitai,video",New,2026-08-06T06:19:00Z,,,Civitai,https://civitai.com/posts/30211063,yes,2026-08-06T06:19:00Z,Civitai API /images type=video newest,"sole_or_small: unknown; video_item_id:138860038; stats:{""cryCount"":0,""laughCount"":0,""likeCount"":1,""dislikeCount"":0,""heartCount"":1,""commentCount"":0}",,https://civitai.com/user/WenZoR,"{""aigc_verdict"":{""source"":""civitai_api_type_video"",""url"":""https://civitai.com/posts/30211063"",""note"":""Civitai public REST returned SFW item with type=video; platform content is AI-generated by definition.""},""video_content"":{""source"":""civitai_api"",""url"":""https://civitai.com/posts/30211063"",""item_id"":138860038}}"
https://civitai.com/user/cranpeach,cranpeach,Civitai,,,"AIGC,Civitai,video",New,2026-08-06T06:19:00Z,,,Civitai,https://civitai.com/posts/30211602,yes,2026-08-06T06:19:00Z,Civitai API /images type=video newest,"sole_or_small: unknown; video_item_id:138862392; stats:{""cryCount"":1,""laughCount"":9,""likeCount"":1,""dislikeCount"":0,""heartCount"":1,""commentCount"":0}",,https://civitai.com/user/cranpeach,"{""aigc_verdict"":{""source"":""civitai_api_type_video"",""url"":""https://civitai.com/posts/30211602"",""note"":""Civitai public REST returned SFW item with type=video; platform content is AI-generated by definition.""},""video_content"":{""source"":""civitai_api"",""url"":""https://civitai.com/posts/30211602"",""item_id"":138862392}}"
https://instagram.com/sora2kavo,@sora2kavo,Instagram,,,"AIGC,Sora",New,2026-08-06T14:13:11Z,,,Sora,,unsure,2026-08-06T14:13:11Z,"off-platform sweep (searx): ""AI filmmaker"" Sora site:instagram.com",routine off-platform discovery; follower_count unavailable via API in this window; AIGC not frame-reviewed,,https://www.instagram.com/sora2kavo/,"{""discovery"":{""source"":""searx"",""query"":""\""AI filmmaker\"" Sora site:instagram.com"",""url"":""https://www.instagram.com/sora2kavo/"",""snippet"":""Kavo Verse (@sora2kavo) • Instagram photos and videos — 147 Followers, 118 Following, 687 Posts - Kavo Verse (@sora2kavo) on Instagram: \""AI filmmaker + music creator 👁️🎶 Films here. Songs on Apple Music & Spotify.\""""},""aigc_verdict"":{""source"":""off-platform search snippet only; no API/frame review in this routine window"",""url"":""https://www.instagram.com/sora2kavo/""}}"
https://instagram.com/ai__filmmaker,@ai__filmmaker,Instagram,,,"AIGC,Sora",New,2026-08-06T14:13:11Z,,,Sora,,unsure,2026-08-06T14:13:11Z,"off-platform sweep (searx): ""AI filmmaker"" Sora site:instagram.com",routine off-platform discovery; follower_count unavailable via API in this window; AIGC not frame-reviewed,,https://www.instagram.com/ai__filmmaker/,"{""discovery"":{""source"":""searx"",""query"":""\""AI filmmaker\"" Sora site:instagram.com"",""url"":""https://www.instagram.com/ai__filmmaker/"",""snippet"":""Ai Filmmaker (@ai__filmmaker) • Instagram photos and videos — 78 Followers, 10 Following, 6 Posts - Ai Filmmaker (@ai__filmmaker) on Instagram: \""Crafted by AI, imagined by me💡 @by.lucasgoncalves Come and see what we can create together! 🇺🇸🇧🇷\""""},""aigc_verdict"":{""source"":""off-platform search snippet only; no API/frame review in this routine window"",""url"":""https://www.instagram.com/ai__filmmaker/""}}"
https://instagram.com/ai.filmmaker,@ai.filmmaker,Instagram,,,"AIGC,Sora",New,2026-08-06T14:13:11Z,,,Sora,,unsure,2026-08-06T14:13:11Z,"off-platform sweep (searx): ""AI filmmaker"" Sora site:instagram.com",routine off-platform discovery; follower_count unavailable via API in this window; AIGC not frame-reviewed,,https://www.instagram.com/ai.filmmaker/,"{""discovery"":{""source"":""searx"",""query"":""\""AI filmmaker\"" Sora site:instagram.com"",""url"":""https://www.instagram.com/ai.filmmaker/"",""snippet"":""AI Filmmaker (@ai.filmmaker) • Instagram photos and videos — 508 Followers, 296 Following, 73 Posts - AI Filmmaker (@ai.filmmaker) on Instagram: \""by @romainsimon\""""},""aigc_verdict"":{""source"":""off-platform search snippet only; no API/frame review in this routine window"",""url"":""https://www.instagram.com/ai.filmmaker/""}}"
https://linkedin.com/in/shabhi-haider-65989b75,shabhi-haider-65989b75,LinkedIn,,,"AIGC,Sora",New,2026-08-06T14:13:11Z,,,Sora,,unsure,2026-08-06T14:13:11Z,"off-platform sweep (ddgs): ""AI filmmaker"" Sora site:linkedin.com/in",routine off-platform discovery; follower_count unavailable via API in this window; AIGC not frame-reviewed,,https://www.linkedin.com/in/shabhi-haider-65989b75,"{""discovery"":{""source"":""ddgs"",""query"":""\""AI filmmaker\"" Sora site:linkedin.com/in"",""url"":""https://www.linkedin.com/in/shabhi-haider-65989b75"",""snippet"":""Shabhi Haider - AI Filmmaker and Storyteller - LinkedIn — AI Filmmaker and Storyteller 🎬 | Deploy AI Bots for startups | Prompt Engineer with AI Video Production & Automation 🎥 · 🎬 Shabhi is an — AI Technologist & Creative Visionary As an AI ...""},""aigc_verdict"":{""source"":""off-platform search snippet only; no API/frame review in this routine window"",""url"":""https://www.linkedin.com/in/shabhi-haider-65989b75""}}"
https://tiktok.com/@ai.for.real.life,@ai.for.real.life,TikTok,26.5k,,"AIGC,Sora",New,2026-08-27T05:02:33Z,,English,GenAI,https://tiktok.com/@ai.for.real.life,yes,2026-08-06T14:13:11Z,"off-platform sweep (ddgs): ""AI filmmaker"" Sora site:tiktok.com/@",TikTok scrape: followers=N/A; bio_link=none,https://tiktok.com/@ai.for.real.life,,"{""platform"": ""TikTok"", ""handle"": ""@ai.for.real.life"", ""bio_preview"": """", ""external_link"": """", ""aigc_verdict"": ""yes"", ""ai_reasoning"": ""Rule-based keyword fallback""}"
https://tiktok.com/@theaifilmmaker,@theaifilmmaker,TikTok,17.8K,,"AIGC,Sora",New,2026-08-27T05:02:47Z,,English,,https://tiktok.com/@theaifilmmaker,no,2026-08-06T14:13:11Z,"off-platform sweep (ddgs): ""AI filmmaker"" Sora site:tiktok.com/@",TikTok scrape: followers=17.8K; bio_link=none,https://tiktok.com/@theaifilmmaker,https://tiktok.com/@theaifilmmaker,"{""platform"": ""TikTok"", ""handle"": ""@theaifilmmaker"", ""bio_preview"": ""👾 Work sketch comedy\n👨‍💼 Send to your work bestie\n📬 neal@theaifilmmaker.co"", ""external_link"": """", ""aigc_verdict"": ""no"", ""ai_reasoning"": """"}"
https://tiktok.com/@egorkuzminxr,@egorkuzminxr,TikTok,53.8K,,"AIGC,Sora",New,2026-08-27T05:03:02Z,,Russian,,t.me/EgorKuzminXR1,yes,2026-08-06T14:13:11Z,"off-platform sweep (ddgs): ""AI filmmaker"" Sora site:tiktok.com/@",TikTok scrape: followers=53.8K; bio_link=t.me/EgorKuzminXR1,https://tiktok.com/@egorkuzminxr,t.me/EgorKuzminXR1,"{""platform"": ""TikTok"", ""handle"": ""@egorkuzminxr"", ""bio_preview"": ""Егор Кузьмин | Специалист по нейросетям"", ""external_link"": ""t.me/EgorKuzminXR1"", ""aigc_verdict"": ""yes"", ""ai_reasoning"": """"}"
https://civitai.com/user/ai_ojisama,@Ai_ojisama,Civitai,,,"AIGC,Sora",New,2026-08-06T14:13:11Z,,,Sora,,unsure,2026-08-06T14:13:11Z,"off-platform sweep (ddgs): ""AI video"" ""Sora"" site:civitai.com/user",routine off-platform discovery; follower_count unavailable via API in this window; AIGC not frame-reviewed,,https://civitai.com/user/Ai_ojisama/models,"{""discovery"":{""source"":""ddgs"",""query"":""\""AI video\"" \""Sora\"" site:civitai.com/user"",""url"":""https://civitai.com/user/Ai_ojisama/models"",""snippet"":""Ai_ojisama Creator Profile | Civitai — Specialized in Anime & Video Game characters, optimized for Illustrious-XL. 🎯 Precision: Expertly curated datasets for high accuracy and visual fidelity. ... I am currently accepting character requests exclusively on Patr""},""aigc_verdict"":{""source"":""off-platform search snippet only; no API/frame review in this routine window"",""url"":""https://civitai.com/user/Ai_ojisama/models""}}"
https://civitai.com/user/mahiroagi,@mahiroagi,Civitai,,,"AIGC,Sora",New,2026-08-06T14:13:11Z,,,Sora,,unsure,2026-08-06T14:13:11Z,"off-platform sweep (ddgs): ""AI video"" ""Sora"" site:civitai.com/user",routine off-platform discovery; follower_count unavailable via API in this window; AIGC not frame-reviewed,,https://civitai.com/user/mahiroagi/posts,"{""discovery"":{""source"":""ddgs"",""query"":""\""AI video\"" \""Sora\"" site:civitai.com/user"",""url"":""https://civitai.com/user/mahiroagi/posts"",""snippet"":""MahiroAGI Creator Profile | Civitai — February 7, 2026 - AI video creator ( All characters are 18+) Follow · Tip · 5.6k · Followers · 1.9k · Likes · 32.5k · Downloads · 5.7k · Generations · Overview · models · 0 · posts · 6 · images · 7 · videos · 0 · 3D Model""},""aigc_verdict"":{""source"":""off-platform search snippet only; no API/frame review in this routine window"",""url"":""https://civitai.com/user/mahiroagi/posts""}}"
https://civitai.com/user/arbuzai,@ArbuzAi,Civitai,,,"AIGC,Sora",New,2026-08-06T14:13:11Z,,,Sora,,unsure,2026-08-06T14:13:11Z,"off-platform sweep (ddgs): ""AI video"" ""Sora"" site:civitai.com/user",routine off-platform discovery; follower_count unavailable via API in this window; AIGC not frame-reviewed,,https://civitai.com/user/ArbuzAi/videos,"{""discovery"":{""source"":""ddgs"",""query"":""\""AI video\"" \""Sora\"" site:civitai.com/user"",""url"":""https://civitai.com/user/ArbuzAi/videos"",""snippet"":""ArbuzAi Creator Profile | Civitai — How I extend videos: Grab the last frame (or any other frame) from the video and generate a new one from that.""},""aigc_verdict"":{""source"":""off-platform search snippet only; no API/frame review in this routine window"",""url"":""https://civitai.com/user/ArbuzAi/videos""}}"
https://reddit.com/user/snthony__ai,snthony (u/snthony__ai),Reddit,,,"AIGC,AI video,Reddit",New,2026-08-11T02:20:08Z,,,,,unsure,2026-08-07T02:14:49Z,"searxng ""u/"" ""AI filmmaker"" ""r/aivideo"" site:reddit.com/user",Reddit discovery-only; FollowerCount empty and AIGCVerdict=unsure per ROUTINE.md rule 9; no computer_use.,,https://www.reddit.com/user/snthony__ai/,"{""identity"":{""source"":""searxng"",""url"":""https://www.reddit.com/user/snthony__ai/"",""query"":""\""u/\"" \""AI filmmaker\"" \""r/aivideo\"" site:reddit.com/user""},""aigc_verdict"":{""source"":""not_profiled"",""reason"":""Reddit has no keyless profiling API in routine; search snippet only, per ROUTINE.md rule 9""},""discovery_snippet"":""5 days ago ... u/snthony__ai: AI filmmaker cinematic videos storytelling & AI art generated films.""}"
https://reddit.com/user/metaphorsandmodels,@MetaphorsAndModels,Reddit,,,"AIGC,Reddit,search-index,Sora,Runway",New,2026-08-08T02:16:33Z,,,Sora,https://www.reddit.com/user/MetaphorsAndModels/,unsure,2026-08-08T02:16:13Z,searxng Sora Runway creator site:reddit.com/user,Reddit discovery-only; no keyless profiling API from this host; follower count intentionally empty; AIGC verdict unsure.,,https://www.reddit.com/user/MetaphorsAndModels/,"{""discovery"":{""source"":""searxng"",""query"":""Sora Runway creator site:reddit.com/user"",""url"":""https://www.reddit.com/user/MetaphorsAndModels/"",""title"":""u/MetaphorsAndModels - Reddit"",""snippet"":""Sora gets all th attention but are people actually shipping real ... Feels like runway is still where serious creators land but idk, still figuring out.""},""aigc_verdict"":{""source"":""search_index_only"",""verdict"":""unsure""},""follower_count"":{""source"":""not_profiled_no_keyless_reddit_api"",""value"":""""}}"
https://reddit.com/user/stockcompil,@StockCompil,Reddit,,,"AIGC,Reddit,search-index,Sora,Runway",New,2026-08-08T02:16:33Z,,,Sora,https://www.reddit.com/user/StockCompil/,unsure,2026-08-08T02:16:13Z,searxng Sora Runway creator site:reddit.com/user,Reddit discovery-only; no keyless profiling API from this host; follower count intentionally empty; AIGC verdict unsure.,,https://www.reddit.com/user/StockCompil/,"{""discovery"":{""source"":""searxng"",""query"":""Sora Runway creator site:reddit.com/user"",""url"":""https://www.reddit.com/user/StockCompil/"",""title"":""u/StockCompil - Reddit"",""snippet"":""8 Jan 2024 ... ... runway beyond designers. Adobe. Diamond Hill Select Fund (Q3 2025) ... Sora. These fears overshadowed the company's strong second-quarter\u00a0...""},""aigc_verdict"":{""source"":""search_index_only"",""verdict"":""unsure""},""follower_count"":{""source"":""not_profiled_no_keyless_reddit_api"",""value"":""""}}"
https://reddit.com/user/alarmed_candle2630,@Alarmed_Candle2630,Reddit,,,"AIGC,Reddit,search-index",New,2026-08-08T02:16:33Z,,,,https://www.reddit.com/user/Alarmed_Candle2630/,unsure,2026-08-08T02:16:13Z,"searxng ""AI video creator"" site:reddit.com/user",Reddit discovery-only; no keyless profiling API from this host; follower count intentionally empty; AIGC verdict unsure.,,https://www.reddit.com/user/Alarmed_Candle2630/,"{""discovery"":{""source"":""searxng"",""query"":""\""AI video creator\"" site:reddit.com/user"",""url"":""https://www.reddit.com/user/Alarmed_Candle2630/"",""title"":""u/Alarmed_Candle2630 - Reddit"",""snippet"":""... youtube channel and create ai videos with this content? We may need editors, writers, readers, ai video creator, director etc..,. Upvote 1. Downvote Reply reply.""},""aigc_verdict"":{""source"":""search_index_only"",""verdict"":""unsure""},""follower_count"":{""source"":""not_profiled_no_keyless_reddit_api"",""value"":""""}}"
https://vimeo.com/folkstreams,Folkstreams,Vimeo,141,,"AIGC,Vimeo",New,2026-08-10T06:27:40Z,"Delaplane, VA",,,https://vimeo.com/90353185,unsure,2026-08-08T06:29:03Z,Vimeo API refresh,videos_total: 113,,www.folkstreams.net,"{""follower_count"":{""source"":""vimeo_api"",""url"":""https://api.vimeo.com/users/folkstreams""},""profile"":{""source"":""vimeo_api"",""url"":""https://vimeo.com/folkstreams""},""aigc_verdict"":{""source"":""api_search_metadata"",""url"":""https://vimeo.com/folkstreams"",""note"":""API search/profile only; visual frame review not performed in this routine lane""}}"
https://vimeo.com/julienlahmi,Julien Lahmi,Vimeo,356,,"AIGC,Vimeo",New,2026-08-10T06:27:40Z,"Paris, France",,,https://vimeo.com/julienlahmi/bandedemo,unsure,2026-08-08T06:29:03Z,Vimeo API refresh,videos_total: 150,,https://linktr.ee/julienlahmi,"{""follower_count"":{""source"":""vimeo_api"",""url"":""https://api.vimeo.com/users/julienlahmi""},""profile"":{""source"":""vimeo_api"",""url"":""https://vimeo.com/julienlahmi""},""aigc_verdict"":{""source"":""api_search_metadata"",""url"":""https://vimeo.com/julienlahmi"",""note"":""API search/profile only; visual frame review not performed in this routine lane""}}"
https://vimeo.com/modik,Modik,Vimeo,362,,"AIGC,Vimeo",New,2026-08-10T06:27:40Z,"Madrid, España",,,https://vimeo.com/1191682845,unsure,2026-08-08T06:29:03Z,Vimeo API refresh,videos_total: 42,,https://modik.es,"{""follower_count"":{""source"":""vimeo_api"",""url"":""https://api.vimeo.com/users/modik""},""profile"":{""source"":""vimeo_api"",""url"":""https://vimeo.com/modik""},""aigc_verdict"":{""source"":""api_search_metadata"",""url"":""https://vimeo.com/modik"",""note"":""API search/profile only; visual frame review not performed in this routine lane""}}"
https://vimeo.com/brainmassage,BrAiN MaSSaGe,Vimeo,25,,"AIGC,Vimeo,Wan",New,2026-08-10T06:27:40Z,,,Wan,https://vimeo.com/1061201398,unsure,2026-08-08T06:29:03Z,Vimeo API refresh,videos_total: 31,,https://www.facebook.com/brainmassageofficial/,"{""follower_count"":{""source"":""vimeo_api"",""url"":""https://api.vimeo.com/users/brainmassage""},""profile"":{""source"":""vimeo_api"",""url"":""https://vimeo.com/brainmassage""},""aigc_verdict"":{""source"":""api_search_metadata"",""url"":""https://vimeo.com/brainmassage"",""note"":""API search/profile only; visual frame review not performed in this routine lane""}}"
https://vimeo.com/clank,Alejandro Thomas,Vimeo,15,,"AIGC,Vimeo",New,2026-08-10T06:27:40Z,,,,https://vimeo.com/1154154566,unsure,2026-08-08T06:29:03Z,Vimeo API refresh,videos_total: 30,,https://vimeo.com/clank,"{""follower_count"":{""source"":""vimeo_api"",""url"":""https://api.vimeo.com/users/clank""},""profile"":{""source"":""vimeo_api"",""url"":""https://vimeo.com/clank""},""aigc_verdict"":{""source"":""api_search_metadata"",""url"":""https://vimeo.com/clank"",""note"":""API search/profile only; visual frame review not performed in this routine lane""}}"
https://vimeo.com/jordanrosenbloom,JORDAN ROSENBLOOM,Vimeo,73,,"AIGC,Vimeo",New,2026-08-10T06:27:40Z,"New York, NY, USA",,,https://vimeo.com/jordanrosenbloom/originalvoice,unsure,2026-08-08T06:29:03Z,Vimeo API refresh,videos_total: 10,,http://www.jordanrosenbloom.com,"{""follower_count"":{""source"":""vimeo_api"",""url"":""https://api.vimeo.com/users/jordanrosenbloom""},""profile"":{""source"":""vimeo_api"",""url"":""https://vimeo.com/jordanrosenbloom""},""aigc_verdict"":{""source"":""api_search_metadata"",""url"":""https://vimeo.com/jordanrosenbloom"",""note"":""API search/profile only; visual frame review not performed in this routine lane""}}"
https://vimeo.com/user228865777,Chinmay Desale,Vimeo,0,,"AIGC,Vimeo,API",New,2026-08-08T06:34:38Z,"Pune, Maharashtra, India",,,https://vimeo.com/1205730996,unsure,2026-08-08T06:29:03Z,vimeo_videos_search:ai filmmaker,API-only Vimeo refresh/discovery; visual AIGC review not performed in routine lane; sole_or_small: unknown,,https://www.youtube.com/@CRISPYEdit1612,"{""follower_count"":{""source"":""vimeo_api"",""url"":""https://api.vimeo.com/users/228865777""},""profile"":{""source"":""vimeo_api"",""url"":""https://vimeo.com/user228865777""},""aigc_verdict"":{""source"":""api_text_only"",""url"":""https://vimeo.com/1205730996"",""note"":""Routine API lane does not infer visual verdict; left unsure unless already reviewed.""}}"
https://vimeo.com/jhaveglia,David (Jhave) Johnston,Vimeo,134,,"AIGC,Vimeo",New,2026-08-10T06:27:40Z,,,Pika,https://vimeo.com/867210816,unsure,2026-08-08T06:29:03Z,Vimeo API refresh,videos_total: 736,,http://glia.ca,"{""follower_count"":{""source"":""vimeo_api"",""url"":""https://api.vimeo.com/users/jhaveglia""},""profile"":{""source"":""vimeo_api"",""url"":""https://vimeo.com/jhaveglia""},""aigc_verdict"":{""source"":""api_search_metadata"",""url"":""https://vimeo.com/jhaveglia"",""note"":""API search/profile only; visual frame review not performed in this routine lane""}}"
https://vimeo.com/digitaldavincis,Digital da Vincis,Vimeo,73,,"AIGC,Vimeo",New,2026-08-10T06:27:40Z,"Любляна, Словения",,Pika,https://vimeo.com/1050223051,unsure,2026-08-08T06:29:03Z,Vimeo API refresh,videos_total: 249,,https://davincis.digital/,"{""follower_count"":{""source"":""vimeo_api"",""url"":""https://api.vimeo.com/users/digitaldavincis""},""profile"":{""source"":""vimeo_api"",""url"":""https://vimeo.com/digitaldavincis""},""aigc_verdict"":{""source"":""api_search_metadata"",""url"":""https://vimeo.com/digitaldavincis"",""note"":""API search/profile only; visual frame review not performed in this routine lane""}}"
https://vimeo.com/lutherhimes,Luther Himes IV,Vimeo,100,,"AIGC,Vimeo",New,2026-08-10T06:27:40Z,"Austin, TX, USA",,Runway,https://vimeo.com/853223407,unsure,2026-08-08T06:29:03Z,Vimeo API refresh,videos_total: 211,,https://www.lutherhimes.com,"{""follower_count"":{""source"":""vimeo_api"",""url"":""https://api.vimeo.com/users/lutherhimes""},""profile"":{""source"":""vimeo_api"",""url"":""https://vimeo.com/lutherhimes""},""aigc_verdict"":{""source"":""api_search_metadata"",""url"":""https://vimeo.com/lutherhimes"",""note"":""API search/profile only; visual frame review not performed in this routine lane""}}"
https://vimeo.com/supamotion,Supamotion,Vimeo,495,,"AIGC,Vimeo,API,Pika",New,2026-08-08T06:34:38Z,"Уроцлаў, Польшча",,Pika,https://vimeo.com/879086394,unsure,2026-08-08T06:29:03Z,vimeo_videos_search:pika labs ai video,API-only Vimeo refresh/discovery; visual AIGC review not performed in routine lane; sole_or_small: unknown,,https://www.shutterstock.com/g/Supamotion/video,"{""follower_count"":{""source"":""vimeo_api"",""url"":""https://api.vimeo.com/users/2436140""},""profile"":{""source"":""vimeo_api"",""url"":""https://vimeo.com/supamotion""},""aigc_verdict"":{""source"":""api_text_only"",""url"":""https://vimeo.com/879086394"",""note"":""Routine API lane does not infer visual verdict; left unsure unless already reviewed.""}}"
https://vimeo.com/atelierolive,Atelier Olive GmbH,Vimeo,73,,"AIGC,Vimeo",New,2026-08-10T06:27:40Z,"Zürich, Schweiz",,Runway,https://vimeo.com/1001536292,unsure,2026-08-08T06:29:03Z,Vimeo API refresh,videos_total: 149,,http://www.atelierolive.com,"{""follower_count"":{""source"":""vimeo_api"",""url"":""https://api.vimeo.com/users/atelierolive""},""profile"":{""source"":""vimeo_api"",""url"":""https://vimeo.com/atelierolive""},""aigc_verdict"":{""source"":""api_search_metadata"",""url"":""https://vimeo.com/atelierolive"",""note"":""API search/profile only; visual frame review not performed in this routine lane""}}"
https://vimeo.com/theforestrypresents,the_forestry,Vimeo,5,,"AIGC,Vimeo,API,Pika",New,2026-08-08T06:34:38Z,"Adelaide SA, Australia",,Pika,https://vimeo.com/1125358324,unsure,2026-08-08T06:29:03Z,vimeo_videos_search:pika labs ai video,API-only Vimeo refresh/discovery; visual AIGC review not performed in routine lane; sole_or_small: unknown,,http://giphy.com/channel/theforestry,"{""follower_count"":{""source"":""vimeo_api"",""url"":""https://api.vimeo.com/users/16334970""},""profile"":{""source"":""vimeo_api"",""url"":""https://vimeo.com/theforestrypresents""},""aigc_verdict"":{""source"":""api_text_only"",""url"":""https://vimeo.com/1125358324"",""note"":""Routine API lane does not infer visual verdict; left unsure unless already reviewed.""}}"
https://civitai.com/user/bambushu,bambushu,Civitai,,,"AIGC,Civitai,video",New,2026-08-10T06:27:40Z,,,,https://image.civitai.com/xG1nkqKTMzGDvpLrqFT7WA/df5d2ee2-255c-4eac-bf2b-f808f6b90575/original=true/df5d2ee2-255c-4eac-bf2b-f808f6b90575.mp4,yes,2026-08-08T06:29:03Z,Civitai API /images type=video sort=Newest,discovered_from_public_sfw_video_feed,,https://civitai.com/user/bambushu,"{""video_content"":{""source"":""civitai_images_api"",""url"":""https://image.civitai.com/xG1nkqKTMzGDvpLrqFT7WA/df5d2ee2-255c-4eac-bf2b-f808f6b90575/original=true/df5d2ee2-255c-4eac-bf2b-f808f6b90575.mp4"",""type"":""video"",""nsfw"":false},""aigc_verdict"":{""source"":""civitai_video_api"",""url"":""https://image.civitai.com/xG1nkqKTMzGDvpLrqFT7WA/df5d2ee2-255c-4eac-bf2b-f808f6b90575/original=true/df5d2ee2-255c-4eac-bf2b-f808f6b90575.mp4"",""note"":""Civitai public video item confirms AI-generated video output""}}"
https://civitai.com/user/m8rr,m8rr,Civitai,,,"AIGC,Civitai,Video",New,2026-08-08T06:34:38Z,,,,https://image.civitai.com/xG1nkqKTMzGDvpLrqFT7WA/cd08f7f5-d6f2-48ff-a0de-469661eea1ce/original=true/cd08f7f5-d6f2-48ff-a0de-469661eea1ce.mp4,yes,2026-08-08T06:29:03Z,civitai_api_discovery:type=video&nsfw=false,"has public SFW video via Civitai API; video_item_id:139071156; stats:{""cryCount"":0,""laughCount"":0,""likeCount"":1,""dislikeCount"":0,""heartCount"":0,""commentCount"":0}",,https://civitai.com/user/m8rr,"{""video_content"":{""source"":""civitai_api"",""url"":""https://image.civitai.com/xG1nkqKTMzGDvpLrqFT7WA/cd08f7f5-d6f2-48ff-a0de-469661eea1ce/original=true/cd08f7f5-d6f2-48ff-a0de-469661eea1ce.mp4"",""item_id"":139071156,""type"":""video""},""aigc_verdict"":{""source"":""civitai_api"",""url"":""https://image.civitai.com/xG1nkqKTMzGDvpLrqFT7WA/cd08f7f5-d6f2-48ff-a0de-469661eea1ce/original=true/cd08f7f5-d6f2-48ff-a0de-469661eea1ce.mp4"",""note"":""Civitai content is AI-generated by platform definition; type=video confirms video output.""}}"
https://civitai.com/user/sslike,sslike,Civitai,,,"AIGC,Civitai,video,MiniMax H3",New,2026-08-10T06:27:40Z,,,MiniMax H3,https://image.civitai.com/xG1nkqKTMzGDvpLrqFT7WA/c4f4406a-837e-443f-976e-d6633de45c97/original=true/c4f4406a-837e-443f-976e-d6633de45c97.mp4,yes,2026-08-08T06:29:03Z,Civitai API /images type=video sort=Newest,discovered_from_public_sfw_video_feed,,https://civitai.com/user/sslike,"{""video_content"":{""source"":""civitai_images_api"",""url"":""https://image.civitai.com/xG1nkqKTMzGDvpLrqFT7WA/c4f4406a-837e-443f-976e-d6633de45c97/original=true/c4f4406a-837e-443f-976e-d6633de45c97.mp4"",""type"":""video"",""nsfw"":false},""aigc_verdict"":{""source"":""civitai_video_api"",""url"":""https://image.civitai.com/xG1nkqKTMzGDvpLrqFT7WA/c4f4406a-837e-443f-976e-d6633de45c97/original=true/c4f4406a-837e-443f-976e-d6633de45c97.mp4"",""note"":""Civitai public video item confirms AI-generated video output""}}"
https://civitai.com/user/ponder_stibbons,Ponder_Stibbons,Civitai,,,"AIGC,Civitai,Video",New,2026-08-08T06:34:38Z,,,,https://image.civitai.com/xG1nkqKTMzGDvpLrqFT7WA/749ec6ed-cc64-436f-a18c-0ecfd21b2028/original=true/749ec6ed-cc64-436f-a18c-0ecfd21b2028.mp4,yes,2026-08-08T06:29:03Z,civitai_api_discovery:type=video&nsfw=false,"has public SFW video via Civitai API; video_item_id:139029370; stats:{""cryCount"":0,""laughCount"":0,""likeCount"":1,""dislikeCount"":0,""heartCount"":0,""commentCount"":0}",,https://civitai.com/user/Ponder_Stibbons,"{""video_content"":{""source"":""civitai_api"",""url"":""https://image.civitai.com/xG1nkqKTMzGDvpLrqFT7WA/749ec6ed-cc64-436f-a18c-0ecfd21b2028/original=true/749ec6ed-cc64-436f-a18c-0ecfd21b2028.mp4"",""item_id"":139029370,""type"":""video""},""aigc_verdict"":{""source"":""civitai_api"",""url"":""https://image.civitai.com/xG1nkqKTMzGDvpLrqFT7WA/749ec6ed-cc64-436f-a18c-0ecfd21b2028/original=true/749ec6ed-cc64-436f-a18c-0ecfd21b2028.mp4"",""note"":""Civitai content is AI-generated by platform definition; type=video confirms video output.""}}"
https://civitai.com/user/kandooai,KandooAI,Civitai,,,"AIGC,Civitai,Video",New,2026-08-08T06:34:38Z,,,,https://image.civitai.com/xG1nkqKTMzGDvpLrqFT7WA/f503cb63-84a2-4d9a-abe6-12cb441061b3/original=true/f503cb63-84a2-4d9a-abe6-12cb441061b3.mp4,yes,2026-08-08T06:29:03Z,civitai_api_discovery:type=video&nsfw=false,"has public SFW video via Civitai API; video_item_id:139064011; stats:{""cryCount"":0,""laughCount"":0,""likeCount"":1,""dislikeCount"":0,""heartCount"":0,""commentCount"":0}",,https://civitai.com/user/KandooAI,"{""video_content"":{""source"":""civitai_api"",""url"":""https://image.civitai.com/xG1nkqKTMzGDvpLrqFT7WA/f503cb63-84a2-4d9a-abe6-12cb441061b3/original=true/f503cb63-84a2-4d9a-abe6-12cb441061b3.mp4"",""item_id"":139064011,""type"":""video""},""aigc_verdict"":{""source"":""civitai_api"",""url"":""https://image.civitai.com/xG1nkqKTMzGDvpLrqFT7WA/f503cb63-84a2-4d9a-abe6-12cb441061b3/original=true/f503cb63-84a2-4d9a-abe6-12cb441061b3.mp4"",""note"":""Civitai content is AI-generated by platform definition; type=video confirms video output.""}}"
https://civitai.com/user/grymauch,Grymauch,Civitai,,,"AIGC,Civitai,Video",New,2026-08-08T06:34:38Z,,,,https://image.civitai.com/xG1nkqKTMzGDvpLrqFT7WA/6b788dd8-209b-4915-ba56-021ec31accb7/original=true/6b788dd8-209b-4915-ba56-021ec31accb7.mp4,yes,2026-08-08T06:29:03Z,civitai_api_discovery:type=video&nsfw=false,"has public SFW video via Civitai API; video_item_id:139055682; stats:{""cryCount"":1,""laughCount"":1,""likeCount"":1,""dislikeCount"":0,""heartCount"":1,""commentCount"":0}",,https://civitai.com/user/Grymauch,"{""video_content"":{""source"":""civitai_api"",""url"":""https://image.civitai.com/xG1nkqKTMzGDvpLrqFT7WA/6b788dd8-209b-4915-ba56-021ec31accb7/original=true/6b788dd8-209b-4915-ba56-021ec31accb7.mp4"",""item_id"":139055682,""type"":""video""},""aigc_verdict"":{""source"":""civitai_api"",""url"":""https://image.civitai.com/xG1nkqKTMzGDvpLrqFT7WA/6b788dd8-209b-4915-ba56-021ec31accb7/original=true/6b788dd8-209b-4915-ba56-021ec31accb7.mp4"",""note"":""Civitai content is AI-generated by platform definition; type=video confirms video output.""}}"
https://facebook.com/61589152383467,61589152383467,Facebook,,,"AIGC,Meta,SearXNG,pending-computer_use,Sora,Pika",New,2026-08-08T10:21:27Z,,,Sora,,unsure,2026-08-08T10:21:26Z,"SearXNG Meta strict: ""AI filmmaker"" ""Sora"" site:facebook.com -news -OpenAI -aljazeera -MKBHD",Meta strict discovery-only; follower count empty; AIGC unsure; flagged for seated computer_use pass. No computer_use run.,,https://www.facebook.com/61589152383467/posts/over-a-month-ago-i-was-lucky-enough-to-be-invited-to-join-flickartai-summer-resi/122113857519305079/,"{""discovery"":{""source"":""SearXNG site-scope"",""query"":""\""AI filmmaker\"" \""Sora\"" site:facebook.com -news -OpenAI -aljazeera -MKBHD"",""url"":""https://www.facebook.com/61589152383467/posts/over-a-month-ago-i-was-lucky-enough-to-be-invited-to-join-flickartai-summer-resi/122113857519305079/"",""snippet"":""ME Owens's post - Facebook 29 Jul 2026 ... ... Sora, Pika, Luma, Firefly, Synthesia, Hailuo. 1y \u00b7 Public \u00b7 Just ... I've been an AI filmmaker for 3 years! Here's a look back on how I\u00a0...""},""profile"":{""source"":""Meta Graph skipped: META_GRAPH_TOKEN/META_IG_USER_ID missing""},""aigc_verdict"":{""source"":""search snippet only; ROUTINE.md rule 9 => unsure until API/frame/seated review"",""verdict"":""unsure""},""manual_flag"":{""computer_use"":""seated read-only pass needed; not run in this routine""}}"
https://facebook.com/frenchiebles,frenchiebles,Facebook,,,"AIGC,Meta,SearXNG,pending-computer_use,Runway",New,2026-08-08T10:21:27Z,,,Runway,,unsure,2026-08-08T10:21:26Z,"SearXNG Meta strict: ""AI video creator"" ""Runway"" site:facebook.com -news -tool -course",Meta strict discovery-only; follower count empty; AIGC unsure; flagged for seated computer_use pass. No computer_use run.,,https://www.facebook.com/frenchiebles/,"{""discovery"":{""source"":""SearXNG site-scope"",""query"":""\""AI video creator\"" \""Runway\"" site:facebook.com -news -tool -course"",""url"":""https://www.facebook.com/frenchiebles/"",""snippet"":""Frenchiebles - Facebook Frenchiebles. 44350 likes \u00b7 7862 talking about this. AI video creator. ... Made with Runway \u2728 Code: FRENCHIEBLES25 @runwayapp has the tools you\u00a0...""},""profile"":{""source"":""Meta Graph skipped: META_GRAPH_TOKEN/META_IG_USER_ID missing""},""aigc_verdict"":{""source"":""search snippet only; ROUTINE.md rule 9 => unsure until API/frame/seated review"",""verdict"":""unsure""},""manual_flag"":{""computer_use"":""seated read-only pass needed; not run in this routine""}}"
https://reddit.com/user/ghostpossession,u/GhostPossession,Reddit,,,"AIGC,Reddit,discovery-only,Runway",New,2026-08-09T02:16:08Z,,,Runway,,unsure,2026-08-09T02:16:08Z,SearXNG/ddgs Reddit discovery; query=Runway AI video creator site:reddit.com/user; tool=searxng,Reddit discovery-only; no keyless profiling API; follower count intentionally empty.,,https://www.reddit.com/user/GhostPossession/,"{""identity"":{""source"":""searxng"",""url"":""https://www.reddit.com/user/GhostPossession/""},""discovery"":{""source"":""searxng"",""url"":""https://www.reddit.com/user/GhostPossession/"",""snippet"":""GhostPossession - Reddit | 20 Jun 2025 ... ... runway! Play. Upvote 11 ... This is an AI video generator, no sound was made with it. Upvote 2""},""aigc_verdict"":{""source"":""search_snippet_only"",""verdict"":""unsure""}}"
https://reddit.com/user/creamholiday4754,u/CreamHoliday4754,Reddit,,,"AIGC,Reddit,Sora",New,2026-08-13T02:05:37Z,,,Sora,https://www.reddit.com/user/CreamHoliday4754/,unsure,2026-08-10T02:12:34Z,searxng Sora AI video creator site:reddit.com/user,Reddit discovery-only: no keyless profiling API from server IP; follower_count empty; verdict unsure. Snippet: X (u/CreamHoliday4754) - Reddit 16 Jan 2024 ... Importing your characters from Sora to another AI video maker ... Go to TikTok and create a cameo for the character. Crystal Sparkle is already a ...,,https://www.reddit.com/user/CreamHoliday4754/,"{""identity"":{""source"":""searxng"",""url"":""https://www.reddit.com/user/CreamHoliday4754/"",""query"":""Sora AI video creator site:reddit.com/user"",""reason"":""profile_url_result""},""aigc_verdict"":{""source"":""search_snippet"",""url"":""https://www.reddit.com/user/CreamHoliday4754/"",""verdict"":""unsure"",""snippet"":""X (u/CreamHoliday4754) - Reddit 16 Jan 2024 ... Importing your characters from Sora to another AI video maker ... Go to TikTok and create a cameo for the character. Crystal Sparkle is already a ...""}}"
https://reddit.com/user/iupvoteevery,u/iupvoteevery,Reddit,,,"AIGC,Reddit,Sora",New,2026-08-13T02:05:37Z,,,Sora,https://www.reddit.com/user/iupvoteevery/,unsure,2026-08-10T02:12:34Z,searxng Sora AI video creator site:reddit.com/user,"Reddit discovery-only: no keyless profiling API from server IP; follower_count empty; verdict unsure. Snippet: u/iupvoteevery - Reddit Sora looks great! Anyway, here's something we made with SVD. ... Any chance you have an uncompressed .mp4 of your video before putting it into topaz? (Well maybe ...",,https://www.reddit.com/user/iupvoteevery/,"{""identity"":{""source"":""searxng"",""url"":""https://www.reddit.com/user/iupvoteevery/"",""query"":""Sora AI video creator site:reddit.com/user"",""reason"":""profile_url_result""},""aigc_verdict"":{""source"":""search_snippet"",""url"":""https://www.reddit.com/user/iupvoteevery/"",""verdict"":""unsure"",""snippet"":""u/iupvoteevery - Reddit Sora looks great! Anyway, here's something we made with SVD. ... Any chance you have an uncompressed .mp4 of your video before putting it into topaz? (Well maybe ...""}}"
https://reddit.com/user/moon-loods,u/Moon-Loods,Reddit,,,"AIGC,AI video,Reddit",New,2026-08-10T02:12:34Z,,,Sora,https://www.reddit.com/user/Moon-Loods/comments/,unsure,2026-08-10T02:12:34Z,searxng site:reddit.com/user Sora AI video creator,Reddit discovery-only; no keyless profiling API from server IP; follower count intentionally empty.,,https://www.reddit.com/user/Moon-Loods/comments/,"{""discovery"":{""tool"":""searxng"",""query"":""site:reddit.com/user Sora AI video creator"",""source_url"":""https://www.reddit.com/user/Moon-Loods/comments/"",""title"":""Moonloods (u/Moon-Loods) - Reddit""}}"
https://reddit.com/user/agreeable_travel_271,u/Agreeable_Travel_271,Reddit,,,"AIGC,AI video,Reddit",New,2026-08-10T02:12:34Z,,,Sora,https://www.reddit.com/user/Agreeable_Travel_271/,unsure,2026-08-10T02:12:34Z,searxng site:reddit.com/user Sora AI video creator,Reddit discovery-only; no keyless profiling API from server IP; follower count intentionally empty.,,https://www.reddit.com/user/Agreeable_Travel_271/,"{""discovery"":{""tool"":""searxng"",""query"":""site:reddit.com/user Sora AI video creator"",""source_url"":""https://www.reddit.com/user/Agreeable_Travel_271/"",""title"":""u/Agreeable_Travel_271 - Reddit""}}"
https://reddit.com/user/maleficent_wear6313,u/Maleficent_Wear6313,Reddit,,,"AIGC,AI video,Reddit",New,2026-08-10T02:12:34Z,,,Sora,https://www.reddit.com/user/Maleficent_Wear6313/,unsure,2026-08-10T02:12:34Z,searxng site:reddit.com/user Sora AI video creator,Reddit discovery-only; no keyless profiling API from server IP; follower count intentionally empty.,,https://www.reddit.com/user/Maleficent_Wear6313/,"{""discovery"":{""tool"":""searxng"",""query"":""site:reddit.com/user Sora AI video creator"",""source_url"":""https://www.reddit.com/user/Maleficent_Wear6313/"",""title"":""FurbrushFox (u/Maleficent_Wear6313) - Reddit""}}"
https://reddit.com/user/familiar-thought9740,u/Familiar-Thought9740,Reddit,,,"AIGC,AI video,Reddit",New,2026-08-10T02:12:34Z,,,Runway,https://www.reddit.com/user/Familiar-Thought9740/,unsure,2026-08-10T02:12:34Z,searxng site:reddit.com/user Runway AI filmmaker,Reddit discovery-only; no keyless profiling API from server IP; follower count intentionally empty.,,https://www.reddit.com/user/Familiar-Thought9740/,"{""discovery"":{""tool"":""searxng"",""query"":""site:reddit.com/user Runway AI filmmaker"",""source_url"":""https://www.reddit.com/user/Familiar-Thought9740/"",""title"":""Garrett C. (u/Familiar-Thought9740) - Reddit""}}"
https://reddit.com/user/kreatorflowai,u/kreatorflowai,Reddit,,,"AIGC,AI video,Reddit",New,2026-08-10T02:12:34Z,,,Kling,https://www.reddit.com/user/kreatorflowai/,unsure,2026-08-10T02:12:34Z,searxng site:reddit.com/user Kling AI video,Reddit discovery-only; no keyless profiling API from server IP; follower count intentionally empty.,,https://www.reddit.com/user/kreatorflowai/,"{""discovery"":{""tool"":""searxng"",""query"":""site:reddit.com/user Kling AI video"",""source_url"":""https://www.reddit.com/user/kreatorflowai/"",""title"":""u/kreatorflowai - Reddit""}}"
https://reddit.com/user/wyattears,u/wyattears,Reddit,,,"AIGC,AI video,Reddit",New,2026-08-10T02:12:34Z,,,Kling,https://www.reddit.com/user/wyattears/,unsure,2026-08-10T02:12:34Z,searxng site:reddit.com/user Kling AI video,Reddit discovery-only; no keyless profiling API from server IP; follower count intentionally empty.,,https://www.reddit.com/user/wyattears/,"{""discovery"":{""tool"":""searxng"",""query"":""site:reddit.com/user Kling AI video"",""source_url"":""https://www.reddit.com/user/wyattears/"",""title"":""wyattears - Reddit""}}"
https://reddit.com/user/swimming-tooth2422,u/Swimming-Tooth2422,Reddit,,,"AIGC,AI video,Reddit",New,2026-08-10T02:12:34Z,,,Kling,https://www.reddit.com/user/Swimming-Tooth2422/,unsure,2026-08-10T02:12:34Z,searxng site:reddit.com/user Kling AI video,Reddit discovery-only; no keyless profiling API from server IP; follower count intentionally empty.,,https://www.reddit.com/user/Swimming-Tooth2422/,"{""discovery"":{""tool"":""searxng"",""query"":""site:reddit.com/user Kling AI video"",""source_url"":""https://www.reddit.com/user/Swimming-Tooth2422/"",""title"":""dir. Sunyu (u/Swimming-Tooth2422) - Reddit""}}"
https://reddit.com/user/lemonadestandtech,u/LemonadeStandTech,Reddit,,,"AIGC,AI video,Reddit",New,2026-08-10T02:12:34Z,,,Kling,https://www.reddit.com/user/LemonadeStandTech/,unsure,2026-08-10T02:12:34Z,searxng site:reddit.com/user Kling AI video,Reddit discovery-only; no keyless profiling API from server IP; follower count intentionally empty.,,https://www.reddit.com/user/LemonadeStandTech/,"{""discovery"":{""tool"":""searxng"",""query"":""site:reddit.com/user Kling AI video"",""source_url"":""https://www.reddit.com/user/LemonadeStandTech/"",""title"":""u/LemonadeStandTech - Reddit""}}"
https://reddit.com/user/scudpunk,u/scudpunk,Reddit,,,"AIGC,AI video,Reddit",New,2026-08-10T02:12:34Z,,,Kling,https://www.reddit.com/user/scudpunk/,unsure,2026-08-10T02:12:34Z,searxng site:reddit.com/user Kling AI video,Reddit discovery-only; no keyless profiling API from server IP; follower count intentionally empty.,,https://www.reddit.com/user/scudpunk/,"{""discovery"":{""tool"":""searxng"",""query"":""site:reddit.com/user Kling AI video"",""source_url"":""https://www.reddit.com/user/scudpunk/"",""title"":""voidstomper (u/scudpunk) - Reddit""}}"
https://vimeo.com/user257676739,user257676739,Vimeo,0,,"AIGC,Vimeo,Runway",New,2026-08-10T06:27:40Z,,,Runway,https://vimeo.com/1185290019,unsure,2026-08-10T06:27:40Z,Vimeo API /videos search: runway ai video creator,videos_total: 11,,https://vimeo.com/user257676739,"{""follower_count"":{""source"":""vimeo_api"",""url"":""https://api.vimeo.com/users/257676739""},""profile"":{""source"":""vimeo_api"",""url"":""https://vimeo.com/user257676739""},""aigc_verdict"":{""source"":""api_search_metadata"",""url"":""https://vimeo.com/1185290019"",""note"":""API search/profile only; visual frame review not performed in this routine lane""}}"
https://vimeo.com/shanahamed,Shan Ahamed K,Vimeo,4,,"AIGC,Vimeo,Kling",New,2026-08-10T06:27:40Z,,,Kling,https://vimeo.com/1190264070,unsure,2026-08-10T06:27:40Z,Vimeo API /videos search: kling ai short film,videos_total: 12,,http://dribbble.com/shanahamed/,"{""follower_count"":{""source"":""vimeo_api"",""url"":""https://api.vimeo.com/users/89822436""},""profile"":{""source"":""vimeo_api"",""url"":""https://vimeo.com/shanahamed""},""aigc_verdict"":{""source"":""api_search_metadata"",""url"":""https://vimeo.com/1190264070"",""note"":""API search/profile only; visual frame review not performed in this routine lane""}}"
https://vimeo.com/user255389130,user255389130,Vimeo,1,,"AIGC,Vimeo,Kling",New,2026-08-10T06:27:40Z,,,Kling,https://vimeo.com/1169848236,unsure,2026-08-10T06:27:40Z,Vimeo API /videos search: kling ai short film,videos_total: 1,,https://vimeo.com/user255389130,"{""follower_count"":{""source"":""vimeo_api"",""url"":""https://api.vimeo.com/users/255389130""},""profile"":{""source"":""vimeo_api"",""url"":""https://vimeo.com/user255389130""},""aigc_verdict"":{""source"":""api_search_metadata"",""url"":""https://vimeo.com/1169848236"",""note"":""API search/profile only; visual frame review not performed in this routine lane""}}"
https://vimeo.com/user250678020,user250678020,Vimeo,0,,"AIGC,Vimeo,Runway",New,2026-08-10T06:27:40Z,,,Runway,https://vimeo.com/1137471264,unsure,2026-08-10T06:27:40Z,Vimeo API /videos search: kling ai short film,videos_total: 1,,https://vimeo.com/user250678020,"{""follower_count"":{""source"":""vimeo_api"",""url"":""https://api.vimeo.com/users/250678020""},""profile"":{""source"":""vimeo_api"",""url"":""https://vimeo.com/user250678020""},""aigc_verdict"":{""source"":""api_search_metadata"",""url"":""https://vimeo.com/1137471264"",""note"":""API search/profile only; visual frame review not performed in this routine lane""}}"
https://vimeo.com/veosport,Veo,Vimeo,22,,"AIGC,Vimeo,Veo",New,2026-08-10T06:27:40Z,,,Veo,https://vimeo.com/300503978,unsure,2026-08-10T06:27:40Z,Vimeo API /videos search: veo ai video,videos_total: 7,,https://vimeo.com/veosport,"{""follower_count"":{""source"":""vimeo_api"",""url"":""https://api.vimeo.com/users/51268271""},""profile"":{""source"":""vimeo_api"",""url"":""https://vimeo.com/veosport""},""aigc_verdict"":{""source"":""api_search_metadata"",""url"":""https://vimeo.com/300503978"",""note"":""API search/profile only; visual frame review not performed in this routine lane""}}"
https://vimeo.com/user233541834,user233541834,Vimeo,0,,"AIGC,Vimeo,Veo",New,2026-08-10T06:27:40Z,,,Veo,https://vimeo.com/1049562661,unsure,2026-08-10T06:27:40Z,Vimeo API /videos search: veo ai video,videos_total: 14,,https://vimeo.com/user233541834,"{""follower_count"":{""source"":""vimeo_api"",""url"":""https://api.vimeo.com/users/233541834""},""profile"":{""source"":""vimeo_api"",""url"":""https://vimeo.com/user233541834""},""aigc_verdict"":{""source"":""api_search_metadata"",""url"":""https://vimeo.com/1049562661"",""note"":""API search/profile only; visual frame review not performed in this routine lane""}}"
https://vimeo.com/user242294924,user242294924,Vimeo,0,,"AIGC,Vimeo,Veo",New,2026-08-10T06:27:40Z,,,Veo,https://vimeo.com/1093729294,unsure,2026-08-10T06:27:40Z,Vimeo API /videos search: veo ai video,videos_total: 1,,https://vimeo.com/user242294924,"{""follower_count"":{""source"":""vimeo_api"",""url"":""https://api.vimeo.com/users/242294924""},""profile"":{""source"":""vimeo_api"",""url"":""https://vimeo.com/user242294924""},""aigc_verdict"":{""source"":""api_search_metadata"",""url"":""https://vimeo.com/1093729294"",""note"":""API search/profile only; visual frame review not performed in this routine lane""}}"
https://vimeo.com/user248004394,user248004394,Vimeo,0,,"AIGC,Vimeo,Veo",New,2026-08-10T06:27:40Z,,,Veo,https://vimeo.com/1127723872,unsure,2026-08-10T06:27:40Z,Vimeo API /videos search: veo ai video,videos_total: 145,,https://vimeo.com/user248004394,"{""follower_count"":{""source"":""vimeo_api"",""url"":""https://api.vimeo.com/users/248004394""},""profile"":{""source"":""vimeo_api"",""url"":""https://vimeo.com/user248004394""},""aigc_verdict"":{""source"":""api_search_metadata"",""url"":""https://vimeo.com/1127723872"",""note"":""API search/profile only; visual frame review not performed in this routine lane""}}"
https://vimeo.com/user250759959,Akomavo Angel,Vimeo,0,,"AIGC,Vimeo,Veo",New,2026-08-10T06:27:40Z,,,Veo,https://vimeo.com/1190694411,unsure,2026-08-10T06:27:40Z,Vimeo API /videos search: veo ai video,videos_total: 8,,https://vimeo.com/user250759959,"{""follower_count"":{""source"":""vimeo_api"",""url"":""https://api.vimeo.com/users/250759959""},""profile"":{""source"":""vimeo_api"",""url"":""https://vimeo.com/user250759959""},""aigc_verdict"":{""source"":""api_search_metadata"",""url"":""https://vimeo.com/1190694411"",""note"":""API search/profile only; visual frame review not performed in this routine lane""}}"
https://vimeo.com/user234316530,user234316530,Vimeo,2,,"AIGC,Vimeo,Veo",New,2026-08-10T06:27:40Z,,,Veo,https://vimeo.com/1087803892,unsure,2026-08-10T06:27:40Z,Vimeo API /videos search: veo ai video,videos_total: 2,,https://vimeo.com/user234316530,"{""follower_count"":{""source"":""vimeo_api"",""url"":""https://api.vimeo.com/users/234316530""},""profile"":{""source"":""vimeo_api"",""url"":""https://vimeo.com/user234316530""},""aigc_verdict"":{""source"":""api_search_metadata"",""url"":""https://vimeo.com/1087803892"",""note"":""API search/profile only; visual frame review not performed in this routine lane""}}"
https://vimeo.com/user224530532,Alphonse  Lucky,Vimeo,1,,"AIGC,Vimeo,Veo",New,2026-08-10T06:27:40Z,,,Veo,https://vimeo.com/1101695710,unsure,2026-08-10T06:27:40Z,Vimeo API /videos search: veo ai video,videos_total: 37,,https://www.upwork.com/freelancers/~017893d03a1dbd2e7a,"{""follower_count"":{""source"":""vimeo_api"",""url"":""https://api.vimeo.com/users/224530532""},""profile"":{""source"":""vimeo_api"",""url"":""https://vimeo.com/user224530532""},""aigc_verdict"":{""source"":""api_search_metadata"",""url"":""https://vimeo.com/1101695710"",""note"":""API search/profile only; visual frame review not performed in this routine lane""}}"
https://vimeo.com/user250759952,user250759952,Vimeo,0,,"AIGC,Vimeo,Veo",New,2026-08-10T06:27:40Z,,,Veo,https://vimeo.com/1138363508,unsure,2026-08-10T06:27:40Z,Vimeo API /videos search: veo ai video,videos_total: 1,,https://vimeo.com/user250759952,"{""follower_count"":{""source"":""vimeo_api"",""url"":""https://api.vimeo.com/users/250759952""},""profile"":{""source"":""vimeo_api"",""url"":""https://vimeo.com/user250759952""},""aigc_verdict"":{""source"":""api_search_metadata"",""url"":""https://vimeo.com/1138363508"",""note"":""API search/profile only; visual frame review not performed in this routine lane""}}"
https://vimeo.com/vlinevfx,Eresha.S,Vimeo,46,,"AIGC,Vimeo,Kling",New,2026-08-10T06:27:40Z,,,Kling,https://vimeo.com/1176290111,unsure,2026-08-10T06:27:40Z,Vimeo API /videos search: veo ai video,videos_total: 51,,http://vimeo.com/9231583,"{""follower_count"":{""source"":""vimeo_api"",""url"":""https://api.vimeo.com/users/2413737""},""profile"":{""source"":""vimeo_api"",""url"":""https://vimeo.com/vlinevfx""},""aigc_verdict"":{""source"":""api_search_metadata"",""url"":""https://vimeo.com/1176290111"",""note"":""API search/profile only; visual frame review not performed in this routine lane""}}"
https://civitai.com/user/mrweaz,mrweaz,Civitai,,,"AIGC,Civitai,video,LTXV 2.3Krea 2MiniMax H3",New,2026-08-10T06:27:40Z,,,LTXV 2.3Krea 2MiniMax H3,https://image.civitai.com/xG1nkqKTMzGDvpLrqFT7WA/2ad09d91-8b7d-464b-bac1-83f515a6f971/original=true/2ad09d91-8b7d-464b-bac1-83f515a6f971.mp4,yes,2026-08-10T06:27:40Z,Civitai API /images type=video sort=Newest,discovered_from_public_sfw_video_feed,,https://civitai.com/user/mrweaz,"{""video_content"":{""source"":""civitai_images_api"",""url"":""https://image.civitai.com/xG1nkqKTMzGDvpLrqFT7WA/2ad09d91-8b7d-464b-bac1-83f515a6f971/original=true/2ad09d91-8b7d-464b-bac1-83f515a6f971.mp4"",""type"":""video"",""nsfw"":false},""aigc_verdict"":{""source"":""civitai_video_api"",""url"":""https://image.civitai.com/xG1nkqKTMzGDvpLrqFT7WA/2ad09d91-8b7d-464b-bac1-83f515a6f971/original=true/2ad09d91-8b7d-464b-bac1-83f515a6f971.mp4"",""note"":""Civitai public video item confirms AI-generated video output""}}"
https://civitai.com/user/weirdalice,weirdalice,Civitai,,,"AIGC,Civitai,video,MiniMax H3",New,2026-08-10T06:27:40Z,,,MiniMax H3,https://image.civitai.com/xG1nkqKTMzGDvpLrqFT7WA/47240f24-21e9-4a57-b409-f965646e3168/original=true/47240f24-21e9-4a57-b409-f965646e3168.mp4,yes,2026-08-10T06:27:40Z,Civitai API /images type=video sort=Newest,discovered_from_public_sfw_video_feed,,https://civitai.com/user/weirdalice,"{""video_content"":{""source"":""civitai_images_api"",""url"":""https://image.civitai.com/xG1nkqKTMzGDvpLrqFT7WA/47240f24-21e9-4a57-b409-f965646e3168/original=true/47240f24-21e9-4a57-b409-f965646e3168.mp4"",""type"":""video"",""nsfw"":false},""aigc_verdict"":{""source"":""civitai_video_api"",""url"":""https://image.civitai.com/xG1nkqKTMzGDvpLrqFT7WA/47240f24-21e9-4a57-b409-f965646e3168/original=true/47240f24-21e9-4a57-b409-f965646e3168.mp4"",""note"":""Civitai public video item confirms AI-generated video output""}}"
https://civitai.com/user/savitar_speed_god,SAVITAR_SPEED_GOD,Civitai,,,"AIGC,Civitai,video,MiniMax H3",New,2026-08-10T06:27:40Z,,,MiniMax H3,https://image.civitai.com/xG1nkqKTMzGDvpLrqFT7WA/6cb934d0-caae-44a5-b3b9-caa684634f14/original=true/6cb934d0-caae-44a5-b3b9-caa684634f14.mp4,yes,2026-08-10T06:27:40Z,Civitai API /images type=video sort=Newest,discovered_from_public_sfw_video_feed,,https://civitai.com/user/SAVITAR_SPEED_GOD,"{""video_content"":{""source"":""civitai_images_api"",""url"":""https://image.civitai.com/xG1nkqKTMzGDvpLrqFT7WA/6cb934d0-caae-44a5-b3b9-caa684634f14/original=true/6cb934d0-caae-44a5-b3b9-caa684634f14.mp4"",""type"":""video"",""nsfw"":false},""aigc_verdict"":{""source"":""civitai_video_api"",""url"":""https://image.civitai.com/xG1nkqKTMzGDvpLrqFT7WA/6cb934d0-caae-44a5-b3b9-caa684634f14/original=true/6cb934d0-caae-44a5-b3b9-caa684634f14.mp4"",""note"":""Civitai public video item confirms AI-generated video output""}}"
https://civitai.com/user/djinnofgin,djinnofgin,Civitai,,,"AIGC,Civitai,video,Wan Video 2.2 I2V-A14B",New,2026-08-10T06:27:40Z,,,Wan Video 2.2 I2V-A14B,https://image.civitai.com/xG1nkqKTMzGDvpLrqFT7WA/801da422-be51-42bd-8e4d-30d006d7f53a/original=true/801da422-be51-42bd-8e4d-30d006d7f53a.mp4,yes,2026-08-10T06:27:40Z,Civitai API /images type=video sort=Newest,discovered_from_public_sfw_video_feed,,https://civitai.com/user/djinnofgin,"{""video_content"":{""source"":""civitai_images_api"",""url"":""https://image.civitai.com/xG1nkqKTMzGDvpLrqFT7WA/801da422-be51-42bd-8e4d-30d006d7f53a/original=true/801da422-be51-42bd-8e4d-30d006d7f53a.mp4"",""type"":""video"",""nsfw"":false},""aigc_verdict"":{""source"":""civitai_video_api"",""url"":""https://image.civitai.com/xG1nkqKTMzGDvpLrqFT7WA/801da422-be51-42bd-8e4d-30d006d7f53a/original=true/801da422-be51-42bd-8e4d-30d006d7f53a.mp4"",""note"":""Civitai public video item confirms AI-generated video output""}}"
https://civitai.com/user/janedoe01,JaneDoe01,Civitai,,,"AIGC,Civitai,video,LTXV 2.3",New,2026-08-10T06:27:40Z,,,LTXV 2.3,https://image.civitai.com/xG1nkqKTMzGDvpLrqFT7WA/708f7a11-ff92-4d6a-bb7d-cbf8f96a4444/original=true/708f7a11-ff92-4d6a-bb7d-cbf8f96a4444.mp4,yes,2026-08-10T06:27:40Z,Civitai API /images type=video sort=Newest,discovered_from_public_sfw_video_feed,,https://civitai.com/user/JaneDoe01,"{""video_content"":{""source"":""civitai_images_api"",""url"":""https://image.civitai.com/xG1nkqKTMzGDvpLrqFT7WA/708f7a11-ff92-4d6a-bb7d-cbf8f96a4444/original=true/708f7a11-ff92-4d6a-bb7d-cbf8f96a4444.mp4"",""type"":""video"",""nsfw"":false},""aigc_verdict"":{""source"":""civitai_video_api"",""url"":""https://image.civitai.com/xG1nkqKTMzGDvpLrqFT7WA/708f7a11-ff92-4d6a-bb7d-cbf8f96a4444/original=true/708f7a11-ff92-4d6a-bb7d-cbf8f96a4444.mp4"",""note"":""Civitai public video item confirms AI-generated video output""}}"
https://civitai.com/user/plabel,Plabel,Civitai,,,"AIGC,Civitai,video,Illustrious",New,2026-08-10T06:27:40Z,,,Illustrious,https://image.civitai.com/xG1nkqKTMzGDvpLrqFT7WA/83cfb0ab-56cb-4e91-92f2-ce2a699fb19b/original=true/83cfb0ab-56cb-4e91-92f2-ce2a699fb19b.mp4,yes,2026-08-10T06:27:40Z,Civitai API /images type=video sort=Newest,discovered_from_public_sfw_video_feed,,https://civitai.com/user/Plabel,"{""video_content"":{""source"":""civitai_images_api"",""url"":""https://image.civitai.com/xG1nkqKTMzGDvpLrqFT7WA/83cfb0ab-56cb-4e91-92f2-ce2a699fb19b/original=true/83cfb0ab-56cb-4e91-92f2-ce2a699fb19b.mp4"",""type"":""video"",""nsfw"":false},""aigc_verdict"":{""source"":""civitai_video_api"",""url"":""https://image.civitai.com/xG1nkqKTMzGDvpLrqFT7WA/83cfb0ab-56cb-4e91-92f2-ce2a699fb19b/original=true/83cfb0ab-56cb-4e91-92f2-ce2a699fb19b.mp4"",""note"":""Civitai public video item confirms AI-generated video output""}}"
https://civitai.com/user/valomar,Valomar,Civitai,,,"AIGC,Civitai,video,MiniMax H3",New,2026-08-10T06:27:40Z,,,MiniMax H3,https://image.civitai.com/xG1nkqKTMzGDvpLrqFT7WA/dd33885c-ec56-4fea-93cc-c2502c7b79c0/original=true/dd33885c-ec56-4fea-93cc-c2502c7b79c0.mp4,yes,2026-08-10T06:27:40Z,Civitai API /images type=video sort=Newest,discovered_from_public_sfw_video_feed,,https://civitai.com/user/Valomar,"{""video_content"":{""source"":""civitai_images_api"",""url"":""https://image.civitai.com/xG1nkqKTMzGDvpLrqFT7WA/dd33885c-ec56-4fea-93cc-c2502c7b79c0/original=true/dd33885c-ec56-4fea-93cc-c2502c7b79c0.mp4"",""type"":""video"",""nsfw"":false},""aigc_verdict"":{""source"":""civitai_video_api"",""url"":""https://image.civitai.com/xG1nkqKTMzGDvpLrqFT7WA/dd33885c-ec56-4fea-93cc-c2502c7b79c0/original=true/dd33885c-ec56-4fea-93cc-c2502c7b79c0.mp4"",""note"":""Civitai public video item confirms AI-generated video output""}}"
https://civitai.com/user/suora,suora,Civitai,,,"AIGC,Civitai,video,AnimaMiniMax H3",New,2026-08-10T06:27:40Z,,,AnimaMiniMax H3,https://image.civitai.com/xG1nkqKTMzGDvpLrqFT7WA/23facd7a-8bf5-49f9-adff-af10552f599f/original=true/23facd7a-8bf5-49f9-adff-af10552f599f.mp4,yes,2026-08-10T06:27:40Z,Civitai API /images type=video sort=Newest,discovered_from_public_sfw_video_feed,,https://civitai.com/user/suora,"{""video_content"":{""source"":""civitai_images_api"",""url"":""https://image.civitai.com/xG1nkqKTMzGDvpLrqFT7WA/23facd7a-8bf5-49f9-adff-af10552f599f/original=true/23facd7a-8bf5-49f9-adff-af10552f599f.mp4"",""type"":""video"",""nsfw"":false},""aigc_verdict"":{""source"":""civitai_video_api"",""url"":""https://image.civitai.com/xG1nkqKTMzGDvpLrqFT7WA/23facd7a-8bf5-49f9-adff-af10552f599f/original=true/23facd7a-8bf5-49f9-adff-af10552f599f.mp4"",""note"":""Civitai public video item confirms AI-generated video output""}}"
https://civitai.com/user/mememanoverdrive558,mememanoverdrive558,Civitai,,,"AIGC,Civitai,video,MiniMax H3",New,2026-08-10T06:27:40Z,,,MiniMax H3,https://image.civitai.com/xG1nkqKTMzGDvpLrqFT7WA/bec295ce-c762-4862-a113-87eff1f2ab66/original=true/bec295ce-c762-4862-a113-87eff1f2ab66.mp4,yes,2026-08-10T06:27:40Z,Civitai API /images type=video sort=Newest,discovered_from_public_sfw_video_feed,,https://civitai.com/user/mememanoverdrive558,"{""video_content"":{""source"":""civitai_images_api"",""url"":""https://image.civitai.com/xG1nkqKTMzGDvpLrqFT7WA/bec295ce-c762-4862-a113-87eff1f2ab66/original=true/bec295ce-c762-4862-a113-87eff1f2ab66.mp4"",""type"":""video"",""nsfw"":false},""aigc_verdict"":{""source"":""civitai_video_api"",""url"":""https://image.civitai.com/xG1nkqKTMzGDvpLrqFT7WA/bec295ce-c762-4862-a113-87eff1f2ab66/original=true/bec295ce-c762-4862-a113-87eff1f2ab66.mp4"",""note"":""Civitai public video item confirms AI-generated video output""}}"
https://civitai.com/user/onemanshow,OneManShow,Civitai,,,"AIGC,Civitai,video,MiniMax H3",New,2026-08-10T06:27:40Z,,,MiniMax H3,https://image.civitai.com/xG1nkqKTMzGDvpLrqFT7WA/678b58e4-f1c5-4bf9-a9bd-37451788e300/original=true/678b58e4-f1c5-4bf9-a9bd-37451788e300.mp4,yes,2026-08-10T06:27:40Z,Civitai API /images type=video sort=Newest,discovered_from_public_sfw_video_feed,,https://civitai.com/user/OneManShow,"{""video_content"":{""source"":""civitai_images_api"",""url"":""https://image.civitai.com/xG1nkqKTMzGDvpLrqFT7WA/678b58e4-f1c5-4bf9-a9bd-37451788e300/original=true/678b58e4-f1c5-4bf9-a9bd-37451788e300.mp4"",""type"":""video"",""nsfw"":false},""aigc_verdict"":{""source"":""civitai_video_api"",""url"":""https://image.civitai.com/xG1nkqKTMzGDvpLrqFT7WA/678b58e4-f1c5-4bf9-a9bd-37451788e300/original=true/678b58e4-f1c5-4bf9-a9bd-37451788e300.mp4"",""note"":""Civitai public video item confirms AI-generated video output""}}"
https://civitai.com/user/oceaneler,OceaneLer,Civitai,,,"AIGC,Civitai,video,Anima",New,2026-08-10T06:27:40Z,,,Anima,https://image.civitai.com/xG1nkqKTMzGDvpLrqFT7WA/608b1a4b-7505-47a8-8b79-3ed835083ef4/original=true/608b1a4b-7505-47a8-8b79-3ed835083ef4.mp4,yes,2026-08-10T06:27:40Z,Civitai API /images type=video sort=Newest,discovered_from_public_sfw_video_feed,,https://civitai.com/user/OceaneLer,"{""video_content"":{""source"":""civitai_images_api"",""url"":""https://image.civitai.com/xG1nkqKTMzGDvpLrqFT7WA/608b1a4b-7505-47a8-8b79-3ed835083ef4/original=true/608b1a4b-7505-47a8-8b79-3ed835083ef4.mp4"",""type"":""video"",""nsfw"":false},""aigc_verdict"":{""source"":""civitai_video_api"",""url"":""https://image.civitai.com/xG1nkqKTMzGDvpLrqFT7WA/608b1a4b-7505-47a8-8b79-3ed835083ef4/original=true/608b1a4b-7505-47a8-8b79-3ed835083ef4.mp4"",""note"":""Civitai public video item confirms AI-generated video output""}}"
https://civitai.com/user/bunkley,Bunkley,Civitai,,,"AIGC,Civitai,video",New,2026-08-10T06:27:40Z,,,,https://image.civitai.com/xG1nkqKTMzGDvpLrqFT7WA/53ae6dc0-9de5-4990-b536-575899e44b2e/original=true/53ae6dc0-9de5-4990-b536-575899e44b2e.mp4,yes,2026-08-10T06:27:40Z,Civitai API /images type=video sort=Newest,discovered_from_public_sfw_video_feed,,https://civitai.com/user/Bunkley,"{""video_content"":{""source"":""civitai_images_api"",""url"":""https://image.civitai.com/xG1nkqKTMzGDvpLrqFT7WA/53ae6dc0-9de5-4990-b536-575899e44b2e/original=true/53ae6dc0-9de5-4990-b536-575899e44b2e.mp4"",""type"":""video"",""nsfw"":false},""aigc_verdict"":{""source"":""civitai_video_api"",""url"":""https://image.civitai.com/xG1nkqKTMzGDvpLrqFT7WA/53ae6dc0-9de5-4990-b536-575899e44b2e/original=true/53ae6dc0-9de5-4990-b536-575899e44b2e.mp4"",""note"":""Civitai public video item confirms AI-generated video output""}}"
https://civitai.com/user/galaxytimemachine,galaxytimemachine,Civitai,,,"AIGC,Civitai,video,MiniMax H3",New,2026-08-10T06:27:40Z,,,MiniMax H3,https://image.civitai.com/xG1nkqKTMzGDvpLrqFT7WA/e2a0bb07-83ed-48fd-94da-143054543ab2/original=true/e2a0bb07-83ed-48fd-94da-143054543ab2.mp4,yes,2026-08-10T06:27:40Z,Civitai API /images type=video sort=Newest,discovered_from_public_sfw_video_feed,,https://civitai.com/user/galaxytimemachine,"{""video_content"":{""source"":""civitai_images_api"",""url"":""https://image.civitai.com/xG1nkqKTMzGDvpLrqFT7WA/e2a0bb07-83ed-48fd-94da-143054543ab2/original=true/e2a0bb07-83ed-48fd-94da-143054543ab2.mp4"",""type"":""video"",""nsfw"":false},""aigc_verdict"":{""source"":""civitai_video_api"",""url"":""https://image.civitai.com/xG1nkqKTMzGDvpLrqFT7WA/e2a0bb07-83ed-48fd-94da-143054543ab2/original=true/e2a0bb07-83ed-48fd-94da-143054543ab2.mp4"",""note"":""Civitai public video item confirms AI-generated video output""}}"
https://civitai.com/user/ilolisa02519,ilolisa02519,Civitai,,,"AIGC,Civitai,video,MiniMax H3",New,2026-08-10T06:27:40Z,,,MiniMax H3,https://image.civitai.com/xG1nkqKTMzGDvpLrqFT7WA/4185771d-2279-4640-8137-a532be23a69e/original=true/4185771d-2279-4640-8137-a532be23a69e.mp4,yes,2026-08-10T06:27:40Z,Civitai API /images type=video sort=Newest,discovered_from_public_sfw_video_feed,,https://civitai.com/user/ilolisa02519,"{""video_content"":{""source"":""civitai_images_api"",""url"":""https://image.civitai.com/xG1nkqKTMzGDvpLrqFT7WA/4185771d-2279-4640-8137-a532be23a69e/original=true/4185771d-2279-4640-8137-a532be23a69e.mp4"",""type"":""video"",""nsfw"":false},""aigc_verdict"":{""source"":""civitai_video_api"",""url"":""https://image.civitai.com/xG1nkqKTMzGDvpLrqFT7WA/4185771d-2279-4640-8137-a532be23a69e/original=true/4185771d-2279-4640-8137-a532be23a69e.mp4"",""note"":""Civitai public video item confirms AI-generated video output""}}"
https://civitai.com/user/orion4d,orion4d,Civitai,,,"AIGC,Civitai,video",New,2026-08-10T06:27:40Z,,,,https://image.civitai.com/xG1nkqKTMzGDvpLrqFT7WA/4f7dde05-d7c1-471a-a1e5-d9d4810b51a4/original=true/4f7dde05-d7c1-471a-a1e5-d9d4810b51a4.mp4,yes,2026-08-10T06:27:40Z,Civitai API /images type=video sort=Newest,discovered_from_public_sfw_video_feed,,https://civitai.com/user/orion4d,"{""video_content"":{""source"":""civitai_images_api"",""url"":""https://image.civitai.com/xG1nkqKTMzGDvpLrqFT7WA/4f7dde05-d7c1-471a-a1e5-d9d4810b51a4/original=true/4f7dde05-d7c1-471a-a1e5-d9d4810b51a4.mp4"",""type"":""video"",""nsfw"":false},""aigc_verdict"":{""source"":""civitai_video_api"",""url"":""https://image.civitai.com/xG1nkqKTMzGDvpLrqFT7WA/4f7dde05-d7c1-471a-a1e5-d9d4810b51a4/original=true/4f7dde05-d7c1-471a-a1e5-d9d4810b51a4.mp4"",""note"":""Civitai public video item confirms AI-generated video output""}}"
https://civitai.com/user/axlaim,axlaim,Civitai,,,"AIGC,Civitai,video,MiniMax H3",New,2026-08-10T06:27:40Z,,,MiniMax H3,https://image.civitai.com/xG1nkqKTMzGDvpLrqFT7WA/997f6072-88a3-4852-a480-5ad53773cb8f/original=true/997f6072-88a3-4852-a480-5ad53773cb8f.mp4,yes,2026-08-10T06:27:40Z,Civitai API /images type=video sort=Newest,discovered_from_public_sfw_video_feed,,https://civitai.com/user/axlaim,"{""video_content"":{""source"":""civitai_images_api"",""url"":""https://image.civitai.com/xG1nkqKTMzGDvpLrqFT7WA/997f6072-88a3-4852-a480-5ad53773cb8f/original=true/997f6072-88a3-4852-a480-5ad53773cb8f.mp4"",""type"":""video"",""nsfw"":false},""aigc_verdict"":{""source"":""civitai_video_api"",""url"":""https://image.civitai.com/xG1nkqKTMzGDvpLrqFT7WA/997f6072-88a3-4852-a480-5ad53773cb8f/original=true/997f6072-88a3-4852-a480-5ad53773cb8f.mp4"",""note"":""Civitai public video item confirms AI-generated video output""}}"
https://civitai.com/user/aimetatron,AiMetatron,Civitai,,,"AIGC,Civitai,video,MiniMax H3",New,2026-08-10T06:27:40Z,,,MiniMax H3,https://image.civitai.com/xG1nkqKTMzGDvpLrqFT7WA/42f3c9a2-e710-4d18-9dec-dc20ac54ee7f/original=true/42f3c9a2-e710-4d18-9dec-dc20ac54ee7f.mp4,yes,2026-08-10T06:27:40Z,Civitai API /images type=video sort=Newest,discovered_from_public_sfw_video_feed,,https://civitai.com/user/AiMetatron,"{""video_content"":{""source"":""civitai_images_api"",""url"":""https://image.civitai.com/xG1nkqKTMzGDvpLrqFT7WA/42f3c9a2-e710-4d18-9dec-dc20ac54ee7f/original=true/42f3c9a2-e710-4d18-9dec-dc20ac54ee7f.mp4"",""type"":""video"",""nsfw"":false},""aigc_verdict"":{""source"":""civitai_video_api"",""url"":""https://image.civitai.com/xG1nkqKTMzGDvpLrqFT7WA/42f3c9a2-e710-4d18-9dec-dc20ac54ee7f/original=true/42f3c9a2-e710-4d18-9dec-dc20ac54ee7f.mp4"",""note"":""Civitai public video item confirms AI-generated video output""}}"
https://civitai.com/user/tp_ai_63,TP_AI_63,Civitai,,,"AIGC,Civitai,video",New,2026-08-10T06:27:40Z,,,,https://image.civitai.com/xG1nkqKTMzGDvpLrqFT7WA/9cea4884-8825-44ba-9c50-683e08fe35f4/original=true/9cea4884-8825-44ba-9c50-683e08fe35f4.mp4,yes,2026-08-10T06:27:40Z,Civitai API /images type=video sort=Newest,discovered_from_public_sfw_video_feed,,https://civitai.com/user/TP_AI_63,"{""video_content"":{""source"":""civitai_images_api"",""url"":""https://image.civitai.com/xG1nkqKTMzGDvpLrqFT7WA/9cea4884-8825-44ba-9c50-683e08fe35f4/original=true/9cea4884-8825-44ba-9c50-683e08fe35f4.mp4"",""type"":""video"",""nsfw"":false},""aigc_verdict"":{""source"":""civitai_video_api"",""url"":""https://image.civitai.com/xG1nkqKTMzGDvpLrqFT7WA/9cea4884-8825-44ba-9c50-683e08fe35f4/original=true/9cea4884-8825-44ba-9c50-683e08fe35f4.mp4"",""note"":""Civitai public video item confirms AI-generated video output""}}"
https://civitai.com/user/mistermr,MisterMR,Civitai,,,"AIGC,Civitai,video",New,2026-08-10T06:27:40Z,,,,https://image.civitai.com/xG1nkqKTMzGDvpLrqFT7WA/09fffdc3-6c50-463a-ad5f-e0072c0619cc/original=true/09fffdc3-6c50-463a-ad5f-e0072c0619cc.mp4,yes,2026-08-10T06:27:40Z,Civitai API /images type=video sort=Newest,discovered_from_public_sfw_video_feed,,https://civitai.com/user/MisterMR,"{""video_content"":{""source"":""civitai_images_api"",""url"":""https://image.civitai.com/xG1nkqKTMzGDvpLrqFT7WA/09fffdc3-6c50-463a-ad5f-e0072c0619cc/original=true/09fffdc3-6c50-463a-ad5f-e0072c0619cc.mp4"",""type"":""video"",""nsfw"":false},""aigc_verdict"":{""source"":""civitai_video_api"",""url"":""https://image.civitai.com/xG1nkqKTMzGDvpLrqFT7WA/09fffdc3-6c50-463a-ad5f-e0072c0619cc/original=true/09fffdc3-6c50-463a-ad5f-e0072c0619cc.mp4"",""note"":""Civitai public video item confirms AI-generated video output""}}"
https://civitai.com/user/kudo204,kudo204,Civitai,,,"AIGC,Civitai,video,Wan Video 2.2 I2V-A14B",New,2026-08-10T06:27:40Z,,,Wan Video 2.2 I2V-A14B,https://image.civitai.com/xG1nkqKTMzGDvpLrqFT7WA/c860cebc-1b10-4f59-bf6a-24e8fb596bf4/original=true/c860cebc-1b10-4f59-bf6a-24e8fb596bf4.mp4,yes,2026-08-10T06:27:40Z,Civitai API /images type=video sort=Newest,discovered_from_public_sfw_video_feed,,https://civitai.com/user/kudo204,"{""video_content"":{""source"":""civitai_images_api"",""url"":""https://image.civitai.com/xG1nkqKTMzGDvpLrqFT7WA/c860cebc-1b10-4f59-bf6a-24e8fb596bf4/original=true/c860cebc-1b10-4f59-bf6a-24e8fb596bf4.mp4"",""type"":""video"",""nsfw"":false},""aigc_verdict"":{""source"":""civitai_video_api"",""url"":""https://image.civitai.com/xG1nkqKTMzGDvpLrqFT7WA/c860cebc-1b10-4f59-bf6a-24e8fb596bf4/original=true/c860cebc-1b10-4f59-bf6a-24e8fb596bf4.mp4"",""note"":""Civitai public video item confirms AI-generated video output""}}"
https://civitai.com/user/shimeajirtx,shimeajiRTX,Civitai,,,"AIGC,Civitai,video",New,2026-08-10T06:27:40Z,,,,https://image.civitai.com/xG1nkqKTMzGDvpLrqFT7WA/b1e89fda-2615-460e-befd-a22e9043a73e/original=true/b1e89fda-2615-460e-befd-a22e9043a73e.mp4,yes,2026-08-10T06:27:40Z,Civitai API /images type=video sort=Newest,discovered_from_public_sfw_video_feed,,https://civitai.com/user/shimeajiRTX,"{""video_content"":{""source"":""civitai_images_api"",""url"":""https://image.civitai.com/xG1nkqKTMzGDvpLrqFT7WA/b1e89fda-2615-460e-befd-a22e9043a73e/original=true/b1e89fda-2615-460e-befd-a22e9043a73e.mp4"",""type"":""video"",""nsfw"":false},""aigc_verdict"":{""source"":""civitai_video_api"",""url"":""https://image.civitai.com/xG1nkqKTMzGDvpLrqFT7WA/b1e89fda-2615-460e-befd-a22e9043a73e/original=true/b1e89fda-2615-460e-befd-a22e9043a73e.mp4"",""note"":""Civitai public video item confirms AI-generated video output""}}"
https://civitai.com/user/carlh2024,Carlh2024,Civitai,,,"AIGC,Civitai,video",New,2026-08-10T06:27:40Z,,,,https://image.civitai.com/xG1nkqKTMzGDvpLrqFT7WA/a88765a9-97a4-4879-abf5-4c27e0b9e14a/original=true/a88765a9-97a4-4879-abf5-4c27e0b9e14a.mp4,yes,2026-08-10T06:27:40Z,Civitai API /images type=video sort=Newest,discovered_from_public_sfw_video_feed,,https://civitai.com/user/Carlh2024,"{""video_content"":{""source"":""civitai_images_api"",""url"":""https://image.civitai.com/xG1nkqKTMzGDvpLrqFT7WA/a88765a9-97a4-4879-abf5-4c27e0b9e14a/original=true/a88765a9-97a4-4879-abf5-4c27e0b9e14a.mp4"",""type"":""video"",""nsfw"":false},""aigc_verdict"":{""source"":""civitai_video_api"",""url"":""https://image.civitai.com/xG1nkqKTMzGDvpLrqFT7WA/a88765a9-97a4-4879-abf5-4c27e0b9e14a/original=true/a88765a9-97a4-4879-abf5-4c27e0b9e14a.mp4"",""note"":""Civitai public video item confirms AI-generated video output""}}"
https://instagram.com/ai_mov_director,@ai_mov_director,Instagram,,,"AIGC,Meta",New,2026-08-10T10:06:53Z,,,,,unsure,2026-08-10T10:06:53Z,"SearXNG ""AI filmmaker"" ""Instagram photos and videos"" ""Sora"" -openai site:instagram.com","Meta routine discovery lead; no computer_use. META_GRAPH_TOKEN or META_IG_USER_ID missing in this shell, so business_discovery was not run; account type unknown; flagged for seated computer_use pass if not later API-profiled.",,https://instagram.com/ai_mov_director,"{""discovery"":{""source"":""SearXNG"",""query"":""\""AI filmmaker\"" \""Instagram photos and videos\"" \""Sora\"" -openai site:instagram.com"",""url"":""https://instagram.com/ai_mov_director"",""why"":""Volodymyr Kondratenko (VK) (@ai_mov_director) - Instagram 3K+ followers \u00b7 1.1K+ following \u00b7 103 posts \u00b7 @ai_mov_director: \u201c winning AI filmmaker ... Sora ...""}}"
https://instagram.com/aiesmars,@aiesmars,Instagram,,,"AIGC,Meta",New,2026-08-10T10:06:53Z,,,,,unsure,2026-08-10T10:06:53Z,"SearXNG ""AI artist"" ""AI filmmaker"" ""Instagram"" site:instagram.com","Meta routine discovery lead; no computer_use. META_GRAPH_TOKEN or META_IG_USER_ID missing in this shell, so business_discovery was not run; account type unknown; flagged for seated computer_use pass if not later API-profiled.",,https://instagram.com/aiesmars,"{""discovery"":{""source"":""SearXNG"",""query"":""\""AI artist\"" \""AI filmmaker\"" \""Instagram\"" site:instagram.com"",""url"":""https://instagram.com/aiesmars"",""why"":""ai artist (@aiesmars) \u2022 Instagram photos and videos ... followers \u00b7 229 following \u00b7 39 posts \u00b7 @aiesmars: \u201c\u2022AI Filmmaker \u2022Visual poetry between science, dreams and AI Thailand ... ai artist (@aiesmars) \u2022 Instagram ...""}}"
https://instagram.com/art.bypavlidiy,@art.bypavlidiy,Instagram,,,"AIGC,Meta",New,2026-08-10T10:06:53Z,,,,,unsure,2026-08-10T10:06:53Z,"SearXNG ""AI artist"" ""AI filmmaker"" ""Instagram"" site:instagram.com","Meta routine discovery lead; no computer_use. META_GRAPH_TOKEN or META_IG_USER_ID missing in this shell, so business_discovery was not run; account type unknown; flagged for seated computer_use pass if not later API-profiled.",,https://instagram.com/art.bypavlidiy,"{""discovery"":{""source"":""SearXNG"",""query"":""\""AI artist\"" \""AI filmmaker\"" \""Instagram\"" site:instagram.com"",""url"":""https://instagram.com/art.bypavlidiy"",""why"":""ai artist & designer (@art.bypavlidiy) \u2022 Instagram photos and videos ai artist & designer. 5,798 followers. 766 following. - cinematic vision ... Hello, my ...""}}"
https://instagram.com/naamachen1,@naamachen1,Instagram,,,"AIGC,Meta",New,2026-08-10T10:06:53Z,,,,,unsure,2026-08-10T10:06:53Z,"SearXNG ""AI filmmaker"" ""Instagram photos and videos"" ""Sora"" -openai site:instagram.com","Meta routine discovery lead; no computer_use. META_GRAPH_TOKEN or META_IG_USER_ID missing in this shell, so business_discovery was not run; account type unknown; flagged for seated computer_use pass if not later API-profiled.",,https://instagram.com/naamachen1,"{""discovery"":{""source"":""SearXNG"",""query"":""\""AI filmmaker\"" \""Instagram photos and videos\"" \""Sora\"" -openai site:instagram.com"",""url"":""https://instagram.com/naamachen1"",""why"":""Naama Chen Ai (@naamachen1) \u2022 Instagram photos and videos 8K+ followers \u00b7 933 following \u00b7 1199 posts \u00b7 @naamachen1: \u201cAward-Winning AI Filmmaker ... sora #higgsfield #aivideo #hopefulart #gratitude #digitalcreators ...""}}"
https://instagram.com/purdyjoy0,@purdyjoy0,Instagram,,,"AIGC,Meta",New,2026-08-10T10:06:53Z,,,,,unsure,2026-08-10T10:06:53Z,"SearXNG ""AI filmmaker"" ""Instagram photos and videos"" ""Runway"" site:instagram.com","Meta routine discovery lead; no computer_use. META_GRAPH_TOKEN or META_IG_USER_ID missing in this shell, so business_discovery was not run; account type unknown; flagged for seated computer_use pass if not later API-profiled.",,https://instagram.com/purdyjoy0,"{""discovery"":{""source"":""SearXNG"",""query"":""\""AI filmmaker\"" \""Instagram photos and videos\"" \""Runway\"" site:instagram.com"",""url"":""https://instagram.com/purdyjoy0"",""why"":""Joy Purdy (@purdyjoy0) \u2022 Instagram photos and videos I'm an AI filmmaker, and these pages are where the film starts to look like ... runway #runwayshow #birds #aibirds #fashionshow #runwayml #highfashion ...""}}"
https://instagram.com/robertrgaudette,@robertrgaudette,Instagram,,,"AIGC,Meta",New,2026-08-10T10:06:53Z,,,,,unsure,2026-08-10T10:06:53Z,"SearXNG ""AI filmmaker"" ""Instagram photos and videos"" ""Runway"" site:instagram.com","Meta routine discovery lead; no computer_use. META_GRAPH_TOKEN or META_IG_USER_ID missing in this shell, so business_discovery was not run; account type unknown; flagged for seated computer_use pass if not later API-profiled.",,https://instagram.com/robertrgaudette,"{""discovery"":{""source"":""SearXNG"",""query"":""\""AI filmmaker\"" \""Instagram photos and videos\"" \""Runway\"" site:instagram.com"",""url"":""https://instagram.com/robertrgaudette"",""why"":""robertrgaudette \u2022 Instagram photos and videos My entry into Runway's Big Pitch Contest. #generativeai #runwayml ...""}}"
https://instagram.com/xwell__media,@xwell__media,Instagram,,,"AIGC,Meta",New,2026-08-10T10:06:53Z,,,,,unsure,2026-08-10T10:06:53Z,"SearXNG ""AI artist"" ""AI filmmaker"" ""Instagram"" site:instagram.com","Meta routine discovery lead; no computer_use. META_GRAPH_TOKEN or META_IG_USER_ID missing in this shell, so business_discovery was not run; account type unknown; flagged for seated computer_use pass if not later API-profiled.",,https://instagram.com/xwell__media,"{""discovery"":{""source"":""SearXNG"",""query"":""\""AI artist\"" \""AI filmmaker\"" \""Instagram\"" site:instagram.com"",""url"":""https://instagram.com/xwell__media"",""why"":""Hanna | AI Director (@xwell__media) \u2022 Instagram photos and videos ... K+ followers \u00b7 785 following \u00b7 150 posts \u00b7 @xwell__media: \u201cAI filmmaker ... AI video for @dirteaworld AI artist: @xwell__media A series of AI videos for ...""}}"
https://reddit.com/user/dependent_job_3733,Fengzenhao (u/Dependent_Job_3733),Reddit,,,"AIGC,AI video,Reddit",New,2026-08-11T02:20:08Z,,,,,unsure,2026-08-11T02:20:08Z,"searxng ""AI video creator"" site:reddit.com/user",Reddit discovery-only; FollowerCount empty and AIGCVerdict=unsure per ROUTINE.md rule 9; no computer_use.,,https://www.reddit.com/user/Dependent_Job_3733/,"{""identity"":{""source"":""searxng"",""url"":""https://www.reddit.com/user/Dependent_Job_3733/"",""query"":""\""AI video creator\"" site:reddit.com/user""},""aigc_verdict"":{""source"":""not_profiled"",""reason"":""Reddit has no keyless profiling API in routine; search snippet only, per ROUTINE.md rule 9""},""discovery_snippet"":""23 May 2026 ... u/Dependent_Job_3733: Director and AI video creator based in Taiwan. I got tired of AI performers looking polite and started making them ...""}"
https://reddit.com/user/nicolaspomet,nicolaspomet (u/nicolaspomet),Reddit,,,"AIGC,AI video,Reddit",New,2026-08-11T02:20:08Z,,,,https://www.reddit.com/r/aivideo/comments/1huhxxc/russian_sleep_exp%C4%93riment_part_i/,unsure,2026-08-11T02:20:08Z,"searxng ""AI filmmaker"" site:reddit.com/r/aivideo",Reddit discovery-only; FollowerCount empty and AIGCVerdict=unsure per ROUTINE.md rule 9; no computer_use.,,https://www.reddit.com/r/aivideo/comments/1huhxxc/russian_sleep_exp%C4%93riment_part_i/,"{""identity"":{""source"":""searxng"",""url"":""https://www.reddit.com/r/aivideo/comments/1huhxxc/russian_sleep_exp%C4%93riment_part_i/"",""query"":""\""AI filmmaker\"" site:reddit.com/r/aivideo""},""aigc_verdict"":{""source"":""not_profiled"",""reason"":""Reddit has no keyless profiling API in routine; search snippet only, per ROUTINE.md rule 9""},""discovery_snippet"":""5 Jan 2025 ... 2y ago. This is really good. Are you a filmmaker? nicolaspomet. OP •. 2y ago. Thank you ! I guess i'm an AI filmmaker. Spare-Confidence-721. •.""}"
https://threads.net/@blink___ai,@blink___ai,Threads,,,"AIGC,Meta,needs-seated-pass",New,2026-08-13T10:11:23Z,,,Sora,https://www.threads.net/@blink___ai?hl=de,unsure,2026-08-11T10:08:57Z,SearXNG Sora AI filmmaker site:threads.net,routine Meta discovery; no computer_use; Threads has no third-party public profile API; needs seated computer_use pass,,https://www.threads.net/@blink___ai?hl=de,"{""discovery"":{""source"":""SearXNG site-scope"",""query"":""Sora AI filmmaker site:threads.net"",""url"":""https://www.threads.net/@blink___ai?hl=de""},""aigc_verdict"":{""source"":""search snippet only"",""value"":""unsure""}}"
https://threads.net/@ssuperwasabi,@ssuperwasabi,Threads,,,"AIGC,Meta,discovery",New,2026-08-12T10:18:23Z,,,Sora,https://www.threads.net/@ssuperwasabi/post/DEkQ2rHS85W,unsure,2026-08-12T10:18:23Z,SearXNG Sora AI filmmaker site:threads.net,routine_meta; no computer_use; flagged for seated computer_use pass where API has no coverage,,https://threads.net/@ssuperwasabi,"{""discovery"":{""source"":""SearXNG"",""query"":""Sora AI filmmaker site:threads.net"",""url"":""https://www.threads.net/@ssuperwasabi/post/DEkQ2rHS85W"",""title"":""sora 정책 위반으로 계속 영상 생성에 실패하고 있는데요, 단순히 사진 ..."",""snippet"":""8 Jan 2025 ... 오픈ai는 \""피\""가 연상되면 막혀요. 2. 1 ... You don't need to be a video producer to show your story now. Detailed pre-production visuals can ...""},""profile"":{""source"":""none"",""reason"":""Threads has no third-party public-profile API; no computer_use in routine""},""aigc_verdict"":{""source"":""routine_rule_9"",""value"":""unsure"",""reason"":""no reviewed frame in no-computer_use Meta routine""}}"
https://threads.net/@jitter.video,@jitter.video,Threads,,,"AIGC,Meta,needs-seated-pass",New,2026-08-13T10:11:23Z,,,Runway,https://www.threads.net/@jitter.video,unsure,2026-08-12T10:18:23Z,SearXNG Runway AI video creator site:threads.net,routine Meta discovery; no computer_use; Threads has no third-party public profile API; needs seated computer_use pass,,https://www.threads.net/@jitter.video,"{""discovery"":{""source"":""SearXNG site-scope"",""query"":""Runway AI video creator site:threads.net"",""url"":""https://www.threads.net/@jitter.video""},""aigc_verdict"":{""source"":""search snippet only"",""value"":""unsure""}}"
https://threads.net/@xtraai7,@xtraai7,Threads,,,"AIGC,Meta,needs-seated-pass",New,2026-08-13T10:11:23Z,,,Runway,https://www.threads.net/@xtraai7,unsure,2026-08-12T10:18:23Z,SearXNG Runway AI video creator site:threads.net,routine Meta discovery; no computer_use; Threads has no third-party public profile API; needs seated computer_use pass,,https://www.threads.net/@xtraai7,"{""discovery"":{""source"":""SearXNG site-scope"",""query"":""Runway AI video creator site:threads.net"",""url"":""https://www.threads.net/@xtraai7""},""aigc_verdict"":{""source"":""search snippet only"",""value"":""unsure""}}"
https://threads.net/@mattnavarra,@mattnavarra,Threads,,,"AIGC,Meta,discovery",New,2026-08-12T10:18:23Z,,,Runway,https://www.threads.net/@mattnavarra/post/C7RjwgsIr_r,unsure,2026-08-12T10:18:23Z,SearXNG Runway AI video creator site:threads.net,routine_meta; no computer_use; flagged for seated computer_use pass where API has no coverage,,https://threads.net/@mattnavarra,"{""discovery"":{""source"":""SearXNG"",""query"":""Runway AI video creator site:threads.net"",""url"":""https://www.threads.net/@mattnavarra/post/C7RjwgsIr_r"",""title"":""NEW! TikTok One... - Threads"",""snippet"":""22 May 2024 ... TikTok launches 'TikTok Symphony' · A NEW suite of generative AI tools for brands · The tools will help marketers write scripts, produce videos, ...""},""profile"":{""source"":""none"",""reason"":""Threads has no third-party public-profile API; no computer_use in routine""},""aigc_verdict"":{""source"":""routine_rule_9"",""value"":""unsure"",""reason"":""no reviewed frame in no-computer_use Meta routine""}}"
https://threads.net/@ai.daily.news,@ai.daily.news,Threads,,,"AIGC,Meta,discovery",New,2026-08-12T10:18:23Z,,,Runway,https://www.threads.net/@ai.daily.news?hl=en,unsure,2026-08-12T10:18:23Z,SearXNG Runway AI video creator site:threads.net,routine_meta; no computer_use; flagged for seated computer_use pass where API has no coverage,,https://threads.net/@ai.daily.news,"{""discovery"":{""source"":""SearXNG"",""query"":""Runway AI video creator site:threads.net"",""url"":""https://www.threads.net/@ai.daily.news?hl=en"",""title"":""Ai News (@ai.daily.news) • Threads, Say more"",""snippet"":""2️⃣ Social Media Post Creator. Prompt: Act as an award-winning graphic ... Runway (video generation) • SmallPDF → LightPDF.com (PDF editing) • DALL-E ...""},""profile"":{""source"":""none"",""reason"":""Threads has no third-party public-profile API; no computer_use in routine""},""aigc_verdict"":{""source"":""routine_rule_9"",""value"":""unsure"",""reason"":""no reviewed frame in no-computer_use Meta routine""}}"
https://threads.net/@imagineartofficial,@imagineartofficial,Threads,,,"AIGC,Meta,discovery",New,2026-08-12T10:18:23Z,,,,https://www.threads.net/@imagineartofficial,unsure,2026-08-12T10:18:23Z,SearXNG AI video creator generative video site:threads.net,routine_meta; no computer_use; flagged for seated computer_use pass where API has no coverage,,https://threads.net/@imagineartofficial,"{""discovery"":{""source"":""SearXNG"",""query"":""AI video creator generative video site:threads.net"",""url"":""https://www.threads.net/@imagineartofficial"",""title"":""ImagineArt (@imagineartofficial) • Threads, Say more"",""snippet"":""Try it now and get unlimited access on creator plan: imagine.art/featu… Seedance 2.5 — Native 30-Second 4K AI Video Generator.""},""profile"":{""source"":""none"",""reason"":""Threads has no third-party public-profile API; no computer_use in routine""},""aigc_verdict"":{""source"":""routine_rule_9"",""value"":""unsure"",""reason"":""no reviewed frame in no-computer_use Meta routine""}}"
https://threads.net/@jennifermarievo,@jennifermarievo,Threads,,,"AIGC,Meta,discovery",New,2026-08-12T10:18:23Z,,,,https://www.threads.net/@jennifermarievo,unsure,2026-08-12T10:18:23Z,SearXNG AI video creator generative video site:threads.net,routine_meta; no computer_use; flagged for seated computer_use pass where API has no coverage,,https://threads.net/@jennifermarievo,"{""discovery"":{""source"":""SearXNG"",""query"":""AI video creator generative video site:threads.net"",""url"":""https://www.threads.net/@jennifermarievo"",""title"":""Jennifer Marie Thompson (@jennifermarievo) • Threads, Say more"",""snippet"":""If you want to try AI Generative Fill software for free, you can try out ... I created a series of images and a video in different aspect ratios to ...""},""profile"":{""source"":""none"",""reason"":""Threads has no third-party public-profile API; no computer_use in routine""},""aigc_verdict"":{""source"":""routine_rule_9"",""value"":""unsure"",""reason"":""no reviewed frame in no-computer_use Meta routine""}}"
https://threads.net/@aarofi_,@aarofi_,Threads,,,"AIGC,Meta,discovery",New,2026-08-12T10:18:23Z,,,,https://www.threads.net/@aarofi_?hl=hr,unsure,2026-08-12T10:18:23Z,SearXNG AI video creator generative video site:threads.net,routine_meta; no computer_use; flagged for seated computer_use pass where API has no coverage,,https://threads.net/@aarofi_,"{""discovery"":{""source"":""SearXNG"",""query"":""AI video creator generative video site:threads.net"",""url"":""https://www.threads.net/@aarofi_?hl=hr"",""title"":""A Rofi | Video Editor (@aarofi_) • Threads, Say more"",""snippet"":""GENERATIVE AI vs DISCRIMINATIVE AI: DUA CARA AI MEMAHAMI DUNIA Ketika membahas Artificial Intelligence (AI), banyak orang mengenal teknologi seperti ...""},""profile"":{""source"":""none"",""reason"":""Threads has no third-party public-profile API; no computer_use in routine""},""aigc_verdict"":{""source"":""routine_rule_9"",""value"":""unsure"",""reason"":""no reviewed frame in no-computer_use Meta routine""}}"
https://threads.net/@google,@google,Threads,,,"AIGC,Meta,discovery",New,2026-08-12T10:18:23Z,,,,https://www.threads.net/@google,unsure,2026-08-12T10:18:23Z,SearXNG AI video creator generative video site:threads.net,routine_meta; no computer_use; flagged for seated computer_use pass where API has no coverage,,https://threads.net/@google,"{""discovery"":{""source"":""SearXNG"",""query"":""AI video creator generative video site:threads.net"",""url"":""https://www.threads.net/@google"",""title"":""Google (@google) • Threads, Say more"",""snippet"":""The Google AI Professional Certificate on Coursera is their most popular generative AI ... Graphic promoting \""Gemini Video Analysis,\"" explaining how you can ...""},""profile"":{""source"":""none"",""reason"":""Threads has no third-party public-profile API; no computer_use in routine""},""aigc_verdict"":{""source"":""routine_rule_9"",""value"":""unsure"",""reason"":""no reviewed frame in no-computer_use Meta routine""}}"
https://reddit.com/user/songsponge,u/songsponge,Reddit,,,"AIGC,Reddit,Sora",New,2026-08-13T02:05:37Z,,,Sora,,unsure,2026-08-13T02:05:37Z,searxng Sora AI video creator site:reddit.com/user,Reddit discovery-only: no keyless profiling API from server IP; follower_count empty; verdict unsure. Snippet: u/songsponge - Reddit 12 Jul 2026 ... Did some AI video generation here. But the ones of me were shot on ... Open AI Sora 2 Invite Codes Megathread · songsponge commented 10 ...,,https://www.reddit.com/user/songsponge/,"{""identity"":{""source"":""searxng"",""url"":""https://www.reddit.com/user/songsponge/"",""query"":""Sora AI video creator site:reddit.com/user"",""reason"":""profile_url_result""},""aigc_verdict"":{""source"":""search_snippet"",""url"":""https://www.reddit.com/user/songsponge/"",""verdict"":""unsure"",""snippet"":""u/songsponge - Reddit 12 Jul 2026 ... Did some AI video generation here. But the ones of me were shot on ... Open AI Sora 2 Invite Codes Megathread · songsponge commented 10 ...""}}"
https://reddit.com/user/slatsunus,u/Slatsunus,Reddit,,,"AIGC,Reddit,Sora",New,2026-08-13T02:05:37Z,,,Sora,,unsure,2026-08-13T02:05:37Z,searxng Sora AI video creator site:reddit.com/user,"Reddit discovery-only: no keyless profiling API from server IP; follower_count empty; verdict unsure. Snippet: u/Slatsunus - Reddit And to be clear in case I messed up the wording, The video itself has no GENAI at all, the creator was just harrassed by someone using SORA on his stuff.",,https://www.reddit.com/user/Slatsunus/,"{""identity"":{""source"":""searxng"",""url"":""https://www.reddit.com/user/Slatsunus/"",""query"":""Sora AI video creator site:reddit.com/user"",""reason"":""profile_url_result""},""aigc_verdict"":{""source"":""search_snippet"",""url"":""https://www.reddit.com/user/Slatsunus/"",""verdict"":""unsure"",""snippet"":""u/Slatsunus - Reddit And to be clear in case I messed up the wording, The video itself has no GENAI at all, the creator was just harrassed by someone using SORA on his stuff.""}}"
https://reddit.com/user/hamid_reza_razeghi,u/hamid_reza_razeghi,Reddit,,,"AIGC,Reddit,Sora",New,2026-08-13T02:05:37Z,,,Sora,,unsure,2026-08-13T02:05:37Z,searxng Sora AI video creator site:reddit.com/user,Reddit discovery-only: no keyless profiling API from server IP; follower_count empty; verdict unsure. Snippet: Hamid Reza Razeghi (u/hamid_reza_razeghi) - Reddit 18 Mar 2024 ... Baidu's MuseSteamer AI Video Generator Takes on Google and OpenAI in the Global AI Race · Chinese tech giant Baidu has just upped the ante in ...,,https://www.reddit.com/user/hamid_reza_razeghi/,"{""identity"":{""source"":""searxng"",""url"":""https://www.reddit.com/user/hamid_reza_razeghi/"",""query"":""Sora AI video creator site:reddit.com/user"",""reason"":""profile_url_result""},""aigc_verdict"":{""source"":""search_snippet"",""url"":""https://www.reddit.com/user/hamid_reza_razeghi/"",""verdict"":""unsure"",""snippet"":""Hamid Reza Razeghi (u/hamid_reza_razeghi) - Reddit 18 Mar 2024 ... Baidu's MuseSteamer AI Video Generator Takes on Google and OpenAI in the Global AI Race · Chinese tech giant Baidu has just upped the ante in ...""}}"
https://threads.net/@iamfabiomilano,@iamfabiomilano,Threads,,,"AIGC,Meta,needs-seated-pass",New,2026-08-13T10:11:23Z,,,Runway,,unsure,2026-08-13T10:11:23Z,SearXNG Runway AI video creator site:threads.net,routine Meta discovery; no computer_use; Threads has no third-party public profile API; needs seated computer_use pass,,https://www.threads.net/@iamfabiomilano,"{""discovery"":{""source"":""SearXNG site-scope"",""query"":""Runway AI video creator site:threads.net"",""url"":""https://www.threads.net/@iamfabiomilano""},""aigc_verdict"":{""source"":""search snippet only"",""value"":""unsure""}}"
https://facebook.com/marismith/posts/openai-is-shutting-down-sora-its-ai-video-creation-app-whats-your-takeand-does-t/1551101859716905,@marismith,Facebook,,,"AIGC,Meta,needs-seated-pass",New,2026-08-13T10:11:23Z,,,Sora,,unsure,2026-08-13T10:11:23Z,SearXNG Sora AI filmmaker site:facebook.com,routine Meta discovery; no computer_use; META_GRAPH_TOKEN not available to this run; needs Graph retry or seated pass,,https://www.facebook.com/marismith/posts/openai-is-shutting-down-sora-its-ai-video-creation-app-whats-your-takeand-does-t/1551101859716905/,"{""discovery"":{""source"":""SearXNG site-scope"",""query"":""Sora AI filmmaker site:facebook.com"",""url"":""https://www.facebook.com/marismith/posts/openai-is-shutting-down-sora-its-ai-video-creation-app-whats-your-takeand-does-t/1551101859716905/""},""aigc_verdict"":{""source"":""search snippet only"",""value"":""unsure""}}"
https://facebook.com/aljazeera/posts/meet-sora-the-ai-video-generating-model-from-openai-thats-reshaping-reality-in-m/1045726594268361,@aljazeera,Facebook,,,"AIGC,Meta,needs-seated-pass",New,2026-08-13T10:11:23Z,,,Sora,,unsure,2026-08-13T10:11:23Z,SearXNG Sora AI filmmaker site:facebook.com,routine Meta discovery; no computer_use; META_GRAPH_TOKEN not available to this run; needs Graph retry or seated pass,,https://www.facebook.com/aljazeera/posts/meet-sora-the-ai-video-generating-model-from-openai-thats-reshaping-reality-in-m/1045726594268361/,"{""discovery"":{""source"":""SearXNG site-scope"",""query"":""Sora AI filmmaker site:facebook.com"",""url"":""https://www.facebook.com/aljazeera/posts/meet-sora-the-ai-video-generating-model-from-openai-thats-reshaping-reality-in-m/1045726594268361/""},""aigc_verdict"":{""source"":""search snippet only"",""value"":""unsure""}}"
https://facebook.com/sciencenaturepage/posts/ai-generated-videos-will-never-be-the-same-again-this-is-mind-blowing-the-videos/922006226046914,@ScienceNaturePage,Facebook,,,"AIGC,Meta,needs-seated-pass",New,2026-08-13T10:11:23Z,,,Sora,,unsure,2026-08-13T10:11:23Z,SearXNG Sora AI filmmaker site:facebook.com,routine Meta discovery; no computer_use; META_GRAPH_TOKEN not available to this run; needs Graph retry or seated pass,,https://www.facebook.com/ScienceNaturePage/posts/ai-generated-videos-will-never-be-the-same-again-this-is-mind-blowing-the-videos/922006226046914/,"{""discovery"":{""source"":""SearXNG site-scope"",""query"":""Sora AI filmmaker site:facebook.com"",""url"":""https://www.facebook.com/ScienceNaturePage/posts/ai-generated-videos-will-never-be-the-same-again-this-is-mind-blowing-the-videos/922006226046914/""},""aigc_verdict"":{""source"":""search snippet only"",""value"":""unsure""}}"
https://facebook.com/abcnews/posts/openais-sora-app-creates-lifelike-ai-generated-videos-in-seconds-experts-say-its/1250013946985483,@ABCNews,Facebook,,,"AIGC,Meta,needs-seated-pass",New,2026-08-13T10:11:23Z,,,Sora,,unsure,2026-08-13T10:11:23Z,SearXNG Sora AI filmmaker site:facebook.com,routine Meta discovery; no computer_use; META_GRAPH_TOKEN not available to this run; needs Graph retry or seated pass,,https://www.facebook.com/ABCNews/posts/openais-sora-app-creates-lifelike-ai-generated-videos-in-seconds-experts-say-its/1250013946985483/,"{""discovery"":{""source"":""SearXNG site-scope"",""query"":""Sora AI filmmaker site:facebook.com"",""url"":""https://www.facebook.com/ABCNews/posts/openais-sora-app-creates-lifelike-ai-generated-videos-in-seconds-experts-say-its/1250013946985483/""},""aigc_verdict"":{""source"":""search snippet only"",""value"":""unsure""}}"
https://facebook.com/100083241103501/videos/frostbite-is-the-first-short-film-made-entirely-with-openai-sora-2-every-frame-c/1540030550332537,100083241103501,Facebook,,,"AIGC,Meta,needs-seated-pass",New,2026-08-13T10:11:23Z,,,Sora,,unsure,2026-08-13T10:11:23Z,SearXNG Sora AI filmmaker site:facebook.com,routine Meta discovery; no computer_use; META_GRAPH_TOKEN not available to this run; needs Graph retry or seated pass,,https://www.facebook.com/100083241103501/videos/frostbite-is-the-first-short-film-made-entirely-with-openai-sora-2-every-frame-c/1540030550332537/,"{""discovery"":{""source"":""SearXNG site-scope"",""query"":""Sora AI filmmaker site:facebook.com"",""url"":""https://www.facebook.com/100083241103501/videos/frostbite-is-the-first-short-film-made-entirely-with-openai-sora-2-every-frame-c/1540030550332537/""},""aigc_verdict"":{""source"":""search snippet only"",""value"":""unsure""}}"
https://facebook.com/newschannel5/posts/openai-is-shutting-down-its-social-media-app-sora-which-went-viral-last-fall-as-/1404700318367738,@newschannel5,Facebook,,,"AIGC,Meta,needs-seated-pass",New,2026-08-13T10:11:23Z,,,Sora,,unsure,2026-08-13T10:11:23Z,SearXNG Sora AI filmmaker site:facebook.com,routine Meta discovery; no computer_use; META_GRAPH_TOKEN not available to this run; needs Graph retry or seated pass,,https://www.facebook.com/newschannel5/posts/openai-is-shutting-down-its-social-media-app-sora-which-went-viral-last-fall-as-/1404700318367738/,"{""discovery"":{""source"":""SearXNG site-scope"",""query"":""Sora AI filmmaker site:facebook.com"",""url"":""https://www.facebook.com/newschannel5/posts/openai-is-shutting-down-its-social-media-app-sora-which-went-viral-last-fall-as-/1404700318367738/""},""aigc_verdict"":{""source"":""search snippet only"",""value"":""unsure""}}"
https://facebook.com/owwstin/posts/how-to-make-sora-2-ai-videos-sora2-ai/10161339992351256,@Owwstin,Facebook,,,"AIGC,Meta,needs-seated-pass",New,2026-08-13T10:11:23Z,,,Sora,,unsure,2026-08-13T10:11:23Z,SearXNG Sora AI filmmaker site:facebook.com,routine Meta discovery; no computer_use; META_GRAPH_TOKEN not available to this run; needs Graph retry or seated pass,,https://www.facebook.com/Owwstin/posts/how-to-make-sora-2-ai-videos-sora2-ai/10161339992351256/,"{""discovery"":{""source"":""SearXNG site-scope"",""query"":""Sora AI filmmaker site:facebook.com"",""url"":""https://www.facebook.com/Owwstin/posts/how-to-make-sora-2-ai-videos-sora2-ai/10161339992351256/""},""aigc_verdict"":{""source"":""search snippet only"",""value"":""unsure""}}"
https://facebook.com/blueeyesinfosoft/videos/runway-ml-the-future-of-ai-video-creationrunway-ml-is-a-cutting-edge-ai-platform/4387451991535395,@BlueEyesInfosoft,Facebook,,,"AIGC,Meta,needs-seated-pass",New,2026-08-13T10:11:23Z,,,Runway,,unsure,2026-08-13T10:11:23Z,SearXNG Runway AI video creator site:facebook.com,routine Meta discovery; no computer_use; META_GRAPH_TOKEN not available to this run; needs Graph retry or seated pass,,https://www.facebook.com/BlueEyesInfosoft/videos/runway-ml-the-future-of-ai-video-creationrunway-ml-is-a-cutting-edge-ai-platform/4387451991535395/,"{""discovery"":{""source"":""SearXNG site-scope"",""query"":""Runway AI video creator site:facebook.com"",""url"":""https://www.facebook.com/BlueEyesInfosoft/videos/runway-ml-the-future-of-ai-video-creationrunway-ml-is-a-cutting-edge-ai-platform/4387451991535395/""},""aigc_verdict"":{""source"":""search snippet only"",""value"":""unsure""}}"
https://facebook.com/aniksingal/posts/turn-yourself-into-any-character-in-seconds-using-runway-ml-check-out-the-full-t/10116212548499698,@aniksingal,Facebook,,,"AIGC,Meta,needs-seated-pass",New,2026-08-13T10:11:23Z,,,Runway,,unsure,2026-08-13T10:11:23Z,SearXNG Runway AI video creator site:facebook.com,routine Meta discovery; no computer_use; META_GRAPH_TOKEN not available to this run; needs Graph retry or seated pass,,https://www.facebook.com/aniksingal/posts/turn-yourself-into-any-character-in-seconds-using-runway-ml-check-out-the-full-t/10116212548499698/,"{""discovery"":{""source"":""SearXNG site-scope"",""query"":""Runway AI video creator site:facebook.com"",""url"":""https://www.facebook.com/aniksingal/posts/turn-yourself-into-any-character-in-seconds-using-runway-ml-check-out-the-full-t/10116212548499698/""},""aigc_verdict"":{""source"":""search snippet only"",""value"":""unsure""}}"
https://facebook.com/aisavvy/videos/runway-released-gen-45-and-its-claimed-to-be-the-best-ai-video-model-in-the-worl/2001951320595630,@aisavvy,Facebook,,,"AIGC,Meta,needs-seated-pass",New,2026-08-13T10:11:23Z,,,Runway,,unsure,2026-08-13T10:11:23Z,SearXNG Runway AI video creator site:facebook.com,routine Meta discovery; no computer_use; META_GRAPH_TOKEN not available to this run; needs Graph retry or seated pass,,https://www.facebook.com/aisavvy/videos/runway-released-gen-45-and-its-claimed-to-be-the-best-ai-video-model-in-the-worl/2001951320595630/,"{""discovery"":{""source"":""SearXNG site-scope"",""query"":""Runway AI video creator site:facebook.com"",""url"":""https://www.facebook.com/aisavvy/videos/runway-released-gen-45-and-its-claimed-to-be-the-best-ai-video-model-in-the-worl/2001951320595630/""},""aigc_verdict"":{""source"":""search snippet only"",""value"":""unsure""}}"
https://facebook.com/runwayml/posts/seedance-25-is-now-on-runwaybring-up-to-50-references-across-images-video-and-au/1474380971375056,@runwayml,Facebook,,,"AIGC,Meta,needs-seated-pass",New,2026-08-13T10:11:23Z,,,Runway,,unsure,2026-08-13T10:11:23Z,SearXNG Runway AI video creator site:facebook.com,routine Meta discovery; no computer_use; META_GRAPH_TOKEN not available to this run; needs Graph retry or seated pass,,https://www.facebook.com/runwayml/posts/seedance-25-is-now-on-runwaybring-up-to-50-references-across-images-video-and-au/1474380971375056/,"{""discovery"":{""source"":""SearXNG site-scope"",""query"":""Runway AI video creator site:facebook.com"",""url"":""https://www.facebook.com/runwayml/posts/seedance-25-is-now-on-runwaybring-up-to-50-references-across-images-video-and-au/1474380971375056/""},""aigc_verdict"":{""source"":""search snippet only"",""value"":""unsure""}}"
https://facebook.com/nasirushamim/posts/top-10-ai-video-tools01-runway-generates-and-edits-highly-stylized-cinematic-vid/1444845337217930,@NasirUShamim,Facebook,,,"AIGC,Meta,needs-seated-pass",New,2026-08-13T10:11:23Z,,,Runway,,unsure,2026-08-13T10:11:23Z,SearXNG Runway AI video creator site:facebook.com,routine Meta discovery; no computer_use; META_GRAPH_TOKEN not available to this run; needs Graph retry or seated pass,,https://www.facebook.com/NasirUShamim/posts/top-10-ai-video-tools01-runway-generates-and-edits-highly-stylized-cinematic-vid/1444845337217930/,"{""discovery"":{""source"":""SearXNG site-scope"",""query"":""Runway AI video creator site:facebook.com"",""url"":""https://www.facebook.com/NasirUShamim/posts/top-10-ai-video-tools01-runway-generates-and-edits-highly-stylized-cinematic-vid/1444845337217930/""},""aigc_verdict"":{""source"":""search snippet only"",""value"":""unsure""}}"
https://threads.net/@h_e_l_l_o_1_9_9_8,@h_e_l_l_o_1_9_9_8,Threads,,,"AIGC,Threads,discovery-only,Kling,Higgsfield,Nano Banana",New,2026-08-13T14:19:01Z,,,Kling,https://www.threads.net/@h_e_l_l_o_1_9_9_8,unsure,2026-08-13T14:19:01Z,off-platform sweep Threads (https://www.threads.net/@h_e_l_l_o_1_9_9_8),discovery-only lead; no API follower count in this sweep; AIGC not inferred from snippet,,https://www.threads.net/@h_e_l_l_o_1_9_9_8,"{""discovery"":{""source"":""https://www.threads.net/@h_e_l_l_o_1_9_9_8"",""why_flagged"":""Balan Elumalai (@h_e_l_l_o_1_9_9_8) - Threads — Few creators understand prompts. Built using: Higgsfield AI Kling AI Nano Banana prompt engineering Character consistency layering AI video animation workflow.""},""aigc_verdict"":{""source"":""search_index_snippet_only"",""verdict"":""unsure""},""follower_count"":{""source"":""not_obtained_in_offplatform_sweep"",""value"":""""}}"
https://facebook.com/talhaashraf01,@talhaashraf01,Facebook,,,"AIGC,Facebook,discovery-only,Veo",New,2026-08-13T14:19:01Z,,,Veo,https://www.facebook.com/talhaashraf01/posts/-google-veo-3-free-new-method-100-working-how-to-use-veo-3-free-generate-high-qu/1089525700062098/,unsure,2026-08-13T14:19:01Z,off-platform sweep Facebook (https://www.facebook.com/talhaashraf01/posts/-google-veo-3-free-new-method-100-working-how-to-use-veo-3-free-generate-high-qu/1089525700062098/),discovery-only lead; no API follower count in this sweep; AIGC not inferred from snippet,,https://www.facebook.com/talhaashraf01/posts/-google-veo-3-free-new-method-100-working-how-to-use-veo-3-free-generate-high-qu/1089525700062098/,"{""discovery"":{""source"":""https://www.facebook.com/talhaashraf01/posts/-google-veo-3-free-new-method-100-working-how-to-use-veo-3-free-generate-high-qu/1089525700062098/"",""why_flagged"":""Google VEO 3 Free New Method - 100% Working How to Use VEO ... — 16 Aug 2025 ... Access to Google's Veo 3 AI Video Generator (Hidden Feature Alert!)Did you know you're probably sitting on a goldmine of AI video creation tools ...""},""aigc_verdict"":{""source"":""search_index_snippet_only"",""verdict"":""unsure""},""follower_count"":{""source"":""not_obtained_in_offplatform_sweep"",""value"":""""}}"
https://www.tiktok.com/@gazi.ai,@gazi.ai,TikTok,665.5K,,"AIGC,TikTok,AI content",New,2026-09-01,,English,,https://www.tiktok.com/@gazi.ai,unsure,2026-09-01,web_search: Feedspot Top 40 AI TikTok Influencers 2026,"Discovered via Feedspot list. TikTok profile: 665.5K followers, AI content creator. Bio: let's suffer with aim, shall we.",https://www.tiktok.com/@gazi.ai,,
https://www.tiktok.com/@rileybrown.ai,@rileybrown.ai,TikTok,636.6K,,"AIGC,TikTok,AI fashion",New,2026-09-01,,English,,https://www.tiktok.com/@rileybrown.ai,unsure,2026-09-01,web_search: Feedspot Top 40 AI TikTok Influencers 2026,"Discovered via Feedspot list. TikTok profile: 636.6K followers, AI fashion innovator. Bio: I talk about AI agent tools everyone should learn.",https://www.tiktok.com/@rileybrown.ai,,
https://www.tiktok.com/@aisavvy,@aisavvy,TikTok,434.1K,,"AIGC,TikTok,AI education",New,2026-09-01,,English,,https://www.tiktok.com/@aisavvy,unsure,2026-09-01,web_search: Feedspot Top 40 AI TikTok Influencers 2026,"Discovered via Feedspot list. TikTok profile: 434.1K followers, AI education expert. Creates informative videos explaining AI concepts and trends.",https://www.tiktok.com/@aisavvy,,
https://www.tiktok.com/@nomadatoast,@nomadatoast,TikTok,306.6K,,"AIGC,TikTok,AI travel",New,2026-09-01,,English,,https://www.tiktok.com/@nomadatoast,unsure,2026-09-01,web_search: Feedspot Top 40 AI TikTok Influencers 2026,"Discovered via Feedspot list. TikTok profile: 306.6K followers, AI travel storyteller. Uses AI-enhanced landscapes and destination recommendations.",https://www.tiktok.com/@nomadatoast,,
https://www.tiktok.com/@fawziammache,@fawziammache,TikTok,117.1K,,"AIGC,TikTok,AI motivation",New,2026-09-01,,English,,https://www.tiktok.com/@fawziammache,unsure,2026-09-01,web_search: Feedspot Top 40 AI TikTok Influencers 2026,"Discovered via Feedspot list. TikTok profile: 117.1K followers, AI-driven motivator. Uses AI-generated backgrounds and personalized affirmations.",https://www.tiktok.com/@fawziammache,,
https://www.tiktok.com/@sineadbovell,@sineadbovell,TikTok,311.1K,,"AIGC,TikTok,futurist,tech commentator",New,2026-09-01,,English,,https://www.tiktok.com/@sineadbovell,unsure,2026-09-01,web_search: Feedspot Top 40 AI TikTok Influencers 2026,"Futurist, WAYE Founder, tech commentator. Bio: Futurist WAYE Founder🎥Tech commentator🇨🇦My Substack articles ⬇️ @sineadbovell.com",https://www.tiktok.com/@sineadbovell,,
https://www.tiktok.com/@justinfineberg,@justinfineberg,TikTok,289.2K,,"AIGC,TikTok,AI agents,CEO",New,2026-09-01,,English,,https://www.tiktok.com/@justinfineberg,unsure,2026-09-01,web_search: Feedspot Top 40 AI TikTok Influencers 2026,CEO @ Cassidy.ai. AI Agents that operate like your team. Bio: CEO @ Cassidy.ai 🔮AI Agents that operate like your team 🚀Follow me to stay ahead in AI👇(We're hiring!) @justinfineberg.com,https://www.tiktok.com/@justinfineberg,,
https://www.tiktok.com/@andyhafell,@andyhafell,TikTok,225.2K,,"AIGC,TikTok,AI agents,automation",New,2026-09-01,,English,,https://www.tiktok.com/@andyhafell,unsure,2026-09-01,web_search: Feedspot Top 40 AI TikTok Influencers 2026,Build AI Agents & Automations. Bio: Build AI Agents & Automations that does work for you 👇 @andyhafell.com,https://www.tiktok.com/@andyhafell,,
https://www.tiktok.com/@shedoesai,@shedoesai,TikTok,221K,,"AIGC,TikTok,AI newsletter,AI tools",New,2026-09-01,,English,,https://www.tiktok.com/@shedoesai,unsure,2026-09-01,web_search: Feedspot Top 40 AI TikTok Influencers 2026,FREE AI Newsletter & list of AI tools. Bio: 🛠️ FREE AI Newsletter & list of AI tools👇📧 @shedoesai.com,https://www.tiktok.com/@shedoesai,,
https://www.tiktok.com/@immadsal,@immadsal,TikTok,183.1K,,"AIGC,TikTok,AI expert,Photoshop, Satire",New,2026-09-01,,English,,https://www.tiktok.com/@immadsal,unsure,2026-09-01,web_search: Feedspot Top 40 AI TikTok Influencers 2026,"AI Expert, Photoshop Expert, Satire. Bio: AI ExpertPhotoshop ExpertSatire @dulcedo.com",https://www.tiktok.com/@immadsal,,
https://www.facebook.com/nightcafestudio,NightCafe,Facebook,,,"AIGC,Facebook,AI art,AI community,discovery-only",New,2026-09-01,,English,,https://www.facebook.com/nightcafestudio,unsure,2026-09-01,web_search: AI generated influencers lists 2025,AI art community platform. One of the largest AI art communities. Public Facebook page.,https://www.facebook.com/nightcafestudio,,
https://www.facebook.com/AutumnSkyeART,Autumn Skye ART,Facebook,,,"AIGC,Facebook,AI art,digital art,discovery-only",New,2026-09-01,,English,,https://www.facebook.com/AutumnSkyeART,unsure,2026-09-01,web_search: AI generated influencers lists 2025,Digital artist exploring AI and human art intersection. Public Facebook page.,https://www.facebook.com/AutumnSkyeART,,
https://www.facebook.com/R3DZ3RO,R3DZ3RO (Zerro),Facebook,,,"AIGC,Facebook,AI influencer,virtual influencer,discovery-only",New,2026-09-01,,English,,https://www.facebook.com/R3DZ3RO,unsure,2026-09-01,web_search: AI generated influencers lists 2025,AI-generated virtual influencer created by Namecheap. Public Facebook page.,https://www.facebook.com/R3DZ3RO,,
https://www.facebook.com/Imma.ai,Imma (Imma.ai),Facebook,,,"AIGC,Facebook,virtual influencer,AI influencer,discovery-only",New,2026-09-01,,Japanese,,https://www.facebook.com/Imma.ai,unsure,2026-09-01,web_search: AI generated influencers lists 2025,Virtual AI influencer by Trigger Inc. Fashion/modeling persona. Public Facebook page.,https://www.facebook.com/Imma.ai,,
https://www.facebook.com/AitanaLopezAI,Aitana Lopez AI,Facebook,,,"AIGC,Facebook,virtual influencer,AI model,fashion,discovery-only",New,2026-09-01,,Spanish,,https://www.facebook.com/AitanaLopezAI,unsure,2026-09-01,web_search: AI generated influencers lists 2025,AI-generated virtual model/influencer. Fashion content. Public Facebook page.,https://www.facebook.com/AitanaLopezAI,,
https://www.tiktok.com/@brandnat,@brandnat,TikTok,445900,hello@brandnat.com,"AIGC,TikTok,AI automation,business,small-creator",New,,Australia,en,Unknown,https://www.tiktok.com/@brandnat,yes,2026-09-01T07:27:58Z,FeedSpot Top 40 AI TikTok Influencers 2026; TikTok profile verified,"Brand Nat | AI Automation. Natalie Choprasert. AI + Automation for Business. 445.9K followers. Partnered with OpenAI, Anthropic, Microsoft.",,https://stan.store/brandnat,"{""profile_bio"":""AI Automation Tech for Business"",""follower_count"":{""source"":""tiktok_profile_web_extract"",""value"":""445900""},""discovered_at"":""2026-09-01T07:27:58Z""}"
https://www.tiktok.com/@aicenturyclips,@aicenturyclips,TikTok,435400,Aicenturyinfo@gmail.com,"AIGC,TikTok,AI clips,AI tools,small-creator",New,,Unknown,en,Unknown,https://www.tiktok.com/@aicenturyclips,yes,2026-09-01T07:27:58Z,FeedSpot Top 40 AI TikTok Influencers 2026; TikTok profile verified,AI Century. AI video clips channel. 435.4K followers. Twin brother @InsidersAI. Creates AI-generated short clips.,,https://www.tiktok.com/@aicenturyclips,"{""profile_bio"":""AI Century - AI video clips"",""follower_count"":{""source"":""tiktok_profile_web_extract"",""value"":""435400""},""discovered_at"":""2026-09-01T07:27:58Z""}"
https://www.tiktok.com/@tony.aube,@tony.aube,TikTok,424700,not exposed,"AIGC,TikTok,AI design,ex-Google AI,small-creator",New,,USA (Silicon Valley),en,Unknown,https://www.tiktok.com/@tony.aube,yes,2026-09-01T07:27:58Z,FeedSpot Top 40 AI TikTok Influencers 2026; TikTok profile verified; Snopes fact-check reference,"Tony Aube. Designer in Silicon Valley, ex-Google AI. Known for AI-generated Harry Potter Pixar parody video. 424.7K followers.",,https://www.tiktok.com/@tony.aube,"{""profile_bio"":""Designer in Silicon Valley, Ex Google AI"",""follower_count"":{""source"":""tiktok_profile_web_extract"",""value"":""424700""},""discovered_at"":""2026-09-01T07:27:58Z""}"
https://www.tiktok.com/@kanekallaway,@kanekallaway,TikTok,417100,not exposed,"AIGC,TikTok,AI tech,content creation,small-creator",New,,Unknown,en,Unknown,https://www.tiktok.com/@kanekallaway,yes,2026-09-01T07:27:58Z,FeedSpot Top 40 AI TikTok Influencers 2026; TikTok profile verified,Kane Kallaway. Tech & AI content. Co-founder of sandcastles.ai. Helps businesses stay ahead in AI era. 417.1K followers.,,https://www.tiktok.com/@kanekallaway,"{""profile_bio"":""Tech and AI - Helping you stay ahead in the AI era"",""follower_count"":{""source"":""tiktok_profile_web_extract"",""value"":""417100""},""discovered_at"":""2026-09-01T07:27:58Z""}"
https://www.tiktok.com/@gianluca.mauro,@gianluca.mauro,TikTok,171400,not exposed,"AIGC,TikTok,AI entrepreneur,AI Academy,small-creator",New,,Italy,en,Unknown,https://www.tiktok.com/@gianluca.mauro,yes,2026-09-01T07:27:58Z,FeedSpot Top 40 AI TikTok Influencers 2026; TikTok profile verified; gianlucamauro.com,"Gianluca Mauro. AI entrepreneur, founder of AI Academy. Harvard Executive Education instructor. TEDx speaker. 171.4K followers.",,https://www.tiktok.com/@gianluca.mauro,"{""profile_bio"":""AI entrepreneur | AI Academy founder"",""follower_count"":{""source"":""tiktok_profile_web_extract"",""value"":""171400""},""discovered_at"":""2026-09-01T07:27:58Z""}"
https://www.tiktok.com/@bio_makers1,@bio_makers1,TikTok,6.1M,not exposed,"AIGC,TikTok,AI,robotics,conferences",New,,Dominican Republic,Spanish,Unknown,https://www.tiktok.com/@bio_makers1,unsure,2026-09-02T05:21:02Z,FeedSpot Top 40 AI TikTok Influencers 2026,Jonathan Bazan. 8 years in humanoid robots. AI applied expert. @biomakers.ai. 6.1M TikTok followers. Discovered via FeedSpot AI TikTok list (updated Aug 19 2026).,https://www.tiktok.com/@bio_makers1,https://www.tiktok.com/@bio_makers1,"{""discovery"":{""source"":""FeedSpot"",""url"":""https://creators.feedspot.com/ai_tiktok_influencers/"",""title"":""Top 40 AI TikTok Influencers 2026"",""followers"":""6.1M""}}"
https://www.tiktok.com/@adam.digital,@adam.digital,TikTok,534.5K,not exposed,"AIGC,TikTok,AI,marketing,productivity",New,,Malaysia,English,Unknown,https://www.tiktok.com/@adam.digital,unsure,2026-09-02T05:21:02Z,FeedSpot Top 40 AI TikTok Influencers 2026,Gan Yin Choong. AI educator for entrepreneurs/creators. @adamgodigital.com. 534.5K TikTok followers.,https://www.tiktok.com/@adam.digital,https://www.tiktok.com/@adam.digital,"{""discovery"":{""source"":""FeedSpot"",""url"":""https://creators.feedspot.com/ai_tiktok_influencers/"",""title"":""Top 40 AI TikTok Influencers 2026"",""followers"":""534.5K""}}"
https://www.tiktok.com/@thechriswinfield,@thechriswinfield,TikTok,121K,not exposed,"AIGC,TikTok,AI,news",New,,United States,English,Unknown,https://www.tiktok.com/@thechriswinfield,unsure,2026-09-02T05:21:02Z,FeedSpot Top 40 AI TikTok Influencers 2026,Chris Winfield. AI news in 90 seconds/day. @chriswinfield.com. 121K TikTok followers.,https://www.tiktok.com/@thechriswinfield,https://www.tiktok.com/@thechriswinfield,"{""discovery"":{""source"":""FeedSpot"",""url"":""https://creators.feedspot.com/ai_tiktok_influencers/"",""title"":""Top 40 AI TikTok Influencers 2026"",""followers"":""121K""}}"
https://www.instagram.com/troplanduniverse,@troplanduniverse,Instagram,1.4M,not exposed,"AIGC,Instagram,AI art,visual storytelling",New,,United States,English,Unknown,https://www.instagram.com/troplanduniverse,unsure,2026-09-02T05:21:02Z,FeedSpot Top 40 AI Artists Instagram Influencers 2026,"Josh Gottsegen. Digital Animal Kingdom. Billions of views. @troplanduniverse.com. Featured by Meta, Adobe, OpenAI. 1.4M followers, +46% growth in 3 months.",https://www.instagram.com/troplanduniverse,https://www.instagram.com/troplanduniverse,"{""discovery"":{""source"":""FeedSpot"",""url"":""https://influencers.feedspot.com/ai_artists_instagram_influencers/"",""title"":""Top 40 AI Artists Instagram Influencers 2026"",""followers"":""1.4M"",""growth_3mo"":""+46%""}}"
https://www.instagram.com/emilypellegrini,@emilypellegrini,Instagram,547.3K,not exposed,"AIGC,Instagram,AI model,lifestyle",New,,United States,English,Unknown,https://www.instagram.com/emilypellegrini,unsure,2026-09-02T05:21:02Z,Biogooglies Top AI Influencers Instagram 2026,Emily Pellegrini. AI creator pioneer. 547.3K Instagram followers. Aesthetic & lifestyle. Fast growth since 2023.,https://www.instagram.com/emilypellegrini,https://www.instagram.com/emilypellegrini,"{""discovery"":{""source"":""Biogooglies"",""url"":""https://biogooglies.com/top-ai-influencers-on-instagram/"",""title"":""Top AI Influencers on Instagram 2026"",""followers"":""547.3K""}}"
https://www.instagram.com/hannamalkova,@hannamalkova,Instagram,356.1K,not exposed,"AIGC,Instagram,AI model,beauty",New,,Eastern Europe,Unknown,Unknown,https://www.instagram.com/hannamalkova,unsure,2026-09-02T05:21:02Z,Biogooglies Top AI Influencers Instagram 2026,Hanna Malkova. AI model. Beauty & lingerie niche. 356.1K Instagram followers. Eastern Europe.,https://www.instagram.com/hannamalkova,https://www.instagram.com/hannamalkova,"{""discovery"":{""source"":""Biogooglies"",""url"":""https://biogooglies.com/top-ai-influencers-on-instagram/"",""title"":""Top AI Influencers on Instagram 2026"",""followers"":""356.1K""}}"
https://www.instagram.com/aditi.aimuse,@aditi.aimuse,Instagram,264K,not exposed,"AIGC,Instagram,AI model,fashion,fitness",New,,India,English,Unknown,https://www.instagram.com/aditi.aimuse,unsure,2026-09-02T05:21:02Z,Biogooglies Top AI Influencers Instagram 2026,"Aditi Aimuse. AI-powered fashion & brand creator. Beauty, polished styling. 264K Instagram followers. India. Second wave virtual influencer.",https://www.instagram.com/aditi.aimuse,https://www.instagram.com/aditi.aimuse,"{""discovery"":{""source"":""Biogooglies"",""url"":""https://biogooglies.com/top-ai-influencers-on-instagram/"",""title"":""Top AI Influencers on Instagram 2026"",""followers"":""264K""}}"
https://www.instagram.com/jocelincarmes,@jocelincarmes,Instagram,565.2K,not exposed,"AIGC,Instagram,digital art,illustration",New,,Unknown,English,Unknown,https://www.instagram.com/jocelincarmes,unsure,2026-09-02T05:21:02Z,FeedSpot Top 100 Digital Art Instagram Influencers 2026,"Jocelin Carmes. Freelance vis dev artist. Clients: Sony, Netflix, WotC, Riot. 565.2K Instagram followers. B. 1995.",https://www.instagram.com/jocelincarmes,https://www.instagram.com/jocelincarmes,"{""discovery"":{""source"":""FeedSpot"",""url"":""https://influencers.feedspot.com/digital_art_instagram_influencers/"",""title"":""Top 100 Digital Art Instagram Influencers 2026"",""followers"":""565.2K""}}"
https://www.instagram.com/cy_artsfun,@cy_artsfun,Instagram,116.6K,not exposed,"AIGC,Instagram,AI art,generative",New,,Unknown,English,Unknown,https://www.instagram.com/cy_artsfun,unsure,2026-09-02T05:21:02Z,FeedSpot Top 100 Digital Art Instagram Influencers 2026,CY ArtsFun. Artist x AI Explorer since 2020. Original sketches + AI art. 116.6K Instagram followers.,https://www.instagram.com/cy_artsfun,https://www.instagram.com/cy_artsfun,"{""discovery"":{""source"":""FeedSpot"",""url"":""https://influencers.feedspot.com/digital_art_instagram_influencers/"",""title"":""Top 100 Digital Art Instagram Influencers 2026"",""followers"":""116.6K""}}"
https://www.instagram.com/tarynsouthern,@tarynsouthern,Instagram,106.5K,not exposed,"AIGC,Instagram,AI,neuroscience,tech anthropologist",New,,United States,English,Unknown,https://www.instagram.com/tarynsouthern,unsure,2026-09-02T05:21:02Z,FeedSpot Top 40 AI Artists Instagram Influencers 2026,Taryn Southern. AI & neuroscience tips + workflows. Tech anthropologist. Speaker at Blackrock Neurotech. @farfuturrmedia.com. 106.5K Instagram followers.,https://www.instagram.com/tarynsouthern,https://www.instagram.com/tarynsouthern,"{""discovery"":{""source"":""FeedSpot"",""url"":""https://influencers.feedspot.com/ai_artists_instagram_influencers/"",""title"":""Top 40 AI Artists Instagram Influencers 2026"",""followers"":""106.5K""}}"
https://www.tiktok.com/@bio_makers1,@bio_makers1,TikTok,6100000,not exposed,"AIGC,TikTok,AI robots,education",New,,Dominican Republic,es,Unknown,https://www.tiktok.com/@bio_makers1,unsure,2026-09-03T02:06:12Z,web_search: Feedspot Top 40 AI TikTok Influencers 2026,Jhon Bazan. AI robotics educator. 6.1M followers. Mega influencer.,https://www.tiktok.com/@bio_makers1,,"{""discovery"": {""source"": ""Feedspot"", ""url"": ""https://creators.feedspot.com/ai_tiktok_influencers/"", ""title"": ""Top 40 AI TikTok Influencers 2026"", ""followers"": ""6.1M""}}"
https://www.tiktok.com/@harshathementor,@harshathementor,TikTok,403800,not exposed,"AIGC,TikTok,AI agency,business",New,,India,en,Unknown,https://www.tiktok.com/@harshathementor,unsure,2026-09-03T02:06:12Z,web_search: Feedspot Top 40 AI TikTok Influencers 2026,Harsha Tambareni. AI agency educator. Quit engineering to scale AI agency. 403.8K followers.,https://www.tiktok.com/@harshathementor,,"{""discovery"": {""source"": ""Feedspot"", ""url"": ""https://creators.feedspot.com/ai_tiktok_influencers/"", ""title"": ""Top 40 AI TikTok Influencers 2026"", ""followers"": ""403.8K""}}"
https://www.tiktok.com/@sineadbovell,@sineadbovell,TikTok,311100,not exposed,"AIGC,TikTok,futurist,tech commentary",New,,Canada,en,Unknown,https://www.tiktok.com/@sineadbovell,unsure,2026-09-03T02:06:12Z,web_search: Feedspot Top 40 AI TikTok Influencers 2026,"Sinead Bovell. Futurist, WAYE Founder. Tech commentator. 311.1K followers.",https://www.tiktok.com/@sineadbovell,,"{""discovery"": {""source"": ""Feedspot"", ""url"": ""https://creators.feedspot.com/ai_tiktok_influencers/"", ""title"": ""Top 40 AI TikTok Influencers 2026"", ""followers"": ""311.1K""}}"
https://www.tiktok.com/@justinfineberg,@justinfineberg,TikTok,289200,not exposed,"AIGC,TikTok,AI agents,business",New,,US,en,Unknown,https://www.tiktok.com/@justinfineberg,unsure,2026-09-03T02:06:12Z,web_search: Feedspot Top 40 AI TikTok Influencers 2026,Justin Fineberg. CEO @ Cassidy.ai. AI Agents. 289.2K followers.,https://www.tiktok.com/@justinfineberg,,"{""discovery"": {""source"": ""Feedspot"", ""url"": ""https://creators.feedspot.com/ai_tiktok_influencers/"", ""title"": ""Top 40 AI TikTok Influencers 2026"", ""followers"": ""289.2K""}}"
https://www.tiktok.com/@fawziammache,@fawziammache,TikTok,132300,not exposed,"AIGC,TikTok,AI explainer,design",New,,Canada,en,Unknown,https://www.tiktok.com/@fawziammache,unsure,2026-09-03T02:06:12Z,web_search: Feedspot Top 40 AI TikTok Influencers 2026,Fawzi Ammache. Designer & Engineer. Explaining AI without hype. 100% hand-drawn visuals. 132.3K followers.,https://www.tiktok.com/@fawziammache,,"{""discovery"": {""source"": ""Feedspot"", ""url"": ""https://creators.feedspot.com/ai_tiktok_influencers/"", ""title"": ""Top 40 AI TikTok Influencers 2026"", ""followers"": ""132.3K""}}"
https://www.instagram.com/troplanduniverse,@troplanduniverse,Instagram,984000,not exposed,"AIGC,Instagram,AI wildlife art,verified",New,,US,en,Unknown,https://www.instagram.com/troplanduniverse,unsure,2026-09-03T02:06:12Z,web_search: Feedspot Top 40 AI Artists Instagram Influencers 2026,"Josh Gottsegen. Digital Animal Kingdom. 1.5B+ views. Featured by Meta, Adobe, OpenAI. 984K followers.",https://www.instagram.com/troplanduniverse,,"{""discovery"": {""source"": ""Feedspot"", ""url"": ""https://influencers.feedspot.com/ai_artists_instagram_influencers/"", ""title"": ""Top 40 AI Artists Instagram Influencers 2026"", ""followers"": ""984K""}}"
https://www.instagram.com/rowan_lewgalon_aiart,@rowan_lewgalon_aiart,Instagram,118600,not exposed,"AIGC,Instagram,AI art,verified",New,,Unknown,en,Unknown,https://www.instagram.com/rowan_lewgalon_aiart,unsure,2026-09-03T02:06:12Z,web_search: Feedspot Top 40 AI Artists Instagram Influencers 2026,Rowan. AI artist. Nightcafe Studio Ambassador. 118.6K followers.,https://www.instagram.com/rowan_lewgalon_aiart,,"{""discovery"": {""source"": ""Feedspot"", ""url"": ""https://influencers.feedspot.com/ai_artists_instagram_influencers/"", ""title"": ""Top 40 AI Artists Instagram Influencers 2026"", ""followers"": ""118.6K""}}"
https://www.instagram.com/juliewdesign,@juliewdesign,Instagram,25300,not exposed,"AIGC,Instagram,AI art,design",New,,Unknown,en,Unknown,https://www.instagram.com/juliewdesign,unsure,2026-09-03T02:06:12Z,web_search: Feedspot Top 40 AI Artists Instagram Influencers 2026,Julie W. Design. Art Director blending traditional techniques with generative AI. 25.3K followers.,https://www.instagram.com/juliewdesign,,"{""discovery"": {""source"": ""Feedspot"", ""url"": ""https://influencers.feedspot.com/ai_artists_instagram_influencers/"", ""title"": ""Top 40 AI Artists Instagram Influencers 2026"", ""followers"": ""25.3K""}}"
https://www.instagram.com/poetofcode,@poetofcode,Instagram,33500,not exposed,"AIGC,Instagram,AI ethics,verified",New,,US,en,Unknown,https://www.instagram.com/poetofcode,unsure,2026-09-03T02:06:12Z,web_search: Feedspot Top 40 AI Artists Instagram Influencers 2026,Dr. Joy Buolamwini. AI Ethics Leader. MIT PhD. Founder Algorithmic Justice League. 33.5K followers.,https://www.instagram.com/poetofcode,,"{""discovery"": {""source"": ""Feedspot"", ""url"": ""https://influencers.feedspot.com/ai_artists_instagram_influencers/"", ""title"": ""Top 40 AI Artists Instagram Influencers 2026"", ""followers"": ""33.5K""}}"
https://www.linkedin.com/in/vladyslavsidko,Vladyslav Sidko,LinkedIn,not exposed,not exposed,"AIGC,LinkedIn,AI filmmaker,motion design",New,,"Barcelona, Spain",en,Unknown,https://www.linkedin.com/in/vladyslavsidko,unsure,2026-09-03T02:06:12Z,web_search: LinkedIn AI filmmaker search 2025,AI Filmmaker & Motion Designer. 6+ years video production. 2 years generative AI filmmaking. Founder INFADE. Based in Barcelona.,https://www.linkedin.com/in/vladyslavsidko,,"{""discovery"": {""source"": ""LinkedIn search"", ""url"": ""https://www.linkedin.com/in/vladyslavsidko"", ""title"": ""Vladyslav Sidko - AI Filmmaker""}}"
https://www.youtube.com/@zorilov_ai,@zorilov_ai,YouTube,,not exposed,"AIGC,YouTube,AI video,filmmaking",New,,Unknown,en,Unknown,https://www.youtube.com/@zorilov_ai,unsure,2026-09-03T06:26:32Z,web_search: AI video YouTube creator search 2025,Alexander Zorilov. AI video creator on YouTube.,https://www.youtube.com/@zorilov_ai,,"{""discovery"": {""source"": ""web_search"", ""url"": ""https://www.youtube.com/@zorilov_ai"", ""title"": ""Alexander Zorilov - YouTube""}}"
https://www.youtube.com/@SudarshanTube,@SudarshanTube,YouTube,,not exposed,"AIGC,YouTube,AI filmmaking,music",New,,India,en,Unknown,https://www.youtube.com/@SudarshanTube,unsure,2026-09-03T06:26:32Z,web_search: AI video YouTube creator search 2025,"Sudarshan Senthilvel. AI filmmaker, Google DeepMind Trusted Tester. Top 1% YPP channel. Stanford Arts grad, Berklee-certified musician.",https://www.youtube.com/@SudarshanTube,,"{""discovery"": {""source"": ""web_search"", ""url"": ""https://www.youtube.com/@SudarshanTube"", ""title"": ""SudarshanTube - AI Filmmaker""}}"
https://www.youtube.com/@dorbrothers,@dorbrothers,YouTube,,not exposed,"AIGC,YouTube,AI filmmaking,Veo",New,,"London, UK",en,Veo,https://www.youtube.com/@dorbrothers,unsure,2026-09-03T06:26:32Z,web_search: AI video YouTube creator search 2025,The Dor Brothers (Dan & Phil Dor). Lisbon-based AI filmmaking duo. Early Midjourney/Runway users. Use Veo 3.1 and Hailuo AI. Founded The Dor AI production company.,https://www.youtube.com/@dorbrothers,,"{""discovery"": {""source"": ""web_search"", ""url"": ""https://www.youtube.com/@dorbrothers"", ""title"": ""The Dor Brothers - AI Filmmakers""}}"
https://www.linkedin.com/in/dayaan-ahmed-6681712b4,Dayan Ahmed,LinkedIn,not exposed,not exposed,"AIGC,LinkedIn,AI filmmaking,generative video",New,,Unknown,en,Unknown,https://www.linkedin.com/in/dayaan-ahmed-6681712b4,unsure,2026-09-03T06:26:32Z,web_search: LinkedIn AI filmmaker search 2025,"Generative AI Filmmaker. Chroma Awards 2025. CPP at invideo.io, openart_ai, pixverse, klingai, dreamina_ai, thankyouai.hq.",https://www.linkedin.com/in/dayaan-ahmed-6681712b4,,"{""discovery"": {""source"": ""LinkedIn search"", ""url"": ""https://www.linkedin.com/in/dayaan-ahmed-6681712b4"", ""title"": ""Dayan Ahmed - Generative AI Filmmaker""}}"
https://www.linkedin.com/in/yousef-k-956b996a,Yousef K.,LinkedIn,not exposed,not exposed,"AIGC,LinkedIn,AI filmmaking,Dreamina",New,,Unknown,en,Seedance,https://www.linkedin.com/in/yousef-k-956b996a,unsure,2026-09-03T06:26:32Z,web_search: LinkedIn AI filmmaker search 2025,"Multi-award-winning independent AI filmmaker. Dreamina Creative Partner. Creates cinematic concept films and proof-of-concept trailers with Seedance 2.5, GPT Image 2, Luma AI.",https://www.linkedin.com/in/yousef-k-956b996a,,"{""discovery"": {""source"": ""LinkedIn search"", ""url"": ""https://www.linkedin.com/in/yousef-k-956b996a"", ""title"": ""Yousef K. - AI Filmmaker""}}"
https://www.linkedin.com/in/max-sawicki-020ba9322,Max Sawicki,LinkedIn,not exposed,not exposed,"AIGC,LinkedIn,AI video,ComfyUI,creative tech",New,,Unknown,en,ComfyUI,https://www.linkedin.com/in/max-sawicki-020ba9322,unsure,2026-09-03T06:26:32Z,web_search: LinkedIn AI video creator search 2025,"Creative Technologist | AI & Video Specialist. 440K+ YouTube subscribers, 45M+ views. ComfyUI, Blender, Unreal Engine expert. Adobe MAX Insider. Collaborated with Google VEO team.",https://www.linkedin.com/in/max-sawicki-020ba9322,,"{""discovery"": {""source"": ""LinkedIn search"", ""url"": ""https://www.linkedin.com/in/max-sawicki-020ba9322"", ""title"": ""Max Sawicki - Creative Technologist""}}"
https://www.linkedin.com/in/nell-lundy-1178b82,Nell Lundy,LinkedIn,not exposed,not exposed,"AIGC,LinkedIn,generative AI,immersive media",New,,Unknown,en,Unknown,https://www.linkedin.com/in/nell-lundy-1178b82,unsure,2026-09-03T06:26:32Z,web_search: LinkedIn generative AI creator search 2025,"Creative director and producer. Works with experiential storytelling, production systems, live audiences, and enterprise clients. Generative AI and immersive media focus.",https://www.linkedin.com/in/nell-lundy-1178b82,,"{""discovery"": {""source"": ""LinkedIn search"", ""url"": ""https://www.linkedin.com/in/nell-lundy-1178b82"", ""title"": ""Nell Lundy - Generative AI""}}"
https://www.linkedin.com/in/matthewszewczyk1,Matthew Szewczyk,LinkedIn,not exposed,not exposed,"AIGC,LinkedIn,AI video,filmmaking",New,,Unknown,en,Unknown,https://www.linkedin.com/in/matthewszewczyk1,unsure,2026-09-03T06:26:32Z,web_search: LinkedIn AI video creator search 2025,"Created viral AI video project ""Living in America"". Uses directorial skills from film school to string together AI-generated content.",https://www.linkedin.com/in/matthewszewczyk1,,"{""discovery"": {""source"": ""LinkedIn search"", ""url"": ""https://www.linkedin.com/in/matthewszewczyk1"", ""title"": ""Matthew Szewczyk - AI Video""}}"
https://www.linkedin.com/in/kelly-boesch,Kelly Boesch,LinkedIn,not exposed,not exposed,"AIGC,LinkedIn,AI art,AI tools",New,,Unknown,en,Unknown,https://www.linkedin.com/in/kelly-boesch,unsure,2026-09-03T06:26:32Z,web_search: LinkedIn AI artist search 2025,AI Tools Artist Spotlight (ProVideo Coalition interview). One of AI creative visual pioneers.,https://www.linkedin.com/in/kelly-boesch,,"{""discovery"": {""source"": ""web_search"", ""url"": ""https://www.linkedin.com/in/kelly-boesch"", ""title"": ""Kelly Boesch - AI Artist""}}"
https://www.youtube.com/@KavanTheKid,@KavanTheKid,YouTube,,not exposed,"AIGC,YouTube,AI filmmaking,IP",New,,US,en,Veo,https://www.youtube.com/@KavanTheKid,unsure,2026-09-03T06:26:32Z,web_search: AI video YouTube creator search 2025,"Kavan Cardoza (Kavan the Kid). Creates ""The Chronicles of Bone"" AI animated series.Copyright-registered scripts and character designs. Uses Veo and Seedance 2.0. 11.5 min episodes take 14-16 days.",https://www.youtube.com/@KavanTheKid,,"{""discovery"": {""source"": ""web_search"", ""url"": ""https://www.youtube.com/@KavanTheKid"", ""title"": ""Kavan the Kid - AI Filmmaker""}}"
https://www.tiktok.com/@the.rachelwoods,@the.rachelwoods (Rachel Woods),TikTok,169.3K,not exposed,"AIGC,TikTok,AI operator,business",New,,US,en,AI operator workflows,https://www.tiktok.com/@the.rachelwoods,unsure,2026-09-04T00:52:16Z,FeedSpot Top 40 AI TikTok Influencers Aug 2026,"Ex-FB AI research, now AI operator / CEO. FeedSpot estimate.",,,"{""discovery"": {""source"": ""FeedSpot"", ""url"": ""https://creators.feedspot.com/ai_tiktok_influencers/"", ""title"": ""Top 40 AI TikTok Influencers in 2026"", ""handle"": ""the.rachelwoods"", ""followers"": ""169.3K"", ""type"": ""Macro""}}"
https://www.tiktok.com/@digitalmediastrategy,@digitalmediastrategy (Katrina Bahr),TikTok,57.9K,not exposed,"AIGC,TikTok,AI business,ChatGPT",New,,US,en,ChatGPT,https://www.tiktok.com/@digitalmediastrategy,unsure,2026-09-04T00:52:16Z,FeedSpot Top 40 AI TikTok Influencers Aug 2026,ChatGPT: Accelerate your Success. Business Blueprint to first 10k. FeedSpot estimate.,,,"{""discovery"": {""source"": ""FeedSpot"", ""url"": ""https://creators.feedspot.com/ai_tiktok_influencers/"", ""title"": ""Top 40 AI TikTok Influencers in 2026"", ""handle"": ""digitalmediastrategy"", ""followers"": ""57.9K"", ""type"": ""Micro""}}"
https://www.tiktok.com/@chatgptforme,@chatgptforme (Dylan Watkins),TikTok,53.8K,not exposed,"AIGC,TikTok,AI automation,entrepreneurs",New,,US,en,ChatGPT,https://www.tiktok.com/@chatgptforme,unsure,2026-09-04T00:52:16Z,FeedSpot Top 40 AI TikTok Influencers Aug 2026,"Helps entrepreneurs save time and make money with AI, automation & rev gen apps. FeedSpot estimate.",,,"{""discovery"": {""source"": ""FeedSpot"", ""url"": ""https://creators.feedspot.com/ai_tiktok_influencers/"", ""title"": ""Top 40 AI TikTok Influencers in 2026"", ""handle"": ""chatgptforme"", ""followers"": ""53.8K"", ""type"": ""Micro""}}"
https://www.tiktok.com/@aiotexpert,@aiotexpert (John Soldatos),TikTok,32.2K,not exposed,"AIGC,TikTok,IoT,AI expert,academic",New,,EU,en,AIoT,https://www.tiktok.com/@aiotexpert,unsure,2026-09-04T00:52:16Z,FeedSpot Top 40 AI TikTok Influencers Aug 2026,"ECE PhD, 30Y experience, 100+ projects, 200+ pubs. FeedSpot estimate.",,,"{""discovery"": {""source"": ""FeedSpot"", ""url"": ""https://creators.feedspot.com/ai_tiktok_influencers/"", ""title"": ""Top 40 AI TikTok Influencers in 2026"", ""handle"": ""aiotexpert"", ""followers"": ""32.2K"", ""type"": ""Micro""}}"
https://www.tiktok.com/@rajistics,@rajistics (Rajiv Shah),TikTok,31.2K,not exposed,"AIGC,TikTok,AI fun,agent engineering",New,,US,en,OpenHands,https://www.tiktok.com/@rajistics,unsure,2026-09-04T00:52:16Z,FeedSpot Top 40 AI TikTok Influencers Aug 2026,Sprinkling AI with Fun. Agent Engineering at OpenHands. FeedSpot estimate.,,,"{""discovery"": {""source"": ""FeedSpot"", ""url"": ""https://creators.feedspot.com/ai_tiktok_influencers/"", ""title"": ""Top 40 AI TikTok Influencers in 2026"", ""handle"": ""rajistics"", ""followers"": ""31.2K"", ""type"": ""Micro""}}"
https://www.instagram.com/iva_ai_popsurreal/,@iva_ai_popsurreal (Suzan Valois),Instagram,378.6K,not exposed,"AIGC,Instagram,AI art,pop surrealism,virtual",New,,CA,en,AI art generation,https://www.instagram.com/iva_ai_popsurreal/,unsure,2026-09-04T00:52:16Z,FeedSpot Top 40 AI Artists Instagram Influencers Aug 2026,IVA pop surrealism. Verified via Instagram OG meta. FeedSpot estimate.,,,"{""discovery"": {""source"": ""FeedSpot"", ""url"": ""https://influencers.feedspot.com/ai_artists_instagram_influencers/"", ""title"": ""Top 40 AI Artists Influencers in 2026"", ""handle"": ""iva_ai_popsurreal"", ""followers"": ""378.6K"", ""type"": ""Macro"", ""bio"": ""I V A - pop surrealism AI art""}, ""verification"": {""source"": ""instagram_og"", ""url"": ""https://www.instagram.com/iva_ai_popsurreal/"", ""followers"": ""378K"", ""bio"": ""Suzan Valois ~ I V A ~""}}"
https://www.instagram.com/jakeelwes/,@jakeelwes (Jake Elwes),Instagram,61.8K,not exposed,"AIGC,Instagram,AI artist,London,queer AI",New,,UK,en,AI media art,https://www.instagram.com/jakeelwes/,unsure,2026-09-04T00:52:16Z,FeedSpot Top 40 AI Artists Instagram Influencers Aug 2026,"Media artist queering A.I. London. deepfake drag project @zizidrag. Exhibited at V&A, Pinakothek. FeedSpot estimate.",,,"{""discovery"": {""source"": ""FeedSpot"", ""url"": ""https://influencers.feedspot.com/ai_artists_instagram_influencers/"", ""title"": ""Top 40 AI Artists Influencers in 2026"", ""handle"": ""jakeelwes"", ""followers"": ""61.8K"", ""type"": ""Micro"", ""bio"": ""Media artist queering A.I - London""}, ""verification"": {""source"": ""instagram_og"", ""url"": ""https://www.instagram.com/jakeelwes/"", ""title"": ""Jake Elwes Instagram profile""}}"
https://www.instagram.com/sofiacrespo/,@sofiacrespo (Sofia Crespo),Instagram,61.1K,not exposed,"AIGC,Instagram,AI art,generative biology,entangled others",New,,EU,en,AI generative art,https://www.instagram.com/sofiacrespo/,unsure,2026-09-04T00:52:16Z,FeedSpot Top 40 AI Artists Instagram Influencers Aug 2026,1/2 of @entangledothers. AI artist exploring generative biology. FeedSpot estimate.,,,"{""discovery"": {""source"": ""FeedSpot"", ""url"": ""https://influencers.feedspot.com/ai_artists_instagram_influencers/"", ""title"": ""Top 40 AI Artists Influencers in 2026"", ""handle"": ""sofiacrespo"", ""followers"": ""61.1K"", ""type"": ""Micro"", ""bio"": ""1/2 of @entangledothers""}, ""verification"": {""source"": ""instagram_og"", ""url"": ""https://www.instagram.com/sofiacrespo/"", ""followers"": ""61K"", ""bio"": ""Sofia Crespo, 1/2 of @entangledothers""}}"
https://www.instagram.com/sougwen/,@sougwen (Sougwen Chung),Instagram,51.3K,not exposed,"AIGC,Instagram,AI artist,robotics,drawing,research",New,,US,en,AI robotics art,https://www.instagram.com/sougwen/,unsure,2026-09-04T00:52:16Z,FeedSpot Top 40 AI Artists Instagram Influencers Aug 2026,"Artist and researcher; Chimeric circuitry. Founder @studioscilicet. Exhibitions at Guggenheim, V&A. FeedSpot estimate.",,,"{""discovery"": {""source"": ""FeedSpot"", ""url"": ""https://influencers.feedspot.com/ai_artists_instagram_influencers/"", ""title"": ""Top 40 AI Artists Influencers in 2026"", ""handle"": ""sougwen"", ""followers"": ""51.3K"", ""type"": ""Micro"", ""bio"": ""Artist and researcher; Chimeric circuitry; Founder @studioscilicet""}}"
https://www.instagram.com/amy.aiart/,@amy.aiart (Amy Truong),Instagram,36K,not exposed,"AIGC,Instagram,AI art,midjourney,dark fantasy",New,,US,en,Midjourney,https://www.instagram.com/amy.aiart/,unsure,2026-09-04T00:52:16Z,FeedSpot Top 40 AI Artists Instagram Influencers Aug 2026,AI Art #midjourney. Dark Fantasy + Witches + Magick. Author & Tarot Deck Creator @mysticalamy. Verified via Instagram OG meta.,,,"{""discovery"": {""source"": ""FeedSpot"", ""url"": ""https://influencers.feedspot.com/ai_artists_instagram_influencers/"", ""title"": ""Top 40 AI Artists Influencers in 2026"", ""handle"": ""amy.aiart"", ""followers"": ""36K"", ""type"": ""Micro"", ""bio"": ""Artificial Intelligence (AI) Art #midjourney""}, ""verification"": {""source"": ""instagram_og"", ""url"": ""https://www.instagram.com/amy.aiart/"", ""followers"": ""35.9K"", ""name"": ""Amy AI Art (Amy Truong)"", ""bio"": ""Artificial Intelligence (AI) Art #midjourney | Dark Fantasy + Witches + Magick""}}"
ProfileURL,Name/Handle,Platform,FollowerCount,Email,Tags,OutreachStatus,LastScrapedAt,Region,Language,PrimaryAITool,SampleContentURL,AIGCVerdict,DiscoveredAt,Source,Notes,FeedURL,ContactSourceURL,EvidenceJSON
https://www.facebook.com/lilmiquela,Lil Miquela (@lilmiquela),Facebook,1048140,miquelainrhinestones@gmail.com,"AIGC,Facebook,virtual-influencer,fashion,music,lifestyle",New,2026-09-07T00:00:00Z,US,en,CGI/AI,,yes,CGI persona,https://www.facebook.com/lilmiquela,"Most famous virtual influencer. Created by Brud (LA, 2016), now Dapper Labs. 1M+ FB likes. IG 2.5M, TikTok 3.4M. Prada, Calvin Klein, Samsung, BMW. Released music (Prototype feat. John Liwag). TIME 2018 cover.",,https://www.facebook.com/lilmiquela/about,"{""discovery"": {""source"": ""verifiedher.com"", ""url"": ""https://verifiedher.com/lil-miquela"", ""note"": ""Most famous virtual influencer; created by Brud 2016; TIME 2018 cover""}, ""aigc_verdict"": {""source"": ""verifiedher.com"", ""verdict"": ""yes"", ""evidence"": ""Created by Brud (now Dapper Labs); openly disclosed as CGI virtual influencer; Prada/CK/Samsung/BMW deals; released music""}}"
https://www.facebook.com/noonoouri,Noonoouri (@noonoouri),Facebook,,,not exposed,"AIGC,Facebook,virtual influencer,fashion,activism,Joerg Zuber,verified",New,,,,Germany,en,CGI persona,https://www.facebook.com/noonoouri,yes,2026-09-04T00:00:00Z,AmraAndElma.com top AI-generated influencers 2026; noonoouri.com; FB page verified HTTP 302 (exists),"Digital character by Joerg Zuber (Munich). Dior, Versace, Warner Music. UNICEF advocate."
https://www.facebook.com/DigitalShudu,Shudu Gram (@shudu.gram),Facebook,,,not exposed,"AIGC,Facebook,virtual model,fashion,Cameron-James Wilson,verified",New,,,,US/UK,en,CGI persona,https://www.facebook.com/DigitalShudu,yes,2026-09-04T00:00:00Z,Storyclash.com top virtual influencers 2025; Kolsquare top AI influencers 2026; FB page verified HTTP 200,"First black virtual supermodel by Cameron-James Wilson (2017). 239K IG. Fenty Beauty, Ellie Saab."
https://www.facebook.com/beeinfluencer,Bee Influencer (@beeinfluencer),Facebook,,,not exposed,"AIGC,Facebook,virtual influencer,environment,education,bees,verified",New,,,,US,en,CGI persona,https://www.facebook.com/beeinfluencer,yes,2026-09-04T00:00:00Z,InfluencerMarketingHub.com virtual influencers 2025; FB page verified HTTP 200,AI virtual influencer for environmental awareness. Cause-owned asset. 95K IG.
https://www.facebook.com/magazineluiza,Lu do Magalu (@magazineluiza),Facebook,,,not exposed,"AIGC,Facebook,virtual influencer,brand ambassador,retail,Magazine Luiza,Brazil,verified",New,,,,Brazil,pt,CGI persona,https://www.facebook.com/magazineluiza,yes,2026-09-04T00:00:00Z,InfluencerMarketingHub.com virtual influencers 2025; Kolsquare top AI influencers 2026; FB page verified HTTP 200,Most-followed virtual influencer globally. 14M FB followers. Brand ambassador for Magazine Luiza.
https://www.facebook.com/guggimon,Guggimon (@guggimon),Facebook,,,not exposed,"AIGC,Facebook,virtual influencer,fashion,horror,Superplastic,verified",New,,,,Canada/US,en,CGI persona,https://www.facebook.com/guggimon,yes,2026-09-04T00:00:00Z,AmraAndElma.com top AI influencers 2026; Kolsquare top AI influencers 2026; FB page verified HTTP 200,Naughty bunny by Superplastic (Montreal). 11.7M TikTok joint w/ Janky. Designer toys IP.
https://www.facebook.com/thalasya_,Thalasya (@thalasya_),Facebook,,,not exposed,"AIGC,Facebook,virtual influencer,travel,fashion,Indonesia,verified",New,,,,Indonesia,en,CGI persona,https://www.facebook.com/thalasya_,yes,2026-09-04T00:00:00Z,AmraAndElma.com top AI influencers 2026; FB page verified HTTP 200,Indonesian virtual influencer. Travel/fashion. 456K IG.
https://www.facebook.com/kyraonig,Kyra (@kyraonig),Facebook,,,not exposed,"AIGC,Facebook,virtual influencer,travel,fashion,India,verified",New,,,,India,en,CGI persona,https://www.facebook.com/kyraonig,yes,2026-09-04T00:00:00Z,AmraAndElma.com top AI influencers 2026; FB page verified HTTP 200,India-focused virtual influencer. Travel/fashion. 250K IG.
https://www.facebook.com/bermudaisbae,Bermuda (@bermudaisbae),Facebook,,,not exposed,"AIGC,Facebook,virtual influencer,politics,fashion,character IP,verified",New,,,,US,en,CGI persona,https://www.facebook.com/bermudaisbae,yes,2026-09-04T00:00:00Z,AmraAndElma.com top AI influencers 2026; FB page verified HTTP 200,Political/fashion virtual influencer. 140K IG. Character IP. Known for Miquela feud stunt (2018).
https://www.facebook.com/millasofiafin,Milla Sofia (@millasofiafin),Facebook,,,not exposed,"AIGC,Facebook,virtual influencer,modeling,AI art,Finland,verified",New,,,,Finland/Europe,en,CGI persona,https://www.facebook.com/millasofiafin,yes,2026-09-04T00:00:00Z,AmraAndElma.com top AI influencers 2026; Storyclash top virtual influencers 2025; FB page verified HTTP 200,AI-created virtual model. 115K IG. Most life-like virtual influencer per Storyclash.
https://www.facebook.com/vesnablv,Vesna Blv,Facebook,,,"AIGC,Facebook,virtual-influencer,lifestyle",New,,Europe,en,AI-generated persona,,yes,2026-09-07T00:00:00Z,verifiedher.com/ai-influencers; amraandelma.com,Self-disclosed AI persona. FB page category text says Powered by AI. IG ~402K followers. Miss AI Personality of the Year 2026 winner. Website vesnablv.com.,,,"{""discovery"": {""source"": ""verifiedher.com"", ""url"": ""https://verifiedher.com/vesna-blv"", ""note"": ""FB page self-discloses Powered by AI; no real person behind name; Miss AI Personality of Year 2026 winner""}, ""aigc_verdict"": {""source"": ""verifiedher.com"", ""verdict"": ""yes"", ""evidence"": ""FB page category/about text self-discloses Powered by AI; IG bio Powered by AI; won Fanvue x OpenArt AI Personality of Year 2026""}}"
https://www.facebook.com/maia.lima,Maia Lima,Facebook,,,"AIGC,Facebook,virtual-influencer,fashion",New,,Spain,es,AI-generated persona,,yes,2026-09-07T00:00:00Z,verifiedher.com/ai-influencers; amraandelma.com,"AI-generated model by The Clueless (Barcelona), same agency as Aitana Lopez. Listed on agency site as own project. IG @limma.ia.",,,"{""discovery"": {""source"": ""verifiedher.com"", ""url"": ""https://verifiedher.com/maia-lima"", ""note"": ""AI-generated model by The Clueless agency; listed on agency site as own project""}, ""aigc_verdict"": {""source"": ""verifiedher.com"", ""verdict"": ""yes"", ""evidence"": ""The Clueless lists Maia Lima as own project; Instagram bio self-labels AI""}}"
https://www.facebook.com/viva_lalina,Lalina Valina,Facebook,3692,,"AIGC,Facebook,virtual-influencer,Miss-AI,fashion",New,,France,fr,AI-generated persona,,yes,2026-09-07T00:00:00Z,verifiedher.com/ai-influencers; amraandelma.com,Runner-up Miss AI 2024. French AI persona. Created by Aurore Courtade. IG @viva_lalina. FB page shows 3692 likes.,,,"{""discovery"": {""source"": ""verifiedher.com"", ""url"": ""https://verifiedher.com/lalina-valina"", ""note"": ""Runner-up Miss AI 2024; openly AI-generated French persona""}, ""aigc_verdict"": {""source"": ""verifiedher.com"", ""verdict"": ""yes"", ""evidence"": ""FB page self-discloses AI; Miss AI pageant runner-up; created by Aurore Courtade""}}"
https://www.facebook.com/bella.storm,Bella Storm,Facebook,11801,ARJANEBIEN@YAHOO.COM,"AIGC,Facebook,virtual-influencer,fitness,fashion",New,,Italy,it,AI-generated persona,,yes,2026-09-07T00:00:00Z,verifiedher.com/ai-influencers,Self-disclosed AI persona. FB page shows 11.8K likes. IG ~194K followers. Domus profiled operator Jan 2025. FB bio says AI-generated. Managed by mom. Joint FB/TikTok with Janky.,,,"{""discovery"": {""source"": ""verifiedher.com"", ""url"": ""https://verifiedher.com/bella-storm"", ""note"": ""Openly virtual; Fanvue profile carries AI-generated disclosure tag""}, ""aigc_verdict"": {""source"": ""verifiedher.com"", ""verdict"": ""yes"", ""evidence"": ""FB bio self-discloses AI; Domus profiled operator Jan 2025; IG bio AI-generated; Fanvue is_ai_creator flag""}}"
https://www.facebook.com/kenzalayli,Kenza Layli,Facebook,,,"AIGC,Facebook,virtual-influencer,Miss-AI,lifestyle,Morocco",New,,Morocco,ar,AI-generated persona,,yes,2026-09-07T00:00:00Z,verifiedher.com/ai-influencers; amraandelma.com,Winner of first Miss AI pageant 2024 ($20K prize). Created by Meriam Bessa / Phoenix AI (Casablanca). IG ~162K followers. Moroccan Arabic (Darija) content. Sister Zina Layli.,,,"{""discovery"": {""source"": ""verifiedher.com"", ""url"": ""https://verifiedher.com/kenza-layli"", ""note"": ""Winner Miss AI 2024; AI-generated Moroccan persona created by Meriam Bessa; $20K prize""}, ""aigc_verdict"": {""source"": ""verifiedher.com"", ""verdict"": ""yes"", ""evidence"": ""Owns Instagram bio disclosing AI; Miss AI winner; creator Meriam Bessa confirmed on record to NY Post""}}"
https://www.facebook.com/shudu.gram,Shudu Gram,Facebook,,,"AIGC,Facebook,virtual-influencer,digital-supermodel,fashion",New,,UK,en,CGI/AI,,yes,2026-09-07T00:00:00Z,verifiedher.com/ai-influencers; amraandelma.com,"World's first digital supermodel. Created by Cameron-James Wilson (2017). IG 239K+ followers. Fenty Beauty, Vogue, Balmain. Openly disclosed as CGI. Sparked representation debate.",,,"{""discovery"": {""source"": ""verifiedher.com"", ""url"": ""https://verifiedher.com/shudu-gram"", ""note"": ""CGI digital supermodel created 2017 by Cameron-James Wilson; openly disclosed as CGI""}, ""aigc_verdict"": {""source"": ""verifiedher.com"", ""verdict"": ""yes"", ""evidence"": ""Creator Cameron-James Wilson publicly confirmed; openly disclosed as CGI once fans mistook her for real model""}}"
https://www.facebook.com/natalia.novak,Natalia Novak,Facebook,,,"AIGC,Facebook,virtual-influencer,glamour-model",New,,US,en,AI-generated persona,,yes,2026-09-07T00:00:00Z,verifiedher.com/ai-influencers,AI-generated glamour model. IG ~61K followers (@the.natalia.novak). Creator using pseudonym Pierre confirmed to Futurism 2023 that entire likeness is AI-generated. Patreon: TheNataliaNovak. Backup IG: @the.natalia.novak2.,,,"{""discovery"": {""source"": ""verifiedher.com"", ""url"": ""https://verifiedher.com/natalia-novak"", ""note"": ""AI-generated virtual model; creator confirmed to Futurism 2023""}, ""aigc_verdict"": {""source"": ""verifiedher.com"", ""verdict"": ""yes"", ""evidence"": ""Own Patreon self-labels AI; Futurism interviewed creator who confirmed entire likeness AI-generated""}}"
https://www.facebook.com/oliviaislivinghigh,Olivia C,Facebook,,,"AIGC,Facebook,virtual-influencer,travel,Portugal,Miss-AI",New,,Portugal,pt,AI-generated persona,,yes,2026-09-07T00:00:00Z,verifiedher.com/ai-influencers; amraandelma.com,Miss AI 2024 third place. Portuguese travel influencer. Created by Alvero & Rita / Falamusa studio. IG @oliviaislivinghigh ~11K followers. Images made with Midjourney + Adobe AI tools.,,,"{""discovery"": {""source"": ""verifiedher.com"", ""url"": ""https://verifiedher.com/olivia-c"", ""note"": ""Third place Miss AI 2024; AI-generated Portuguese travel persona""}, ""aigc_verdict"": {""source"": ""verifiedher.com"", ""verdict"": ""yes"", ""evidence"": ""IG bio reads AI Influencer Imagined by @falamusa.ai; created by Falamusa studio; Miss AI 3rd place""}}"
https://www.facebook.com/miakehley,Mia Kehley,Facebook,,,"AIGC,Facebook,virtual-influencer",New,,Unknown,en,AI-generated persona,,yes,2026-09-07T00:00:00Z,verifiedher.com/ai-influencers,AI persona. Website miakehley.com hosts AI-generator-artifact video (Kling AI default filename). Fanvue profile carries platform AI-generated disclosure marker (confirmed Jul 20 2026). IG @miakehley ~42K. No press or interview ever published.,,,"{""discovery"": {""source"": ""verifiedher.com"", ""url"": ""https://verifiedher.com/mia-kehley"", ""note"": ""Fanvue profile carries platform AI-generated disclosure marker confirmed Jul 2026""}, ""aigc_verdict"": {""source"": ""verifiedher.com"", ""verdict"": ""yes"", ""evidence"": ""Fanvue profile carries platform AI-generated or enhanced disclosure marker; website autoplays Kling AI default filename video; no press/interview ever published""}}"
https://reddit.com/user/foreign-original124,u/foreign-original124,Reddit,,,"AIGC,Reddit,AI video,Seedance,music-video",New,,,en,Seedance,,unsure,2026-09-07T00:00:00Z,reddit.com/r/aivideo (TRY KEEP UP music video post),Posted TRY KEEP UP official music video on r/aivideo (Seedance ByteDance + AI Music). Self-promotion link included.,,,"{""discovery"": {""source"": ""reddit.com/r/aivideo"", ""url"": ""https://www.reddit.com/r/aivideo/comments/1sn33fr/try_keep_up_official_music_video/"", ""note"": ""TRY KEEP UP OFFICIAL MUSIC VIDEO \u2014 SEEDANCE BYTEDANCE + AI MUSIC""}, ""aigc_verdict"": {""source"": ""reddit_post"", ""verdict"": ""unsure"", ""evidence"": ""Posted AI music video on r/aivideo; self-promotion; AIGC use not confirmed from post alone""}}"
https://reddit.com/user/gossip_goblin,u/gossip_goblin,Reddit,,,"AIGC,Reddit,AI video,short-film",New,,,en,GenAI video,,unsure,2026-09-07T00:00:00Z,reddit.com/r/aivideo (The Patchwright film post),Posted The Patchwright short film on r/aivideo (25 upvotes). Multi-voice actor production with composers and foley artist.,,,"{""discovery"": {""source"": ""reddit.com/r/aivideo"", ""url"": ""https://www.reddit.com/r/aivideo/comments/1sio4d0/the_patchwright/"", ""note"": ""The Patchwright film \u2014 Premiering April 12th \u2014 25 points""}, ""aigc_verdict"": {""source"": ""reddit_post"", ""verdict"": ""unsure"", ""evidence"": ""Posted short film on r/aivideo; indicates AI video use; full visual AIGC confirmation not performed""}}"
https://reddit.com/user/fine-veterinarian537,u/fine-veterinarian537,Reddit,,,"AIGC,Reddit,AI video,LTX,tool-builder",New,,,en,LTX 2.3,https://loremotion.com,unsure,2026-09-07T00:00:00Z,reddit.com/r/StableDiffusion (loremotion.com post),"Built loremotion.com — free LTX 2.3 AI video generation site with GPU hosting, public gallery, no paywall. Runs own GPUs.",,https://loremotion.com,"{""discovery"": {""source"": ""reddit.com/r/StableDiffusion"", ""url"": ""https://www.reddit.com/r/StableDiffusion/comments/1t9juoy/i_built_a_site_to_create_free_ai_videos_using_ltx/"", ""note"": ""I built a site to create free AI videos using LTX 2.3 running on my own GPUs""}, ""aigc_verdict"": {""source"": ""reddit_post"", ""verdict"": ""unsure"", ""evidence"": ""Built AI video generation tool; runs LTX 2.3 on own GPUs; tool builder not visual AIGC creator""}}"
https://reddit.com/user/v_dixon,u/v_dixon,Reddit,,,"AIGC,Reddit,AI filmmaking,educator",New,,,en,Multi-tool,,unsure,2026-09-07T00:00:00Z,reddit.com/r/aifilmmaking (Beginners Cheat Sheet post),"Posted Beginners Cheat Sheet: Top AI Tools for AI Filmmaking on r/aifilmmaking (Jan 2026, 13 upvotes). Covers Kling, Pika, Runway, Veo, ElevenLabs, Suno, Udio.",,,"{""discovery"": {""source"": ""reddit.com/r/aifilmmaking"", ""url"": ""https://www.reddit.com/r/aifilmmaking/comments/1q0jyxf/beginners_cheat_sheet_top_ai_tools_for_ai/"", ""note"": ""Beginners Cheat Sheet: Top AI Tools for AI Filmmaking - January 2026""}, ""aigc_verdict"": {""source"": ""reddit_post"", ""verdict"": ""unsure"", ""evidence"": ""Posted educational AI filmmaking cheat sheet on r/aifilmmaking; tool knowledge documented""}}"
https://reddit.com/user/mxshell,u/mxshell,Reddit,,,"AIGC,Reddit,AI video,short-film",New,,,en,GenAI video,,unsure,2026-09-07T00:00:00Z,reddit.com/r/aivideo (Zombie Scavenger post),Credited for Zombie Scavenger AIGC short film on r/aivideo.,,,"{""discovery"": {""source"": ""reddit.com/r/aivideo"", ""url"": ""https://www.reddit.com/r/aivideo/comments/1t8rq6m/aigc_short_film_zombie_scavenger_credit_mxshell/"", ""note"": ""AIGC short film: Zombie Scavenger (credit: Mx-Shell)""}, ""aigc_verdict"": {""source"": ""reddit_post"", ""verdict"": ""unsure"", ""evidence"": ""Credited on AIGC short film post on r/aivideo; visual AIGC confirmation not performed""}}"
https://reddit.com/user/loremotion,u/loremotion,Reddit,,,"AIGC,Reddit,AI video,tool-builder,LTX",New,,,en,LTX 2.3,https://loremotion.com,unsure,2026-09-07T00:00:00Z,reddit.com/r/StableDiffusion (loremotion.com post),"Runs loremotion.com — free AI video generation platform using LTX 2.3. Public gallery, email alerts, ad-supported. Same builder as fine-veterinarian537.",,https://loremotion.com,"{""discovery"": {""source"": ""reddit.com/r/StableDiffusion"", ""url"": ""https://www.reddit.com/r/StableDiffusion/comments/1t9juoy/i_built_a_site_to_create_free_ai_videos_using_ltx/"", ""note"": ""I built a site to create free AI videos using LTX 2.3 running on my own GPUs""}, ""aigc_verdict"": {""source"": ""reddit_post"", ""verdict"": ""unsure"", ""evidence"": ""Runs AI video generation platform; tool builder not visual AIGC creator; same person as fine-veterinarian537 likely""}}"
https://reddit.com/user/youngxdrambo,u/youngxdrambo,Reddit,,,"AIGC,Reddit,AI video,filmmaking",New,,,en,Unknown,,unsure,2026-09-07T00:00:00Z,reddit.com/r/aivideo (The Patchwright film comments),Active AI film community member on r/aivideo — commented on The Patchwright film.,,,"{""discovery"": {""source"": ""reddit.com/r/aivideo"", ""url"": ""https://www.reddit.com/r/aivideo/comments/1sio4d0/the_patchwright/"", ""note"": ""Commenter on The Patchwright AI short film post""}, ""aigc_verdict"": {""source"": ""reddit_comments"", ""verdict"": ""unsure"", ""evidence"": ""Active in r/aivideo comments; visual AIGC confirmation not performed; discovery-only""}}"
https://reddit.com/user/magnesiumkitten,u/magnesiumkitten,Reddit,,,"AIGC,Reddit,AI video,filmmaking",New,,,en,Unknown,,unsure,2026-09-07T00:00:00Z,reddit.com/r/aivideo (The Patchwright film comments),Active AI film community member on r/aivideo — commented on The Patchwright film.,,,"{""discovery"": {""source"": ""reddit.com/r/aivideo"", ""url"": ""https://www.reddit.com/r/aivideo/comments/1sio4d0/the_patchwright/"", ""note"": ""Commenter on The Patchwright AI short film post""}, ""aigc_verdict"": {""source"": ""reddit_comments"", ""verdict"": ""unsure"", ""evidence"": ""Active in r/aivideo comments; visual AIGC confirmation not performed; discovery-only""}}"
https://reddit.com/user/ebbinho,u/ebbinho,Reddit,,,"AIGC,Reddit,AI video,filmmaking",New,,,en,Unknown,,unsure,2026-09-07T00:00:00Z,reddit.com/r/aivideo (AI short film comments),AI film community member on r/aivideo — engaged on multiple short film posts.,,,"{""discovery"": {""source"": ""reddit.com/r/aivideo"", ""url"": ""https://www.reddit.com/r/aivideo/comments/1sio4d0/the_patchwright/"", ""note"": ""Commenter on AI short film posts on r/aivideo""}, ""aigc_verdict"": {""source"": ""reddit_comments"", ""verdict"": ""unsure"", ""evidence"": ""Active in r/aivideo comments; visual AIGC confirmation not performed; discovery-only""}}"
https://reddit.com/user/busy_intention1746,u/busy_intention1746,Reddit,,,"AIGC,Reddit,AI video,filmmaking",New,,,en,Unknown,,unsure,2026-09-07T00:00:00Z,reddit.com/r/aivideo (The Patchwright film comments),AI film community member on r/aivideo — commented on The Patchwright film.,,,"{""discovery"": {""source"": ""reddit.com/r/aivideo"", ""url"": ""https://www.reddit.com/r/aivideo/comments/1sio4d0/the_patchwright/"", ""note"": ""Commenter on The Patchwright AI short film post""}, ""aigc_verdict"": {""source"": ""reddit_comments"", ""verdict"": ""unsure"", ""evidence"": ""Active in r/aivideo comments; visual AIGC confirmation not performed; discovery-only""}}"
https://www.tiktok.com/@tommythings,@tommythings,TikTok,1.3M,Unknown,"AIGC,TikTok,AI education,entrepreneurship",New,2026-09-08T05:16:19Z,Unknown,Unknown,Unknown,https://www.tiktok.com/@tommythings,unsure,2026-09-08T05:16:19Z,FeedSpot Top 40 AI TikTok Influencers 2026-08-19,Listed as AI entrepreneurship/education TikTok influencer; follower count taken from FeedSpot list and may be estimate.,,"{""discovery"":{""source"":""web_extract"",""url"":""https://creators.feedspot.com/ai_tiktok_influencers/"",""title"":""Top 40 AI TikTok Influencers in 2026"",""extracted_handle"":""@tommythings""},""profile"":{""source"":""web_extract"",""url"":""https://www.tiktok.com/@tommythings"",""followers"":""1.3M"",""following"":""1024"",""likes"":""29.2M""},""follower_count"":{""source"":""feedspot_list_estimate+tiktok_profile"",""value"":""1.3M""},""aigc_verdict"":{""source"":""feedspot_list"",""verdict"":""unsure"",""reason"":""FeedSpot list entry and profile text only; visual frame review not performed.""}}",
https://www.tiktok.com/@story_vulte,@story_vulte,TikTok,23000,Unknown,"AIGC,TikTok,AI filmmaker,Nollywood",New,,Unknown,en,Unknown,https://www.tiktok.com/@story_vulte,yes,2026-09-09T00:00:00Z,LunarCrush creator search; TikTok discovery,AI Nollywood drama creator; serialized storytimes; 92% weekly follower growth; Bound by Debt and Never Enough series,,https://www.tiktok.com/@story_vulte,"{""follower_count"": {""source"": ""LunarCrush"", ""value"": ""23000"", ""profileUrl"": ""https://www.tiktok.com/@story_vulte""}, ""aigc_verdict"": {""source"": ""LunarCrush content analysis"", ""verdict"": ""yes"", ""details"": ""AI-captioned serialized Nollywood drama""}}"
https://www.tiktok.com/@kc.filmmaker,@kc.filmmaker,TikTok,492300,Unknown,"AIGC,TikTok,AI filmmaker",New,,Unknown,en,Unknown,https://www.tiktok.com/@kc.filmmaker,yes,2026-09-09T00:00:00Z,TikTok creator search,"AI filmmaker; 492.3K followers, 6.6M likes; AI filmmaking content",,https://www.tiktok.com/@kc.filmmaker,"{""follower_count"": {""source"": ""TikTok profile"", ""value"": ""492300"", ""profileUrl"": ""https://www.tiktok.com/@kc.filmmaker""}, ""aigc_verdict"": {""source"": ""TikTok profile bio"", ""verdict"": ""yes"", ""details"": ""AI filmmaker content""}}"
https://www.tiktok.com/@director_lucien,@director_lucien,TikTok,84,Unknown,"AIGC,TikTok,AI movie artist,cinematic",New,,Unknown,en,Unknown,https://www.tiktok.com/@director_lucien,yes,2026-09-09T00:00:00Z,TikTok creator search,AI movie artist turning code into cinematic worlds; also has directorlucien.ai,,https://www.tiktok.com/@director_lucien,"{""follower_count"": {""source"": ""TikTok profile"", ""value"": ""84"", ""profileUrl"": ""https://www.tiktok.com/@director_lucien""}, ""aigc_verdict"": {""source"": ""TikTok profile bio"", ""verdict"": ""yes"", ""details"": ""AI movie artist turning code into cinematic worlds""}}"
https://www.instagram.com/surreailist,@surreailist,Instagram,Unknown,Unknown,"AIGC,Instagram,AI filmmaker,surrealism,Berlin Music Video Awards",New,,Berlin,en,Kinovi AI,https://www.instagram.com/surreailist,yes,2026-09-09T00:00:00Z,The Daring Creators; Berlin Music Video Awards 2026 jury,Lukas Nowacki; creates psychological descents - short AI films like unsettling horror fairy tales; Berlin Music Video Awards 2026 jury member; uses Kinovi AI; surrealist/transgressive cinema style,,https://www.instagram.com/surreailist,"{""aigc_verdict"": {""source"": ""The Daring Creators interview"", ""verdict"": ""yes"", ""details"": ""Creates AI films called psychological descents; uses Kinovi AI""}, ""profile"": {""source"": ""Berlin Music Video Awards 2026"", ""note"": ""Jury member; surrealist AI filmmaker""}}"
https://www.tiktok.com/@aashowa.ai,@aashowa.ai,TikTok,1800,Unknown,"AIGC,TikTok,AI business,online business",New,,Unknown,en,Unknown,https://www.tiktok.com/@aashowa.ai,unsure,2026-09-09T00:00:00Z,FeedSpot Top 40 AI TikTok Influencers 2026,Ahmed Aashowa; Start Your Online Business Today; 1.8K followers; nano creator,,https://www.tiktok.com/@aashowa.ai,"{""follower_count"": {""source"": ""FeedSpot"", ""value"": ""1800"", ""profileUrl"": ""https://www.tiktok.com/@aashowa.ai""}, ""aigc_verdict"": {""source"": ""FeedSpot AI TikTok list"", ""verdict"": ""unsure"", ""details"": ""Listed as AI TikTok influencer""}}"
https://www.instagram.com/troplanduniverse,@troplanduniverse,Instagram,1446577,partnerships@troplanduniverse.com,"AIGC,Instagram,AI artist,wildlife,cinematic",New,,"Los Angeles, CA",en,Sora,https://www.instagram.com/troplanduniverse,yes,2026-09-09T00:00:00Z,FeedSpot Top 40 AI Artists Instagram Influencers 2026,"Josh Gottsegen; AI artist and creative director; 1.4M followers; collaborations with Meta, Adobe, OpenAI, Sora, Kling, Topaz Labs; 25+ years in design/marketing/production",,https://www.instagram.com/troplanduniverse,"{""follower_count"": {""source"": ""HypeAuditor"", ""value"": ""1446577"", ""profileUrl"": ""https://www.instagram.com/troplanduniverse""}, ""aigc_verdict"": {""source"": ""troplanduniverse.com"", ""verdict"": ""yes"", ""details"": ""AI content creator producing cinematic brand-safe media; collaborations with Meta, Adobe, OpenAI, Sora, Kling""}}"
https://www.instagram.com/annawessenart,@annawessenart,Instagram,62500,annawessenart@gmail.com,"AIGC,Instagram,AI artist,AI creative director",New,,Los Angeles,en,Unknown,https://www.instagram.com/annawessenart,yes,2026-09-09T00:00:00Z,FeedSpot Top 40 AI Artists Instagram Influencers 2026,Anna Wessen; Visual Artist | AI Creative Director; 62.5K followers; commissions available,,https://www.instagram.com/annawessenart,"{""follower_count"": {""source"": ""FeedSpot"", ""value"": ""62500"", ""profileUrl"": ""https://www.instagram.com/annawessenart""}, ""aigc_verdict"": {""source"": ""Instagram bio"", ""verdict"": ""yes"", ""details"": ""Visual Artist | AI Creative Director""}}"
https://www.instagram.com/grannyspills,@grannyspills,Instagram,2000000,Unknown,"AIGC,Instagram,AI influencer,TikTok,Veo3",New,,United States,en,Veo3,https://www.instagram.com/grannyspills,yes,2026-09-09T00:00:00Z,Kolsquare; TIME; Bloomberg,AI-generated 75-year-old influencer created by Blur Studios (Eric Suarez and Adam Vaserstein); 2M Instagram followers; luxury lifestyle with attitude; uses Veo3; brand deals with Kurt Geiger and Papi Steak; TikTok flagged content as unoriginal,,https://www.instagram.com/grannyspills,"{""follower_count"": {""source"": ""Kolsquare"", ""value"": ""2000000"", ""profileUrl"": ""https://www.instagram.com/grannyspills""}, ""aigc_verdict"": {""source"": ""TIME/Bloomberg"", ""verdict"": ""yes"", ""details"": ""Fully AI-generated character created by Blur Studios using Veo3""}}"
https://www.tiktok.com/@fiqrifox.historiasstudio,@fiqrifox.historiasstudio,TikTok,43300,fiqrifoxacademy@gmail.com,"AIGC,TikTok,AI filmmaker,King AI,Seedance",New,,Indonesia,id,Seedance 2.0,https://www.tiktok.com/@fiqrifox.historiasstudio,yes,2026-09-09T00:00:00Z,Toklytics; TikTok creator search,"Fiqri Fox | KING AI; Filmmaker/Cinematographer; 43.3K followers; runs Fiqri Fox Academy; teaches AI filmmaking; uses Seedance 2.0, Veo, Happy Horse",,https://www.tiktok.com/@fiqrifox.historiasstudio,"{""follower_count"": {""source"": ""TikTok profile"", ""value"": ""43300"", ""profileUrl"": ""https://www.tiktok.com/@fiqrifox.historiasstudio""}, ""aigc_verdict"": {""source"": ""TikTok profile bio"", ""verdict"": ""yes"", ""details"": ""AI filmmaker; teaches AI filmmaking workflow""}}"
https://www.instagram.com/fit_aitana,@fit_aitana,Instagram,404000,Unknown,"AIGC,Instagram,AI influencer,fashion,fitness",New,,Spain,es,Unknown,https://www.instagram.com/fit_aitana,yes,2026-09-09T00:00:00Z,Kolsquare; Hyax,Aitana Lopez; Spanish AI female fashion influencer; 404K followers; created by The Clueless Agency; brand deals with PRIME drinks and Llongueras,,https://www.instagram.com/fit_aitana,"{""follower_count"": {""source"": ""Kolsquare"", ""value"": ""404000"", ""profileUrl"": ""https://www.instagram.com/fit_aitana""}, ""aigc_verdict"": {""source"": ""Kolsquare/Hyax"", ""verdict"": ""yes"", ""details"": ""AI fashion influencer created by The Clueless Agency""}}"
https://www.instagram.com/ihafix,@ihafix,Instagram,89000,Unknown,"AIGC,Instagram,AI filmmaker,Kerala,Malayalam",New,,"Kerala, India",ml,Unknown,https://www.instagram.com/ihafix,yes,2026-09-09T00:00:00Z,Grokipedia; Instagram search; NDTV Profit,Hafiz; Indian content creator based in Kerala; pioneer in AI-driven media production; 89K followers; Malayalam-language content; known for viral AI-generated videos (Tom Holland/Zendaya South Indian wedding); filmmaking tutorials and tech reviews,,https://www.instagram.com/ihafix,"{""follower_count"": {""source"": ""Grokipedia"", ""value"": ""89000"", ""profileUrl"": ""https://www.instagram.com/ihafix""}, ""aigc_verdict"": {""source"": ""Grokipedia/NDTV Profit"", ""verdict"": ""yes"", ""details"": ""AI-driven media production; viral AI-generated videos including Tom Holland/Zendaya South Indian wedding""}}"
https://www.tiktok.com/@the_ai_experiment,@the_ai_experiment,TikTok,984.4K,Unknown,"AIGC,TikTok,AI generated,experiment",New,2026-09-10T06:55:31Z,Unknown,en,Unknown,https://www.tiktok.com/@the_ai_experiment,yes,2026-09-10,web_search: TikTok profile search,"TikTok profile: 984.4K followers; ""Enjoy the Journey. You are all part of the Experiment."" AI-generated content creator",https://www.tiktok.com/@the_ai_experiment,,"{""source"": ""web_search"", ""follower_count"": ""984.4K"", ""bio"": ""Enjoy the Journey. You are all part of the Experiment."", ""profileUrl"": ""https://www.tiktok.com/@the_ai_experiment""}"
https://www.tiktok.com/@what.if_ai,@what.if_ai,TikTok,86.8K,Unknown,"AIGC,TikTok,AI art,alternate history,colonialism",New,2026-09-10T06:55:31Z,Unknown,en,Midjourney,https://www.tiktok.com/@what.if_ai,yes,2026-09-10,web_search: Business Insider / Rest of World articles,TikTok profile: 86.8K followers; creates AI art depicting alternate histories where Western powers are colonized; uses Midjourney. Featured in Business Insider and Rest of World (2023).,https://www.tiktok.com/@what.if_ai,,"{""source"": ""web_search"", ""follower_count"": ""86.8K"", ""bio"": ""We use AI to create Alternate Reality Art and explore history."", ""profileUrl"": ""https://www.tiktok.com/@what.if_ai"", ""articles"": [""https://restofworld.org/2023/ai-tiktok-creators-rewrite-history"", ""https://businessinsider.com/ai-art-tiktok-create-alternate-reality-without-western-colonialism-imperialism-2023-5""]}"
https://www.tiktok.com/@the.ai.supervisor,@the.ai.supervisor,TikTok,15.5K,mbcollabsm@gmail.com,"AIGC,TikTok,AI models,testing,benchmarks",New,2026-09-10T06:55:31Z,Unknown,en,Unknown,https://www.tiktok.com/@the.ai.supervisor,yes,2026-09-10,web_search: TikTok profile + Toklytics analytics,"TikTok profile: 15.5K followers, 312.9K likes; ""We show you which AI models break the rules and deliver the best results."" Email: mbcollabsm@gmail.com",https://www.tiktok.com/@the.ai.supervisor,https://www.tiktok.com/@the.ai.supervisor,"{""source"": ""web_search"", ""follower_count"": ""15.5K"", ""likes"": ""312.9K"", ""email"": ""mbcollabsm@gmail.com"", ""bio"": ""We show you which AI models break the rules and deliver the best results."", ""profileUrl"": ""https://www.tiktok.com/@the.ai.supervisor"", ""analytics"": ""https://toklytics.app/creator/the.ai.supervisor""}"
https://www.tiktok.com/@tinks.ai,@tinks.ai,TikTok,349,Unknown,"AIGC,TikTok,AI deepfake,GPT-3,auto-paintings",New,2026-09-10T06:55:31Z,Unknown,en,GPT-3,https://www.tiktok.com/@tinks.ai,yes,2026-09-10,web_search: TikTok profile,"TikTok profile: 349 followers, 2014 likes; ""I'm an AI entertaining you via deepfake + GPT-3 auto-writing + auto-paintings!""",https://www.tiktok.com/@tinks.ai,,"{""source"": ""web_search"", ""follower_count"": ""349"", ""likes"": ""2014"", ""bio"": ""I'm an AI entertaining you via deepfake + GPT-3 auto-writing + auto-paintings!"", ""profileUrl"": ""https://www.tiktok.com/@tinks.ai""}"
https://www.facebook.com/maryfioreart,@maryfioreart,Facebook,Unknown,Unknown,"AIGC,Facebook,AI art,Midjourney,Kling,Runway,painterly",New,2026-09-10T06:55:31Z,US,en,Midjourney,https://www.facebook.com/maryfioreart,yes,2026-09-10,web_search: Facebook profile + Medium + LinkedIn + Instagram,"Facebook page: Mary Fiore - painter turned AI storyteller; uses MidJourney, Kling, Runway, Photoshop; painterly surreal animations; editor of AI Art & Video Medium publication; Instagram: @maryfioreart (141 followers); LinkedIn: maryfiore",https://www.facebook.com/maryfioreart,https://www.facebook.com/maryfioreart,"{""source"": ""web_search"", ""facebook"": ""https://www.facebook.com/maryfioreart"", ""instagram"": ""https://www.instagram.com/maryfioreart (141 followers)"", ""linkedin"": ""https://www.linkedin.com/in/maryfiore"", ""medium"": ""https://medium.com/@maryfioreaiart"", ""tools"": [""MidJourney"", ""Kling"", ""Runway"", ""Photoshop""], ""bio"": ""Painter turned AI storyteller. Creates painterly, surreal animations and visuals that explore overlooked lives, hidden strength, and quiet rebellion.""}"
https://www.tiktok.com/@theartificialmindartist,@theartificialmindartist,tiktok,17,,,,2026-09-10T06:51:57Z,,English,GenAI,https://www.tiktok.com/@theartificialmindartist,yes,,,TikTok scrape: followers=17; bio_link=none,https://www.tiktok.com/@theartificialmindartist,https://www.tiktok.com/@theartificialmindartist,"{""platform"": ""TikTok"", ""handle"": ""@theartificialmindartist"", ""bio_preview"": ""All the images and music you will see and hear here are generated by an AI"", ""external_link"": """", ""aigc_verdict"": ""yes"", ""ai_reasoning"": ""Rule-based keyword fallback""}"
https://www.tiktok.com/@samoricoles,@samoricoles,tiktok,22.4K,,,,2026-09-10T06:52:24Z,,English,GenAI,Linktr.ee/samoricoles,yes,,,TikTok scrape: followers=22.4K; bio_link=Linktr.ee/samoricoles,https://www.tiktok.com/@samoricoles,https://www.tiktok.com/@samoricoles,"{""platform"": ""TikTok"", ""handle"": ""@samoricoles"", ""bio_preview"": ""AI Music, Video, and Film Creator\n\n\ud83d\udca5 Learn More \u2193"", ""external_link"": ""Linktr.ee/samoricoles"", ""aigc_verdict"": ""yes"", ""ai_reasoning"": ""Rule-based keyword fallback""}"
https://www.tiktok.com/@sm3star,@sm3star,tiktok,11,,,,2026-09-10T06:52:51Z,,English,GenAI,https://www.tiktok.com/@sm3star,yes,,,TikTok scrape: followers=11; bio_link=none,https://www.tiktok.com/@sm3star,https://www.tiktok.com/@sm3star,"{""platform"": ""TikTok"", ""handle"": ""@sm3star"", ""bio_preview"": ""AI animal dance. funny AI video"", ""external_link"": """", ""aigc_verdict"": ""yes"", ""ai_reasoning"": ""Rule-based keyword fallback""}"
https://www.tiktok.com/@vinnylocasto,@vinnylocasto,tiktok,2.2M,vinnylocasto@navsocial.com,,,2026-09-10T06:53:18Z,,English,GenAI,www.octmusic.com/tickets,hybrid,,,TikTok scrape: followers=2.2M; bio_link=www.octmusic.com/tickets,https://www.tiktok.com/@vinnylocasto,https://www.tiktok.com/@vinnylocasto,"{""platform"": ""TikTok"", ""handle"": ""@vinnylocasto"", ""bio_preview"": ""YouTube: Vinny LoCasto\nTwitch.tv/vinnylocasto\n\u2709\ufe0f: vinnylocasto@navsocial.com"", ""external_link"": ""www.octmusic.com/tickets"", ""aigc_verdict"": ""hybrid"", ""ai_reasoning"": ""Rule-based keyword fallback""}"
https://www.facebook.com/people/Blissful-AI/61583558395984/,@people,facebook,,,,,2026-09-10T06:53:48Z,,English,GenAI,https://www.facebook.com/people/Blissful-AI/61583558395984/,yes,,,"Facebook scrape: followers=N/A; bio_preview=Blissful AI  
101K pengikut • 0 mengikuti
Lagi
Siaran
Periha",https://www.facebook.com/people/Blissful-AI/61583558395984/,https://www.facebook.com/people/Blissful-AI/61583558395984/,"{""platform"": ""Facebook"", ""handle"": ""@people"", ""title"": ""Blissful AI "", ""bio_preview"": ""Blissful AI \u00a0\n101K pengikut \u2022 0 mengikuti\nLagi\nSiaran\nPerihal\nReels\nFoto\nPengenalan\n\u2728 Turning imagin"", ""external_link"": """", ""aigc_verdict"": ""yes"", ""ai_reasoning"": ""Rule-based keyword fallback""}"
https://www.facebook.com/umergulzari,@umergulzari,facebook,,umergulzari@gmail.com,,,2026-09-10T06:54:20Z,,English,GenAI,https://agefilms.ai/,yes,,,"Facebook scrape: followers=N/A; bio_preview=UMER GULZARI 
24K pengikut • 18 mengikuti
Lagi
Siaran
Periha",https://www.facebook.com/umergulzari,https://www.facebook.com/umergulzari,"{""platform"": ""Facebook"", ""handle"": ""@umergulzari"", ""title"": ""UMER GULZARI"", ""bio_preview"": ""UMER GULZARI\u00a0\n24K pengikut \u2022 18 mengikuti\nLagi\nSiaran\nPerihal\nReels\nFoto\nPengenalan\nMuslim. Human. F"", ""external_link"": ""https://agefilms.ai/"", ""aigc_verdict"": ""yes"", ""ai_reasoning"": ""Rule-based keyword fallback""}"
https://www.tiktok.com/@mattfarmerai,Matt Farmer (@mattfarmerai),TikTok,Unknown,,"AIGC,TikTok,AI tools,AI marketing",New,,Canada,en,Unknown,https://www.tiktok.com/@mattfarmerai,unsure,2026-09-10T07:03:59.975134Z,web_search: Matt Farmer AI marketing TikTok,"AI tools reviewer and marketer. Reviews AI video generators (Veo, Kling, etc). Cross-platform presence.",,https://www.tiktok.com/@mattfarmerai,
https://www.tiktok.com/@ai.filmmaker,AI Filmmaker (@ai.filmmaker),TikTok,Unknown,,"AIGC,TikTok,AI filmmaking",New,,Unknown,en,Unknown,https://www.tiktok.com/@ai.filmmaker,unsure,2026-09-10T07:03:59.975134Z,web_search: AI Filmmaker TikTok profile,AI filmmaking content creator on TikTok. Tests AI video tools.,,https://www.tiktok.com/@ai.filmmaker,
https://www.tiktok.com/@ella.by.novella,Ella by Novella (@ella.by.novella),TikTok,Unknown,,"AIGC,TikTok,AI video platform",New,,Unknown,en,Unknown,https://www.tiktok.com/@ella.by.novella,unsure,2026-09-10T07:03:59.975134Z,web_search: Novella Ella AI video TikTok,Creator behind Ella by Novella AI video platform. Chrome extension for AI video gen/editing.,,https://www.tiktok.com/@ella.by.novella,
https://www.facebook.com/mattfarmeraing,Matt Farmer (@mattfarmeraing),Facebook,Unknown,mattfarmeraing@gmail.com,"AIGC,Facebook,AI tools,AI marketing",New,,US,en,Unknown,https://www.facebook.com/mattfarmeraing,unsure,2026-09-10T07:03:59.975134Z,web_search: Matt Farmer AI Facebook,Cross-platform AI content creator. Reviews AI video tools and marketing.,,https://www.facebook.com/mattfarmeraing,
https://www.facebook.com/ai.filmmaker,AI Filmmaker (@ai.filmmaker),Facebook,Unknown,,"AIGC,Facebook,AI filmmaking",New,,Unknown,en,Unknown,https://www.facebook.com/ai.filmmaker,unsure,2026-09-10T07:03:59.975134Z,web_search: AI Filmmaker Facebook,AI filmmaking community page. AI video creation and filmmaking.,,https://www.facebook.com/ai.filmmaker,
https://www.tiktok.com/@kumandgodev,Chris W Films (@kumandgodev),TikTok,22600,,"AIGC,TikTok,AI video,AI filmmaker",New,,,en,Unknown,https://www.tiktok.com/@kumandgodev,unsure,2026-09-10T07:17:50Z,web_search verified public profile,Video producer with 25 years experience. The SNL of AI Video. Website: www.chriswatsonfilms.com. Verified real TikTok profile.,,,"{""follower_count"":{""source"":""tiktok_public_profile"",""value"":""~22.6K""},""bio"":{""source"":""tiktok_public_profile"",""text"":""Video producer with 25 years experience. The SNL of AI Video. Www.chriswatsonfilms.com""},""verification"":{""source"":""multiple_web_search"",""evidence"":""TikTok public profile verified via search""}}"
https://www.tiktok.com/@ai.cinema021,Ai Cinema (@ai.cinema021),TikTok,2200000,,"AIGC,TikTok,AI video,AI filmmaker,Fruit Love Island",New,,,en,Unknown,https://www.tiktok.com/@ai.cinema021/video/7617098849072598303,unsure,2026-09-10T07:17:50Z,web_search verified public profile,"Original creator of Fruit Love Island (viral AI-generated TikTok series). 2.2M followers, 30.3M likes. Verified by Yahoo Entertainment and CNN. Business inquiries: @officialai.cinema021@gmail.com",,,"{""follower_count"":{""source"":""tiktok_public_profile"",""value"":""2.2M""},""bio"":{""source"":""tiktok_public_profile"",""text"":""Original creator of Fruit Love Island""},""verification"":{""source"":""yahoo_entertainment,cnn"",""evidence"":""Yahoo: fastest-growing TikTok series; CNN coverage""}}"
https://www.tiktok.com/@timetravellerpov,Daniel Riley (@timetravellerpov),TikTok,586000,,"AIGC,TikTok,AI video,AI filmmaker,AI historical POV",New,,UK,en,Unknown,https://www.tiktok.com/@timetravellerpov,unsure,2026-09-10T07:17:50Z,web_search verified public profile,"27-year-old British AI content creator. AI-generated historical POV videos. 586K followers, 12.8M likes. Co-founder of AI Video Bootcamp. Covered by BBC and Fast Company. Instagram: @promptedbyriley",,,"{""follower_count"":{""source"":""tiktok_public_profile"",""value"":""586K""},""bio"":{""source"":""tiktok_public_profile"",""text"":""AI Filmmaker and Digital Storyteller""},""verification"":{""source"":""bbc,fast_company,communityhunter"",""evidence"":""BBC article, Fast Company article confirm creator identity and follower count""}}"
https://www.facebook.com/incredhistory,Incredible History (William Brown),Facebook,600000,,"AIGC,Facebook,AI filmmaking,AI cinematic,AI video",New,,,en,Unknown,https://www.facebook.com/incredhistory/videos/spanish-vs-aztec-the-greatest-movie-never-made-the-full-episode-1-hour-history/1460972668817903/,unsure,2026-09-10T07:17:50Z,web_search verified public profile,"William Brown - AI filmmaker, creator of Incredible History YouTube channel. ~600K Facebook followers, 148K YouTube subscribers. Runs AI Cinematic Directors community on Skool. Full-time AI filmmaker. ~140M views across platforms.",,,"{""follower_count"":{""source"":""web_search"",""value"":""~600K Facebook""},""bio"":{""source"":""skoolmakers_review"",""text"":""Creator of Incredible History on YouTube and AI Cinematic Directors. AI filmmaker, ~140M views, 600K Facebook followers""},""verification"":{""source"":""skoolmakers,instagram,facebook_posts"",""evidence"":""Verified Facebook page with real AI filmmaking content posts""}}"
https://www.tiktok.com/@pebblely_ai,Pebblely (@pebblely_ai),TikTok,16400,alfred@pebblely.com,"AIGC,TikTok,AI product photography,AI tools",New,,,en,Pebblely,https://www.tiktok.com/@pebblely_ai,unsure,2026-09-10T07:18:34Z,web_search verified public profile,"AI product photography brand. 16.4K followers, 136.9K likes on TikTok. Pebblely tool turns product images into professional photos using AI. Over 1M creatives use the tool. pebblely.com",,,"{""follower_count"":{""source"":""tiktok_public_profile"",""value"":""16.4K""},""bio"":{""source"":""tiktok_public_profile"",""text"":""Turn boring product images into beautiful photos using AI""},""company"":{""name"":""Pebblely"",""website"":""pebblely.com"",""email"":""alfred@pebblely.com""},""verification"":{""source"":""pebblely_website,toolify,ttyy"",""evidence"":""Verified TikTok brand account for AI product photography tool Pebblely; 1M+ users; tool listed on multiple AI directories""}}"
https://www.tiktok.com/@glorbworldwide,Glorb (@glorbworldwide),TikTok,913100,,"AIGC,TikTok,AI rap,entertainment",New,,Unknown,en,Unknown,https://www.tiktok.com/@glorbworldwide,yes,2026-09-10,web_search: Wikipedia/Grokipedia/Glorb profile,Pseudonymous AI rapper using AI-generated SpongeBob SquarePants character voices. ~913K TikTok followers. Wikipedia-confirmed.,,https://en.wikipedia.org/wiki/Glorb,
https://www.tiktok.com/@grannyspills,Granny Spills (@grannyspills),TikTok,924200,,"AIGC,TikTok,AI influencer,lifestyle",New,,Unknown,en,Unknown,https://www.tiktok.com/@grannyspills,yes,2026-09-10,web_search: TIME/AvatarFactory/Blur Studios,AI-generated grandmother influencer. Created by Eric Suarez and Adam Vaserstein of Blur Studios. ~924K TikTok followers.,,https://time.com/7329699/ai-influencers-tiktok-granny-spills/,
https://www.tiktok.com/@kizunaai0630,Kizuna AI (@kizunaai0630),TikTok,2900000,,"AIGC,TikTok,VTuber,music",New,,Unknown,en,Unknown,https://www.tiktok.com/@kizunaai0630,yes,2026-09-10,web_search: Wikipedia/KizunaAI official,World's first VTuber. Japanese virtual YouTuber and singer. Managed by Kizuna AI Inc. (Activ8 subsidiary). 10M+ social followers.,,https://en.wikipedia.org/wiki/Kizuna_AI,
https://www.tiktok.com/@jeremyfilmsthings,Jeremy Drakeford (@jeremyfilmsthings),TikTok,,,"AIGC,TikTok,wildlife,education",New,,Unknown,en,Unknown,https://www.tiktok.com/@jeremyfilmsthings,unsure,2026-09-10,web_search: TikTok Discover List 2026,Wildlife filmmaker. TikTok Discover List 2026 Educator. Australian wildlife content creator. Nominated for 2025 TikTok Awards.,,https://newsroom.tiktok.com/discover-list-2026-au,
https://www.tiktok.com/@pryscilla_lsm,Pryscilla Monroy (@pryscilla_lsm),TikTok,700000,,"AIGC,TikTok,education,sign language",New,,Unknown,es,Unknown,https://www.tiktok.com/@pryscilla_lsm,unsure,2026-09-10,web_search: TikTok Discover List 2026,Deaf TikTok educator. TikTok Discover List 2026. Mexican creator teaching Lengua de Senas Mexicana. 700K+ followers.,,https://newsroom.tiktok.com/discover-list-2026-au,
