ProfileURL,Name/Handle,Platform,FollowerCount,Email,Tags,OutreachStatus,LastScrapedAt,Region,Language,PrimaryAITool,SampleContentURL,AIGCVerdict,DiscoveredAt,Source,Notes,FeedURL,ContactSourceURL,EvidenceJSON
https://youtube.com/@fadimantium,@fadimantium,YouTube,357,not exposed,"AI-Creator, AIGC, Runway, YouTube, small-creator",New,2026-09-18T03:18:33Z,,en,Runway,https://www.youtube.com/@fadimantium/videos,yes,2026-07-06T02:17:00Z,YouTube routine exact API refresh,api_refresh: YouTube subscribers=357; videos=2; channelId=UCrkZv-P_jP6kPV4m8m-zJEw; recent_title=Fadimantium - Videos,https://www.youtube.com/feeds/videos.xml?channel_id=UCrkZv-P_jP6kPV4m8m-zJEw,https://youtube.com/@fadimantium/about,"{""follower_count"": {""source"": ""yt-dlp.channel_info"", ""channelId"": ""UCrkZv-P_jP6kPV4m8m-zJEw"", ""profileUrl"": ""https://youtube.com/@fadimantium""}, ""bio"": {""source"": ""yt-dlp.channel_description"", ""channel_id"": ""UCrkZv-P_jP6kPV4m8m-zJEw"", ""preview"": ""I'm a professor of Graphic Design in Seattle Washington. I'm also a member of the Runway Creative Pa""}, ""aigc_verdict"": {""source"": ""ollama.llama3.2"", ""verdict"": ""yes"", ""details"": ""Rule-based keyword extraction fallback""}, ""recent_uploads"": {""sample"": ""https://www.youtube.com/@fadimantium/videos"", ""sample_title"": ""Fadimantium - Videos""}, ""follower_raw_locale"": ""357""}"
https://youtube.com/@drdreamstv,@drdreamstv,YouTube,3550,not exposed,"AIGC,YouTube,Sora,small-creator",New,2026-09-03T08:00:34Z,,en,Sora,https://www.youtube.com/watch?v=wBE3wzaB6R4,yes,2026-07-06T02:17:00Z,YouTube routine exact API refresh,api_refresh: YouTube subscribers=3550; videos=78; channelId=UC81_dsd-w6Q-kaAT82P_EIw; recent_title=Riders of the Wasteland — NUKE RIDERS,https://www.youtube.com/feeds/videos.xml?channel_id=UC81_dsd-w6Q-kaAT82P_EIw,https://youtube.com/@drdreamstv/about,"{""follower_count"":{""source"":""youtube_data_api.channels.list"",""channelId"":""UC81_dsd-w6Q-kaAT82P_EIw"",""profileUrl"":""https://youtube.com/@drdreamstv""},""bio"":{""source"":""youtube_data_api.channels.list"",""channel_id"":""UC81_dsd-w6Q-kaAT82P_EIw""},""aigc_verdict"":{""source"":""existing_or_api_only_no_frame"",""verdict"":""yes""},""youtube_channel_id"":""UC81_dsd-w6Q-kaAT82P_EIw"",""uploads"":{""source"":""youtube_data_api.search.list"",""channel_id"":""UC81_dsd-w6Q-kaAT82P_EIw"",""sample"":""https://www.youtube.com/watch?v=wBE3wzaB6R4""},""recent_uploads"":{""source"":""youtube_data_api.search.list"",""channelId"":""UC81_dsd-w6Q-kaAT82P_EIw"",""sample"":""https://www.youtube.com/watch?v=wBE3wzaB6R4""}}"
https://youtube.com/@artificialindie,@artificialindie,YouTube,50,not exposed,"AI-Creator, AIGC, Sora, YouTube, small-creator",New,2026-09-18T03:18:52Z,,en,GenAI,https://www.youtube.com/@artificialindie/videos,yes,2026-07-06T02:17:00Z,YouTube routine exact API refresh,api_refresh: YouTube subscribers=50; videos=2; channelId=UC80006r7rG06yBJRl7qG-1g; recent_title=Artificial Indie - Videos,https://www.youtube.com/feeds/videos.xml?channel_id=UC80006r7rG06yBJRl7qG-1g,https://youtube.com/@artificialindie/about,"{""follower_count"": {""source"": ""yt-dlp.channel_info"", ""channelId"": ""UC80006r7rG06yBJRl7qG-1g"", ""profileUrl"": ""https://youtube.com/@artificialindie""}, ""bio"": {""source"": ""yt-dlp.channel_description"", ""channel_id"": ""UC80006r7rG06yBJRl7qG-1g"", ""preview"": ""Dive into the surreal and the sublime as we question what it means to create as we explore the growt""}, ""aigc_verdict"": {""source"": ""ollama.llama3.2"", ""verdict"": ""yes"", ""details"": ""Rule-based keyword extraction fallback""}, ""recent_uploads"": {""sample"": ""https://www.youtube.com/@artificialindie/videos"", ""sample_title"": ""Artificial Indie - Videos""}, ""follower_raw_locale"": ""50""}"
https://youtube.com/@krisjcgarcia,@krisjcgarcia,YouTube,843,not exposed,"AI-Creator, AIGC, Sora, YouTube, small-creator",New,2026-09-18T03:19:10Z,,en,GenAI,https://www.youtube.com/@krisjcgarcia/videos,yes,2026-07-06T02:17:00Z,YouTube routine exact API refresh,api_refresh: YouTube subscribers=842; videos=2; channelId=UCeOWTS0HXH1cFk5Dm-6QqNQ; recent_title=Kris Garcia - Videos,https://www.youtube.com/feeds/videos.xml?channel_id=UCeOWTS0HXH1cFk5Dm-6QqNQ,https://youtube.com/@krisjcgarcia/about,"{""follower_count"": {""source"": ""yt-dlp.channel_info"", ""channelId"": ""UCeOWTS0HXH1cFk5Dm-6QqNQ"", ""profileUrl"": ""https://youtube.com/@krisjcgarcia""}, ""bio"": {""source"": ""yt-dlp.channel_description"", ""channel_id"": ""UCeOWTS0HXH1cFk5Dm-6QqNQ"", ""preview"": ""I make all kinds of videos and don’t stay in one lane, recently I’ve discovered the art of ai film m""}, ""aigc_verdict"": {""source"": ""ollama.llama3.2"", ""verdict"": ""yes"", ""details"": ""Rule-based keyword extraction fallback""}, ""recent_uploads"": {""sample"": ""https://www.youtube.com/@krisjcgarcia/videos"", ""sample_title"": ""Kris Garcia - Videos""}, ""follower_raw_locale"": ""843""}"
https://youtube.com/@natalia.but_ai,@natalia.but_ai,YouTube,37,not exposed,"AI-Creator, AIGC, Runway, YouTube, small-creator",New,2026-09-18T03:19:27Z,,en,GenAI,https://www.youtube.com/@natalia.but_ai/videos,yes,2026-07-06T02:17:00Z,YouTube routine exact API refresh,api_refresh: YouTube subscribers=37; videos=2; channelId=UCxzewjvhdcCaNULDiYHtP9w; recent_title=Natalia But - Videos,https://www.youtube.com/feeds/videos.xml?channel_id=UCxzewjvhdcCaNULDiYHtP9w,https://youtube.com/@natalia.but_ai/about,"{""follower_count"": {""source"": ""yt-dlp.channel_info"", ""channelId"": ""UCxzewjvhdcCaNULDiYHtP9w"", ""profileUrl"": ""https://youtube.com/@natalia.but_ai""}, ""bio"": {""source"": ""yt-dlp.channel_description"", ""channel_id"": ""UCxzewjvhdcCaNULDiYHtP9w"", ""preview"": ""AI Filmmaker & Commercial Video Creator | Cinematic video for brands, campaigns and creative project""}, ""aigc_verdict"": {""source"": ""ollama.llama3.2"", ""verdict"": ""yes"", ""details"": ""Rule-based keyword extraction fallback""}, ""recent_uploads"": {""sample"": ""https://www.youtube.com/@natalia.but_ai/videos"", ""sample_title"": ""Natalia But - Videos""}, ""follower_raw_locale"": ""37""}"
https://vimeo.com/spasmdesign,Pierre-Alexandre Loy,Vimeo,65,,"AIGC,Vimeo,API",New,2026-08-08T06:34:38Z,"Paris, France",,Runway,https://vimeo.com/1203457589,unsure,2026-07-06T04:04:38Z,vimeo_api_refresh,API-only Vimeo refresh/discovery; visual AIGC review not performed in routine lane; sole_or_small: unknown,,www.spasmdesign.com,"{""follower_count"":{""source"":""vimeo_api"",""url"":""https://api.vimeo.com/users/2156252""},""profile"":{""source"":""vimeo_api"",""url"":""https://vimeo.com/spasmdesign""},""aigc_verdict"":{""source"":""api_text_only"",""url"":""https://vimeo.com/1203457589"",""note"":""Routine API lane does not infer visual verdict; left unsure unless already reviewed.""}}"
https://vimeo.com/melitar,Melita Radocaj,Vimeo,10,,"AIGC,Vimeo",New,2026-08-10T06:27:40Z,"München, Deutschland",,Runway,https://vimeo.com/1214582017,unsure,2026-07-06T04:04:38Z,Vimeo API refresh,videos_total: 63,,https://melitaradocaj.com/,"{""follower_count"":{""source"":""vimeo_api"",""url"":""https://api.vimeo.com/users/melitar""},""profile"":{""source"":""vimeo_api"",""url"":""https://vimeo.com/melitar""},""aigc_verdict"":{""source"":""api_search_metadata"",""url"":""https://vimeo.com/melitar"",""note"":""API search/profile only; visual frame review not performed in this routine lane""}}"
https://civitai.com/user/KurutAI,@KurutAI,Civitai,4.812K,,"AIGC,Civitai,video",New,,,,,,,2026-07-06T04:04:38Z,Civitai API /images type=video sort=Newest,,,,
https://civitai.com/user/nyuvisionx,nyuvisionx,Civitai,232,,"AIGC,Civitai,video",New,2026-09-17T05:28:24Z,,,,,,2026-07-06T04:04:38Z,Civitai API refresh,,,,
https://instagram.com/dariondanjou,Darion D'Anjou (@dariondanjou),Instagram,5561,,"AIGC,AI filmmaker,Instagram",New,2026-07-07T02:53:01Z,US,en,,https://www.instagram.com/dariondanjou/,yes,2026-07-07T02:53:01Z,SearXNG shortlist; Instagram computer_use AX profile read 2026-07-07,"Profile bio: Film Director; ai filmmaker | writer | director | artist. 227 posts, 5,561 followers, 4,923 following. Public link-in-bio youtu.be/QusCVK_AYdk?si=enOuOzW-xVdFfaWN and 2 more; Threads dariondanjou. Sole/small-looking; no public email visible in profile header.",,https://www.instagram.com/dariondanjou/,"{""follower_count"":{""source"":""computer_use_ax"",""url"":""https://www.instagram.com/dariondanjou/"",""value"":5561},""bio"":{""source"":""computer_use_ax"",""text"":""Film Director; ai filmmaker | writer | director | artist; pre-save blaise single terms&conditions link below""},""aigc_verdict"":{""source"":""computer_use_ax"",""evidence"":""Bio says ai filmmaker; grid includes AI-themed pinned/clip captions.""}}"
https://instagram.com/ai_anav,Anav Nayar (@ai_anav),Instagram,18800,,"AIGC,AI filmmaker,Instagram,verified",New,2026-07-07T02:53:01Z,,en,,https://www.instagram.com/ai_anav/,yes,2026-07-07T02:53:01Z,SearXNG shortlist; Instagram computer_use AX profile read 2026-07-07,"Verified. Profile bio: Artist; Are we human or are we dancer? Screenwriter | AI Filmmaker; @wizloopstudios; DM/email for work & collabs. 114 posts, 18.8K followers, 1 following. Over 10k follower threshold, but still likely individual/small studio. No public email text visible in profile header.",,https://www.instagram.com/ai_anav/,"{""follower_count"":{""source"":""computer_use_ax"",""url"":""https://www.instagram.com/ai_anav/"",""value"":18800},""bio"":{""source"":""computer_use_ax"",""text"":""Artist; Are we human or are we dancer? Screenwriter | AI Filmmaker; @wizloopstudios; DM/email for work & collabs""},""aigc_verdict"":{""source"":""computer_use_ax"",""evidence"":""Bio says AI Filmmaker; grid captions include all visuals created using AI and #aifilmmaking/#aiart.""}}"
https://instagram.com/kseniia_saraieva,@kseniia_saraieva,Instagram,2190,,"AIGC,AI filmmaker,AI curator,Instagram",New,2026-07-07T02:53:01Z,EU,en,Caimera AI,https://www.instagram.com/kseniia_saraieva/,yes,2026-07-07T02:53:01Z,SearXNG shortlist; Instagram computer_use AX profile read 2026-07-07,"Profile bio: AI Filmmaker | Curator | Researcher | from UA | based NL | Creative Partnership Program: Caimera AI. 169 posts, 2,190 followers, 5,298 following. Public link artbeyondcreator.net and 1 more; Threads kseniia_saraieva. Sole/small-looking; no public email visible in profile header.",,https://www.instagram.com/kseniia_saraieva/,"{""follower_count"":{""source"":""computer_use_ax"",""url"":""https://www.instagram.com/kseniia_saraieva/"",""value"":2190},""bio"":{""source"":""computer_use_ax"",""text"":""AI Filmmaker | Curator | Researcher | from UA | based NL | Creative Partnership Program: Caimera AI""},""aigc_verdict"":{""source"":""computer_use_ax"",""evidence"":""Bio says AI Filmmaker/Curator; visible grid and captions discuss AI tools, AI companion/robot/aiculture, and AI culture panels.""}}"
https://reddit.com/user/hayailearn,@hayailearn,Reddit,,,"AIGC,Reddit,search-index",New,2026-08-08T02:16:33Z,,,,https://www.reddit.com/user/hayailearn/,unsure,2026-07-17T02:17:27Z,"searxng ""AI video creator"" site:reddit.com/user",Reddit discovery-only; no keyless profiling API from this host; follower count intentionally empty; AIGC verdict unsure.,,https://www.reddit.com/user/hayailearn/,"{""discovery"":{""source"":""searxng"",""query"":""\""AI video creator\"" site:reddit.com/user"",""url"":""https://www.reddit.com/user/hayailearn/"",""title"":""u/hayailearn - Reddit"",""snippet"":""20 Sept 2024 ... [Hiring] Short form AI Video Creator & Editor \u00b7 Video editing skills are important, like being able to create smooth transitions and effects.""},""aigc_verdict"":{""source"":""search_index_only"",""verdict"":""unsure""},""follower_count"":{""source"":""not_profiled_no_keyless_reddit_api"",""value"":""""}}"
https://reddit.com/user/poonfoox,u/poonfoox,Reddit,,,"AIGC,Reddit,AI video",New,2026-07-17T02:17:27Z,,,,,unsure,2026-07-17T02:17:27Z,"searxng site:reddit.com/user ""AI video creator""",Reddit discovery-only; no keyless profiling API from server IP; follower count intentionally empty; AIGC verdict unsure from search source.,,https://www.reddit.com/user/poonfoox/,"{""discovery"":{""tool"":""searxng"",""query"":""site:reddit.com/user \""AI video creator\"""",""source_url"":""https://www.reddit.com/user/poonfoox/"",""title"":""u/poonfoox - Reddit"",""snippet"":""14 Aug 2020 ... Made over a couple days using Bing AI video creator (3 free generations every few hours), here's my bowling diss track in video form. https\u00a0...""}}"
https://reddit.com/user/animated_tales,u/Animated_Tales,Reddit,,,"AIGC,Reddit,AI video",New,2026-07-17T02:17:27Z,,,,,unsure,2026-07-17T02:17:27Z,"searxng site:reddit.com/user ""AI video creator""",Reddit discovery-only; no keyless profiling API from server IP; follower count intentionally empty; AIGC verdict unsure from search source.,,https://www.reddit.com/user/Animated_Tales/,"{""discovery"":{""tool"":""searxng"",""query"":""site:reddit.com/user \""AI video creator\"""",""source_url"":""https://www.reddit.com/user/Animated_Tales/"",""title"":""Animated_Tales - Reddit"",""snippet"":""3 Apr 2026 ... Looking for AI Video Creator (Short Film Style) \u2014 Paid Work \u00b7 Animated_Tales commented 24 days ago. Interesting. Upvote 1. Downvote""}}"
https://reddit.com/user/mima87,u/Mima87,Reddit,,,"AIGC,Reddit,AI video",New,2026-07-17T02:17:27Z,,,,,unsure,2026-07-17T02:17:27Z,"searxng site:reddit.com/user ""AI video creator""",Reddit discovery-only; no keyless profiling API from server IP; follower count intentionally empty; AIGC verdict unsure from search source.,,https://www.reddit.com/user/Mima87/,"{""discovery"":{""tool"":""searxng"",""query"":""site:reddit.com/user \""AI video creator\"""",""source_url"":""https://www.reddit.com/user/Mima87/"",""title"":""u/Mima87 - Reddit"",""snippet"":""25 Jan 2024 ... Time Traveler's Guide to the World Turn ideas into videos | AI video creator \u00b7 https://ai.invideo.io/watch/ieOPW2EVk6I. Sorry, this post has\u00a0...""}}"
https://reddit.com/user/reayman13,u/reayman13,Reddit,,,"AIGC,Reddit,AI video",New,2026-07-18T02:15:50Z,,,,,unsure,2026-07-17T02:17:27Z,SearXNG/ddgs site:reddit.com (r/aivideo + /user),discovery-only; Reddit keyless profiling unavailable; needs later profile/OAuth/frame review,,https://www.reddit.com/user/reayman13/,"{""identity"":{""source"":""searxng"",""url"":""https://www.reddit.com/user/reayman13/"",""search_result_url"":""https://www.reddit.com/user/reayman13/"",""title"":""OrangeCitron (u/reayman13) - Reddit""},""aigc_lead"":{""source"":""searxng"",""query"":""\""AI video creator\"" site:reddit.com/user"",""snippet"":""YOUTUBE thumbnail The Hachieman · TIKTOK thumbnail orangecitron13 · INSTAGRAM thumbnail orange_citron_. AI video creator and more. About. Overview Posts ...""},""follower_count"":{""source"":""not_collected"",""reason"":""Reddit has no keyless profiling API in this routine""},""aigc_verdict"":{""source"":""not_profiled"",""reason"":""ROUTINE.md rule 9: search-snippet leads append as unsure until API/frame review""}}"
https://reddit.com/user/veganhacktivists,u/veganhacktivists,Reddit,,,"AIGC,Reddit,AI video",New,2026-07-17T02:17:27Z,,,,,unsure,2026-07-17T02:17:27Z,"searxng site:reddit.com/user ""AI video creator""",Reddit discovery-only; no keyless profiling API from server IP; follower count intentionally empty; AIGC verdict unsure from search source.,,https://www.reddit.com/user/veganhacktivists/,"{""discovery"":{""tool"":""searxng"",""query"":""site:reddit.com/user \""AI video creator\"""",""source_url"":""https://www.reddit.com/user/veganhacktivists/"",""title"":""Vegan Hacktivists (u/veganhacktivists) - Reddit"",""snippet"":""Design & Multimedia volunteer needed! Animator or AI Video Creator for Alternative Protein Videos ... Description: Clean Meat Alliance is making youtube videos\u00a0...""}}"
https://reddit.com/user/richphone198,u/RichPhone198,Reddit,,,"AIGC,Reddit,AI video",New,2026-07-17T02:17:27Z,,,,,unsure,2026-07-17T02:17:27Z,"searxng site:reddit.com/user ""AI video creator""",Reddit discovery-only; no keyless profiling API from server IP; follower count intentionally empty; AIGC verdict unsure from search source.,,https://www.reddit.com/user/RichPhone198/,"{""discovery"":{""tool"":""searxng"",""query"":""site:reddit.com/user \""AI video creator\"""",""source_url"":""https://www.reddit.com/user/RichPhone198/"",""title"":""JOYBOY (u/RichPhone198) - Reddit"",""snippet"":""3 Feb 2024 ... [For Hire] AI Video Creator (Veo, Kling, HeyGen) \u2014 short-form, UGC ads & AI-avatar videos \u2014 from $15/hr or per-project ... Sorry, this post was\u00a0...""}}"
https://reddit.com/user/left_imagination634,u/Left_Imagination634,Reddit,,,"AIGC,Reddit,AI video",New,2026-07-17T02:17:27Z,,,,,unsure,2026-07-17T02:17:27Z,"searxng site:reddit.com/user ""AI video creator""",Reddit discovery-only; no keyless profiling API from server IP; follower count intentionally empty; AIGC verdict unsure from search source.,,https://www.reddit.com/user/Left_Imagination634/,"{""discovery"":{""tool"":""searxng"",""query"":""site:reddit.com/user \""AI video creator\"""",""source_url"":""https://www.reddit.com/user/Left_Imagination634/"",""title"":""u/Left_Imagination634 - Reddit"",""snippet"":""1 Mar 2022 ... im ai im ai. i hear that sentence from your video, being an ai video creator the challenge is to make a video without being able to tell if its\u00a0...""}}"
https://reddit.com/user/honeydew-stunning,u/Honeydew-Stunning,Reddit,,,"AIGC,Reddit,AI video,Sora",New,2026-07-18T02:15:50Z,,,Sora,https://www.reddit.com/user/Honeydew-Stunning/comments/1uejcer/sora_vs_runway_the_ai_video_war_shorts/,unsure,2026-07-17T02:17:27Z,SearXNG/ddgs site:reddit.com (r/aivideo + /user),discovery-only; Reddit keyless profiling unavailable; needs later profile/OAuth/frame review,,https://www.reddit.com/user/Honeydew-Stunning/comments/1uejcer/sora_vs_runway_the_ai_video_war_shorts/,"{""identity"":{""source"":""searxng"",""url"":""https://www.reddit.com/user/Honeydew-Stunning/"",""search_result_url"":""https://www.reddit.com/user/Honeydew-Stunning/comments/1uejcer/sora_vs_runway_the_ai_video_war_shorts/"",""title"":""Sora vs Runway: The AI Video War #shorts : u/Honeydew-Stunning""},""aigc_lead"":{""source"":""searxng"",""query"":""Runway \""AI video\"" site:reddit.com/user"",""snippet"":""24 Jun 2026 ... Sora vs Runway: The AI Video War #shorts. Play. Upvote 1. Downvote 0 Go to comments. Share. Comments Section. Snoo Wave.""},""follower_count"":{""source"":""not_collected"",""reason"":""Reddit has no keyless profiling API in this routine""},""aigc_verdict"":{""source"":""not_profiled"",""reason"":""ROUTINE.md rule 9: search-snippet leads append as unsure until API/frame review""}}"
https://reddit.com/user/aivideoschool,u/AIVideoSchool,Reddit,,,"AIGC,AI video,Reddit",New,2026-08-10T02:12:34Z,,,Runway,https://www.reddit.com/user/AIVideoSchool/,unsure,2026-07-17T02:17:27Z,searxng site:reddit.com/user Kling AI video,Reddit discovery-only; no keyless profiling API from server IP; follower count intentionally empty.,,https://www.reddit.com/user/AIVideoSchool/,"{""discovery"":{""tool"":""searxng"",""query"":""site:reddit.com/user Kling AI video"",""source_url"":""https://www.reddit.com/user/AIVideoSchool/"",""title"":""u/AIVideoSchool - Reddit""}}"
https://reddit.com/user/eidedodidei,u/EideDoDidei,Reddit,,,"AIGC,Reddit,AI video",New,2026-07-17T02:17:27Z,,,Sora,,unsure,2026-07-17T02:17:27Z,searxng site:reddit.com/user Sora Runway,Reddit discovery-only; no keyless profiling API from server IP; follower count intentionally empty; AIGC verdict unsure from search source.,,https://www.reddit.com/user/EideDoDidei/comments/,"{""discovery"":{""tool"":""searxng"",""query"":""site:reddit.com/user Sora Runway"",""source_url"":""https://www.reddit.com/user/EideDoDidei/comments/"",""title"":""EideDoDidei - Reddit"",""snippet"":""Runway has long generation times and they ban you if you actually try to ... Why is it SO MUCH more filtered than Sora 2 or Gemini or any of the other AI models?""}}"
https://reddit.com/user/kaustubh099,u/Kaustubh099,Reddit,,,"AIGC,Reddit,AI video",New,2026-07-17T02:17:27Z,,,Sora,,unsure,2026-07-17T02:17:27Z,searxng site:reddit.com/user Sora Runway,Reddit discovery-only; no keyless profiling API from server IP; follower count intentionally empty; AIGC verdict unsure from search source.,,https://www.reddit.com/user/Kaustubh099/,"{""discovery"":{""tool"":""searxng"",""query"":""site:reddit.com/user Sora Runway"",""source_url"":""https://www.reddit.com/user/Kaustubh099/"",""title"":""aspecial_one (u/Kaustubh099) - Reddit"",""snippet"":""4 days ago ... Also want someone who can ride trends viral-style edits, trending audio/formats, plus AI-generated video content (think Sora/Runway-style clips,\u00a0...""}}"
https://reddit.com/user/jwallyman51,u/Jwallyman51,Reddit,,,"AIGC,AI video,Reddit",New,2026-08-10T02:12:34Z,,,Sora,https://www.reddit.com/user/Jwallyman51/,unsure,2026-07-17T02:17:27Z,searxng site:reddit.com/user Sora AI video creator,Reddit discovery-only; no keyless profiling API from server IP; follower count intentionally empty.,,https://www.reddit.com/user/Jwallyman51/,"{""discovery"":{""tool"":""searxng"",""query"":""site:reddit.com/user Sora AI video creator"",""source_url"":""https://www.reddit.com/user/Jwallyman51/"",""title"":""Neural Viz (u/Jwallyman51) - Reddit""}}"
https://reddit.com/user/useapi_net,u/useapi_net,Reddit,,,"AIGC,search-index,Runway",New,2026-07-30T14:17:16Z,,,Sora,https://www.reddit.com/user/useapi_net/,unsure,2026-07-17T02:17:27Z,SearXNG site:reddit.com/user Runway AI filmmaker,off-platform discovery; no API follower count in sweep,,https://reddit.com/user/useapi_net,"{""discovery"":{""source"":""SearXNG"",""query"":""Runway AI filmmaker site:reddit.com/user"",""url"":""https://www.reddit.com/user/useapi_net/"",""title"":""useapi.net (u/useapi_net) - Reddit"",""snippet"":""3 Oct 2023 ... u/useapi_net: Experimental third-party API for Veo, Sora, Nano Banana, Seedance, Seedream, Kling, MiniMax, Mureka, Runway, PixVerse, Qwen, ...""},""aigc_verdict"":{""source"":""search_snippet_only"",""verdict"":""unsure""},""follower_count"":{""source"":""not_api_profiled"",""value"":""""}}"
https://reddit.com/user/largelanguageluna,u/LargeLanguageLuna,Reddit,,,"AIGC,Reddit,AI video",New,2026-07-19T02:19:29Z,,,Sora,https://www.reddit.com/user/LargeLanguageLuna/,unsure,2026-07-17T02:17:27Z,searxng Runway generative video site:reddit.com/user,AIGC term: Runway,,https://www.reddit.com/user/LargeLanguageLuna/,"{""discovery"":{""tool"":""searxng"",""query"":""Runway generative video site:reddit.com/user"",""source_url"":""https://www.reddit.com/user/LargeLanguageLuna/"",""title"":""LargeLanguageLuna - Reddit"",""snippet"":""30 Jun 2026 ... Runway is the AI video model company that makes Runway Gen 3. It's ... Film festival for Generative AI Video Producers\u2026 and Traditional\u00a0...""},""profile_status"":""Reddit has no keyless profiling API in this routine; follower count empty, AIGCVerdict unsure.""}"
https://reddit.com/user/sine_fine_belli,u/sine_fine_belli,Reddit,,,"AIGC,Reddit,Sora,Kling",New,2026-08-13T02:05:37Z,,,Sora,https://www.reddit.com/user/sine_fine_belli/m/ai_deep_fake_funny_videos/,unsure,2026-07-17T02:17:27Z,searxng Sora AI video creator site:reddit.com/user,"Reddit discovery-only: no keyless profiling API from server IP; follower_count empty; verdict unsure. Snippet: Ai Deep Fake Funny Videos - Reddit The 7 Best AI Video Platforms to Start Your Creator Journey in 2026 ... I've evaluated 8 platforms based on social testing, UI/UX walkthroughs, pricing breakdowns ... | also: Ai Deep Fake Funny Videos - Reddit The 7 Best AI Video Platforms to Start Your Creator Journey in 2026 ; Motion brush, g",,https://www.reddit.com/user/sine_fine_belli/m/ai_deep_fake_funny_videos/,"{""identity"":{""source"":""searxng"",""url"":""https://www.reddit.com/user/sine_fine_belli/m/ai_deep_fake_funny_videos/"",""query"":""Sora AI video creator site:reddit.com/user"",""reason"":""profile_url_result""},""aigc_verdict"":{""source"":""search_snippet"",""url"":""https://www.reddit.com/user/sine_fine_belli/m/ai_deep_fake_funny_videos/"",""verdict"":""unsure"",""snippet"":""Ai Deep Fake Funny Videos - Reddit The 7 Best AI Video Platforms to Start Your Creator Journey in 2026 ... I've evaluated 8 platforms based on social testing, UI/UX walkthroughs, pricing breakdowns ...""}}"
https://reddit.com/user/kavan-the-kid,u/kavan-the-kid,Reddit,,,"AIGC,AI video,Reddit",New,2026-08-11T02:20:08Z,,,,https://www.reddit.com/user/kavan-the-kid/,unsure,2026-07-17T02:17:27Z,"searxng ""u/"" ""AI filmmaker"" ""r/aivideo"" site:reddit.com/user",Reddit discovery-only; FollowerCount empty and AIGCVerdict=unsure per ROUTINE.md rule 9; no computer_use.,,https://www.reddit.com/user/kavan-the-kid/,"{""identity"":{""source"":""searxng"",""url"":""https://www.reddit.com/user/kavan-the-kid/"",""query"":""\""u/\"" \""AI filmmaker\"" \""r/aivideo\"" site:reddit.com/user""},""aigc_verdict"":{""source"":""not_profiled"",""reason"":""Reddit has no keyless profiling API in routine; search snippet only, per ROUTINE.md rule 9""},""discovery_snippet"":""u/kavan-the-kid: AI filmmaker ... r/aivideo •. Assault on the Vampire Lord's Stronghold · kavan-the-kid commented 2 mo. ago. Hey, this is my show The ...""}"
https://reddit.com/user/snoowoofers7340,u/SnooWoofers7340,Reddit,,,"AIGC,Reddit,AI video",New,2026-07-25T02:14:07Z,,,,https://www.reddit.com/user/SnooWoofers7340/,unsure,2026-07-17T02:17:27Z,"searxng: ""AI filmmaker"" site:reddit.com/user",discovery_only; reddit_no_keyless_profile_api; source=search_index; no computer_use,,https://www.reddit.com/user/SnooWoofers7340/,"{""discovery"":{""source"":""searxng"",""query"":""\""AI filmmaker\"" site:reddit.com/user"",""url"":""https://www.reddit.com/user/SnooWoofers7340/"",""snippet"":""Mikarina (u/SnooWoofers7340) - Reddit \u2014 u/SnooWoofers7340: 1990 | 60+ lands \u2708\ufe0f | \u200d Andaluc\u00eda | Creative Generalist / AI Filmmaker | Brand Launch/Lift | avadigital.ai \u201cWe speak AI\u2026""},""profile"":{""source"":""search-index-only"",""note"":""Reddit keyless profiling API unavailable; not profiled""}}"
https://reddit.com/user/boobkake22,u/boobkake22,Reddit,,,"AIGC,Reddit,AI video",New,2026-07-18T02:15:50Z,,,,,unsure,2026-07-17T02:17:27Z,SearXNG/ddgs site:reddit.com (r/aivideo + /user),discovery-only; Reddit keyless profiling unavailable; needs later profile/OAuth/frame review,,https://www.reddit.com/user/boobkake22/,"{""identity"":{""source"":""searxng"",""url"":""https://www.reddit.com/user/boobkake22/"",""search_result_url"":""https://www.reddit.com/user/boobkake22/"",""title"":""u/boobkake22 - Reddit""},""aigc_lead"":{""source"":""searxng"",""query"":""\""AI filmmaker\"" site:reddit.com/user"",""snippet"":""Fix ANY smudgy, muddy, unusable gen with this V2V Upsampling workflow | A must-have in my book for any AI Filmmaker · boobkake22 replied to foxdit 5 days ago.""},""follower_count"":{""source"":""not_collected"",""reason"":""Reddit has no keyless profiling API in this routine""},""aigc_verdict"":{""source"":""not_profiled"",""reason"":""ROUTINE.md rule 9: search-snippet leads append as unsure until API/frame review""}}"
https://reddit.com/user/slimetime888,u/slimetime888,Reddit,,,"AIGC,Reddit,AI video",New,2026-07-23T02:18:28Z,,,,,unsure,2026-07-17T02:17:27Z,"searxng ""AI filmmaker"" site:reddit.com/user","Reddit discovery-only; no keyless profiling API; snippet lead, not confirmed.",,https://www.reddit.com/user/slimetime888/,"{""identity"":{""source"":""searxng"",""query"":""\""AI filmmaker\"" site:reddit.com/user"",""url"":""https://www.reddit.com/user/slimetime888/""},""aigc_verdict"":{""source"":""search_snippet_only"",""verdict"":""unsure"",""reason"":""slimetime (u/slimetime888) - Reddit"",""url"":""https://www.reddit.com/user/slimetime888/""}}"
https://reddit.com/user/outside-objective828,Rodo AI Filmmaker (u/Outside-Objective828),Reddit,,,"AIGC,AI video,Reddit",New,2026-08-11T02:20:08Z,,,,https://www.reddit.com/user/Outside-Objective828/,unsure,2026-07-17T02:17:27Z,"searxng ""u/"" ""AI filmmaker"" ""r/aivideo"" site:reddit.com/user",Reddit discovery-only; FollowerCount empty and AIGCVerdict=unsure per ROUTINE.md rule 9; no computer_use.,,https://www.reddit.com/user/Outside-Objective828/,"{""identity"":{""source"":""searxng"",""url"":""https://www.reddit.com/user/Outside-Objective828/"",""query"":""\""u/\"" \""AI filmmaker\"" \""r/aivideo\"" site:reddit.com/user""},""aigc_verdict"":{""source"":""not_profiled"",""reason"":""Reddit has no keyless profiling API in routine; search snippet only, per ROUTINE.md rule 9""},""discovery_snippet"":""u/Outside-Objective828: AI filmmaker and video editor creating cinematic stories with FABLE FORGE ... r/aivideo • 2d ago. Locked post. Stickied post. Archived ...""}"
https://reddit.com/user/impossibilia,@impossibilia,Reddit,,,"AIGC,Reddit,AI video",New,2026-08-07T02:14:49Z,,,,https://www.reddit.com/user/impossibilia/,unsure,2026-07-17T02:17:27Z,"searx ""AI filmmaker"" site:reddit.com/user",snippet says former animator and now AI filmmaker; discovery-only Reddit lead; no keyless profiling API,,https://www.reddit.com/user/impossibilia/,"{""identity"":{""source"":""searx"",""url"":""https://www.reddit.com/user/impossibilia/"",""query"":""\""AI filmmaker\"" site:reddit.com/user""},""aigc_verdict"":{""source"":""search_snippet_only"",""verdict"":""unsure"",""reason"":""Reddit has no keyless profiling API in routine; no frame/API review performed""},""why_flagged"":{""title"":""u/impossibilia - Reddit"",""snippet"":""8 days ago ... As a former animator and now AI filmmaker, I can tell you that classical animators were shaking their fists at computer animators. I was at ..."",""reason"":""snippet says former animator and now AI filmmaker""}}"
https://reddit.com/user/singlehandedstudio,u/SingleHandedStudio,Reddit,,,"AIGC,Reddit,AI video",New,2026-07-25T02:14:07Z,,,,https://www.reddit.com/user/SingleHandedStudio/,unsure,2026-07-17T02:17:27Z,"searxng: ""AI filmmaker"" site:reddit.com/user",discovery_only; reddit_no_keyless_profile_api; source=search_index; no computer_use,,https://www.reddit.com/user/SingleHandedStudio/,"{""discovery"":{""source"":""searxng"",""query"":""\""AI filmmaker\"" site:reddit.com/user"",""url"":""https://www.reddit.com/user/SingleHandedStudio/"",""snippet"":""u/SingleHandedStudio - Reddit \u2014 14 Jul 2026 ... I am an award-winning visual artist, designer, creative director, and now an AI filmmaker. This studio is the next version of a creative\u00a0...""},""profile"":{""source"":""search-index-only"",""note"":""Reddit keyless profiling API unavailable; not profiled""}}"
https://reddit.com/user/director_av_auteur,u/Director_AV_Auteur,Reddit,,,"AIGC,Reddit,AI video",New,2026-07-25T02:14:07Z,,,,https://www.reddit.com/user/Director_AV_Auteur/,unsure,2026-07-17T02:17:27Z,"searxng: ""AI filmmaker"" site:reddit.com/user",discovery_only; reddit_no_keyless_profile_api; source=search_index; no computer_use,,https://www.reddit.com/user/Director_AV_Auteur/,"{""discovery"":{""source"":""searxng"",""query"":""\""AI filmmaker\"" site:reddit.com/user"",""url"":""https://www.reddit.com/user/Director_AV_Auteur/"",""snippet"":""u/Director_AV_Auteur - Reddit \u2014 \""Digital Creator & AI Filmmaker crafting intense 20-second micro-dramas focusing on raw human emotions.\"" About.""},""profile"":{""source"":""search-index-only"",""note"":""Reddit keyless profiling API unavailable; not profiled""}}"
https://vimeo.com/user73940161,SOO,Vimeo,5,,"AIGC,Vimeo,Sora",New,2026-08-10T06:27:40Z,캐나다 브리티시컬럼비아 밴쿠버,,Sora,https://vimeo.com/1099035721,unsure,2026-07-17T06:04:41Z,Vimeo API /videos search: sora ai short film,videos_total: 3,,https://vimeo.com/user73940161,"{""follower_count"":{""source"":""vimeo_api"",""url"":""https://api.vimeo.com/users/73940161""},""profile"":{""source"":""vimeo_api"",""url"":""https://vimeo.com/user73940161""},""aigc_verdict"":{""source"":""api_search_metadata"",""url"":""https://vimeo.com/1099035721"",""note"":""API search/profile only; visual frame review not performed in this routine lane""}}"
https://vimeo.com/user3864439,Generative AI Video,Vimeo,0,,"AIGC,Vimeo,Sora",New,2026-08-10T06:27:40Z,,,Sora,https://vimeo.com/947759886,unsure,2026-07-17T06:04:41Z,Vimeo API /videos search: sora ai short film,videos_total: 4,,https://vimeo.com/user3864439,"{""follower_count"":{""source"":""vimeo_api"",""url"":""https://api.vimeo.com/users/3864439""},""profile"":{""source"":""vimeo_api"",""url"":""https://vimeo.com/user3864439""},""aigc_verdict"":{""source"":""api_search_metadata"",""url"":""https://vimeo.com/947759886"",""note"":""API search/profile only; visual frame review not performed in this routine lane""}}"
https://vimeo.com/ryanturnerproductions,Ryan Turner,Vimeo,198,,"AIGC,Vimeo,Sora",New,2026-08-10T06:27:40Z,"Los Angeles, CA, USA",,Sora,https://vimeo.com/1037658224,unsure,2026-07-17T06:04:41Z,Vimeo API /videos search: sora ai short film,videos_total: 43,,www.ryanturnerproductions.com,"{""follower_count"":{""source"":""vimeo_api"",""url"":""https://api.vimeo.com/users/1285110""},""profile"":{""source"":""vimeo_api"",""url"":""https://vimeo.com/ryanturnerproductions""},""aigc_verdict"":{""source"":""api_search_metadata"",""url"":""https://vimeo.com/1037658224"",""note"":""API search/profile only; visual frame review not performed in this routine lane""}}"
https://vimeo.com/user163528136,ishaan s,Vimeo,1,,"AIGC,Vimeo,Sora",New,2026-08-10T06:27:40Z,,,Sora,https://vimeo.com/1073479726,unsure,2026-07-17T06:04:41Z,Vimeo API /videos search: sora ai short film,videos_total: 1,,https://vimeo.com/user163528136,"{""follower_count"":{""source"":""vimeo_api"",""url"":""https://api.vimeo.com/users/163528136""},""profile"":{""source"":""vimeo_api"",""url"":""https://vimeo.com/user163528136""},""aigc_verdict"":{""source"":""api_search_metadata"",""url"":""https://vimeo.com/1073479726"",""note"":""API search/profile only; visual frame review not performed in this routine lane""}}"
https://vimeo.com/user67702053,YiFei Pei,Vimeo,7,,"AIGC,Vimeo,Sora",New,2026-08-10T06:27:40Z,"Savannah, GA, USA",,Sora,https://vimeo.com/1159682645,unsure,2026-07-17T06:04:41Z,Vimeo API /videos search: sora ai short film,videos_total: 7,,https://yifeipei.com,"{""follower_count"":{""source"":""vimeo_api"",""url"":""https://api.vimeo.com/users/67702053""},""profile"":{""source"":""vimeo_api"",""url"":""https://vimeo.com/user67702053""},""aigc_verdict"":{""source"":""api_search_metadata"",""url"":""https://vimeo.com/1159682645"",""note"":""API search/profile only; visual frame review not performed in this routine lane""}}"
https://vimeo.com/user246775904,user246775904,Vimeo,16,,"AIGC,Vimeo,Sora",New,2026-08-10T06:27:40Z,,,Sora,https://vimeo.com/1137968268,unsure,2026-07-17T06:04:41Z,Vimeo API /videos search: sora ai short film,videos_total: 578,,https://vimeo.com/user246775904,"{""follower_count"":{""source"":""vimeo_api"",""url"":""https://api.vimeo.com/users/246775904""},""profile"":{""source"":""vimeo_api"",""url"":""https://vimeo.com/user246775904""},""aigc_verdict"":{""source"":""api_search_metadata"",""url"":""https://vimeo.com/1137968268"",""note"":""API search/profile only; visual frame review not performed in this routine lane""}}"
https://vimeo.com/user142086384,Muhammad Jawad,Vimeo,0,,"AIGC,Vimeo,Sora",New,2026-08-10T06:27:40Z,,,Sora,https://vimeo.com/1127100172,unsure,2026-07-17T06:04:41Z,Vimeo API /videos search: sora ai short film,videos_total: 51,,https://vimeo.com/user142086384,"{""follower_count"":{""source"":""vimeo_api"",""url"":""https://api.vimeo.com/users/142086384""},""profile"":{""source"":""vimeo_api"",""url"":""https://vimeo.com/user142086384""},""aigc_verdict"":{""source"":""api_search_metadata"",""url"":""https://vimeo.com/1127100172"",""note"":""API search/profile only; visual frame review not performed in this routine lane""}}"
https://vimeo.com/user192824095,Riddlemonk,Vimeo,5,,"AIGC,Vimeo,Sora",New,2026-08-10T06:27:40Z,,,Sora,https://vimeo.com/916897245,unsure,2026-07-17T06:04:41Z,Vimeo API /videos search: sora ai short film,videos_total: 30,,https://vimeo.com/user192824095,"{""follower_count"":{""source"":""vimeo_api"",""url"":""https://api.vimeo.com/users/192824095""},""profile"":{""source"":""vimeo_api"",""url"":""https://vimeo.com/user192824095""},""aigc_verdict"":{""source"":""api_search_metadata"",""url"":""https://vimeo.com/916897245"",""note"":""API search/profile only; visual frame review not performed in this routine lane""}}"
https://vimeo.com/delirioai,user233970165,Vimeo,10,,"AIGC,Vimeo",New,2026-08-10T06:27:40Z,,,Runway,https://vimeo.com/1048543820,unsure,2026-07-17T06:04:41Z,Vimeo API refresh,videos_total: 1,,https://www.delirio.ai,"{""follower_count"":{""source"":""vimeo_api"",""url"":""https://api.vimeo.com/users/delirioai""},""profile"":{""source"":""vimeo_api"",""url"":""https://vimeo.com/delirioai""},""aigc_verdict"":{""source"":""api_search_metadata"",""url"":""https://vimeo.com/delirioai"",""note"":""API search/profile only; visual frame review not performed in this routine lane""}}"
https://vimeo.com/user221455605,Pratyay Moon,Vimeo,0,,"AIGC,Vimeo,API,Runway",New,2026-08-08T06:34:38Z,,,Runway,https://vimeo.com/1209094209,unsure,2026-07-17T06:04:41Z,vimeo_api_refresh,API-only Vimeo refresh/discovery; visual AIGC review not performed in routine lane; sole_or_small: unknown,,https://vimeo.com/user221455605,"{""follower_count"":{""source"":""vimeo_api"",""url"":""https://api.vimeo.com/users/221455605""},""profile"":{""source"":""vimeo_api"",""url"":""https://vimeo.com/user221455605""},""aigc_verdict"":{""source"":""api_text_only"",""url"":""https://vimeo.com/1209094209"",""note"":""Routine API lane does not infer visual verdict; left unsure unless already reviewed.""}}"
https://vimeo.com/matassa,Matassa,Vimeo,78,,"AIGC,Vimeo,Kling",New,2026-08-10T06:27:40Z,Creating Remotely USA & Bangkok,,Kling,https://vimeo.com/1041240775,unsure,2026-07-17T06:04:41Z,Vimeo API /videos search: ai filmmaker generative video,videos_total: 577,,http://www.matassa.com,"{""follower_count"":{""source"":""vimeo_api"",""url"":""https://api.vimeo.com/users/8270512""},""profile"":{""source"":""vimeo_api"",""url"":""https://vimeo.com/matassa""},""aigc_verdict"":{""source"":""api_search_metadata"",""url"":""https://vimeo.com/1041240775"",""note"":""API search/profile only; visual frame review not performed in this routine lane""}}"
https://vimeo.com/mihokinomura,NFFT_Miho,Vimeo,87,,"AIGC,Vimeo,Runway",New,2026-08-10T06:27:40Z,アメリカ合衆国 カリフォルニア州 ロサンゼルス,,Runway,https://vimeo.com/1196857285,unsure,2026-07-17T06:04:41Z,Vimeo API /videos search: runway ai video creator,videos_total: 269,,https://www.nfft.jp/,"{""follower_count"":{""source"":""vimeo_api"",""url"":""https://api.vimeo.com/users/7313945""},""profile"":{""source"":""vimeo_api"",""url"":""https://vimeo.com/mihokinomura""},""aigc_verdict"":{""source"":""api_search_metadata"",""url"":""https://vimeo.com/1196857285"",""note"":""API search/profile only; visual frame review not performed in this routine lane""}}"
https://vimeo.com/josepgutierrezfilmmaker,Filmmaker | Josep Gutierrez,Vimeo,143,,"AIGC,Vimeo",New,2026-08-10T06:27:40Z,Barcelona,,Kling,https://vimeo.com/1123732543,unsure,2026-07-17T06:04:41Z,Vimeo API refresh,videos_total: 615,,http://www.josepgutierrez.com,"{""follower_count"":{""source"":""vimeo_api"",""url"":""https://api.vimeo.com/users/josepgutierrezfilmmaker""},""profile"":{""source"":""vimeo_api"",""url"":""https://vimeo.com/josepgutierrezfilmmaker""},""aigc_verdict"":{""source"":""api_search_metadata"",""url"":""https://vimeo.com/josepgutierrezfilmmaker"",""note"":""API search/profile only; visual frame review not performed in this routine lane""}}"
https://vimeo.com/user220439464,Adefemi Stanley,Vimeo,0,,"AIGC,Vimeo,API,Kling",New,2026-08-08T06:34:38Z,"Usa River, Tanzania",,Kling,https://vimeo.com/994598962,unsure,2026-07-17T06:04:41Z,vimeo_api_refresh,API-only Vimeo refresh/discovery; visual AIGC review not performed in routine lane; sole_or_small: unknown,,https://www.upwork.com/freelancers/~01daa66ee62dfe769e,"{""follower_count"":{""source"":""vimeo_api"",""url"":""https://api.vimeo.com/users/220439464""},""profile"":{""source"":""vimeo_api"",""url"":""https://vimeo.com/user220439464""},""aigc_verdict"":{""source"":""api_text_only"",""url"":""https://vimeo.com/994598962"",""note"":""Routine API lane does not infer visual verdict; left unsure unless already reviewed.""}}"
https://vimeo.com/communicatevideo,Communicate Video Production,Vimeo,15,,"AIGC,Vimeo",New,2026-08-10T06:27:40Z,"Milton Keynes, UK",,Kling,https://vimeo.com/1213575296,unsure,2026-07-17T06:04:41Z,Vimeo API refresh,videos_total: 581,,https://commsvideo.com,"{""follower_count"":{""source"":""vimeo_api"",""url"":""https://api.vimeo.com/users/communicatevideo""},""profile"":{""source"":""vimeo_api"",""url"":""https://vimeo.com/communicatevideo""},""aigc_verdict"":{""source"":""api_search_metadata"",""url"":""https://vimeo.com/communicatevideo"",""note"":""API search/profile only; visual frame review not performed in this routine lane""}}"
https://vimeo.com/user242904211,user242904211,Vimeo,2,,"AIGC,Vimeo,API",New,2026-08-08T06:34:38Z,,,Kling,https://vimeo.com/1116746998,unsure,2026-07-17T06:04:41Z,vimeo_api_refresh,API-only Vimeo refresh/discovery; visual AIGC review not performed in routine lane; sole_or_small: unknown,,https://vimeo.com/user242904211,"{""follower_count"":{""source"":""vimeo_api"",""url"":""https://api.vimeo.com/users/242904211""},""profile"":{""source"":""vimeo_api"",""url"":""https://vimeo.com/user242904211""},""aigc_verdict"":{""source"":""api_text_only"",""url"":""https://vimeo.com/1116746998"",""note"":""Routine API lane does not infer visual verdict; left unsure unless already reviewed.""}}"
https://vimeo.com/user223534593,Mia,Vimeo,0,,"AIGC,Vimeo,API,Kling",New,2026-08-08T06:34:38Z,,,Kling,https://vimeo.com/991089284,unsure,2026-07-17T06:04:41Z,vimeo_api_refresh,API-only Vimeo refresh/discovery; visual AIGC review not performed in routine lane; sole_or_small: unknown,,https://vimeo.com/user223534593,"{""follower_count"":{""source"":""vimeo_api"",""url"":""https://api.vimeo.com/users/223534593""},""profile"":{""source"":""vimeo_api"",""url"":""https://vimeo.com/user223534593""},""aigc_verdict"":{""source"":""api_text_only"",""url"":""https://vimeo.com/991089284"",""note"":""Routine API lane does not infer visual verdict; left unsure unless already reviewed.""}}"
https://vimeo.com/kenntnis,株式会社ヒルトル,Vimeo,19,,"AIGC,Vimeo",New,2026-08-10T06:27:40Z,日本、東京都東京,,Kling,https://vimeo.com/1212892788,unsure,2026-07-17T06:04:41Z,Vimeo API refresh,videos_total: 657,,https://philipptarohiltl.com,"{""follower_count"":{""source"":""vimeo_api"",""url"":""https://api.vimeo.com/users/kenntnis""},""profile"":{""source"":""vimeo_api"",""url"":""https://vimeo.com/kenntnis""},""aigc_verdict"":{""source"":""api_search_metadata"",""url"":""https://vimeo.com/kenntnis"",""note"":""API search/profile only; visual frame review not performed in this routine lane""}}"
https://vimeo.com/zunc,Zünc Studio,Vimeo,809,,"AIGC,Vimeo,API",New,2026-08-08T06:34:38Z,"London, UK",,,https://vimeo.com/1178513860,unsure,2026-07-17T06:04:41Z,vimeo_api_refresh,API-only Vimeo refresh/discovery; visual AIGC review not performed in routine lane; sole_or_small: unknown,,https://www.zunc.studio,"{""follower_count"":{""source"":""vimeo_api"",""url"":""https://api.vimeo.com/users/131073625""},""profile"":{""source"":""vimeo_api"",""url"":""https://vimeo.com/zunc""},""aigc_verdict"":{""source"":""api_text_only"",""url"":""https://vimeo.com/1178513860"",""note"":""Routine API lane does not infer visual verdict; left unsure unless already reviewed.""}}"
https://vimeo.com/randlarson,Rand Larson,Vimeo,174,,"AIGC,Vimeo,API",New,2026-08-08T06:34:38Z,"Palm Springs, CA, USA",,,https://vimeo.com/1037990710,unsure,2026-07-17T06:04:41Z,vimeo_api_refresh,API-only Vimeo refresh/discovery; visual AIGC review not performed in routine lane; sole_or_small: unknown,,http://www.morningstarproductions.com,"{""follower_count"":{""source"":""vimeo_api"",""url"":""https://api.vimeo.com/users/4779473""},""profile"":{""source"":""vimeo_api"",""url"":""https://vimeo.com/randlarson""},""aigc_verdict"":{""source"":""api_text_only"",""url"":""https://vimeo.com/1037990710"",""note"":""Routine API lane does not infer visual verdict; left unsure unless already reviewed.""}}"
https://vimeo.com/jasonslabber,jason,Vimeo,1240,,"AIGC,Vimeo",New,2026-08-10T06:27:40Z,cape town SA,,,https://vimeo.com/718221175,unsure,2026-07-17T06:04:41Z,Vimeo API refresh,videos_total: 21,,www.blackginger.tv,"{""follower_count"":{""source"":""vimeo_api"",""url"":""https://api.vimeo.com/users/jasonslabber""},""profile"":{""source"":""vimeo_api"",""url"":""https://vimeo.com/jasonslabber""},""aigc_verdict"":{""source"":""api_search_metadata"",""url"":""https://vimeo.com/jasonslabber"",""note"":""API search/profile only; visual frame review not performed in this routine lane""}}"
https://vimeo.com/optofonica,tez,Vimeo,92,,"AIGC,Vimeo,API",New,2026-08-08T06:34:38Z,amsterdam,,,https://vimeo.com/15824314,unsure,2026-07-17T06:04:41Z,vimeo_api_refresh,API-only Vimeo refresh/discovery; visual AIGC review not performed in routine lane; sole_or_small: unknown,,http://www.tez.it,"{""follower_count"":{""source"":""vimeo_api"",""url"":""https://api.vimeo.com/users/392934""},""profile"":{""source"":""vimeo_api"",""url"":""https://vimeo.com/optofonica""},""aigc_verdict"":{""source"":""api_text_only"",""url"":""https://vimeo.com/15824314"",""note"":""Routine API lane does not infer visual verdict; left unsure unless already reviewed.""}}"
https://vimeo.com/ntangledstate,NtangledState,Vimeo,3,,"AIGC,Vimeo,API",New,2026-08-08T06:34:38Z,"Ottawa, ON, Canada",,,https://vimeo.com/ntangledstate/pkisecops,unsure,2026-07-17T06:04:41Z,vimeo_api_refresh,API-only Vimeo refresh/discovery; visual AIGC review not performed in routine lane; sole_or_small: unknown,,https://www.crunchbase.com/organization/ntangledstate,"{""follower_count"":{""source"":""vimeo_api"",""url"":""https://api.vimeo.com/users/234474653""},""profile"":{""source"":""vimeo_api"",""url"":""https://vimeo.com/ntangledstate""},""aigc_verdict"":{""source"":""api_text_only"",""url"":""https://vimeo.com/ntangledstate/pkisecops"",""note"":""Routine API lane does not infer visual verdict; left unsure unless already reviewed.""}}"
https://vimeo.com/planisware,Planisware,Vimeo,54,,"AIGC,Vimeo,API",New,2026-08-08T06:34:38Z,,,,https://vimeo.com/840870620,unsure,2026-07-17T06:04:41Z,vimeo_videos_search:generative ai video,API-only Vimeo refresh/discovery; visual AIGC review not performed in routine lane; sole_or_small: unknown,,https://vimeo.com/planisware,"{""follower_count"":{""source"":""vimeo_api"",""url"":""https://api.vimeo.com/users/52927383""},""profile"":{""source"":""vimeo_api"",""url"":""https://vimeo.com/planisware""},""aigc_verdict"":{""source"":""api_text_only"",""url"":""https://vimeo.com/840870620"",""note"":""Routine API lane does not infer visual verdict; left unsure unless already reviewed.""}}"
https://vimeo.com/user215096649,Serge,Vimeo,0,,"AIGC,Vimeo,API",New,2026-08-08T06:34:38Z,,,,https://vimeo.com/1165613739,yes,2026-07-17T06:04:41Z,vimeo_api_refresh,API-only Vimeo refresh/discovery; visual AIGC review not performed in routine lane; sole_or_small: unknown,,https://vimeo.com/user215096649,"{""follower_count"":{""source"":""vimeo_api"",""url"":""https://api.vimeo.com/users/215096649""},""profile"":{""source"":""vimeo_api"",""url"":""https://vimeo.com/user215096649""},""aigc_verdict"":{""source"":""api_text_only"",""url"":""https://vimeo.com/1165613739"",""note"":""Routine API lane does not infer visual verdict; left unsure unless already reviewed.""}}"
https://civitai.com/user/NexBlend,NexBlend,Civitai,2.397K,,"AIGC,Civitai,video",New,,,,,,,2026-07-17T06:04:41Z,Civitai API /images type=video sort=Newest,,,,
https://civitai.com/user/Vladaa,Vladaa,Civitai,6.138K,,"AIGC,Civitai,video",New,,,,,,,2026-07-17T06:04:41Z,Civitai API /images type=video newest,,,,
https://civitai.com/user/rixyn,rixyn,Civitai,2.5K,,"AIGC,Civitai,Video",New,2026-09-17T05:28:25Z,,,,,,2026-07-17T06:04:41Z,civitai api existing-row refresh,,,,
https://civitai.com/user/eichenwaldatelier461,eichenwaldatelier461,Civitai,341,,"AIGC,Civitai,video",New,2026-09-17T05:28:26Z,,English,LoRA,https://civitai.com/user/eichenwaldatelier461,yes,2026-07-17T06:04:41Z,Civitai API /images type=video sort=Newest,Civitai API: models=40; tags=style,https://civitai.com/user/eichenwaldatelier461/models,,"{""platform"": ""Civitai"", ""username"": ""eichenwaldatelier461"", ""model_count"": 40, ""top_tags"": [""style""], ""aigc_verdict"": ""yes"", ""ai_reasoning"": ""Affirms expertise in classic art school film photography""}"
https://civitai.com/user/caphaomuoi,caphaomuoi,Civitai,269,,"AIGC,AI video,Civitai",New,2026-09-17T05:28:27Z,,,,https://image.civitai.com/xG1nkqKTMzGDvpLrqFT7WA/17befa0c-4e20-4387-ae37-df6560de9071/original=true/17befa0c-4e20-4387-ae37-df6560de9071.mp4,yes,2026-07-17T06:04:41Z,Civitai API existing-row refresh type=video,routine API refresh/discovery; Civitai type=video confirms AI video output,,https://civitai.com/user/caphaomuoi,"{""video_content"":{""source"":""civitai_api_images_type_video"",""url"":""https://civitai.com/api/v1/images?username=caphaomuoi&type=video&nsfw=false""}}"
https://civitai.com/user/agent13011260,agent13011260,Civitai,275,,"AIGC,Civitai,Video,Kling",New,2026-09-17T05:28:28Z,,,Kling,https://civitai.com/posts/29825737,yes,2026-07-17T06:04:41Z,civitai api existing-row refresh,civitai_api; type=video; nsfw=false; follower_count_not_exposed,,https://civitai.com/user/agent13011260,"{""aigc_verdict"": {""source"": ""civitai_api_type_video"", ""url"": ""https://civitai.com/posts/29825737"", ""note"": ""Civitai public REST returned type=video with nsfw=false.""}, ""sample_content"": {""source"": ""civitai_api"", ""url"": ""https://image.civitai.com/xG1nkqKTMzGDvpLrqFT7WA/f9de1d96-b496-432d-a079-738cfa2dc4ca/original=true/f9de1d96-b496-432d-a079-738cfa2dc4ca.mp4""}}"
https://civitai.com/user/satacracy,satacracy,Civitai,63,,"AIGC,Civitai,video",New,2026-09-17T05:36:30Z,,,Civitai,https://image.civitai.com/xG1nkqKTMzGDvpLrqFT7WA/e1bad0fd-c614-44ce-972c-0c6c84de6c31/original=true/e1bad0fd-c614-44ce-972c-0c6c84de6c31.mp4,yes,2026-07-17T06:04:41Z,Civitai API refresh,public_sfw_video_items: 10,,https://civitai.com/user/satacracy,"{""video_content"": {""source"": ""civitai_images_api"", ""url"": ""https://civitai.com/api/v1/images"", ""items"": 10, ""type"": ""video"", ""nsfw"": false}, ""aigc_verdict"": {""source"": ""civitai_video_api"", ""url"": ""https://image.civitai.com/xG1nkqKTMzGDvpLrqFT7WA/e1bad0fd-c614-44ce-972c-0c6c84de6c31/original=true/e1bad0fd-c614-44ce-972c-0c6c84de6c31.mp4"", ""note"": ""Civitai public video item confirms AI-generated video output""}}"
https://civitai.com/user/joyy114,joyy114,Civitai,6.7K,,"AIGC,Civitai,Video",New,2026-09-17T05:36:32Z,,English,LoRA,https://civitai.com/user/joyy114,yes,2026-07-17T06:04:41Z,civitai api existing-row refresh,"Civitai API: models=7; tags=christmas, marble vein, objects, zongzi",https://civitai.com/user/joyy114/models,,"{""platform"": ""Civitai"", ""username"": ""joyy114"", ""model_count"": 7, ""top_tags"": [""christmas"", ""marble vein"", ""objects"", ""zongzi leaves"", ""world morph""], ""aigc_verdict"": ""yes"", ""ai_reasoning"": ""Rule-based fallback for Civitai creator""}"
https://civitai.com/user/nochekaiser881,nochekaiser881,Civitai,48.3K,,"AIGC,Civitai,video,Wan Video 2.7",New,2026-09-17T05:36:34Z,,English,LoRA,https://civitai.com/user/nochekaiser881,yes,2026-07-17T06:04:41Z,Civitai API /images type=video sort=Newest,"Civitai API: models=14218; tags=woman, girls, yor briar, nier: automata,",https://civitai.com/user/nochekaiser881/models,,"{""platform"": ""Civitai"", ""username"": ""nochekaiser881"", ""model_count"": 14218, ""top_tags"": [""woman"", ""girls"", ""yor briar"", ""nier: automata"", ""character""], ""aigc_verdict"": ""yes"", ""ai_reasoning"": ""Rule-based fallback for Civitai creator""}"
https://civitai.com/user/noctav,noctav,Civitai,466,,"AIGC,Civitai,video,LTXV 2.3",New,2026-09-17T05:36:36Z,,,LTXV 2.3,https://image.civitai.com/xG1nkqKTMzGDvpLrqFT7WA/164b74ab-0798-4c5d-8b0a-479c2c36c2a8/original=true/164b74ab-0798-4c5d-8b0a-479c2c36c2a8.mp4,yes,2026-07-17T06:04:41Z,Civitai API refresh,public_sfw_video_items: 6,,https://civitai.com/user/noctav,"{""video_content"": {""source"": ""civitai_images_api"", ""url"": ""https://civitai.com/api/v1/images"", ""items"": 6, ""type"": ""video"", ""nsfw"": false}, ""aigc_verdict"": {""source"": ""civitai_video_api"", ""url"": ""https://image.civitai.com/xG1nkqKTMzGDvpLrqFT7WA/164b74ab-0798-4c5d-8b0a-479c2c36c2a8/original=true/164b74ab-0798-4c5d-8b0a-479c2c36c2a8.mp4"", ""note"": ""Civitai public video item confirms AI-generated video output""}}"
https://civitai.com/user/bone_of_moon,Bone_Of_Moon,Civitai,3.4K,,"AIGC,Civitai,video",New,2026-09-17T05:36:38Z,,,Civitai,https://image.civitai.com/xG1nkqKTMzGDvpLrqFT7WA/a5a2f567-ec34-42f3-a868-580acf41e4cb/original=true/a5a2f567-ec34-42f3-a868-580acf41e4cb.mp4,yes,2026-07-17T06:04:41Z,Civitai API /images type=video sort=Newest,discovered_from_public_sfw_video_feed,,https://civitai.com/user/Bone_Of_Moon,"{""video_content"": {""source"": ""civitai_images_api"", ""url"": ""https://image.civitai.com/xG1nkqKTMzGDvpLrqFT7WA/a5a2f567-ec34-42f3-a868-580acf41e4cb/original=true/a5a2f567-ec34-42f3-a868-580acf41e4cb.mp4"", ""type"": ""video"", ""nsfw"": false}, ""aigc_verdict"": {""source"": ""civitai_video_api"", ""url"": ""https://image.civitai.com/xG1nkqKTMzGDvpLrqFT7WA/a5a2f567-ec34-42f3-a868-580acf41e4cb/original=true/a5a2f567-ec34-42f3-a868-580acf41e4cb.mp4"", ""note"": ""Civitai public video item confirms AI-generated video output""}}"
https://civitai.com/user/bropadop83,bropadop83,Civitai,154,,"AIGC,Civitai,Video",New,2026-09-17T05:41:25Z,,,,https://civitai.com/posts/29822093,yes,2026-07-17T06:04:41Z,civitai api existing-row refresh,civitai_api; type=video; nsfw=false; follower_count_not_exposed,,https://civitai.com/user/bropadop83,"{""aigc_verdict"": {""source"": ""civitai_api_type_video"", ""url"": ""https://civitai.com/posts/29822093"", ""note"": ""Civitai public REST returned type=video with nsfw=false.""}, ""sample_content"": {""source"": ""civitai_api"", ""url"": ""https://image.civitai.com/xG1nkqKTMzGDvpLrqFT7WA/2c46290f-ba93-4f2b-893f-51273a0e4e21/original=true/2c46290f-ba93-4f2b-893f-51273a0e4e21.mp4""}}"
https://threads.net/@viethaluong,@viethaluong,Threads,,,"AIGC,Meta,needs-seated-pass",New,2026-08-13T10:11:23Z,,,Sora,https://www.threads.net/@viethaluong,unsure,2026-07-17T10:18:53Z,SearXNG Sora AI filmmaker site:threads.net,routine Meta discovery; no computer_use; Threads has no third-party public profile API; needs seated computer_use pass,,https://www.threads.net/@viethaluong,"{""discovery"":{""source"":""SearXNG site-scope"",""query"":""Sora AI filmmaker site:threads.net"",""url"":""https://www.threads.net/@viethaluong""},""aigc_verdict"":{""source"":""search snippet only"",""value"":""unsure""}}"
https://threads.net/@marccieslaktv,@marccieslaktv,Threads,,,"AIGC,Meta,needs-seated-pass",New,2026-08-13T10:11:23Z,,,Sora,https://www.threads.net/@marccieslaktv,unsure,2026-07-17T10:18:53Z,SearXNG Sora AI filmmaker site:threads.net,routine Meta discovery; no computer_use; Threads has no third-party public profile API; needs seated computer_use pass,,https://www.threads.net/@marccieslaktv,"{""discovery"":{""source"":""SearXNG site-scope"",""query"":""Sora AI filmmaker site:threads.net"",""url"":""https://www.threads.net/@marccieslaktv""},""aigc_verdict"":{""source"":""search snippet only"",""value"":""unsure""}}"
https://threads.net/@realmattjarbo,@realmattjarbo,Threads,,,"AIGC,Meta,routine,Sora",New,2026-08-07T10:10:18Z,,,Sora,https://www.threads.net/@realmattjarbo?hl=en,unsure,2026-07-17T10:18:53Z,SearXNG Meta site-scope: Sora AI filmmaker site:threads.net,Threads third-party profile has no broad public API; flagged for seated computer_use pass,,https://threads.net/@realmattjarbo,"{""discovery"":{""source"":""SearXNG"",""query"":""Sora AI filmmaker site:threads.net"",""url"":""https://www.threads.net/@realmattjarbo?hl=en""},""follower_count"":{""source"":""not_available_without_meta_graph_or_manual"",""url"":""https://threads.net/@realmattjarbo""},""aigc_verdict"":{""source"":""search_snippet_only_not_inferred"",""url"":""https://www.threads.net/@realmattjarbo?hl=en""},""manual_review"":{""needed"":true,""reason"":""Threads third-party profile has no broad public API; flagged for seated computer_use pass""}}"
https://threads.net/@serina.lolo,@serina.lolo,Threads,,,"AIGC,Meta,routine,Sora",New,2026-08-11T10:08:57Z,,,Sora,https://www.threads.net/@serina.lolo,unsure,2026-07-17T10:18:53Z,SearXNG Sora AI filmmaker site:threads.net,Threads third-party public profile has no business_discovery API; flagged for seated computer_use pass,,https://threads.net/@serina.lolo,"{""discovery"":{""source"":""SearXNG"",""query"":""Sora AI filmmaker site:threads.net"",""url"":""https://threads.net/@serina.lolo"",""snippet"":""\u7f85\u7fca\u5fc3(@serina.lolo) - Threads ... SORA Music: SUNO \ud83d\udee0\ufe0f Platform: FLOVAAI ... Currently exploring\uff1aAI filmmaking, visual storytelling, pushing creative boundaries with limited resources.""},""aigc_verdict"":{""source"":""not reviewed visually"",""verdict"":""unsure""}}"
https://threads.net/@marcha_madness,@marcha_madness,Threads,205,,"AIGC,Meta,needs-seated-pass",New,2026-09-09T06:11:32Z,,English,Sora,https://threads.net/@marcha_madness,hybrid,2026-07-17T10:18:53Z,SearXNG Sora AI filmmaker site:threads.net,Threads scrape: followers=205; language=English,https://threads.net/@marcha_madness,https://threads.net/@marcha_madness,"{""platform"": ""Threads"", ""profile_url"": ""https://threads.net/@marcha_madness"", ""handle"": ""@marcha_madness"", ""follower"": {""value"": 205, ""raw"": ""205"", ""source"": ""og:description"", ""status"": ""found""}, ""email"": {""value"": null, ""source"": null, ""status"": ""not_found""}, ""region"": {""value"": null, ""source"": null, ""evidence"": null, ""status"": ""not_found""}, ""language"": {""value"": ""English"", ""source"": ""bio"", ""confidence"": ""medium"", ""status"": ""found""}, ""ai"": {""primary_tool"": null, ""verdict"": ""hybrid"", ""evidence"": ""Rule-based keyword fallback""}}"
https://threads.net/@dominicknero,@dominicknero,Threads,717,,"AIGC,Sora,Meta",New,2026-09-09T06:11:39Z,,English,Sora,https://threads.net/@dominicknero,hybrid,2026-07-17T10:18:53Z,SearXNG Meta site-scope: Sora AI filmmaker site:threads.net,Threads scrape: followers=717; language=English,https://threads.net/@dominicknero,https://threads.net/@dominicknero,"{""platform"": ""Threads"", ""profile_url"": ""https://threads.net/@dominicknero"", ""handle"": ""@dominicknero"", ""follower"": {""value"": 717, ""raw"": ""717"", ""source"": ""og:description"", ""status"": ""found""}, ""email"": {""value"": null, ""source"": null, ""status"": ""not_found""}, ""region"": {""value"": null, ""source"": null, ""evidence"": null, ""status"": ""not_found""}, ""language"": {""value"": ""English"", ""source"": ""bio"", ""confidence"": ""medium"", ""status"": ""found""}, ""ai"": {""primary_tool"": null, ""verdict"": ""hybrid"", ""evidence"": ""Rule-based keyword fallback""}}"
https://threads.net/@sora_film.photography,@sora_film.photography,Threads,344,,"AIGC,Sora",New,2026-09-09T06:11:45Z,,Japanese,Sora,https://threads.net/@sora_film.photography,hybrid,2026-07-17T10:18:53Z,SearXNG Meta site-scope: Sora AI filmmaker site:threads.net,Threads scrape: followers=344; language=Japanese; tool=Sora,https://threads.net/@sora_film.photography,https://threads.net/@sora_film.photography,"{""platform"": ""Threads"", ""profile_url"": ""https://threads.net/@sora_film.photography"", ""handle"": ""@sora_film.photography"", ""follower"": {""value"": 344, ""raw"": ""344"", ""source"": ""og:description"", ""status"": ""found""}, ""email"": {""value"": null, ""source"": null, ""status"": ""not_found""}, ""region"": {""value"": null, ""source"": null, ""evidence"": null, ""status"": ""not_found""}, ""language"": {""value"": ""Japanese"", ""source"": ""bio"", ""confidence"": ""high"", ""status"": ""found""}, ""ai"": {""primary_tool"": ""Sora"", ""verdict"": ""hybrid"", ""evidence"": ""Rule-based keyword fallback""}}"
https://reddit.com/user/prior_ad_7302,u/Prior_Ad_7302,Reddit,,,"AIGC,Reddit,AI video",New,2026-07-25T02:14:07Z,,,Kling,https://www.reddit.com/user/Prior_Ad_7302/,unsure,2026-07-18T02:13:23Z,"searxng: ""AI filmmaker"" site:reddit.com/user",discovery_only; reddit_no_keyless_profile_api; source=search_index; no computer_use,,https://www.reddit.com/user/Prior_Ad_7302/,"{""discovery"":{""source"":""searxng"",""query"":""\""AI filmmaker\"" site:reddit.com/user"",""url"":""https://www.reddit.com/user/Prior_Ad_7302/"",""snippet"":""karakedi (u/Prior_Ad_7302) - Reddit \u2014 Hello! I'm G\u00f6rkem, an independent AI filmmaker from T\u00fcrkiye. KARAKED\u0130 PROJECT is my personal space for cinematic AI filmmaking, experimental storytelling, and\u00a0...""},""profile"":{""source"":""search-index-only"",""note"":""Reddit keyless profiling API unavailable; not profiled""}}"
https://reddit.com/user/secret_wasabi_2373,u/Secret_Wasabi_2373,Reddit,,,"AIGC,Reddit,AI video",New,2026-07-18T02:15:50Z,,,,,unsure,2026-07-18T02:13:23Z,SearXNG/ddgs site:reddit.com (r/aivideo + /user),discovery-only; Reddit keyless profiling unavailable; needs later profile/OAuth/frame review,,https://www.reddit.com/user/Secret_Wasabi_2373/,"{""identity"":{""source"":""searxng"",""url"":""https://www.reddit.com/user/Secret_Wasabi_2373/"",""search_result_url"":""https://www.reddit.com/user/Secret_Wasabi_2373/"",""title"":""Jeremy (u/Secret_Wasabi_2373) - Reddit""},""aigc_lead"":{""source"":""searxng"",""query"":""\""AI filmmaker\"" site:reddit.com/user"",""snippet"":""I'm a Gen AI filmmaker based in Rotterdam. I've worked on micro-dramas, series concepts, commercial films, branded treatments, and previs for production teams ...""},""follower_count"":{""source"":""not_collected"",""reason"":""Reddit has no keyless profiling API in this routine""},""aigc_verdict"":{""source"":""not_profiled"",""reason"":""ROUTINE.md rule 9: search-snippet leads append as unsure until API/frame review""}}"
https://vimeo.com/nicolaspomet,Nicolas Pomet,Vimeo,1487,,"AIGC,Vimeo,API,Runway",New,2026-08-08T06:34:38Z,"Lyon, France",,Runway,https://vimeo.com/1056727318,unsure,2026-07-18T06:22:33Z,vimeo_api_refresh,API-only Vimeo refresh/discovery; visual AIGC review not performed in routine lane; sole_or_small: unknown,,https://vimeo.com/nicolaspomet,"{""follower_count"":{""source"":""vimeo_api"",""url"":""https://api.vimeo.com/users/7448557""},""profile"":{""source"":""vimeo_api"",""url"":""https://vimeo.com/nicolaspomet""},""aigc_verdict"":{""source"":""api_text_only"",""url"":""https://vimeo.com/1056727318"",""note"":""Routine API lane does not infer visual verdict; left unsure unless already reviewed.""}}"
https://vimeo.com/user197554732,Daniel Ti,Vimeo,24,,"AIGC,Vimeo,API",New,2026-08-08T06:34:38Z,,,Runway,https://vimeo.com/1071260669,unsure,2026-07-18T06:22:33Z,vimeo_api_refresh,API-only Vimeo refresh/discovery; visual AIGC review not performed in routine lane; sole_or_small: unknown,,https://vimeo.com/user197554732,"{""follower_count"":{""source"":""vimeo_api"",""url"":""https://api.vimeo.com/users/197554732""},""profile"":{""source"":""vimeo_api"",""url"":""https://vimeo.com/user197554732""},""aigc_verdict"":{""source"":""api_text_only"",""url"":""https://vimeo.com/1071260669"",""note"":""Routine API lane does not infer visual verdict; left unsure unless already reviewed.""}}"
https://vimeo.com/magudirectors,MAGU,Vimeo,932,,"AIGC,Vimeo,Runway",New,2026-08-10T06:27:40Z,"São Paulo, SP, Brasil",,Runway,https://vimeo.com/magudirectors/thegiantsearch,unsure,2026-07-18T06:22:33Z,Vimeo API /videos search: kling ai short film,videos_total: 43,,https://magudirectors.com,"{""follower_count"":{""source"":""vimeo_api"",""url"":""https://api.vimeo.com/users/35471357""},""profile"":{""source"":""vimeo_api"",""url"":""https://vimeo.com/magudirectors""},""aigc_verdict"":{""source"":""api_search_metadata"",""url"":""https://vimeo.com/magudirectors/thegiantsearch"",""note"":""API search/profile only; visual frame review not performed in this routine lane""}}"
https://vimeo.com/liuxin,Nix Liu Xin,Vimeo,122,,"AIGC,Vimeo",New,2026-08-10T06:27:40Z,"Boston, MA, USA",,Runway,https://vimeo.com/1083817100,unsure,2026-07-18T06:22:33Z,Vimeo API refresh,videos_total: 106,,https://www.instagram.com/nixliuxin/,"{""follower_count"":{""source"":""vimeo_api"",""url"":""https://api.vimeo.com/users/liuxin""},""profile"":{""source"":""vimeo_api"",""url"":""https://vimeo.com/liuxin""},""aigc_verdict"":{""source"":""api_search_metadata"",""url"":""https://vimeo.com/liuxin"",""note"":""API search/profile only; visual frame review not performed in this routine lane""}}"
https://vimeo.com/promptmedialab,PromptMedialab,Vimeo,2,,"AIGC,Vimeo,API",New,2026-08-08T06:34:38Z,,,Runway,https://vimeo.com/1183058143,unsure,2026-07-18T06:22:33Z,vimeo_api_refresh,API-only Vimeo refresh/discovery; visual AIGC review not performed in routine lane; sole_or_small: unknown,,https://www.promptmedialab.com,"{""follower_count"":{""source"":""vimeo_api"",""url"":""https://api.vimeo.com/users/231671783""},""profile"":{""source"":""vimeo_api"",""url"":""https://vimeo.com/promptmedialab""},""aigc_verdict"":{""source"":""api_text_only"",""url"":""https://vimeo.com/1183058143"",""note"":""Routine API lane does not infer visual verdict; left unsure unless already reviewed.""}}"
https://vimeo.com/cihaneryilmaz,Cihan Eryilmaz,Vimeo,11,,"AIGC,Vimeo,Kling",New,2026-08-10T06:27:40Z,"Barcelona, Spain",,Kling,https://vimeo.com/1166767236,unsure,2026-07-18T06:22:33Z,Vimeo API /videos search: kling ai short film,videos_total: 12,,http://behance.net/cihaneryilmaz,"{""follower_count"":{""source"":""vimeo_api"",""url"":""https://api.vimeo.com/users/18214369""},""profile"":{""source"":""vimeo_api"",""url"":""https://vimeo.com/cihaneryilmaz""},""aigc_verdict"":{""source"":""api_search_metadata"",""url"":""https://vimeo.com/1166767236"",""note"":""API search/profile only; visual frame review not performed in this routine lane""}}"
https://instagram.com/joby_thuruthel,@joby_thuruthel,Instagram,,,"AIGC,Meta,needs_seated_computer_use",New,2026-08-02T10:10:28Z,,,,https://www.instagram.com/joby_thuruthel/,unsure,2026-07-18T10:10:19Z,"SearXNG Meta site-scope: ""generative video"" ""filmmaker"" site:instagram.com",flagged_for_seated_computer_use: yes; Meta Graph profile unavailable/no token; follower_count_empty_by_rule,,https://www.instagram.com/joby_thuruthel,"{""discovery"":{""source"":""SearXNG"",""query"":""\""generative video\"" \""filmmaker\"" site:instagram.com"",""url"":""https://www.instagram.com/joby_thuruthel"",""snippet"":""AI Filmmaker Bahrain (@joby_thuruthel) - Instagram — Marey by Moonvalley, the world's first generative video model ...""},""profile"":{""source"":""not_run"",""reason"":""META_GRAPH_TOKEN/META_IG_USER_ID unavailable in environment; no computer_use allowed in this run""},""aigc_verdict"":{""source"":""search_snippet_only"",""verdict"":""unsure"",""reason"":""ROUTINE rule 9 forbids inferring yes/no from search text""},""manual_queue"":{""reason"":""Threads/personal/unknown Meta account has no unattended API path; seated computer_use pass required""}}"
https://instagram.com/trashcanroxanne,@trashcanroxanne,Instagram,,,"AIGC,Meta",New,2026-08-10T10:06:53Z,,,,,unsure,2026-07-18T10:10:19Z,"SearXNG ""AI filmmaker"" ""Instagram photos and videos"" ""Runway"" site:instagram.com","Meta routine discovery lead; no computer_use. META_GRAPH_TOKEN or META_IG_USER_ID missing in this shell, so business_discovery was not run; account type unknown; flagged for seated computer_use pass if not later API-profiled.",,https://instagram.com/trashcanroxanne,"{""discovery"":{""source"":""SearXNG"",""query"":""\""AI filmmaker\"" \""Instagram photos and videos\"" \""Runway\"" site:instagram.com"",""url"":""https://instagram.com/trashcanroxanne"",""why"":""Roxanne Ducharme (@trashcanroxanne) - Instagram Award-Winning AI Filmmaker | AI Creative Director | Emmy\u00ae Winner | Creative Partner to way too many AI platforms to list here | Surrealist.""}}"
https://instagram.com/despicable.ai,@despicable.ai,Instagram,,,"AIGC,Meta,discovery-only",New,2026-08-02T10:10:28Z,,,,,unsure,2026-07-18T10:10:19Z,"SearXNG Meta site-scope: ""AI filmmaker"" ""Instagram"" site:instagram.com","Meta routine: discovery-only; no computer_use. META_GRAPH_TOKEN/META_IG_USER_ID not both configured, so Graph business_discovery/Page profiling not run. Flag for seated computer_use/API follow-up; search snippet not used for follower/verdict.",,https://www.instagram.com/despicable.ai/,"{""discovery"":{""source"":""SearXNG"",""query"":""\""AI filmmaker\"" \""Instagram\"" site:instagram.com"",""url"":""https://www.instagram.com/despicable.ai/"",""title"":""Dayaan Ahmed (@despicable.ai) • Instagram photos and videos"",""snippet"":""Generative AI Filmmaker CPP -> @invideo.io @openart_ai @pixverse_official @thankyouai.hq @klingai_official @dreamina_ai. Open to collaborations.""},""profile"":{""source"":""Meta Graph"",""status"":""not_run_missing_META_GRAPH_TOKEN_or_META_IG_USER_ID""},""aigc_verdict"":{""value"":""unsure"",""reason"":""routine cannot infer yes/no from search snippet; no computer_use in run""},""follower_count"":{""value"":"""",""reason"":""not recorded from search snippet""}}"
https://instagram.com/katsukokoiso.ai,@katsukokoiso.ai,Instagram,,,"AIGC,Meta,discovery-only",New,2026-07-18T10:10:19Z,,,,,unsure,2026-07-18T10:10:19Z,"SearXNG Meta site-scope: ""AI artist"" ""AI video"" site:instagram.com","Meta routine: discovery-only; no computer_use. META_GRAPH_TOKEN/META_IG_USER_ID not both configured, so Graph business_discovery/Page profiling not run. Flag for seated computer_use/API follow-up; search snippet not used for follower/verdict.",,https://www.instagram.com/katsukokoiso.ai/,"{""discovery"":{""source"":""SearXNG"",""query"":""\""AI artist\"" \""AI video\"" site:instagram.com"",""url"":""https://www.instagram.com/katsukokoiso.ai/"",""title"":""AI visual artist (@katsukokoiso.ai) • Instagram photos and videos"",""snippet"":""... AI artist / visual artist / artificial intelligence art / AI video ...""},""profile"":{""source"":""Meta Graph"",""status"":""not_run_missing_META_GRAPH_TOKEN_or_META_IG_USER_ID""},""aigc_verdict"":{""value"":""unsure"",""reason"":""routine cannot infer yes/no from search snippet; no computer_use in run""},""follower_count"":{""value"":"""",""reason"":""not recorded from search snippet""}}"
https://threads.net/@bobbykazemi,@bobbykazemi,Threads,1500,,"AIGC,Kling",New,2026-09-09T06:11:52Z,,English,Kling,https://threads.net/@bobbykazemi,yes,2026-07-18T10:10:19Z,searxng Kling AI video creator site:threads.net,Threads scrape: followers=1500; language=English,https://threads.net/@bobbykazemi,https://threads.net/@bobbykazemi,"{""platform"": ""Threads"", ""profile_url"": ""https://threads.net/@bobbykazemi"", ""handle"": ""@bobbykazemi"", ""follower"": {""value"": 1500, ""raw"": ""1.5K"", ""source"": ""og:description"", ""status"": ""found""}, ""email"": {""value"": null, ""source"": null, ""status"": ""not_found""}, ""region"": {""value"": null, ""source"": null, ""evidence"": null, ""status"": ""not_found""}, ""language"": {""value"": ""English"", ""source"": ""bio"", ""confidence"": ""medium"", ""status"": ""found""}, ""ai"": {""primary_tool"": null, ""verdict"": ""yes"", ""evidence"": ""Rule-based keyword fallback""}}"
https://threads.net/@chloeshyboba,@chloeshyboba,Threads,1700,,"AIGC,Meta,DiscoveryOnly",New,2026-09-09T06:11:58Z,,Japanese,,https://threads.net/@chloeshyboba,yes,2026-07-18T10:10:19Z,"SearXNG ""AI filmmaker"" site:threads.net",Threads scrape: followers=1700; language=Japanese,https://threads.net/@chloeshyboba,https://threads.net/@chloeshyboba,"{""platform"": ""Threads"", ""profile_url"": ""https://threads.net/@chloeshyboba"", ""handle"": ""@chloeshyboba"", ""follower"": {""value"": 1700, ""raw"": ""1.7K"", ""source"": ""og:description"", ""status"": ""found""}, ""email"": {""value"": null, ""source"": null, ""status"": ""not_found""}, ""region"": {""value"": null, ""source"": null, ""evidence"": null, ""status"": ""not_found""}, ""language"": {""value"": ""Japanese"", ""source"": ""bio"", ""confidence"": ""high"", ""status"": ""found""}, ""ai"": {""primary_tool"": null, ""verdict"": ""yes"", ""evidence"": ""Rule-based keyword fallback""}}"
https://threads.net/@youngfilm25,@youngfilm25,Threads,904,,"AIGC,Meta,DiscoveryOnly",New,2026-09-09T06:12:07Z,,Korean,,https://threads.net/@youngfilm25,yes,2026-07-18T10:10:19Z,"SearXNG ""AI filmmaker"" site:threads.net",Threads scrape: followers=904; language=Korean,https://threads.net/@youngfilm25,https://threads.net/@youngfilm25,"{""platform"": ""Threads"", ""profile_url"": ""https://threads.net/@youngfilm25"", ""handle"": ""@youngfilm25"", ""follower"": {""value"": 904, ""raw"": ""904"", ""source"": ""og:description"", ""status"": ""found""}, ""email"": {""value"": null, ""source"": null, ""status"": ""not_found""}, ""region"": {""value"": null, ""source"": null, ""evidence"": null, ""status"": ""not_found""}, ""language"": {""value"": ""Korean"", ""source"": ""bio"", ""confidence"": ""high"", ""status"": ""found""}, ""ai"": {""primary_tool"": null, ""verdict"": ""yes"", ""evidence"": ""Rule-based keyword fallback""}}"
https://threads.net/@dago.eldueno,@dago.eldueno,Threads,755,,"AIGC,Meta,discovery-only",New,2026-09-09T06:12:16Z,,English,,https://threads.net/@dago.eldueno,hybrid,2026-07-18T10:10:19Z,SearXNG Meta site-scope: ,Threads scrape: followers=755; language=English,https://threads.net/@dago.eldueno,https://threads.net/@dago.eldueno,"{""platform"": ""Threads"", ""profile_url"": ""https://threads.net/@dago.eldueno"", ""handle"": ""@dago.eldueno"", ""follower"": {""value"": 755, ""raw"": ""755"", ""source"": ""og:description"", ""status"": ""found""}, ""email"": {""value"": null, ""source"": null, ""status"": ""not_found""}, ""region"": {""value"": null, ""source"": null, ""evidence"": null, ""status"": ""not_found""}, ""language"": {""value"": ""English"", ""source"": ""bio"", ""confidence"": ""medium"", ""status"": ""found""}, ""ai"": {""primary_tool"": null, ""verdict"": ""hybrid"", ""evidence"": ""Rule-based keyword fallback""}}"
https://youtube.com/@businessdynamite,@businessdynamite,YouTube,115000,not exposed,"AIGC,YouTube,ComfyUI,Runway,Sora,Veo",New,2026-09-03T08:00:34Z,,en,Runway,https://www.youtube.com/@businessdynamite/videos,yes,2026-07-18T18:17:32Z,YouTube routine exact API refresh,api_refresh: YouTube subscribers=115000; videos=2; channelId=UC9o07w5xSlfekfLlvfdpLsQ; recent_title=Frank Houbre - IA & intelligence artificielle - Videos,https://www.youtube.com/feeds/videos.xml?channel_id=UC9o07w5xSlfekfLlvfdpLsQ,https://youtube.com/@businessdynamite/about,"{""follower_count"": {""source"": ""yt-dlp.channel_info"", ""channelId"": ""UC9o07w5xSlfekfLlvfdpLsQ"", ""profileUrl"": ""https://youtube.com/@businessdynamite""}, ""bio"": {""source"": ""yt-dlp.channel_description"", ""channel_id"": ""UC9o07w5xSlfekfLlvfdpLsQ"", ""preview"": ""Devenez un Cr\u00e9ateur Augment\u00e9. Transformez vos id\u00e9es en films, images et business concrets gr\u00e2ce \u00e0 l'""}, ""aigc_verdict"": {""source"": ""ollama.llama3.2"", ""verdict"": ""yes"", ""details"": ""Rule-based keyword extraction fallback""}, ""recent_uploads"": {""sample"": ""https://www.youtube.com/@businessdynamite/videos"", ""sample_title"": ""Frank Houbre - IA & intelligence artificielle - Videos""}}"
https://youtube.com/@greeksoraai,@greeksoraai,YouTube,295,not exposed,"AIGC,YouTube,Sora,small-creator",New,2026-09-03T08:00:34Z,,en,Sora,https://www.youtube.com/watch?v=FcPaRcdq98o,unsure,2026-07-18T18:17:32Z,YouTube routine exact API refresh,api_refresh: YouTube subscribers=295; videos=18; channelId=UC15ec35rTb7mlEetAyU7wug; recent_title=Ο @IShowSpeed ως Έλληνας #soraai,https://www.youtube.com/feeds/videos.xml?channel_id=UC15ec35rTb7mlEetAyU7wug,https://youtube.com/@greeksoraai/about,"{""follower_count"":{""source"":""youtube_data_api.channels.list"",""channelId"":""UC15ec35rTb7mlEetAyU7wug"",""profileUrl"":""https://youtube.com/@greeksoraai""},""bio"":{""source"":""youtube_data_api.channels.list"",""channel_id"":""UC15ec35rTb7mlEetAyU7wug""},""aigc_verdict"":{""source"":""existing_or_api_only_no_frame"",""verdict"":""unsure""},""youtube_channel_id"":""UC15ec35rTb7mlEetAyU7wug"",""recent_uploads"":{""source"":""youtube_data_api.search.list"",""channelId"":""UC15ec35rTb7mlEetAyU7wug"",""sample"":""https://www.youtube.com/watch?v=FcPaRcdq98o""}}"
https://youtube.com/@rourkeheath,@rourkeheath,YouTube,74300,not exposed,"AIGC,YouTube,Sora",New,2026-09-03T08:00:34Z,,en,GenAI,https://www.youtube.com/@rourkeheath/videos,no,2026-07-18T18:17:32Z,YouTube routine exact API refresh,api_refresh: YouTube subscribers=74300; videos=2; channelId=UCv7m_ohx9SNmgeyOScsG_Pw; recent_title=Rourke Heath - Videos,https://www.youtube.com/feeds/videos.xml?channel_id=UCv7m_ohx9SNmgeyOScsG_Pw,https://youtube.com/@rourkeheath/about,"{""follower_count"": {""source"": ""yt-dlp.channel_info"", ""channelId"": ""UCv7m_ohx9SNmgeyOScsG_Pw"", ""profileUrl"": ""https://youtube.com/@rourkeheath""}, ""bio"": {""source"": ""yt-dlp.channel_description"", ""channel_id"": ""UCv7m_ohx9SNmgeyOScsG_Pw"", ""preview"": """"}, ""aigc_verdict"": {""source"": ""ollama.llama3.2"", ""verdict"": ""no"", ""details"": ""Rule-based keyword extraction fallback""}, ""recent_uploads"": {""sample"": ""https://www.youtube.com/@rourkeheath/videos"", ""sample_title"": ""Rourke Heath - Videos""}}"
https://youtube.com/@sora.reacts,@sora.reacts,YouTube,278000,not exposed,"AIGC,YouTube,Sora",New,2026-09-03T08:00:34Z,,en,GenAI,https://www.youtube.com/watch?v=rwdG6tVx1UE,no,2026-07-18T18:17:32Z,YouTube routine exact API refresh,api_refresh: YouTube subscribers=278000; videos=None; channelId=UCqj79Rk6RPk_s8l-HHNdhuw; recent_title=WTF Is This Mukbang Channel (Sushi Monsters),https://www.youtube.com/feeds/videos.xml?channel_id=UCqj79Rk6RPk_s8l-HHNdhuw,https://youtube.com/@sora.reacts/about,"{""follower_count"": {""source"": ""yt-dlp.channel_info"", ""channelId"": ""UCqj79Rk6RPk_s8l-HHNdhuw"", ""profileUrl"": ""https://youtube.com/@sora.reacts""}, ""bio"": {""source"": ""yt-dlp.channel_description"", ""channel_id"": ""UCqj79Rk6RPk_s8l-HHNdhuw"", ""preview"": ""SUBSCRIBE OR ELSE...""}, ""aigc_verdict"": {""source"": ""ollama.llama3.2"", ""verdict"": ""no"", ""details"": ""Rule-based keyword extraction fallback""}, ""recent_uploads"": {""sample"": ""https://www.youtube.com/watch?v=rwdG6tVx1UE"", ""sample_title"": ""WTF Is This Mukbang Channel (Sushi Monsters)""}}"
https://youtube.com/@sora2dailytoo,@sora2dailytoo,YouTube,8,not exposed,"AIGC,YouTube,Sora,small-creator",New,2026-09-03T08:00:34Z,,en,Sora,https://www.youtube.com/watch?v=cW2eSr-sQ2o,yes,2026-07-18T18:17:32Z,YouTube routine exact API refresh,api_refresh: YouTube subscribers=8; videos=None; channelId=UCZ5Z2xGBlUiTNPP88qaiLAg; recent_title=Sora 2 AI Videos Are Getting Out of Control. Day 2.,https://www.youtube.com/feeds/videos.xml?channel_id=UCZ5Z2xGBlUiTNPP88qaiLAg,https://youtube.com/@sora2dailytoo/about,"{""follower_count"": {""source"": ""yt-dlp.channel_info"", ""channelId"": ""UCZ5Z2xGBlUiTNPP88qaiLAg"", ""profileUrl"": ""https://youtube.com/@sora2dailytoo""}, ""bio"": {""source"": ""yt-dlp.channel_description"", ""channel_id"": ""UCZ5Z2xGBlUiTNPP88qaiLAg"", ""preview"": ""Welcome to Sora 2 Daily \u2014 your hub for the wildest, weirdest and most mind-blowing AI videos created""}, ""aigc_verdict"": {""source"": ""ollama.llama3.2"", ""verdict"": ""yes"", ""details"": ""Rule-based keyword extraction fallback""}, ""recent_uploads"": {""sample"": ""https://www.youtube.com/watch?v=cW2eSr-sQ2o"", ""sample_title"": ""Sora 2 AI Videos Are Getting Out of Control. Day 2.""}}"
https://youtube.com/@sora_clips_ai,@sora_clips_ai,YouTube,4,not exposed,"AIGC,YouTube,Sora,small-creator",New,2026-09-03T08:00:34Z,,en,GenAI,https://www.youtube.com/shorts/5xhtoLuJuJ8,no,2026-07-18T18:17:32Z,YouTube routine exact API refresh,api_refresh: YouTube subscribers=4; videos=None; channelId=UCda34LjAF_615UeC3xug7Qw; recent_title=999 strawberry babies part 3,https://www.youtube.com/feeds/videos.xml?channel_id=UCda34LjAF_615UeC3xug7Qw,https://youtube.com/@sora_clips_ai/about,"{""follower_count"": {""source"": ""yt-dlp.channel_info"", ""channelId"": ""UCda34LjAF_615UeC3xug7Qw"", ""profileUrl"": ""https://youtube.com/@sora_clips_ai""}, ""bio"": {""source"": ""yt-dlp.channel_description"", ""channel_id"": ""UCda34LjAF_615UeC3xug7Qw"", ""preview"": """"}, ""aigc_verdict"": {""source"": ""ollama.llama3.2"", ""verdict"": ""no"", ""details"": ""Rule-based keyword extraction fallback""}, ""recent_uploads"": {""sample"": ""https://www.youtube.com/shorts/5xhtoLuJuJ8"", ""sample_title"": ""999 strawberry babies part 3""}}"
https://youtube.com/@soracamra,@soracamra,YouTube,3,not exposed,"AIGC,YouTube,Sora,small-creator",New,2026-09-03T08:00:34Z,,en,GenAI,https://www.youtube.com/shorts/rDdgHCa-17k,yes,2026-07-18T18:17:32Z,YouTube routine exact API refresh,api_refresh: YouTube subscribers=3; videos=None; channelId=UC1cDWsQZC50cgQPajGA2F5w; recent_title=She tried to sue me,https://www.youtube.com/feeds/videos.xml?channel_id=UC1cDWsQZC50cgQPajGA2F5w,https://youtube.com/@soracamra/about,"{""follower_count"": {""source"": ""yt-dlp.channel_info"", ""channelId"": ""UC1cDWsQZC50cgQPajGA2F5w"", ""profileUrl"": ""https://youtube.com/@soracamra""}, ""bio"": {""source"": ""yt-dlp.channel_description"", ""channel_id"": ""UC1cDWsQZC50cgQPajGA2F5w"", ""preview"": ""These videos are ai meant to entertain ""}, ""aigc_verdict"": {""source"": ""ollama.llama3.2"", ""verdict"": ""yes"", ""details"": ""Rule-based keyword extraction fallback""}, ""recent_uploads"": {""sample"": ""https://www.youtube.com/shorts/rDdgHCa-17k"", ""sample_title"": ""She tried to sue me""}}"
https://youtube.com/@soracreators,@soracreators,YouTube,48,not exposed,"AIGC,YouTube,Kling,Runway,Sora,small-creator",New,2026-09-03T08:00:34Z,,en,Sora,https://www.youtube.com/@soracreators/videos,yes,2026-07-18T18:17:32Z,YouTube routine exact API refresh,api_refresh: YouTube subscribers=48; videos=2; channelId=UCCRC5Hh6vAdlV04G1MM3DlA; recent_title=Sora Creators - Videos,https://www.youtube.com/feeds/videos.xml?channel_id=UCCRC5Hh6vAdlV04G1MM3DlA,https://youtube.com/@soracreators/about,"{""follower_count"": {""source"": ""yt-dlp.channel_info"", ""channelId"": ""UCCRC5Hh6vAdlV04G1MM3DlA"", ""profileUrl"": ""https://youtube.com/@soracreators""}, ""bio"": {""source"": ""yt-dlp.channel_description"", ""channel_id"": ""UCCRC5Hh6vAdlV04G1MM3DlA"", ""preview"": ""Discover the best videos created with Sora from OpenAI\n""}, ""aigc_verdict"": {""source"": ""ollama.llama3.2"", ""verdict"": ""yes"", ""details"": ""Rule-based keyword extraction fallback""}, ""recent_uploads"": {""sample"": ""https://www.youtube.com/@soracreators/videos"", ""sample_title"": ""Sora Creators - Videos""}}"
https://youtube.com/@soragpt,@soragpt,YouTube,7,not exposed,"AIGC,YouTube,Sora,small-creator",New,2026-09-03T08:00:34Z,,en,Sora,https://www.youtube.com/watch?v=u_2CXlhbQN4,yes,2026-07-18T18:17:32Z,YouTube routine exact API refresh,api_refresh: YouTube subscribers=7; videos=None; channelId=UCZW6OJDUeqGG_dzj-VqhQwg; recent_title=Historical footage of California during the gold rush,https://www.youtube.com/feeds/videos.xml?channel_id=UCZW6OJDUeqGG_dzj-VqhQwg,https://youtube.com/@soragpt/about,"{""follower_count"": {""source"": ""yt-dlp.channel_info"", ""channelId"": ""UCZW6OJDUeqGG_dzj-VqhQwg"", ""profileUrl"": ""https://youtube.com/@soragpt""}, ""bio"": {""source"": ""yt-dlp.channel_description"", ""channel_id"": ""UCZW6OJDUeqGG_dzj-VqhQwg"", ""preview"": ""SoraGPT - AI Visions Unleashed, your premier destination for groundbreaking videos crafted by the cu""}, ""aigc_verdict"": {""source"": ""ollama.llama3.2"", ""verdict"": ""yes"", ""details"": ""Rule-based keyword extraction fallback""}, ""recent_uploads"": {""sample"": ""https://www.youtube.com/watch?v=u_2CXlhbQN4"", ""sample_title"": ""Historical footage of California during the gold rush""}}"
https://youtube.com/@soragptvideos,@soragptvideos,YouTube,7,not exposed,"AIGC,YouTube,Sora,small-creator",New,2026-09-03T08:00:34Z,,en,Sora,https://www.youtube.com/shorts/I_Bd2xkjuDQ,yes,2026-07-18T18:17:32Z,YouTube routine exact API refresh,api_refresh: YouTube subscribers=7; videos=None; channelId=UCjtctxr3RnkayJ-0tgXvSDA; recent_title=Hypnotic Green Eye #shorts #ai #sora #chatgpt #openai #beautiful,https://www.youtube.com/feeds/videos.xml?channel_id=UCjtctxr3RnkayJ-0tgXvSDA,https://youtube.com/@soragptvideos/about,"{""follower_count"": {""source"": ""yt-dlp.channel_info"", ""channelId"": ""UCjtctxr3RnkayJ-0tgXvSDA"", ""profileUrl"": ""https://youtube.com/@soragptvideos""}, ""bio"": {""source"": ""yt-dlp.channel_description"", ""channel_id"": ""UCjtctxr3RnkayJ-0tgXvSDA"", ""preview"": ""Where AI dreams become moving pictures. Sora Videos is your destination for the best and most cinema""}, ""aigc_verdict"": {""source"": ""ollama.llama3.2"", ""verdict"": ""yes"", ""details"": ""Rule-based keyword extraction fallback""}, ""recent_uploads"": {""sample"": ""https://www.youtube.com/shorts/I_Bd2xkjuDQ"", ""sample_title"": ""Hypnotic Green Eye #shorts #ai #sora #chatgpt #openai #beautiful""}}"
https://youtube.com/@soranews24,@soranews24,YouTube,,not exposed,"AIGC,YouTube,Sora,small-creator",New,2026-09-03T08:00:34Z,,en,Sora,https://www.youtube.com/shorts/kPnroCwOHM0,yes,2026-07-18T18:17:32Z,YouTube routine exact API refresh,api_refresh: YouTube subscribers=N/A; videos=None; channelId=UCNxv_3i2JwGFjOtZP5Xkq3Q; recent_title=BREAKING: Giant Squirrel Steals Car! 🚨 #sora #ai #shorts #funny #breakingnews #recommended,https://www.youtube.com/feeds/videos.xml?channel_id=UCNxv_3i2JwGFjOtZP5Xkq3Q,https://youtube.com/@soranews24/about,"{""follower_count"": {""source"": ""yt-dlp.channel_info"", ""channelId"": ""UCNxv_3i2JwGFjOtZP5Xkq3Q"", ""profileUrl"": ""https://youtube.com/@soranews24""}, ""bio"": {""source"": ""yt-dlp.channel_description"", ""channel_id"": ""UCNxv_3i2JwGFjOtZP5Xkq3Q"", ""preview"": ""Welcome to Sora News \u2014 daily AI-generated breaking stories, strange events, and surreal investigatio""}, ""aigc_verdict"": {""source"": ""ollama.llama3.2"", ""verdict"": ""yes"", ""details"": ""Rule-based keyword extraction fallback""}, ""recent_uploads"": {""sample"": ""https://www.youtube.com/shorts/kPnroCwOHM0"", ""sample_title"": ""BREAKING: Giant Squirrel Steals Car! \ud83d\udea8 #sora #ai #shorts #funny #breakingnews #recommended""}}"
https://youtube.com/@soraverse-75,@soraverse-75,YouTube,2340,not exposed,"AIGC,YouTube,Sora,small-creator",New,2026-09-03T08:00:34Z,,en,Sora,https://www.youtube.com/shorts/qObgzzlcygs,yes,2026-07-18T18:17:32Z,YouTube routine exact API refresh,api_refresh: YouTube subscribers=2340; videos=None; channelId=UC2l-PU4DqLetdQumE_7sH5A; recent_title=Gorilla Wheelie #sora2 #soralife #sora #funny #shorts #shortvideo,https://www.youtube.com/feeds/videos.xml?channel_id=UC2l-PU4DqLetdQumE_7sH5A,https://youtube.com/@soraverse-75/about,"{""follower_count"": {""source"": ""yt-dlp.channel_info"", ""channelId"": ""UC2l-PU4DqLetdQumE_7sH5A"", ""profileUrl"": ""https://youtube.com/@soraverse-75""}, ""bio"": {""source"": ""yt-dlp.channel_description"", ""channel_id"": ""UC2l-PU4DqLetdQumE_7sH5A"", ""preview"": ""Welcome to SoraVerse \u2014 the universe of AI-generated imagination.\n\nAt SoraVerse, we create cinematic ""}, ""aigc_verdict"": {""source"": ""ollama.llama3.2"", ""verdict"": ""yes"", ""details"": ""Rule-based keyword extraction fallback""}, ""recent_uploads"": {""sample"": ""https://www.youtube.com/shorts/qObgzzlcygs"", ""sample_title"": ""Gorilla Wheelie #sora2 #soralife #sora #funny #shorts #shortvideo""}}"
https://youtube.com/@surrealaiart,@surrealaiart,YouTube,71500,not exposed,"AIGC,YouTube,Pika,Runway,Sora,Veo",New,2026-09-03T08:00:34Z,,en,Runway,https://www.youtube.com/@surrealaiart/videos,yes,2026-07-18T18:17:32Z,YouTube routine exact API refresh,api_refresh: YouTube subscribers=71500; videos=2; channelId=UCpSoiXN2gf66dkhk5WDy0pg; recent_title=Surreal AI - Videos,https://www.youtube.com/feeds/videos.xml?channel_id=UCpSoiXN2gf66dkhk5WDy0pg,https://youtube.com/@surrealaiart/about,"{""follower_count"": {""source"": ""yt-dlp.channel_info"", ""channelId"": ""UCpSoiXN2gf66dkhk5WDy0pg"", ""profileUrl"": ""https://youtube.com/@surrealaiart""}, ""bio"": {""source"": ""yt-dlp.channel_description"", ""channel_id"": ""UCpSoiXN2gf66dkhk5WDy0pg"", ""preview"": ""Welcome to Surreal AI, where artificial intelligence meets surreal imagination.\nWe create AI short f""}, ""aigc_verdict"": {""source"": ""ollama.llama3.2"", ""verdict"": ""yes"", ""details"": ""Rule-based keyword extraction fallback""}, ""recent_uploads"": {""sample"": ""https://www.youtube.com/@surrealaiart/videos"", ""sample_title"": ""Surreal AI - Videos""}}"
https://youtube.com/@teamsorapresents,@teamsorapresents,YouTube,135,not exposed,"AIGC,YouTube,Sora,small-creator",New,2026-09-03T08:00:34Z,,en,Sora,https://www.youtube.com/@teamsorapresents/videos,yes,2026-07-18T18:17:32Z,YouTube routine exact API refresh,api_refresh: YouTube subscribers=135; videos=2; channelId=UCe48pAUxcZ75H20bCLR5JXA; recent_title=Team Sora Presents - Videos,https://www.youtube.com/feeds/videos.xml?channel_id=UCe48pAUxcZ75H20bCLR5JXA,https://youtube.com/@teamsorapresents/about,"{""follower_count"": {""source"": ""yt-dlp.channel_info"", ""channelId"": ""UCe48pAUxcZ75H20bCLR5JXA"", ""profileUrl"": ""https://youtube.com/@teamsorapresents""}, ""bio"": {""source"": ""yt-dlp.channel_description"", ""channel_id"": ""UCe48pAUxcZ75H20bCLR5JXA"", ""preview"": ""Gamer. Artist. Otaku. Makes occasional attempts at animation and streaming. 1000% GenAI-free.\nIf I'm""}, ""aigc_verdict"": {""source"": ""ollama.llama3.2"", ""verdict"": ""yes"", ""details"": ""Rule-based keyword extraction fallback""}, ""recent_uploads"": {""sample"": ""https://www.youtube.com/@teamsorapresents/videos"", ""sample_title"": ""Team Sora Presents - Videos""}}"
https://youtube.com/@thereelrobot,@thereelrobot,YouTube,14200,dale@thereelrobot.com,"AIGC,YouTube,Kling",New,2026-09-03T08:00:34Z,,en,GenAI,https://www.youtube.com/@thereelrobot/videos,yes,2026-07-18T18:17:32Z,YouTube routine exact API refresh,api_refresh: YouTube subscribers=14200; videos=2; channelId=UC_3t5WerQttfnOzm5y3pbnw; recent_title=Dale Williams (The Reel Robot) - Videos,https://www.youtube.com/feeds/videos.xml?channel_id=UC_3t5WerQttfnOzm5y3pbnw,https://youtube.com/@thereelrobot/about,"{""follower_count"": {""source"": ""yt-dlp.channel_info"", ""channelId"": ""UC_3t5WerQttfnOzm5y3pbnw"", ""profileUrl"": ""https://youtube.com/@thereelrobot""}, ""bio"": {""source"": ""yt-dlp.channel_description"", ""channel_id"": ""UC_3t5WerQttfnOzm5y3pbnw"", ""preview"": ""I'm a professional AI filmmaker at Promise Studios. My AI-assisted works have garnered multiple fest""}, ""aigc_verdict"": {""source"": ""ollama.llama3.2"", ""verdict"": ""yes"", ""details"": ""Rule-based keyword extraction fallback""}, ""recent_uploads"": {""sample"": ""https://www.youtube.com/@thereelrobot/videos"", ""sample_title"": ""Dale Williams (The Reel Robot) - Videos""}}"
https://reddit.com/user/atlas077,u/Atlas077,Reddit,,,"AIGC,Reddit,AI video",New,2026-07-19T02:19:29Z,,,,https://www.reddit.com/user/Atlas077/,unsure,2026-07-19T02:19:29Z,searxng Sora AI filmmaker site:reddit.com/user,AIGC term: Sora,,https://www.reddit.com/user/Atlas077/,"{""discovery"":{""tool"":""searxng"",""query"":""Sora AI filmmaker site:reddit.com/user"",""source_url"":""https://www.reddit.com/user/Atlas077/"",""title"":""theonehaze (u/Atlas077) - Reddit"",""snippet"":""I'm a 24 y/o producer, mix engineer, ex studio manager who lives in Oxford, UK. ... Cool AI background. Did you make it with Sora? Upvote 1. Downvote Reply reply.""},""profile_status"":""Reddit has no keyless profiling API in this routine; follower count empty, AIGCVerdict unsure.""}"
https://reddit.com/user/droppedaxes,u/DroppedAxes,Reddit,,,"AIGC,Reddit,AI video",New,2026-07-19T02:19:29Z,,,,https://www.reddit.com/user/DroppedAxes/,unsure,2026-07-19T02:19:29Z,searxng Runway generative video site:reddit.com/user,AIGC term: runway,,https://www.reddit.com/user/DroppedAxes/,"{""discovery"":{""tool"":""searxng"",""query"":""Runway generative video site:reddit.com/user"",""source_url"":""https://www.reddit.com/user/DroppedAxes/"",""title"":""DroppedAxes - Reddit"",""snippet"":""I just think there's some degree of inevitability when it comes to generative AI in all forms that we can't reasonably come back from. ... runway. Upvote 1""},""profile_status"":""Reddit has no keyless profiling API in this routine; follower count empty, AIGCVerdict unsure.""}"
https://reddit.com/user/enoumen,u/enoumen,Reddit,,,"AIGC,Reddit,DiscoveryOnly",New,2026-07-26T02:18:58Z,,,Sora,https://www.reddit.com/user/enoumen/,unsure,2026-07-19T02:19:29Z,searxng Runway AI video creator site:reddit.com/user,Reddit discovery-only; no keyless profiling API available from this host. FollowerCount intentionally empty; AIGCVerdict=unsure per ROUTINE.md rule 9.,,https://www.reddit.com/user/enoumen/,"{""discovery"":{""tool"":""searxng"",""query"":""Runway AI video creator site:reddit.com/user"",""result_url"":""https://www.reddit.com/user/enoumen/"",""title"":""Tech Founder at DjamgaMind.com (u/enoumen) - Reddit"",""snippet"":""Runway Dev, a new single API serving its frontier video models alongside a third-party image and audio generator. OpenAI. published. an AI-generated proof of a ...""}}"
https://reddit.com/user/haberdashcollect,u/haberdashcollect,Reddit,,,"AIGC,Reddit,Sora",New,2026-07-22T02:18:47Z,,,Sora,https://www.reddit.com/user/haberdashcollect/comments/1qmm3yg/state_of_the_vtuber_world_january_26th_2026/,unsure,2026-07-19T02:19:29Z,searxng Sora AI filmmaker site:reddit.com/user,Reddit discovery-only; no keyless profiling API from server IPs; snippet lead only. Additional source: https://reddit.com/user/haberdashcollect/comments/1qmm3yg/state_of_the_vtuber_world_january_26th_2026/,,https://reddit.com/user/haberdashcollect/comments/1qmm3yg/state_of_the_vtuber_world_january_26th_2026/,"{""identity"":{""source"":""searxng"",""url"":""https://reddit.com/user/haberdashcollect/comments/1qmm3yg/state_of_the_vtuber_world_january_26th_2026/"",""query"":""Sora AI filmmaker site:reddit.com/user""},""aigc_verdict"":{""source"":""search_index_snippet_only"",""verdict"":""unsure"",""url"":""https://reddit.com/user/haberdashcollect/comments/1qmm3yg/state_of_the_vtuber_world_january_26th_2026/""}}"
https://reddit.com/user/hotsatisfaction5810,u/HotSatisfaction5810,Reddit,,,"AIGC,Reddit,AI video",New,2026-07-19T02:19:29Z,,,,https://www.reddit.com/user/HotSatisfaction5810/,unsure,2026-07-19T02:19:29Z,searxng Runway generative video site:reddit.com/user,AIGC term: runway,,https://www.reddit.com/user/HotSatisfaction5810/,"{""discovery"":{""tool"":""searxng"",""query"":""Runway generative video site:reddit.com/user"",""source_url"":""https://www.reddit.com/user/HotSatisfaction5810/"",""title"":""Daria G (u/HotSatisfaction5810) - Reddit"",""snippet"":""If you deploy a chatbot, use generative AI to create content, or use AI-generated audio/video ... Financial health \u2014 Profitability trajectory, runway, revenue/\u00a0...""},""profile_status"":""Reddit has no keyless profiling API in this routine; follower count empty, AIGCVerdict unsure.""}"
https://reddit.com/user/jackiechan1050,u/JackieChan1050,Reddit,,,"AIGC,Reddit,AI video,Sora",New,2026-07-24T02:16:16Z,,,Sora,https://www.reddit.com/user/JackieChan1050/,unsure,2026-07-19T02:19:29Z,searxng Sora AI filmmaker site:reddit.com/user,Reddit discovery-only; no keyless profiling API; needs OAuth/profile pass before verdict/count.,,https://www.reddit.com/user/JackieChan1050/,"{""discovery"":{""source"":""searxng"",""query"":""Sora AI filmmaker site:reddit.com/user"",""url"":""https://www.reddit.com/user/JackieChan1050/"",""snippet"":""The Dor Brothers (u/JackieChan1050) - Reddit; I believe they simply run it on Sora with video to video. Upvote 3. Downvote ... iPrompt — The Future of AI Filmmaking (Veo 3) · JackieChan1050 commented 1 yr ...""},""aigc_verdict"":{""source"":""not_profiled_reddit_no_keyless_api"",""verdict"":""unsure""},""follower_count"":{""source"":""not_available_reddit_no_keyless_api"",""value"":""""}}"
https://reddit.com/user/jenna_ai,u/Jenna_AI,Reddit,,,"AIGC,Reddit,Runway",New,2026-08-13T02:05:37Z,,,Runway,https://www.reddit.com/user/Jenna_AI/,unsure,2026-07-19T02:19:29Z,searxng Runway AI filmmaker site:reddit.com/user,Reddit discovery-only: no keyless profiling API from server IP; follower_count empty; verdict unsure. Snippet: Jenna_AI - Reddit Runway: Their Gen-3 Video-to-Video feature is currently top-tier for taking real footage and completely reskinning the art style while keeping the actual ...,,https://www.reddit.com/user/Jenna_AI/,"{""identity"":{""source"":""searxng"",""url"":""https://www.reddit.com/user/Jenna_AI/"",""query"":""Runway AI filmmaker site:reddit.com/user"",""reason"":""profile_url_result""},""aigc_verdict"":{""source"":""search_snippet"",""url"":""https://www.reddit.com/user/Jenna_AI/"",""verdict"":""unsure"",""snippet"":""Jenna_AI - Reddit Runway: Their Gen-3 Video-to-Video feature is currently top-tier for taking real footage and completely reskinning the art style while keeping the actual ...""}}"
https://reddit.com/user/johnmoonvalley,u/johnmoonvalley,Reddit,,,"AIGC,Reddit",New,2026-07-30T02:16:51Z,,,,https://www.reddit.com/user/johnmoonvalley/comments/160m0gl/hi_im_the_founder_of_moonvalleyai_a_revolutionary/,unsure,2026-07-19T02:19:29Z,searxng AI video creator site:reddit.com/user,"reddit_discovery_only; no keyless profiling API; follower_count_empty; source_snippet_flagged: Hi, I'm the founder of moonvalley.ai – a revolutionary text/image to AI ...",,https://www.reddit.com/user/johnmoonvalley/comments/160m0gl/hi_im_the_founder_of_moonvalleyai_a_revolutionary/,"{""discovery"":{""source"":""searxng"",""query"":""AI video creator site:reddit.com/user"",""url"":""https://www.reddit.com/user/johnmoonvalley/comments/160m0gl/hi_im_the_founder_of_moonvalleyai_a_revolutionary/""},""aigc_verdict"":{""source"":""search_snippet_only"",""verdict"":""unsure"",""reason"":""Reddit has no keyless profiling API in this workflow; not inferred from text""}}"
https://reddit.com/user/lilitbroyan,u/lilitbroyan,Reddit,,,"AIGC,Reddit,AI video",New,2026-07-19T02:19:29Z,,,,https://www.reddit.com/user/lilitbroyan/,unsure,2026-07-19T02:19:29Z,searxng Runway generative video site:reddit.com/user,AIGC term: Runway,,https://www.reddit.com/user/lilitbroyan/,"{""discovery"":{""tool"":""searxng"",""query"":""Runway generative video site:reddit.com/user"",""source_url"":""https://www.reddit.com/user/lilitbroyan/"",""title"":""Munkos (u/lilitbroyan) - Reddit"",""snippet"":""Runway is good with generative effects. VEED is strong on captions. Kapwing ... We tried videos shot from iPhone, then hired professional videographer to shoot in\u00a0...""},""profile_status"":""Reddit has no keyless profiling API in this routine; follower count empty, AIGCVerdict unsure.""}"
https://reddit.com/user/mandal23,u/mandal23,Reddit,,,"AIGC,Reddit,AI video",New,2026-07-19T02:19:29Z,,,,https://www.reddit.com/user/mandal23/,unsure,2026-07-19T02:19:29Z,searxng Runway generative video site:reddit.com/user,AIGC term: Runway,,https://www.reddit.com/user/mandal23/,"{""discovery"":{""tool"":""searxng"",""query"":""Runway generative video site:reddit.com/user"",""source_url"":""https://www.reddit.com/user/mandal23/"",""title"":""Growth Master Shifu (u/mandal23) - Reddit"",""snippet"":""Hootsuite X Their new generative AI-driven social content planner predicts ... Runway ML Growth Tools This is not just for video editing anymore. Use\u00a0...""},""profile_status"":""Reddit has no keyless profiling API in this routine; follower count empty, AIGCVerdict unsure.""}"
https://reddit.com/user/mnlyyzyeg,u/MNLYYZYEG,Reddit,,,"AIGC,Reddit,AI video",New,2026-07-19T02:19:29Z,,,,https://www.reddit.com/user/MNLYYZYEG/comments/1g687do/extended_comments_with_walls_of_text_3/,unsure,2026-07-19T02:19:29Z,searxng Sora AI filmmaker site:reddit.com/user,AIGC term: Sora,,https://www.reddit.com/user/MNLYYZYEG/comments/1g687do/extended_comments_with_walls_of_text_3/,"{""discovery"":{""tool"":""searxng"",""query"":""Sora AI filmmaker site:reddit.com/user"",""source_url"":""https://www.reddit.com/user/MNLYYZYEG/comments/1g687do/extended_comments_with_walls_of_text_3/"",""title"":""Extended Comments With Walls of Text - 3 : u/MNLYYZYEG - Reddit"",""snippet"":""18 Oct 2024 ... Sora, -, Japanese Kawaii Exemplar/Other Visuals. Nana, -, Other ... Ai De Qin Ai De (\u81f3\u7231\u7684\u4eb2\u7231\u7684). Zhi Ai De Qin Ai De is pretty good\u00a0...""},""profile_status"":""Reddit has no keyless profiling API in this routine; follower count empty, AIGCVerdict unsure.""}"
https://reddit.com/user/monchimonkee,u/monchimonkee,Reddit,,,"AIGC,Reddit,AI video",New,2026-07-19T02:19:29Z,,,,https://www.reddit.com/user/monchimonkee/,unsure,2026-07-19T02:19:29Z,searxng Sora AI filmmaker site:reddit.com/user,AIGC term: Sora,,https://www.reddit.com/user/monchimonkee/,"{""discovery"":{""tool"":""searxng"",""query"":""Sora AI filmmaker site:reddit.com/user"",""source_url"":""https://www.reddit.com/user/monchimonkee/"",""title"":""monchimonkee - Reddit"",""snippet"":""13 Jun 2016 ... Hey everyone, so I love the possibilities of AI and Sora, so I tried ... Sora and real-life filmmaking techniques. What I did was I\u00a0...""},""profile_status"":""Reddit has no keyless profiling API in this routine; follower count empty, AIGCVerdict unsure.""}"
https://reddit.com/user/popdream,u/popdream,Reddit,,,"AIGC,Reddit,AI video",New,2026-07-19T02:19:29Z,,,,https://www.reddit.com/user/popdream/comments/,unsure,2026-07-19T02:19:29Z,searxng Runway generative video site:reddit.com/user,AIGC term: Runway,,https://www.reddit.com/user/popdream/comments/,"{""discovery"":{""tool"":""searxng"",""query"":""Runway generative video site:reddit.com/user"",""source_url"":""https://www.reddit.com/user/popdream/comments/"",""title"":""u/popdream - Reddit"",""snippet"":""Project Runway has taken a weird turn that will kill the show in the long ... generative AI (that was trained on stolen work, has a significant\u00a0...""},""profile_status"":""Reddit has no keyless profiling API in this routine; follower count empty, AIGCVerdict unsure.""}"
https://reddit.com/user/profgpod,u/profgpod,Reddit,,,"AIGC,Reddit,Sora",New,2026-07-22T02:18:47Z,,,Sora,https://www.reddit.com/user/profgpod/,unsure,2026-07-19T02:19:29Z,searxng Sora AI filmmaker site:reddit.com/user,Reddit discovery-only; no keyless profiling API from server IPs; snippet lead only. Additional source: https://reddit.com/user/profgpod/,,https://reddit.com/user/profgpod/,"{""identity"":{""source"":""searxng"",""url"":""https://reddit.com/user/profgpod/"",""query"":""Sora AI filmmaker site:reddit.com/user""},""aigc_verdict"":{""source"":""search_index_snippet_only"",""verdict"":""unsure"",""url"":""https://reddit.com/user/profgpod/""}}"
https://reddit.com/user/tempnull,u/tempNull,Reddit,,,"AIGC,Reddit,AI video",New,2026-07-19T02:19:29Z,,,,https://www.reddit.com/user/tempNull/,unsure,2026-07-19T02:19:29Z,searxng Runway generative video site:reddit.com/user,AIGC term: AI Video,,https://www.reddit.com/user/tempNull/,"{""discovery"":{""tool"":""searxng"",""query"":""Runway generative video site:reddit.com/user"",""source_url"":""https://www.reddit.com/user/tempNull/"",""title"":""tempNull - Reddit"",""snippet"":""The simulations, playable essays, generative art, and strange little ... MediaRouter - Open Source Gateway for AI Video Generation (Sora, Runway, Kling).""},""profile_status"":""Reddit has no keyless profiling API in this routine; follower count empty, AIGCVerdict unsure.""}"
https://vimeo.com/oliviahadjiioannou,Oh.,Vimeo,29,,"AIGC,Vimeo,API,Sora",New,2026-08-08T06:34:38Z,"Athens, Greece and New York, NY",,Sora,https://vimeo.com/1090873153,unsure,2026-07-19T06:17:15Z,vimeo_api_refresh,API-only Vimeo refresh/discovery; visual AIGC review not performed in routine lane; sole_or_small: unknown,,http://olitunes.com,"{""follower_count"":{""source"":""vimeo_api"",""url"":""https://api.vimeo.com/users/19822946""},""profile"":{""source"":""vimeo_api"",""url"":""https://vimeo.com/oliviahadjiioannou""},""aigc_verdict"":{""source"":""api_text_only"",""url"":""https://vimeo.com/1090873153"",""note"":""Routine API lane does not infer visual verdict; left unsure unless already reviewed.""}}"
https://vimeo.com/user234453822,info,Vimeo,11,,"AIGC,Vimeo,Sora",New,2026-08-10T06:27:40Z,"Seattle, WA, USA",,Sora,https://vimeo.com/1074853231,unsure,2026-07-19T06:17:15Z,Vimeo API /videos search: sora ai short film,videos_total: 135,,https://seattleaifilmfestival.com,"{""follower_count"":{""source"":""vimeo_api"",""url"":""https://api.vimeo.com/users/234453822""},""profile"":{""source"":""vimeo_api"",""url"":""https://vimeo.com/user234453822""},""aigc_verdict"":{""source"":""api_search_metadata"",""url"":""https://vimeo.com/1074853231"",""note"":""API search/profile only; visual frame review not performed in this routine lane""}}"
https://vimeo.com/5aledgd,khaled rysha,Vimeo,0,,"AIGC,Vimeo,Runway",New,2026-08-10T06:27:40Z,القاهرة، محافظة القاهرة‬، مصر,,Runway,https://vimeo.com/1104607454,unsure,2026-07-19T06:17:15Z,Vimeo API /videos search: runway ai video creator,videos_total: 8,,https://khaledmamdoh1.github.io/khaled-website/,"{""follower_count"":{""source"":""vimeo_api"",""url"":""https://api.vimeo.com/users/232367876""},""profile"":{""source"":""vimeo_api"",""url"":""https://vimeo.com/5aledgd""},""aigc_verdict"":{""source"":""api_search_metadata"",""url"":""https://vimeo.com/1104607454"",""note"":""API search/profile only; visual frame review not performed in this routine lane""}}"
https://vimeo.com/stellarvideos,Stellar Videos,Vimeo,47,,"AIGC,Vimeo,Runway",New,2026-08-10T06:27:40Z,"Manila, Metro Manila, Philippines",,Runway,https://vimeo.com/1099354265,unsure,2026-07-19T06:17:15Z,Vimeo API /videos search: runway ai video creator,videos_total: 378,,https://www.stellarvideos.net/,"{""follower_count"":{""source"":""vimeo_api"",""url"":""https://api.vimeo.com/users/7837298""},""profile"":{""source"":""vimeo_api"",""url"":""https://vimeo.com/stellarvideos""},""aigc_verdict"":{""source"":""api_search_metadata"",""url"":""https://vimeo.com/1099354265"",""note"":""API search/profile only; visual frame review not performed in this routine lane""}}"
https://vimeo.com/gangcontent,Gang.Content,Vimeo,779,,"AIGC,Vimeo,Runway",New,2026-08-10T06:27:40Z,"Gent, België",,Runway,https://vimeo.com/gangcontent/welcometolatentlandbts,unsure,2026-07-19T06:17:15Z,Vimeo API /videos search: runway ai video creator,videos_total: 1709,,http://www.facebook.com/storyme,"{""follower_count"":{""source"":""vimeo_api"",""url"":""https://api.vimeo.com/users/13692044""},""profile"":{""source"":""vimeo_api"",""url"":""https://vimeo.com/gangcontent""},""aigc_verdict"":{""source"":""api_search_metadata"",""url"":""https://vimeo.com/gangcontent/welcometolatentlandbts"",""note"":""API search/profile only; visual frame review not performed in this routine lane""}}"
https://reddit.com/user/dubbingai,u/DubbingAI,Reddit,,,"AIGC,Reddit,AI video",New,2026-07-20T02:11:23Z,,,Sora,,unsure,2026-07-20T02:11:23Z,"ddgs site:reddit.com/user; site:reddit.com/user ""Pika"" ""AI video""; SearXNG r/aivideo sweep returned subreddit/post sources but no author identity in search index snippets","discovery_only: reddit keyless profiling unavailable; follower_count_empty; source_snippet: Dubbing AI (u/DubbingAI) - Reddit; Welcome to r/aivideo! 🍿🥤 A community focused on the use of FULL MOTION VIDEO GENERATIVE A.I. ASSISTANTS such as OPEN AI SORA, RUNWAY, PIKA LABS, SVD and similar AI VIDEO tools capa",,https://www.reddit.com/user/DubbingAI/submitted/,"{""discovery"":{""tool"":""ddgs"",""query"":""site:reddit.com/user \""Pika\"" \""AI video\"""",""url"":""https://www.reddit.com/user/DubbingAI/submitted/"",""title"":""Dubbing AI (u/DubbingAI) - Reddit"",""snippet"":""Welcome to r/aivideo! \ud83c\udf7f\ud83e\udd64 A community focused on the use of FULL MOTION VIDEO GENERATIVE A.I. ASSISTANTS such as OPEN AI SORA, RUNWAY, PIKA LABS, SVD and similar AI VIDEO tools capable of TEXT TO VIDEO, IMAGE TO VIDEO, VIDEO TO VIDEO, AI VOICE OVER ACTING, AI MUSIC, AI NEWSROOM, live action AI CGI VF""},""aigc_verdict"":{""source"":""search_index_only"",""verdict"":""unsure"",""reason"":""Reddit keyless profiling API unavailable in this routine; search snippet only.""}}"
https://civitai.com/user/supernekosan,supernekosan,Civitai,123,,"AIGC,Civitai,video",New,2026-09-17T05:41:26Z,,,Civitai,https://image.civitai.com/xG1nkqKTMzGDvpLrqFT7WA/8df9dfbf-a639-4b2a-8311-7243f5bf15e0/original=true/8df9dfbf-a639-4b2a-8311-7243f5bf15e0.mp4,yes,2026-07-20T06:13:47Z,routine Civitai API refresh,Civitai public REST type=video nsfw=false returned public video items; follower count not exposed by this endpoint.,,https://civitai.com/user/supernekosan,"{""aigc_verdict"": {""source"": ""civitai_api_type_video"", ""url"": ""https://civitai.com/api/v1/images?username=supernekosan&type=video&nsfw=false""}, ""sample"": {""source"": ""civitai_api"", ""url"": ""https://image.civitai.com/xG1nkqKTMzGDvpLrqFT7WA/8df9dfbf-a639-4b2a-8311-7243f5bf15e0/original=true/8df9dfbf-a639-4b2a-8311-7243f5bf15e0.mp4""}}"
https://civitai.com/user/neonninja,NeonNinja,Civitai,2.0K,,"AIGC,Civitai,video",New,2026-09-17T05:41:27Z,,,Civitai,https://image.civitai.com/xG1nkqKTMzGDvpLrqFT7WA/bd3476d1-a5e4-4b57-9e06-a5e9eb721082/original=true/bd3476d1-a5e4-4b57-9e06-a5e9eb721082.mp4,yes,2026-07-20T06:13:47Z,Civitai type=video global Newest discovery,Civitai public REST type=video nsfw=false returned public video items; follower count not exposed by this endpoint.,,https://civitai.com/user/NeonNinja,"{""aigc_verdict"": {""source"": ""civitai_api_type_video"", ""url"": ""https://civitai.com/api/v1/images?username=NeonNinja&type=video&nsfw=false""}, ""sample"": {""source"": ""civitai_api"", ""url"": ""https://image.civitai.com/xG1nkqKTMzGDvpLrqFT7WA/bd3476d1-a5e4-4b57-9e06-a5e9eb721082/original=true/bd3476d1-a5e4-4b57-9e06-a5e9eb721082.mp4""}}"
https://civitai.com/user/pablo_b,pablo_b,Civitai,362,,"AIGC,Civitai,video",New,2026-09-17T05:41:28Z,,English,,https://civitai.com/user/pablo_b,yes,2026-07-20T06:13:47Z,Civitai type=video global Newest discovery,Civitai API: models=0; tags=,https://civitai.com/user/pablo_b/models,,"{""platform"": ""Civitai"", ""username"": ""pablo_b"", ""model_count"": 0, ""top_tags"": [], ""aigc_verdict"": ""yes"", ""ai_reasoning"": ""Brief quote/reason""}"
https://civitai.com/user/ai_0_ia,Ai_0_iA,Civitai,619,,"AIGC,Civitai,video",New,2026-09-17T05:41:29Z,,,Civitai,https://image.civitai.com/xG1nkqKTMzGDvpLrqFT7WA/8c4a539f-8985-44f5-8f77-737068294b71/original=true/8c4a539f-8985-44f5-8f77-737068294b71.mp4,yes,2026-07-20T06:13:47Z,Civitai API /images type=video sort=Newest,discovered_from_public_sfw_video_feed,,https://civitai.com/user/Ai_0_iA,"{""video_content"": {""source"": ""civitai_images_api"", ""url"": ""https://image.civitai.com/xG1nkqKTMzGDvpLrqFT7WA/8c4a539f-8985-44f5-8f77-737068294b71/original=true/8c4a539f-8985-44f5-8f77-737068294b71.mp4"", ""type"": ""video"", ""nsfw"": false}, ""aigc_verdict"": {""source"": ""civitai_video_api"", ""url"": ""https://image.civitai.com/xG1nkqKTMzGDvpLrqFT7WA/8c4a539f-8985-44f5-8f77-737068294b71/original=true/8c4a539f-8985-44f5-8f77-737068294b71.mp4"", ""note"": ""Civitai public video item confirms AI-generated video output""}}"
https://civitai.com/user/coachbate,coachbate,Civitai,1.3K,,"AIGC,AI video,Civitai",New,2026-09-17T05:46:21Z,,English,LoRA,https://civitai.com/user/coachbate,yes,2026-07-20T06:13:47Z,Civitai API existing-row refresh type=video,"Civitai API: models=51; tags=lacoste, aligator, style, world morph",https://civitai.com/user/coachbate/models,,"{""platform"": ""Civitai"", ""username"": ""coachbate"", ""model_count"": 51, ""top_tags"": [""lacoste"", ""aligator"", ""style"", ""world morph""], ""aigc_verdict"": ""yes"", ""ai_reasoning"": ""Transforms entire scenes into luxurious alligator-born realities""}"
https://civitai.com/user/sy0ww4bb1984,@sy0ww4bb1984,Civitai,1.2K,,"AIGC,Sora",New,2026-09-17T05:46:22Z,,English,LoRA,https://civitai.com/user/sy0ww4bb1984,yes,2026-07-20T06:13:47Z,"off-platform sweep (ddgs): ""AI video"" ""Sora"" site:civitai.com/user","Civitai API: models=7; tags=lipsync, video, wan, batched, controls",https://civitai.com/user/sy0ww4bb1984/models,,"{""platform"": ""Civitai"", ""username"": ""sy0ww4bb1984"", ""model_count"": 7, ""top_tags"": [""lipsync"", ""video"", ""wan"", ""batched"", ""controls""], ""aigc_verdict"": ""yes"", ""ai_reasoning"": ""Rule-based fallback for Civitai creator""}"
https://civitai.com/user/runcomfy,runcomfy,Civitai,362,,"AIGC,Civitai,video",New,2026-09-17T05:46:23Z,,,Civitai,https://civitai.com/posts/29884991,yes,2026-07-20T06:13:47Z,Civitai API refresh,"sole_or_small: unknown; video_item_id:137237663; stats:{""cryCount"":0,""laughCount"":1,""likeCount"":20,""dislikeCount"":0,""heartCount"":0,""commentCount"":0}",,https://civitai.com/user/runcomfy,"{""aigc_verdict"": {""source"": ""civitai_api_type_video"", ""url"": ""https://civitai.com/posts/29884991"", ""note"": ""Civitai public REST returned SFW item with type=video; platform content is AI-generated by definition.""}, ""video_content"": {""source"": ""civitai_api"", ""url"": ""https://civitai.com/posts/29884991"", ""item_id"": 137237663}}"
https://civitai.com/user/mtl925056,mtl925056,Civitai,361,,"AIGC,Civitai,video",New,2026-09-17T05:46:24Z,,English,LoRA,https://civitai.com/user/mtl925056,yes,2026-07-20T06:13:47Z,Civitai API refresh,"Civitai API: models=23; tags=bodhisattva, guanyin, character",https://civitai.com/user/mtl925056/models,,"{""platform"": ""Civitai"", ""username"": ""mtl925056"", ""model_count"": 23, ""top_tags"": [""bodhisattva"", ""guanyin"", ""character""], ""aigc_verdict"": ""yes"", ""ai_reasoning"": ""Test Guanyin Bodhisattva""}"
https://civitai.com/user/konomi_p,konomi_p,Civitai,1.2K,,"AIGC,Civitai,Video",New,2026-09-17T05:46:24Z,,English,Stable Diffusion,https://civitai.com/user/konomi_p,yes,2026-07-20T06:13:47Z,civitai_api_discovery:type=video&nsfw=false,"Civitai API: models=96; tags=shiraishi tsumugi, magicgirl, mahoushouj",https://civitai.com/user/konomi_p/models,,"{""platform"": ""Civitai"", ""username"": ""konomi_p"", ""model_count"": 96, ""top_tags"": [""shiraishi tsumugi"", ""magicgirl"", ""mahoushoujo"", ""concept"", ""ibuki tsubasa""], ""aigc_verdict"": ""yes"", ""ai_reasoning"": ""Rule-based fallback for Civitai creator""}"
https://civitai.com/user/experimental_daiver,experimental_daiver,Civitai,3.9K,,"AIGC,Civitai,video",New,2026-09-17 05:53:57,,,Civitai,https://civitai.com/posts/29986389,yes,2026-07-20T06:13:47Z,Civitai API refresh,"sole_or_small: unknown; video_item_id:137743414; stats:{""cryCount"":3,""laughCount"":0,""likeCount"":20,""dislikeCount"":0,""heartCount"":10,""commentCount"":1}",,https://civitai.com/user/experimental_daiver,"{""aigc_verdict"": {""source"": ""civitai_api_type_video"", ""url"": ""https://civitai.com/posts/29986389"", ""note"": ""Civitai public REST returned SFW item with type=video; platform content is AI-generated by definition.""}, ""video_content"": {""source"": ""civitai_api"", ""url"": ""https://civitai.com/posts/29986389"", ""item_id"": 137743414}}"
https://civitai.com/user/thedoors4,TheDoors4,Civitai,25,,"AIGC,Civitai,Video",New,2026-09-17 05:53:57,,,,https://civitai.com/posts/30096910,yes,2026-07-20T06:13:47Z,civitai api discovery: /images type=video nsfw=false,civitai_api; type=video; nsfw=false; follower_count_not_exposed,,https://civitai.com/user/TheDoors4,"{""aigc_verdict"": {""source"": ""civitai_api_type_video"", ""url"": ""https://civitai.com/posts/30096910"", ""note"": ""Civitai public REST returned type=video with nsfw=false.""}, ""sample_content"": {""source"": ""civitai_api"", ""url"": ""https://image.civitai.com/xG1nkqKTMzGDvpLrqFT7WA/9f520036-72ee-46f9-8674-4b412af61211/original=true/9f520036-72ee-46f9-8674-4b412af61211.mp4""}}"
https://civitai.com/user/dreamerdragon,@dreamerdragon,Civitai,2.2K,,"AIGC,AI video,Civitai",New,2026-09-17 05:53:57,,English,LoRA,https://civitai.com/user/dreamerdragon,yes,2026-07-20T06:13:47Z,sheet_refresh:civitai,"Civitai API: models=50; tags=watercolor, fantasy, character, traditio",https://civitai.com/user/dreamerdragon/models,,"{""platform"": ""Civitai"", ""username"": ""dreamerdragon"", ""model_count"": 50, ""top_tags"": [""watercolor"", ""fantasy"", ""character"", ""traditional"", ""palworld""], ""aigc_verdict"": ""yes"", ""ai_reasoning"": ""Rule-based fallback for Civitai creator""}"
https://civitai.com/user/octaviux,octaviux,Civitai,349,,"AIGC,Civitai,video",New,2026-09-17 05:53:57,,English,Stable Diffusion,https://civitai.com/user/octaviux,yes,2026-07-20T06:13:47Z,Civitai API refresh,Civitai API: models=1; tags=,https://civitai.com/user/octaviux/models,,"{""platform"": ""Civitai"", ""username"": ""octaviux"", ""model_count"": 1, ""top_tags"": [], ""aigc_verdict"": ""yes"", ""ai_reasoning"": ""Brief quote/reason""}"
https://civitai.com/user/wizardeus,wizardeus,Civitai,963,,"AIGC,Civitai,video",New,2026-09-17 05:53:57,,,Civitai,https://civitai.com/posts/29881765,yes,2026-07-20T06:13:47Z,Civitai API refresh,"sole_or_small: unknown; video_item_id:137220066; stats:{""cryCount"":0,""laughCount"":0,""likeCount"":9,""dislikeCount"":0,""heartCount"":2,""commentCount"":0}",,https://civitai.com/user/wizardeus,"{""aigc_verdict"": {""source"": ""civitai_api_type_video"", ""url"": ""https://civitai.com/posts/29881765"", ""note"": ""Civitai public REST returned SFW item with type=video; platform content is AI-generated by definition.""}, ""video_content"": {""source"": ""civitai_api"", ""url"": ""https://civitai.com/posts/29881765"", ""item_id"": 137220066}}"
https://civitai.com/user/popcornmaven,popcornmaven,Civitai,127,,"AIGC,Civitai,video",New,2026-09-17T05:58:03Z,,,Civitai,https://civitai.com/posts/30179292,yes,2026-07-20T06:13:47Z,Civitai API refresh,"sole_or_small: unknown; video_item_id:138706058; stats:{""cryCount"":0,""laughCount"":0,""likeCount"":16,""dislikeCount"":0,""heartCount"":12,""commentCount"":3}",,https://civitai.com/user/popcornmaven,"{""aigc_verdict"": {""source"": ""civitai_api_type_video"", ""url"": ""https://civitai.com/posts/30179292"", ""note"": ""Civitai public REST returned SFW item with type=video; platform content is AI-generated by definition.""}, ""video_content"": {""source"": ""civitai_api"", ""url"": ""https://civitai.com/posts/30179292"", ""item_id"": 138706058}}"
https://civitai.com/user/cybercream,CyberCream,Civitai,2.5K,,"AIGC,Civitai,video",New,2026-09-17T05:58:03Z,,,Civitai,https://image.civitai.com/xG1nkqKTMzGDvpLrqFT7WA/1e5760f3-2e2e-4b70-94aa-b8f55451a015/original=true/1e5760f3-2e2e-4b70-94aa-b8f55451a015.mp4,yes,2026-07-20T06:13:47Z,Civitai API /images type=video sort=Newest,discovered_from_public_sfw_video_feed,,https://civitai.com/user/CyberCream,"{""video_content"": {""source"": ""civitai_images_api"", ""url"": ""https://image.civitai.com/xG1nkqKTMzGDvpLrqFT7WA/1e5760f3-2e2e-4b70-94aa-b8f55451a015/original=true/1e5760f3-2e2e-4b70-94aa-b8f55451a015.mp4"", ""type"": ""video"", ""nsfw"": false}, ""aigc_verdict"": {""source"": ""civitai_video_api"", ""url"": ""https://image.civitai.com/xG1nkqKTMzGDvpLrqFT7WA/1e5760f3-2e2e-4b70-94aa-b8f55451a015/original=true/1e5760f3-2e2e-4b70-94aa-b8f55451a015.mp4"", ""note"": ""Civitai public video item confirms AI-generated video output""}}"
https://civitai.com/user/_keyser_soze_,@_Keyser_Soze_,Civitai,576,,"AIGC,AI video,Civitai",New,2026-09-17T05:58:03Z,,,,https://image.civitai.com/xG1nkqKTMzGDvpLrqFT7WA/e17400ac-a601-4975-8791-9df6d131490d/original=true/e17400ac-a601-4975-8791-9df6d131490d.mp4,yes,2026-07-20T06:13:47Z,sheet_refresh:civitai,routine_api_lane; has_public_sfw_video: yes; sole_or_small: unknown,,https://civitai.com/user/_Keyser_Soze_,"{""aigc_verdict"": {""source"": ""civitai_api_type_video"", ""url"": ""https://image.civitai.com/xG1nkqKTMzGDvpLrqFT7WA/e17400ac-a601-4975-8791-9df6d131490d/original=true/e17400ac-a601-4975-8791-9df6d131490d.mp4"", ""note"": ""Civitai public video item, nsfw=false""}, ""video_content"": {""source"": ""civitai_api"", ""url"": ""https://image.civitai.com/xG1nkqKTMzGDvpLrqFT7WA/e17400ac-a601-4975-8791-9df6d131490d/original=true/e17400ac-a601-4975-8791-9df6d131490d.mp4""}}"
https://civitai.com/user/human227,human227,Civitai,27,,"AIGC,Civitai,video",New,2026-09-17T05:58:03Z,,,Civitai,https://civitai.com/posts/30208876,yes,2026-07-20T06:13:47Z,Civitai API refresh,"sole_or_small: unknown; video_item_id:138850221; stats:{""cryCount"":0,""laughCount"":0,""likeCount"":2,""dislikeCount"":0,""heartCount"":0,""commentCount"":0}",,https://civitai.com/user/human227,"{""aigc_verdict"": {""source"": ""civitai_api_type_video"", ""url"": ""https://civitai.com/posts/30208876"", ""note"": ""Civitai public REST returned SFW item with type=video; platform content is AI-generated by definition.""}, ""video_content"": {""source"": ""civitai_api"", ""url"": ""https://civitai.com/posts/30208876"", ""item_id"": 138850221}}"
https://civitai.com/user/theweirdest3gogogo,theweirdest3gogogo,Civitai,35,,"AIGC,Civitai,video",New,2026-09-17T05:58:03Z,,,Civitai,https://civitai.com/posts/29845983,yes,2026-07-20T06:13:47Z,Civitai API refresh,"sole_or_small: unknown; video_item_id:137037307; stats:{""cryCount"":0,""laughCount"":0,""likeCount"":8,""dislikeCount"":0,""heartCount"":1,""commentCount"":0}",,https://civitai.com/user/theweirdest3gogogo,"{""aigc_verdict"": {""source"": ""civitai_api_type_video"", ""url"": ""https://civitai.com/posts/29845983"", ""note"": ""Civitai public REST returned SFW item with type=video; platform content is AI-generated by definition.""}, ""video_content"": {""source"": ""civitai_api"", ""url"": ""https://civitai.com/posts/29845983"", ""item_id"": 137037307}}"
https://civitai.com/user/cyberpunk8085,@cyberpunk8085,Civitai,needs_manual_check,,"AIGC,AI video,Civitai",New,2026-09-17T06:03:30Z,,,,https://image.civitai.com/xG1nkqKTMzGDvpLrqFT7WA/13de1160-b71a-4916-886b-3983201c5ca9/original=true/13de1160-b71a-4916-886b-3983201c5ca9.mp4,yes,2026-07-20T06:13:47Z,sheet_refresh:civitai,routine_api_lane; has_public_sfw_video: yes; sole_or_small: unknown,,https://civitai.com/user/cyberpunk8085,"{""aigc_verdict"": {""source"": ""civitai_api_type_video"", ""url"": ""https://image.civitai.com/xG1nkqKTMzGDvpLrqFT7WA/13de1160-b71a-4916-886b-3983201c5ca9/original=true/13de1160-b71a-4916-886b-3983201c5ca9.mp4"", ""note"": ""Civitai public video item, nsfw=false""}, ""video_content"": {""source"": ""civitai_api"", ""url"": ""https://image.civitai.com/xG1nkqKTMzGDvpLrqFT7WA/13de1160-b71a-4916-886b-3983201c5ca9/original=true/13de1160-b71a-4916-886b-3983201c5ca9.mp4""}}"
https://civitai.com/user/paijohernandez,paijohernandez,Civitai,1.3K,,"AIGC,Civitai,video",New,2026-09-17T06:03:30Z,,,Civitai,https://civitai.com/posts/29876754,yes,2026-07-20T06:13:47Z,Civitai API refresh,"sole_or_small: unknown; video_item_id:137194196; stats:{""cryCount"":0,""laughCount"":1,""likeCount"":2,""dislikeCount"":0,""heartCount"":0,""commentCount"":0}",,https://civitai.com/user/paijohernandez,"{""aigc_verdict"": {""source"": ""civitai_api_type_video"", ""url"": ""https://civitai.com/posts/29876754"", ""note"": ""Civitai public REST returned SFW item with type=video; platform content is AI-generated by definition.""}, ""video_content"": {""source"": ""civitai_api"", ""url"": ""https://civitai.com/posts/29876754"", ""item_id"": 137194196}}"
https://civitai.com/user/monnalisa,monnalisa,Civitai,5,,"AIGC,Civitai,video",New,2026-09-17T06:03:30Z,,English,Stable Diffusion,https://civitai.com/user/monnalisa,yes,2026-07-20T06:13:47Z,Civitai API /images type=video sort=Newest,Civitai API: models=0; tags=,https://civitai.com/user/monnalisa/models,,"{""platform"": ""Civitai"", ""username"": ""monnalisa"", ""model_count"": 0, ""top_tags"": [], ""aigc_verdict"": ""yes"", ""ai_reasoning"": ""Brief quote/reason""}"
https://civitai.com/user/deskgrenade,@DeskGrenade,Civitai,10.2K,,"AIGC,AI video,Civitai",New,2026-09-17T06:03:30Z,,,,https://image.civitai.com/xG1nkqKTMzGDvpLrqFT7WA/e332a21c-3322-4fb2-8779-ffc3c3527772/original=true/e332a21c-3322-4fb2-8779-ffc3c3527772.mp4,yes,2026-07-20T06:13:47Z,sheet_refresh:civitai,routine_api_lane; has_public_sfw_video: yes; sole_or_small: unknown,,https://civitai.com/user/DeskGrenade,"{""aigc_verdict"": {""source"": ""civitai_api_type_video"", ""url"": ""https://image.civitai.com/xG1nkqKTMzGDvpLrqFT7WA/e332a21c-3322-4fb2-8779-ffc3c3527772/original=true/e332a21c-3322-4fb2-8779-ffc3c3527772.mp4"", ""note"": ""Civitai public video item, nsfw=false""}, ""video_content"": {""source"": ""civitai_api"", ""url"": ""https://image.civitai.com/xG1nkqKTMzGDvpLrqFT7WA/e332a21c-3322-4fb2-8779-ffc3c3527772/original=true/e332a21c-3322-4fb2-8779-ffc3c3527772.mp4""}}"
https://civitai.com/user/youneverknow,youneverknow,Civitai,223,,"AIGC,Civitai,video",New,2026-09-17T06:03:30Z,,,Civitai,https://civitai.com/posts/29879283,yes,2026-07-20T06:13:47Z,Civitai API refresh,"sole_or_small: unknown; video_item_id:137206738; stats:{""cryCount"":3,""laughCount"":8,""likeCount"":52,""dislikeCount"":0,""heartCount"":6,""commentCount"":0}",,https://civitai.com/user/youneverknow,"{""aigc_verdict"": {""source"": ""civitai_api_type_video"", ""url"": ""https://civitai.com/posts/29879283"", ""note"": ""Civitai public REST returned SFW item with type=video; platform content is AI-generated by definition.""}, ""video_content"": {""source"": ""civitai_api"", ""url"": ""https://civitai.com/posts/29879283"", ""item_id"": 137206738}}"
https://civitai.com/user/ragamuffin20,ragamuffin20,Civitai,162,,"AIGC,Civitai,video",New,2026-09-17T06:09:10Z,,,Civitai,https://civitai.com/posts/29879216,yes,2026-07-20T06:13:47Z,Civitai API refresh,"sole_or_small: unknown; video_item_id:137206317; stats:{""cryCount"":0,""laughCount"":0,""likeCount"":2,""dislikeCount"":0,""heartCount"":0,""commentCount"":0}",,https://civitai.com/user/ragamuffin20,"{""aigc_verdict"": {""source"": ""civitai_api_type_video"", ""url"": ""https://civitai.com/posts/29879216"", ""note"": ""Civitai public REST returned SFW item with type=video; platform content is AI-generated by definition.""}, ""video_content"": {""source"": ""civitai_api"", ""url"": ""https://civitai.com/posts/29879216"", ""item_id"": 137206317}}"
https://civitai.com/user/trashkollector175,trashkollector175,Civitai,129,,"AIGC,Civitai,video",New,2026-09-17T06:09:11Z,,English,Stable Diffusion,https://civitai.com/user/trashkollector175,yes,2026-07-20T06:13:47Z,Civitai API refresh,"Civitai API: models=7; tags=lip sync, v2v, ltx 2.3, speaking, ic uni",https://civitai.com/user/trashkollector175/models,,"{""platform"": ""Civitai"", ""username"": ""trashkollector175"", ""model_count"": 7, ""top_tags"": [""lip sync"", ""v2v"", ""ltx 2.3"", ""speaking"", ""ic union""], ""aigc_verdict"": ""yes"", ""ai_reasoning"": ""Rule-based fallback for Civitai creator""}"
https://civitai.com/user/dtal835217,dtal835217,Civitai,1.3K,,"AIGC,Civitai,video",New,2026-09-17T06:09:12Z,,,Civitai,https://civitai.com/posts/29878692,yes,2026-07-20T06:13:47Z,Civitai API refresh,"sole_or_small: unknown; video_item_id:137203972; stats:{""cryCount"":1,""laughCount"":1,""likeCount"":10,""dislikeCount"":0,""heartCount"":12,""commentCount"":0}",,https://civitai.com/user/dtal835217,"{""aigc_verdict"": {""source"": ""civitai_api_type_video"", ""url"": ""https://civitai.com/posts/29878692"", ""note"": ""Civitai public REST returned SFW item with type=video; platform content is AI-generated by definition.""}, ""video_content"": {""source"": ""civitai_api"", ""url"": ""https://civitai.com/posts/29878692"", ""item_id"": 137203972}}"
https://civitai.com/user/amurisgen,@AmurisGen,Civitai,4.8K,,"AIGC,AI video,Civitai",New,2026-09-17T06:09:12Z,,,,https://image.civitai.com/xG1nkqKTMzGDvpLrqFT7WA/5cd6658c-b8bb-4a11-bf59-9c8733ab9d03/original=true/5cd6658c-b8bb-4a11-bf59-9c8733ab9d03.mp4,yes,2026-07-20T06:13:47Z,sheet_refresh:civitai,routine_api_lane; has_public_sfw_video: yes; sole_or_small: unknown,,https://civitai.com/user/AmurisGen,"{""aigc_verdict"": {""source"": ""civitai_api_type_video"", ""url"": ""https://image.civitai.com/xG1nkqKTMzGDvpLrqFT7WA/5cd6658c-b8bb-4a11-bf59-9c8733ab9d03/original=true/5cd6658c-b8bb-4a11-bf59-9c8733ab9d03.mp4"", ""note"": ""Civitai public video item, nsfw=false""}, ""video_content"": {""source"": ""civitai_api"", ""url"": ""https://image.civitai.com/xG1nkqKTMzGDvpLrqFT7WA/5cd6658c-b8bb-4a11-bf59-9c8733ab9d03/original=true/5cd6658c-b8bb-4a11-bf59-9c8733ab9d03.mp4""}}"
https://civitai.com/user/heidisrsen520,heidisrsen520,Civitai,201,,"AIGC,Civitai,video",New,2026-09-17T06:09:13Z,,English,LoRA,https://civitai.com/user/heidisrsen520,yes,2026-07-20T06:13:47Z,Civitai API refresh,"Civitai API: models=63; tags=amputee, quadruple amputee, concept, amp",https://civitai.com/user/heidisrsen520/models,,"{""platform"": ""Civitai"", ""username"": ""heidisrsen520"", ""model_count"": 63, ""top_tags"": [""amputee"", ""quadruple amputee"", ""concept"", ""amputation""], ""aigc_verdict"": ""yes"", ""ai_reasoning"": ""This profile is a representation of the diversity of individuals with disabilities, promoting inclusivity and representation in AI models.""}"
https://civitai.com/user/tt0228,tt0228,Civitai,91,,"AIGC,Civitai,video",New,2026-09-17T06:13:18Z,,,,https://image.civitai.com/xG1nkqKTMzGDvpLrqFT7WA/6d3c8490-e6ca-488d-82bb-2fdc509e5fc8/original=true/6d3c8490-e6ca-488d-82bb-2fdc509e5fc8.mp4,yes,2026-07-20T06:13:47Z,Civitai API /images type=video sort=Newest,discovered_from_public_sfw_video_feed,,https://civitai.com/user/tt0228,"{""video_content"": {""source"": ""civitai_images_api"", ""url"": ""https://image.civitai.com/xG1nkqKTMzGDvpLrqFT7WA/6d3c8490-e6ca-488d-82bb-2fdc509e5fc8/original=true/6d3c8490-e6ca-488d-82bb-2fdc509e5fc8.mp4"", ""type"": ""video"", ""nsfw"": false}, ""aigc_verdict"": {""source"": ""civitai_video_api"", ""url"": ""https://image.civitai.com/xG1nkqKTMzGDvpLrqFT7WA/6d3c8490-e6ca-488d-82bb-2fdc509e5fc8/original=true/6d3c8490-e6ca-488d-82bb-2fdc509e5fc8.mp4"", ""note"": ""Civitai public video item confirms AI-generated video output""}}"
https://civitai.com/user/fuenffingerfaultier,fuenffingerfaultier,Civitai,664,,"AIGC,Civitai,video",New,2026-09-17T06:13:18Z,,,Civitai,https://civitai.com/posts/29875906,yes,2026-07-20T06:13:47Z,Civitai API refresh,"sole_or_small: unknown; video_item_id:137190582; stats:{""cryCount"":0,""laughCount"":0,""likeCount"":3,""dislikeCount"":0,""heartCount"":3,""commentCount"":0}",,https://civitai.com/user/fuenffingerfaultier,"{""aigc_verdict"": {""source"": ""civitai_api_type_video"", ""url"": ""https://civitai.com/posts/29875906"", ""note"": ""Civitai public REST returned SFW item with type=video; platform content is AI-generated by definition.""}, ""video_content"": {""source"": ""civitai_api"", ""url"": ""https://civitai.com/posts/29875906"", ""item_id"": 137190582}}"
https://civitai.com/user/kindlyjin,kindlyjin,Civitai,3.4K,,"AIGC,Civitai,video",New,2026-09-17T06:13:18Z,,,Civitai,https://civitai.com/posts/29873463,yes,2026-07-20T06:13:47Z,Civitai API refresh,"sole_or_small: unknown; video_item_id:137195411; stats:{""cryCount"":0,""laughCount"":0,""likeCount"":18,""dislikeCount"":0,""heartCount"":4,""commentCount"":0}",,https://civitai.com/user/kindlyjin,"{""aigc_verdict"": {""source"": ""civitai_api_type_video"", ""url"": ""https://civitai.com/posts/29873463"", ""note"": ""Civitai public REST returned SFW item with type=video; platform content is AI-generated by definition.""}, ""video_content"": {""source"": ""civitai_api"", ""url"": ""https://civitai.com/posts/29873463"", ""item_id"": 137195411}}"
https://civitai.com/user/kountz3r0,kountz3r0,Civitai,217,,"AIGC,Civitai,Video",New,2026-09-17T06:13:19Z,,,,https://image.civitai.com/xG1nkqKTMzGDvpLrqFT7WA/da979586-f958-416a-baff-f2e2939e60a9/original=true/da979586-f958-416a-baff-f2e2939e60a9.mp4,yes,2026-07-20T06:13:47Z,civitai_api_refresh:type=video,"has public SFW video via Civitai API; video_item_id:137192698; stats:{""cryCount"":0,""laughCount"":0,""likeCount"":25,""dislikeCount"":0,""heartCount"":7,""commentCount"":0}",,https://civitai.com/user/kountz3r0,"{""video_content"": {""source"": ""civitai_api"", ""url"": ""https://image.civitai.com/xG1nkqKTMzGDvpLrqFT7WA/da979586-f958-416a-baff-f2e2939e60a9/original=true/da979586-f958-416a-baff-f2e2939e60a9.mp4"", ""item_id"": 137192698, ""type"": ""video""}, ""aigc_verdict"": {""source"": ""civitai_api"", ""url"": ""https://image.civitai.com/xG1nkqKTMzGDvpLrqFT7WA/da979586-f958-416a-baff-f2e2939e60a9/original=true/da979586-f958-416a-baff-f2e2939e60a9.mp4"", ""note"": ""Civitai content is AI-generated by platform definition; type=video confirms video output.""}}"
https://civitai.com/user/fisherking786,fisherking786,Civitai,574,,"AIGC,Civitai,Video",New,2026-09-17T06:13:19Z,,English,Stable Diffusion,https://civitai.com/user/fisherking786,yes,2026-07-20T06:13:47Z,civitai_api_refresh:type=video,"Civitai API: models=25; tags=nfsw, comfyui, minimax, t2i, i2v",https://civitai.com/user/fisherking786/models,,"{""platform"": ""Civitai"", ""username"": ""fisherking786"", ""model_count"": 25, ""top_tags"": [""nfsw"", ""comfyui"", ""minimax"", ""t2i"", ""i2v""], ""aigc_verdict"": ""yes"", ""ai_reasoning"": ""Rule-based fallback for Civitai creator""}"
https://civitai.com/user/msavitt623,msavitt623,Civitai,60,,"AIGC,Civitai,Video",New,2026-09-17T06:18:31Z,,,,https://image.civitai.com/xG1nkqKTMzGDvpLrqFT7WA/13186ac5-6152-4544-b712-ec5ca6cd956a/original=true/13186ac5-6152-4544-b712-ec5ca6cd956a.mp4,yes,2026-07-20T06:13:47Z,civitai_api_refresh:type=video,"has public SFW video via Civitai API; video_item_id:135393392; stats:{""cryCount"":0,""laughCount"":0,""likeCount"":18,""dislikeCount"":0,""heartCount"":3,""commentCount"":0}",,https://civitai.com/user/msavitt623,"{""video_content"": {""source"": ""civitai_api"", ""url"": ""https://image.civitai.com/xG1nkqKTMzGDvpLrqFT7WA/13186ac5-6152-4544-b712-ec5ca6cd956a/original=true/13186ac5-6152-4544-b712-ec5ca6cd956a.mp4"", ""item_id"": 135393392, ""type"": ""video""}, ""aigc_verdict"": {""source"": ""civitai_api"", ""url"": ""https://image.civitai.com/xG1nkqKTMzGDvpLrqFT7WA/13186ac5-6152-4544-b712-ec5ca6cd956a/original=true/13186ac5-6152-4544-b712-ec5ca6cd956a.mp4"", ""note"": ""Civitai content is AI-generated by platform definition; type=video confirms video output.""}}"
https://civitai.com/user/gorfou,gorfou,Civitai,498,,"AIGC,Civitai,Video",New,2026-09-17T06:18:31Z,,,,https://image.civitai.com/xG1nkqKTMzGDvpLrqFT7WA/c72656c8-08ab-4737-bd02-b77a2685b6c3/original=true/c72656c8-08ab-4737-bd02-b77a2685b6c3.mp4,yes,2026-07-20T06:13:47Z,civitai_api_refresh:type=video,"has public SFW video via Civitai API; video_item_id:137176808; stats:{""cryCount"":0,""laughCount"":1,""likeCount"":17,""dislikeCount"":0,""heartCount"":2,""commentCount"":0}",,https://civitai.com/user/gorfou,"{""video_content"": {""source"": ""civitai_api"", ""url"": ""https://image.civitai.com/xG1nkqKTMzGDvpLrqFT7WA/c72656c8-08ab-4737-bd02-b77a2685b6c3/original=true/c72656c8-08ab-4737-bd02-b77a2685b6c3.mp4"", ""item_id"": 137176808, ""type"": ""video""}, ""aigc_verdict"": {""source"": ""civitai_api"", ""url"": ""https://image.civitai.com/xG1nkqKTMzGDvpLrqFT7WA/c72656c8-08ab-4737-bd02-b77a2685b6c3/original=true/c72656c8-08ab-4737-bd02-b77a2685b6c3.mp4"", ""note"": ""Civitai content is AI-generated by platform definition; type=video confirms video output.""}}"
https://civitai.com/user/jerychang170317,@jerychang170317,Civitai,11.7K,,"AIGC,AI video,Civitai",New,2026-09-17T06:18:31Z,,,Civitai,https://image.civitai.com/xG1nkqKTMzGDvpLrqFT7WA/1da587aa-1180-45ae-8b9c-f64049ae8c7c/original=true/1da587aa-1180-45ae-8b9c-f64049ae8c7c.mp4,yes,2026-07-20T06:13:47Z,civitai_api_discovery:type=video,routine_api_lane; has_public_sfw_video: yes; sole_or_small: unknown,,https://civitai.com/user/jerychang170317,"{""aigc_verdict"": {""source"": ""civitai_api_type_video"", ""url"": ""https://image.civitai.com/xG1nkqKTMzGDvpLrqFT7WA/1da587aa-1180-45ae-8b9c-f64049ae8c7c/original=true/1da587aa-1180-45ae-8b9c-f64049ae8c7c.mp4"", ""note"": ""Civitai public video item, nsfw=false""}, ""video_content"": {""source"": ""civitai_api"", ""url"": ""https://image.civitai.com/xG1nkqKTMzGDvpLrqFT7WA/1da587aa-1180-45ae-8b9c-f64049ae8c7c/original=true/1da587aa-1180-45ae-8b9c-f64049ae8c7c.mp4""}}"
https://civitai.com/user/lady_luminous,Lady_Luminous,Civitai,17.2K,,"AIGC,Civitai,video",New,2026-09-17T06:18:31Z,,,Civitai,https://image.civitai.com/xG1nkqKTMzGDvpLrqFT7WA/d4fd20d4-101a-4de0-9bef-4c19922be161/original=true/d4fd20d4-101a-4de0-9bef-4c19922be161.mp4,yes,2026-07-20T06:13:47Z,Civitai API /images type=video sort=Newest,discovered_from_public_sfw_video_feed,,https://civitai.com/user/Lady_Luminous,"{""video_content"": {""source"": ""civitai_images_api"", ""url"": ""https://image.civitai.com/xG1nkqKTMzGDvpLrqFT7WA/d4fd20d4-101a-4de0-9bef-4c19922be161/original=true/d4fd20d4-101a-4de0-9bef-4c19922be161.mp4"", ""type"": ""video"", ""nsfw"": false}, ""aigc_verdict"": {""source"": ""civitai_video_api"", ""url"": ""https://image.civitai.com/xG1nkqKTMzGDvpLrqFT7WA/d4fd20d4-101a-4de0-9bef-4c19922be161/original=true/d4fd20d4-101a-4de0-9bef-4c19922be161.mp4"", ""note"": ""Civitai public video item confirms AI-generated video output""}}"
https://civitai.com/user/ay1in,@Ay1in,Civitai,554,,"AIGC,AI video,Civitai",New,2026-09-17T06:18:31Z,,,,https://image.civitai.com/xG1nkqKTMzGDvpLrqFT7WA/5e244b12-c553-477b-89ee-84aafd1a1064/original=true/5e244b12-c553-477b-89ee-84aafd1a1064.mp4,yes,2026-07-20T06:13:47Z,sheet_refresh:civitai,routine_api_lane; has_public_sfw_video: yes; sole_or_small: unknown,,https://civitai.com/user/Ay1in,"{""aigc_verdict"": {""source"": ""civitai_api_type_video"", ""url"": ""https://image.civitai.com/xG1nkqKTMzGDvpLrqFT7WA/5e244b12-c553-477b-89ee-84aafd1a1064/original=true/5e244b12-c553-477b-89ee-84aafd1a1064.mp4"", ""note"": ""Civitai public video item, nsfw=false""}, ""video_content"": {""source"": ""civitai_api"", ""url"": ""https://image.civitai.com/xG1nkqKTMzGDvpLrqFT7WA/5e244b12-c553-477b-89ee-84aafd1a1064/original=true/5e244b12-c553-477b-89ee-84aafd1a1064.mp4""}}"
https://civitai.com/user/smikal,smikal,Civitai,45,,"AIGC,Civitai,Video",New,2026-09-17T06:23:09Z,,,,https://image.civitai.com/xG1nkqKTMzGDvpLrqFT7WA/58b41011-bfb1-427b-ad19-377328a2737f/original=true/58b41011-bfb1-427b-ad19-377328a2737f.mp4,yes,2026-07-20T06:13:47Z,civitai_api_refresh:type=video,"has public SFW video via Civitai API; video_item_id:137100568; stats:{""cryCount"":0,""laughCount"":0,""likeCount"":25,""dislikeCount"":0,""heartCount"":10,""commentCount"":0}",,https://civitai.com/user/smikal,"{""video_content"": {""source"": ""civitai_api"", ""url"": ""https://image.civitai.com/xG1nkqKTMzGDvpLrqFT7WA/58b41011-bfb1-427b-ad19-377328a2737f/original=true/58b41011-bfb1-427b-ad19-377328a2737f.mp4"", ""item_id"": 137100568, ""type"": ""video""}, ""aigc_verdict"": {""source"": ""civitai_api"", ""url"": ""https://image.civitai.com/xG1nkqKTMzGDvpLrqFT7WA/58b41011-bfb1-427b-ad19-377328a2737f/original=true/58b41011-bfb1-427b-ad19-377328a2737f.mp4"", ""note"": ""Civitai content is AI-generated by platform definition; type=video confirms video output.""}}"
https://civitai.com/user/eileen33bits,eileen33bits,Civitai,10.7K,,"AIGC,Civitai,video",New,2026-09-17T06:23:10Z,,,,https://image.civitai.com/xG1nkqKTMzGDvpLrqFT7WA/1f0b7488-ddb3-40b3-99cc-80930b9f4119/original=true/1f0b7488-ddb3-40b3-99cc-80930b9f4119.mp4,yes,2026-07-20T06:13:47Z,Civitai API /images type=video sort=Newest,discovered_from_public_sfw_video_feed,,https://civitai.com/user/eileen33bits,"{""video_content"": {""source"": ""civitai_images_api"", ""url"": ""https://image.civitai.com/xG1nkqKTMzGDvpLrqFT7WA/1f0b7488-ddb3-40b3-99cc-80930b9f4119/original=true/1f0b7488-ddb3-40b3-99cc-80930b9f4119.mp4"", ""type"": ""video"", ""nsfw"": false}, ""aigc_verdict"": {""source"": ""civitai_video_api"", ""url"": ""https://image.civitai.com/xG1nkqKTMzGDvpLrqFT7WA/1f0b7488-ddb3-40b3-99cc-80930b9f4119/original=true/1f0b7488-ddb3-40b3-99cc-80930b9f4119.mp4"", ""note"": ""Civitai public video item confirms AI-generated video output""}}"
https://civitai.com/user/jennova24,jennova24,Civitai,616,,"AIGC,Civitai,Video",New,2026-09-17T06:23:11Z,,,,https://image.civitai.com/xG1nkqKTMzGDvpLrqFT7WA/666583f4-e490-4aae-bfcc-b3332a3e7a17/original=true/666583f4-e490-4aae-bfcc-b3332a3e7a17.mp4,yes,2026-07-20T06:13:47Z,civitai_api_refresh:type=video,"has public SFW video via Civitai API; video_item_id:137162925; stats:{""cryCount"":0,""laughCount"":0,""likeCount"":16,""dislikeCount"":0,""heartCount"":4,""commentCount"":0}",,https://civitai.com/user/jennova24,"{""video_content"": {""source"": ""civitai_api"", ""url"": ""https://image.civitai.com/xG1nkqKTMzGDvpLrqFT7WA/666583f4-e490-4aae-bfcc-b3332a3e7a17/original=true/666583f4-e490-4aae-bfcc-b3332a3e7a17.mp4"", ""item_id"": 137162925, ""type"": ""video""}, ""aigc_verdict"": {""source"": ""civitai_api"", ""url"": ""https://image.civitai.com/xG1nkqKTMzGDvpLrqFT7WA/666583f4-e490-4aae-bfcc-b3332a3e7a17/original=true/666583f4-e490-4aae-bfcc-b3332a3e7a17.mp4"", ""note"": ""Civitai content is AI-generated by platform definition; type=video confirms video output.""}}"
https://civitai.com/user/turkey910,turkey910,Civitai,5.1K,,"AIGC,Civitai,Video",New,2026-09-17T06:23:11Z,,English,Stable Diffusion,https://civitai.com/user/turkey910,yes,2026-07-20T06:13:47Z,civitai_api_refresh:type=video,"Civitai API: models=307; tags=zelda, concept, vector art, hinata, anim",https://civitai.com/user/turkey910/models,,"{""platform"": ""Civitai"", ""username"": ""turkey910"", ""model_count"": 307, ""top_tags"": [""zelda"", ""concept"", ""vector art"", ""hinata"", ""anime""], ""aigc_verdict"": ""yes"", ""ai_reasoning"": ""Rule-based fallback for Civitai creator""}"
https://civitai.com/user/generator1996,generator1996,Civitai,180,,"AIGC,Civitai,Video",New,2026-09-17T06:23:12Z,,,,https://image.civitai.com/xG1nkqKTMzGDvpLrqFT7WA/024684b7-c388-4027-a985-51f80f3842d1/original=true/024684b7-c388-4027-a985-51f80f3842d1.mp4,yes,2026-07-20T06:13:47Z,civitai_api_refresh:type=video,"has public SFW video via Civitai API; video_item_id:137144533; stats:{""cryCount"":2,""laughCount"":9,""likeCount"":49,""dislikeCount"":0,""heartCount"":20,""commentCount"":0}",,https://civitai.com/user/generator1996,"{""video_content"": {""source"": ""civitai_api"", ""url"": ""https://image.civitai.com/xG1nkqKTMzGDvpLrqFT7WA/024684b7-c388-4027-a985-51f80f3842d1/original=true/024684b7-c388-4027-a985-51f80f3842d1.mp4"", ""item_id"": 137144533, ""type"": ""video""}, ""aigc_verdict"": {""source"": ""civitai_api"", ""url"": ""https://image.civitai.com/xG1nkqKTMzGDvpLrqFT7WA/024684b7-c388-4027-a985-51f80f3842d1/original=true/024684b7-c388-4027-a985-51f80f3842d1.mp4"", ""note"": ""Civitai content is AI-generated by platform definition; type=video confirms video output.""}}"
https://civitai.com/user/ijiefle,ijiefle,Civitai,168,,"AIGC,Civitai,video",New,2026-09-17T06:27:28Z,,,Civitai,https://image.civitai.com/xG1nkqKTMzGDvpLrqFT7WA/20bc5f03-de0e-4cf4-9985-e30898a9d1e4/original=true/20bc5f03-de0e-4cf4-9985-e30898a9d1e4.mp4,yes,2026-07-20T06:13:47Z,Civitai API refresh,public_sfw_video_items: 10,,https://civitai.com/user/ijiefle,"{""video_content"": {""source"": ""civitai_images_api"", ""url"": ""https://civitai.com/api/v1/images"", ""items"": 10, ""type"": ""video"", ""nsfw"": false}, ""aigc_verdict"": {""source"": ""civitai_video_api"", ""url"": ""https://image.civitai.com/xG1nkqKTMzGDvpLrqFT7WA/20bc5f03-de0e-4cf4-9985-e30898a9d1e4/original=true/20bc5f03-de0e-4cf4-9985-e30898a9d1e4.mp4"", ""note"": ""Civitai public video item confirms AI-generated video output""}}"
https://civitai.com/user/mad_clown,Mad_Clown,Civitai,224,,"AIGC,Civitai,video",New,2026-09-17T06:27:28Z,,,Civitai,https://image.civitai.com/xG1nkqKTMzGDvpLrqFT7WA/e8b2b386-360e-4684-8527-82f32406f0c2/original=true/e8b2b386-360e-4684-8527-82f32406f0c2.mp4,yes,2026-07-20T06:13:47Z,Civitai type=video global Newest discovery,Civitai public REST type=video nsfw=false returned public video items; follower count not exposed by this endpoint.,,https://civitai.com/user/Mad_Clown,"{""aigc_verdict"": {""source"": ""civitai_api_type_video"", ""url"": ""https://civitai.com/api/v1/images?username=Mad_Clown&type=video&nsfw=false""}, ""sample"": {""source"": ""civitai_api"", ""url"": ""https://image.civitai.com/xG1nkqKTMzGDvpLrqFT7WA/e8b2b386-360e-4684-8527-82f32406f0c2/original=true/e8b2b386-360e-4684-8527-82f32406f0c2.mp4""}}"
https://civitai.com/user/animel0ve,@AnimeL0ve,Civitai,3.8K,,"AIGC,AI video,Civitai",New,2026-09-17T06:27:29Z,,,,https://image.civitai.com/xG1nkqKTMzGDvpLrqFT7WA/b10dbe30-e761-413f-a169-e111b7f8637e/original=true/b10dbe30-e761-413f-a169-e111b7f8637e.mp4,yes,2026-07-20T06:13:47Z,sheet_refresh:civitai,routine_api_lane; has_public_sfw_video: yes; sole_or_small: unknown,,https://civitai.com/user/AnimeL0ve,"{""aigc_verdict"": {""source"": ""civitai_api_type_video"", ""url"": ""https://image.civitai.com/xG1nkqKTMzGDvpLrqFT7WA/b10dbe30-e761-413f-a169-e111b7f8637e/original=true/b10dbe30-e761-413f-a169-e111b7f8637e.mp4"", ""note"": ""Civitai public video item, nsfw=false""}, ""video_content"": {""source"": ""civitai_api"", ""url"": ""https://image.civitai.com/xG1nkqKTMzGDvpLrqFT7WA/b10dbe30-e761-413f-a169-e111b7f8637e/original=true/b10dbe30-e761-413f-a169-e111b7f8637e.mp4""}}"
https://civitai.com/user/m3t30r,m3t30r,Civitai,767,,"AIGC,Civitai,Video",New,2026-09-17T06:27:30Z,,,,https://image.civitai.com/xG1nkqKTMzGDvpLrqFT7WA/d422826e-a8f9-4ac2-9c81-6a71eb24ca83/original=true/d422826e-a8f9-4ac2-9c81-6a71eb24ca83.mp4,yes,2026-07-20T06:13:47Z,civitai_api_refresh:type=video,"has public SFW video via Civitai API; video_item_id:138875576; stats:{""cryCount"":0,""laughCount"":0,""likeCount"":1,""dislikeCount"":0,""heartCount"":2,""commentCount"":0}",,https://civitai.com/user/m3t30r,"{""video_content"": {""source"": ""civitai_api"", ""url"": ""https://image.civitai.com/xG1nkqKTMzGDvpLrqFT7WA/d422826e-a8f9-4ac2-9c81-6a71eb24ca83/original=true/d422826e-a8f9-4ac2-9c81-6a71eb24ca83.mp4"", ""item_id"": 138875576, ""type"": ""video""}, ""aigc_verdict"": {""source"": ""civitai_api"", ""url"": ""https://image.civitai.com/xG1nkqKTMzGDvpLrqFT7WA/d422826e-a8f9-4ac2-9c81-6a71eb24ca83/original=true/d422826e-a8f9-4ac2-9c81-6a71eb24ca83.mp4"", ""note"": ""Civitai content is AI-generated by platform definition; type=video confirms video output.""}}"
https://civitai.com/user/autmacro,@AutMacro,Civitai,110,,"AIGC,AI video,Civitai",New,2026-09-17T06:27:31Z,,,,https://image.civitai.com/xG1nkqKTMzGDvpLrqFT7WA/85e9beff-8f63-4b5d-8037-5be657de856a/original=true/85e9beff-8f63-4b5d-8037-5be657de856a.mp4,yes,2026-07-20T06:13:47Z,sheet_refresh:civitai,routine_api_lane; has_public_sfw_video: yes; sole_or_small: unknown,,https://civitai.com/user/AutMacro,"{""aigc_verdict"": {""source"": ""civitai_api_type_video"", ""url"": ""https://image.civitai.com/xG1nkqKTMzGDvpLrqFT7WA/85e9beff-8f63-4b5d-8037-5be657de856a/original=true/85e9beff-8f63-4b5d-8037-5be657de856a.mp4"", ""note"": ""Civitai public video item, nsfw=false""}, ""video_content"": {""source"": ""civitai_api"", ""url"": ""https://image.civitai.com/xG1nkqKTMzGDvpLrqFT7WA/85e9beff-8f63-4b5d-8037-5be657de856a/original=true/85e9beff-8f63-4b5d-8037-5be657de856a.mp4""}}"
https://civitai.com/user/safetymet0080re,SafetyMet0080RE,Civitai,54,,"AIGC,Civitai,video,LTXV 2.3",New,2026-09-17T06:28:26Z,,,LTXV 2.3,https://image.civitai.com/xG1nkqKTMzGDvpLrqFT7WA/2e21b68c-29af-45b0-ade3-642428735cbe/original=true/2e21b68c-29af-45b0-ade3-642428735cbe.mp4,yes,2026-07-20T06:13:47Z,Civitai API /images type=video sort=Newest,discovered_from_public_sfw_video_feed,,https://civitai.com/user/SafetyMet0080RE,"{""video_content"": {""source"": ""civitai_images_api"", ""url"": ""https://image.civitai.com/xG1nkqKTMzGDvpLrqFT7WA/2e21b68c-29af-45b0-ade3-642428735cbe/original=true/2e21b68c-29af-45b0-ade3-642428735cbe.mp4"", ""type"": ""video"", ""nsfw"": false}, ""aigc_verdict"": {""source"": ""civitai_video_api"", ""url"": ""https://image.civitai.com/xG1nkqKTMzGDvpLrqFT7WA/2e21b68c-29af-45b0-ade3-642428735cbe/original=true/2e21b68c-29af-45b0-ade3-642428735cbe.mp4"", ""note"": ""Civitai public video item confirms AI-generated video output""}}"
https://civitai.com/user/etude2k,etude2k,Civitai,894,,"AIGC,Civitai,Video",New,2026-09-17T06:28:27Z,,English,LoRa,https://civitai.com/user/etude2k,yes,2026-07-20T06:13:47Z,civitai_api_refresh:type=video,"Civitai API: models=204; tags=girls, comics, fantasy, woman, female",https://civitai.com/user/etude2k/models,,"{""platform"": ""Civitai"", ""username"": ""etude2k"", ""model_count"": 204, ""top_tags"": [""girls"", ""comics"", ""fantasy"", ""woman"", ""female""], ""aigc_verdict"": ""yes"", ""ai_reasoning"": ""A collection of character wildcards (mostly female characters, but some males)""}"
https://civitai.com/user/erdf03342651,erdf03342651,Civitai,139,,"AIGC,Civitai,Video",New,2026-09-17T06:28:28Z,,,,https://image.civitai.com/xG1nkqKTMzGDvpLrqFT7WA/e491bdfc-1061-41ad-84fb-1eae8dd2d393/original=true/e491bdfc-1061-41ad-84fb-1eae8dd2d393.mp4,yes,2026-07-20T06:13:47Z,civitai_api_refresh:type=video,"has public SFW video via Civitai API; video_item_id:105652417; stats:{""cryCount"":0,""laughCount"":0,""likeCount"":0,""dislikeCount"":0,""heartCount"":0,""commentCount"":0}",,https://civitai.com/user/erdf03342651,"{""video_content"": {""source"": ""civitai_api"", ""url"": ""https://image.civitai.com/xG1nkqKTMzGDvpLrqFT7WA/e491bdfc-1061-41ad-84fb-1eae8dd2d393/original=true/e491bdfc-1061-41ad-84fb-1eae8dd2d393.mp4"", ""item_id"": 105652417, ""type"": ""video""}, ""aigc_verdict"": {""source"": ""civitai_api"", ""url"": ""https://image.civitai.com/xG1nkqKTMzGDvpLrqFT7WA/e491bdfc-1061-41ad-84fb-1eae8dd2d393/original=true/e491bdfc-1061-41ad-84fb-1eae8dd2d393.mp4"", ""note"": ""Civitai content is AI-generated by platform definition; type=video confirms video output.""}}"
https://civitai.com/user/sanmarinogmip394,sanmarinogmip394,Civitai,5,,"AIGC,Civitai,Video",New,2026-09-17T06:28:28Z,,English,Stable Diffusion,https://civitai.com/user/sanmarinogmip394,yes,2026-07-20T06:13:47Z,civitai_api_refresh:type=video,"Civitai API: models=4; tags=comfyui, audio sync, image-to-image, ani",https://civitai.com/user/sanmarinogmip394/models,,"{""platform"": ""Civitai"", ""username"": ""sanmarinogmip394"", ""model_count"": 4, ""top_tags"": [""comfyui"", ""audio sync"", ""image-to-image"", ""anime"", ""t2i""], ""aigc_verdict"": ""yes"", ""ai_reasoning"": ""Rule-based fallback for Civitai creator""}"
https://civitai.com/user/shigerukameda_enigmind,ShigeruKameda_EnigMind,Civitai,481,,"AIGC,Civitai,Video",New,2026-09-17T06:28:29Z,,,,https://image.civitai.com/xG1nkqKTMzGDvpLrqFT7WA/8ddaa337-5df4-4e4b-9c93-ba8401510020/original=true/8ddaa337-5df4-4e4b-9c93-ba8401510020.mp4,yes,2026-07-20T06:13:47Z,civitai_api_discovery:type=video&nsfw=false,"has public SFW video via Civitai API; video_item_id:139067528; stats:{""cryCount"":0,""laughCount"":0,""likeCount"":0,""dislikeCount"":0,""heartCount"":1,""commentCount"":0}",,https://civitai.com/user/ShigeruKameda_EnigMind,"{""video_content"": {""source"": ""civitai_api"", ""url"": ""https://image.civitai.com/xG1nkqKTMzGDvpLrqFT7WA/8ddaa337-5df4-4e4b-9c93-ba8401510020/original=true/8ddaa337-5df4-4e4b-9c93-ba8401510020.mp4"", ""item_id"": 139067528, ""type"": ""video""}, ""aigc_verdict"": {""source"": ""civitai_api"", ""url"": ""https://image.civitai.com/xG1nkqKTMzGDvpLrqFT7WA/8ddaa337-5df4-4e4b-9c93-ba8401510020/original=true/8ddaa337-5df4-4e4b-9c93-ba8401510020.mp4"", ""note"": ""Civitai content is AI-generated by platform definition; type=video confirms video output.""}}"
https://civitai.com/user/digitalpastel,DigitalPastel,Civitai,needs_manual_check,,"AIGC,Civitai,video,Wan Video 2.2 T2V-A14B",New,2026-09-17T06:34:08Z,,,Wan Video 2.2 T2V-A14B,https://image.civitai.com/xG1nkqKTMzGDvpLrqFT7WA/32e74986-c52d-4e5d-bfdb-2b923676214b/original=true/32e74986-c52d-4e5d-bfdb-2b923676214b.mp4,yes,2026-07-20T06:13:47Z,Civitai API /images type=video sort=Newest,discovered_from_public_sfw_video_feed,,https://civitai.com/user/DigitalPastel,"{""video_content"": {""source"": ""civitai_images_api"", ""url"": ""https://image.civitai.com/xG1nkqKTMzGDvpLrqFT7WA/32e74986-c52d-4e5d-bfdb-2b923676214b/original=true/32e74986-c52d-4e5d-bfdb-2b923676214b.mp4"", ""type"": ""video"", ""nsfw"": false}, ""aigc_verdict"": {""source"": ""civitai_video_api"", ""url"": ""https://image.civitai.com/xG1nkqKTMzGDvpLrqFT7WA/32e74986-c52d-4e5d-bfdb-2b923676214b/original=true/32e74986-c52d-4e5d-bfdb-2b923676214b.mp4"", ""note"": ""Civitai public video item confirms AI-generated video output""}}"
https://civitai.com/user/smileshighstudios,smileshighstudios,Civitai,needs_manual_check,,"AIGC,Civitai,Video",New,2026-09-17T06:34:09Z,,,,https://image.civitai.com/xG1nkqKTMzGDvpLrqFT7WA/8be73c19-17fe-4634-8492-415f2f05d7c1/original=true/8be73c19-17fe-4634-8492-415f2f05d7c1.mp4,yes,2026-07-20T06:13:47Z,civitai_api_refresh:type=video,"has public SFW video via Civitai API; video_item_id:137122276; stats:{""cryCount"":0,""laughCount"":0,""likeCount"":1,""dislikeCount"":0,""heartCount"":0,""commentCount"":0}",,https://civitai.com/user/smileshighstudios,"{""video_content"": {""source"": ""civitai_api"", ""url"": ""https://image.civitai.com/xG1nkqKTMzGDvpLrqFT7WA/8be73c19-17fe-4634-8492-415f2f05d7c1/original=true/8be73c19-17fe-4634-8492-415f2f05d7c1.mp4"", ""item_id"": 137122276, ""type"": ""video""}, ""aigc_verdict"": {""source"": ""civitai_api"", ""url"": ""https://image.civitai.com/xG1nkqKTMzGDvpLrqFT7WA/8be73c19-17fe-4634-8492-415f2f05d7c1/original=true/8be73c19-17fe-4634-8492-415f2f05d7c1.mp4"", ""note"": ""Civitai content is AI-generated by platform definition; type=video confirms video output.""}}"
https://civitai.com/user/puppet_vision,puppet_vision,Civitai,needs_manual_check,,"AIGC,Civitai,Video",New,2026-09-17T06:34:10Z,,English,Stable Diffusion,https://civitai.com/user/puppet_vision,yes,2026-07-20T06:13:47Z,civitai_api_refresh:type=video,"Civitai API: models=27; tags=mistral-large-instruct-2411, uncensored",https://civitai.com/user/puppet_vision/models,,"{""platform"": ""Civitai"", ""username"": ""puppet_vision"", ""model_count"": 27, ""top_tags"": [""mistral-large-instruct-2411"", ""uncensored prompt enhancer"", ""flux2 klein 9b image edit"", ""prompt enhancer"", ""lm studio""], ""aigc_verdict"": ""yes"", ""ai_reasoning"": ""Rule-based fallback for Civitai creator""}"
https://instagram.com/promoden.studio,@promoden.studio,Instagram,,,"AIGC,Meta,discovery",New,2026-07-20T10:08:13Z,,,,,unsure,2026-07-20T10:08:13Z,"SearXNG ""AI filmmaker"" ""Sora"" site:instagram.com",routine_meta; seated computer_use pass needed if personal account or Threads/no API,,https://www.instagram.com/promoden.studio/,"{""discovery"":{""source"":""SearXNG"",""query"":""\""AI filmmaker\"" \""Sora\"" site:instagram.com"",""url"":""https://www.instagram.com/promoden.studio/"",""snippet"":""PromoDen | AI Filmmaker. 27.4K followers. 490 following. Cinematic AI ... Wanna Try Instead ...""},""profile"":{""source"":""none"",""reason"":""META_IG_USER_ID missing or Graph cap unavailable; no computer_use in routine""}}"
https://threads.net/@el.hombre.cinematografico,@el.hombre.cinematografico,Threads,160,,"AIGC,Meta,needs-seated-pass",New,2026-09-09T06:12:23Z,,English,Sora,https://threads.net/@el.hombre.cinematografico,hybrid,2026-07-20T10:08:13Z,SearXNG Sora AI filmmaker site:threads.net,Threads scrape: followers=160; language=English,https://threads.net/@el.hombre.cinematografico,https://threads.net/@el.hombre.cinematografico,"{""platform"": ""Threads"", ""profile_url"": ""https://threads.net/@el.hombre.cinematografico"", ""handle"": ""@el.hombre.cinematografico"", ""follower"": {""value"": 160, ""raw"": ""160"", ""source"": ""og:description"", ""status"": ""found""}, ""email"": {""value"": null, ""source"": null, ""status"": ""not_found""}, ""region"": {""value"": null, ""source"": null, ""evidence"": null, ""status"": ""not_found""}, ""language"": {""value"": ""English"", ""source"": ""bio"", ""confidence"": ""medium"", ""status"": ""found""}, ""ai"": {""primary_tool"": null, ""verdict"": ""hybrid"", ""evidence"": ""Rule-based keyword fallback""}}"
https://threads.net/@sybervisions_,@sybervisions_,Threads,50000,,"AIGC,Meta,needs-seated-pass",New,2026-09-09T06:12:31Z,,English,Sora,https://threads.net/@sybervisions_,yes,2026-07-20T10:08:13Z,SearXNG Sora AI filmmaker site:threads.net,Threads scrape: followers=50000; language=English,https://threads.net/@sybervisions_,https://threads.net/@sybervisions_,"{""platform"": ""Threads"", ""profile_url"": ""https://threads.net/@sybervisions_"", ""handle"": ""@sybervisions_"", ""follower"": {""value"": 50000, ""raw"": ""50.0K"", ""source"": ""og:description"", ""status"": ""found""}, ""email"": {""value"": null, ""source"": null, ""status"": ""not_found""}, ""region"": {""value"": null, ""source"": null, ""evidence"": null, ""status"": ""not_found""}, ""language"": {""value"": ""English"", ""source"": ""bio"", ""confidence"": ""medium"", ""status"": ""found""}, ""ai"": {""primary_tool"": null, ""verdict"": ""yes"", ""evidence"": ""Rule-based keyword fallback""}}"
https://threads.net/@griggen_,@griggen_,Threads,72300,griggen1@gmail.com,"AIGC,Meta,needs-seated-pass",New,2026-09-09T06:12:37Z,,English,Runway,https://threads.net/@griggen_,yes,2026-07-20T10:08:13Z,SearXNG Runway AI video creator site:threads.net,Threads scrape: followers=72300; email=griggen1@gmail.com; region=London; language=English,https://threads.net/@griggen_,https://threads.net/@griggen_,"{""platform"": ""Threads"", ""profile_url"": ""https://threads.net/@griggen_"", ""handle"": ""@griggen_"", ""follower"": {""value"": 72300, ""raw"": ""72.3K"", ""source"": ""og:description"", ""status"": ""found""}, ""email"": {""value"": ""griggen1@gmail.com"", ""source"": ""bio"", ""status"": ""found""}, ""region"": {""value"": ""London"", ""source"": ""profile"", ""evidence"": ""bio_pattern"", ""status"": ""found""}, ""language"": {""value"": ""English"", ""source"": ""bio"", ""confidence"": ""medium"", ""status"": ""found""}, ""ai"": {""primary_tool"": null, ""verdict"": ""yes"", ""evidence"": ""Rule-based keyword fallback""}}"
https://threads.net/@ailockup,@ailockup,Threads,55700,,"AIGC,Threads,discovery-only,Seedance",New,2026-09-09T06:12:43Z,,English,Seedance,https://threads.net/@ailockup,yes,2026-07-20T10:08:13Z,off-platform sweep Threads (https://www.threads.net/@ailockup),Threads scrape: followers=55700; language=English,https://threads.net/@ailockup,https://threads.net/@ailockup,"{""platform"": ""Threads"", ""profile_url"": ""https://threads.net/@ailockup"", ""handle"": ""@ailockup"", ""follower"": {""value"": 55700, ""raw"": ""55.7K"", ""source"": ""og:description"", ""status"": ""found""}, ""email"": {""value"": null, ""source"": null, ""status"": ""not_found""}, ""region"": {""value"": null, ""source"": null, ""evidence"": null, ""status"": ""not_found""}, ""language"": {""value"": ""English"", ""source"": ""bio"", ""confidence"": ""medium"", ""status"": ""found""}, ""ai"": {""primary_tool"": null, ""verdict"": ""yes"", ""evidence"": ""Rule-based keyword fallback""}}"
https://threads.net/@misstechy,@misstechy,Threads,59300,,AIGC,New,2026-09-09T06:12:49Z,,English,,https://threads.net/@misstechy,hybrid,2026-07-20T10:08:13Z,SearXNG Meta site-scope: Runway AI video creator site:threads.net,Threads scrape: followers=59300; language=English,https://threads.net/@misstechy,https://www.threads.net/@misstechy,"{""platform"": ""Threads"", ""profile_url"": ""https://threads.net/@misstechy"", ""handle"": ""@misstechy"", ""follower"": {""value"": 59300, ""raw"": ""59.3K"", ""source"": ""og:description"", ""status"": ""found""}, ""email"": {""value"": null, ""source"": null, ""status"": ""not_found""}, ""region"": {""value"": null, ""source"": null, ""evidence"": null, ""status"": ""not_found""}, ""language"": {""value"": ""English"", ""source"": ""bio"", ""confidence"": ""medium"", ""status"": ""found""}, ""ai"": {""primary_tool"": null, ""verdict"": ""hybrid"", ""evidence"": ""Rule-based keyword fallback""}}"
https://threads.net/@sachinkamath,@sachinkamath,Threads,4800,,"AIGC,Meta,needs-seated-pass",New,2026-09-09T06:12:55Z,,English,Consistent Character AI,https://threads.net/@sachinkamath,yes,2026-07-20T10:08:13Z,SearXNG Runway AI video creator site:threads.net,Threads scrape: followers=4800; language=English; tool=Consistent Character AI,https://threads.net/@sachinkamath,https://threads.net/@sachinkamath,"{""platform"": ""Threads"", ""profile_url"": ""https://threads.net/@sachinkamath"", ""handle"": ""@sachinkamath"", ""follower"": {""value"": 4800, ""raw"": ""4.8K"", ""source"": ""og:description"", ""status"": ""found""}, ""email"": {""value"": null, ""source"": null, ""status"": ""not_found""}, ""region"": {""value"": null, ""source"": null, ""evidence"": null, ""status"": ""not_found""}, ""language"": {""value"": ""English"", ""source"": ""bio"", ""confidence"": ""medium"", ""status"": ""found""}, ""ai"": {""primary_tool"": ""Consistent Character AI"", ""verdict"": ""yes"", ""evidence"": ""Rule-based keyword fallback""}}"
https://threads.net/@keithlloydsmith,@keithlloydsmith,Threads,124,,"AIGC,Meta,discovery",New,2026-09-09T06:13:03Z,,English,Runway,https://threads.net/@keithlloydsmith,hybrid,2026-07-20T10:08:13Z,SearXNG Runway AI video creator site:threads.net,Threads scrape: followers=124; language=English,https://threads.net/@keithlloydsmith,https://threads.net/@keithlloydsmith,"{""platform"": ""Threads"", ""profile_url"": ""https://threads.net/@keithlloydsmith"", ""handle"": ""@keithlloydsmith"", ""follower"": {""value"": 124, ""raw"": ""124"", ""source"": ""og:description"", ""status"": ""found""}, ""email"": {""value"": null, ""source"": null, ""status"": ""not_found""}, ""region"": {""value"": null, ""source"": null, ""evidence"": null, ""status"": ""not_found""}, ""language"": {""value"": ""English"", ""source"": ""bio"", ""confidence"": ""medium"", ""status"": ""found""}, ""ai"": {""primary_tool"": null, ""verdict"": ""hybrid"", ""evidence"": ""Rule-based keyword fallback""}}"
https://youtube.com/@axionaistudio,@axionaistudio,YouTube,26400,not exposed,"AIGC,YouTube,Sora",New,2026-09-03T08:00:34Z,,en,GenAI,https://www.youtube.com/@axionaistudio/videos,yes,2026-07-20T18:09:05Z,YouTube routine exact API refresh,api_refresh: YouTube subscribers=26400; videos=2; channelId=UCT4xpCJ_e3Rv1K6hWWdpYpQ; recent_title=Axion AI Studio - Videos,https://www.youtube.com/feeds/videos.xml?channel_id=UCT4xpCJ_e3Rv1K6hWWdpYpQ,https://youtube.com/@axionaistudio/about,"{""follower_count"": {""source"": ""yt-dlp.channel_info"", ""channelId"": ""UCT4xpCJ_e3Rv1K6hWWdpYpQ"", ""profileUrl"": ""https://youtube.com/@axionaistudio""}, ""bio"": {""source"": ""yt-dlp.channel_description"", ""channel_id"": ""UCT4xpCJ_e3Rv1K6hWWdpYpQ"", ""preview"": ""Axion AI Studio creates viral AI-generated stories, cinematic trailers, and absurd comedy powered by""}, ""aigc_verdict"": {""source"": ""ollama.llama3.2"", ""verdict"": ""yes"", ""details"": ""Rule-based keyword extraction fallback""}, ""recent_uploads"": {""sample"": ""https://www.youtube.com/@axionaistudio/videos"", ""sample_title"": ""Axion AI Studio - Videos""}}"
https://youtube.com/@herohero0737,@herohero0737,YouTube,2,not exposed,"AIGC,YouTube,small-creator",New,2026-09-03T08:00:34Z,,en,GenAI,https://www.youtube.com/shorts/H1OtATN2kjU,no,2026-07-20T18:09:05Z,YouTube routine exact API refresh,api_refresh: YouTube subscribers=2; videos=None; channelId=UCuLpm4Vn3R7AdUbsAwz6oDQ; recent_title=Hello everyone I’m a big fan of Elden Ring #eldenringfromsoftware please support @3dS_bK fororiginal,https://www.youtube.com/feeds/videos.xml?channel_id=UCuLpm4Vn3R7AdUbsAwz6oDQ,https://youtube.com/@herohero0737/about,"{""follower_count"": {""source"": ""yt-dlp.channel_info"", ""channelId"": ""UCuLpm4Vn3R7AdUbsAwz6oDQ"", ""profileUrl"": ""https://youtube.com/@herohero0737""}, ""bio"": {""source"": ""yt-dlp.channel_description"", ""channel_id"": ""UCuLpm4Vn3R7AdUbsAwz6oDQ"", ""preview"": """"}, ""aigc_verdict"": {""source"": ""ollama.llama3.2"", ""verdict"": ""no"", ""details"": ""Rule-based keyword extraction fallback""}, ""recent_uploads"": {""sample"": ""https://www.youtube.com/shorts/H1OtATN2kjU"", ""sample_title"": ""Hello everyone I\u2019m a big fan of Elden Ring #eldenringfromsoftware please support @3dS_bK fororiginal""}}"
https://youtube.com/@iammatassa,@iammatassa,YouTube,40,not exposed,"AIGC,YouTube,Runway,small-creator",New,2026-09-03T08:00:34Z,,en,GenAI,https://www.youtube.com/watch?v=WIDKFdR6Fuo,yes,2026-07-20T18:09:05Z,YouTube routine exact API refresh,api_refresh: YouTube subscribers=40; videos=None; channelId=UCeW20iw9aK0DmcRTmINpjKw; recent_title=Matassa Saturn Remastered from 360p to 16:9 HD,https://www.youtube.com/feeds/videos.xml?channel_id=UCeW20iw9aK0DmcRTmINpjKw,https://youtube.com/@iammatassa/about,"{""follower_count"": {""source"": ""yt-dlp.channel_info"", ""channelId"": ""UCeW20iw9aK0DmcRTmINpjKw"", ""profileUrl"": ""https://youtube.com/@iammatassa""}, ""bio"": {""source"": ""yt-dlp.channel_description"", ""channel_id"": ""UCeW20iw9aK0DmcRTmINpjKw"", ""preview"": ""Welcome to I Am Matassa, the official YouTube channel of award-winning video editor and AI filmmaker""}, ""aigc_verdict"": {""source"": ""ollama.llama3.2"", ""verdict"": ""yes"", ""details"": ""Rule-based keyword extraction fallback""}, ""recent_uploads"": {""sample"": ""https://www.youtube.com/watch?v=WIDKFdR6Fuo"", ""sample_title"": ""Matassa Saturn Remastered from 360p to 16:9 HD""}}"
https://youtube.com/@lucyforu,@lucyforu,YouTube,1520,mewithlucy1@gmail.com,"AIGC,YouTube,small-creator",New,2026-09-03T08:00:34Z,,en,GenAI,https://www.youtube.com/@lucyforu/videos,yes,2026-07-20T18:09:05Z,YouTube routine exact API refresh,api_refresh: YouTube subscribers=1520; videos=2; channelId=UCAqVYXVux2HgfrM6yI6RHqw; recent_title=LUCY ForU - Videos,https://www.youtube.com/feeds/videos.xml?channel_id=UCAqVYXVux2HgfrM6yI6RHqw,https://youtube.com/@lucyforu/about,"{""follower_count"": {""source"": ""yt-dlp.channel_info"", ""channelId"": ""UCAqVYXVux2HgfrM6yI6RHqw"", ""profileUrl"": ""https://youtube.com/@lucyforu""}, ""bio"": {""source"": ""yt-dlp.channel_description"", ""channel_id"": ""UCAqVYXVux2HgfrM6yI6RHqw"", ""preview"": ""\u2764\ufe0fSUBSCRIBE and come play with us! \u2764\ufe0f\n\nHi! We\u2019re Mo&Lucy\ud83d\ude0a\n\nNew Shorts, Videos & LIVE streams every w""}, ""aigc_verdict"": {""source"": ""ollama.llama3.2"", ""verdict"": ""yes"", ""details"": ""Rule-based keyword extraction fallback""}, ""recent_uploads"": {""sample"": ""https://www.youtube.com/@lucyforu/videos"", ""sample_title"": ""LUCY ForU - Videos""}}"
https://youtube.com/@soraaiinvitecodee,@soraaiinvitecodee,YouTube,37,not exposed,"AIGC,YouTube,Sora,small-creator",New,2026-09-03T08:00:34Z,,en,Sora,https://www.youtube.com/shorts/trB2s4twIYk,yes,2026-07-20T18:09:05Z,YouTube routine exact API refresh,api_refresh: YouTube subscribers=37; videos=None; channelId=UCfJTM6CEfgk8vE7_Tb4R0Ag; recent_title=#motivation #viral #usa,https://www.youtube.com/feeds/videos.xml?channel_id=UCfJTM6CEfgk8vE7_Tb4R0Ag,https://youtube.com/@soraaiinvitecodee/about,"{""follower_count"": {""source"": ""yt-dlp.channel_info"", ""channelId"": ""UCfJTM6CEfgk8vE7_Tb4R0Ag"", ""profileUrl"": ""https://youtube.com/@soraaiinvitecodee""}, ""bio"": {""source"": ""yt-dlp.channel_description"", ""channel_id"": ""UCfJTM6CEfgk8vE7_Tb4R0Ag"", ""preview"": ""Welcome to Sora ai video generator us to watch incredible pet stories created by AI.\n\u200bWe bring you ""}, ""aigc_verdict"": {""source"": ""ollama.llama3.2"", ""verdict"": ""yes"", ""details"": ""Rule-based keyword extraction fallback""}, ""recent_uploads"": {""sample"": ""https://www.youtube.com/shorts/trB2s4twIYk"", ""sample_title"": ""#motivation #viral #usa""}}"
https://youtube.com/@soraanimalrealm,@soraanimalrealm,YouTube,185,not exposed,"AIGC,YouTube,Sora,small-creator",New,2026-09-03T08:00:34Z,,en,Sora,https://www.youtube.com/shorts/bLrKa8RQJzM,yes,2026-07-20T18:09:05Z,YouTube routine exact API refresh,api_refresh: YouTube subscribers=185; videos=None; channelId=UCZLsRWvvgoaLMreAdcOBrSg; recent_title=Horse Goes Flying 💨💩 Funny Animal Moment! #shorts #viral #funny #sora #animals,https://www.youtube.com/feeds/videos.xml?channel_id=UCZLsRWvvgoaLMreAdcOBrSg,https://youtube.com/@soraanimalrealm/about,"{""follower_count"": {""source"": ""yt-dlp.channel_info"", ""channelId"": ""UCZLsRWvvgoaLMreAdcOBrSg"", ""profileUrl"": ""https://youtube.com/@soraanimalrealm""}, ""bio"": {""source"": ""yt-dlp.channel_description"", ""channel_id"": ""UCZLsRWvvgoaLMreAdcOBrSg"", ""preview"": ""\ud83c\udf89Welcome to Sora Animal Realm \u2013 your ultimate destination for nonstop funny videos, hilarious funny ""}, ""aigc_verdict"": {""source"": ""ollama.llama3.2"", ""verdict"": ""yes"", ""details"": ""Rule-based keyword extraction fallback""}, ""recent_uploads"": {""sample"": ""https://www.youtube.com/shorts/bLrKa8RQJzM"", ""sample_title"": ""Horse Goes Flying \ud83d\udca8\ud83d\udca9 Funny Animal Moment! #shorts #viral #funny #sora #animals""}}"
https://youtube.com/@soramei1801,@soramei1801,YouTube,3,not exposed,"AIGC,YouTube,Sora,small-creator",New,2026-09-03T08:00:34Z,,en,GenAI,https://www.youtube.com/watch?v=1sGjYHR6moA,yes,2026-07-20T18:09:05Z,YouTube routine exact API refresh,api_refresh: YouTube subscribers=3; videos=None; channelId=UCC-7Zp9yoeHmyEEin6hZ9Xg; recent_title=fresh spring. | a k-indie playlist.,https://www.youtube.com/feeds/videos.xml?channel_id=UCC-7Zp9yoeHmyEEin6hZ9Xg,https://youtube.com/@soramei1801/about,"{""follower_count"": {""source"": ""yt-dlp.channel_info"", ""channelId"": ""UCC-7Zp9yoeHmyEEin6hZ9Xg"", ""profileUrl"": ""https://youtube.com/@soramei1801""}, ""bio"": {""source"": ""yt-dlp.channel_description"", ""channel_id"": ""UCC-7Zp9yoeHmyEEin6hZ9Xg"", ""preview"": ""i hope i paint the colors a little brighter for you, today.""}, ""aigc_verdict"": {""source"": ""ollama.llama3.2"", ""verdict"": ""yes"", ""details"": ""Rule-based keyword extraction fallback""}, ""recent_uploads"": {""sample"": ""https://www.youtube.com/watch?v=1sGjYHR6moA"", ""sample_title"": ""fresh spring. | a k-indie playlist.""}}"
https://reddit.com/user/generatedfilms,u/GeneratedFilms,Reddit,,,"AIGC,AI video,Reddit discovery",New,2026-07-29T02:14:10Z,,,Sora,https://www.reddit.com/user/GeneratedFilms/,unsure,2026-07-21T02:11:44Z,searxng AI filmmaker site:reddit.com/user,"routine reddit discovery-only; no keyless profiling API; follower_count empty; verdict unsure; snippet=29 May 2026 ... If you're ready to explore open-source AI filmmaking, we've published a practical guide to building your first local workflow, without ...",,https://www.reddit.com/user/GeneratedFilms/,"{""identity"":{""source"":""searxng"",""query"":""AI filmmaker site:reddit.com/user"",""url"":""https://www.reddit.com/user/GeneratedFilms/"",""title"":""u/GeneratedFilms - Reddit""},""aigc_verdict"":{""source"":""search_index_snippet_only"",""verdict"":""unsure"",""reason"":""29 May 2026 ... If you're ready to explore open-source AI filmmaking, we've published a practical guide to building your first local workflow, without\u00a0...""},""follower_count"":{""source"":""unavailable_keyless_reddit"",""value"":""""}}"
https://reddit.com/user/jl_films,u/JL_Films,Reddit,,,"AIGC,Reddit",New,2026-07-30T02:16:51Z,,,,https://www.reddit.com/user/JL_Films/,unsure,2026-07-21T02:11:44Z,searxng AI filmmaker site:reddit.com/user,reddit_discovery_only; no keyless profiling API; follower_count_empty; source_snippet_flagged: u/JL_Films - Reddit,,https://www.reddit.com/user/JL_Films/,"{""discovery"":{""source"":""searxng"",""query"":""AI filmmaker site:reddit.com/user"",""url"":""https://www.reddit.com/user/JL_Films/""},""aigc_verdict"":{""source"":""search_snippet_only"",""verdict"":""unsure"",""reason"":""Reddit has no keyless profiling API in this workflow; not inferred from text""}}"
https://reddit.com/user/jgesq,u/jgesq,Reddit,,,"AIGC,AI video,Reddit,discovery-only",New,2026-07-21T02:11:44Z,,,,,unsure,2026-07-21T02:11:44Z,SearXNG Reddit discovery: AI filmmaker site:reddit.com/user,discovery_only; reddit_has_no_keyless_profiling_api; needs_later_profile_or_oauth,,https://www.reddit.com/user/jgesq/,"{""discovery"":{""source"":""SearXNG"",""query"":""AI filmmaker site:reddit.com/user"",""url"":""https://www.reddit.com/user/jgesq/"",""snippet"":""Director-first, AI-assisted filmmaking with full production transparency.""},""aigc_verdict"":{""source"":""not_profiled_reddit_no_keyless_api"",""verdict"":""unsure""},""follower_count"":{""source"":""not_profiled_reddit_no_keyless_api"",""value"":""""}}"
https://vimeo.com/user248665225,Eugene Leychenko,Vimeo,2,,"AIGC,Vimeo,Runway",New,2026-08-10T06:27:40Z,"New York, NY, USA",,Runway,https://vimeo.com/1135335780,unsure,2026-07-21T06:52:23Z,Vimeo API /videos search: runway ai video creator,videos_total: 2159,,https://atherial.ai/,"{""follower_count"":{""source"":""vimeo_api"",""url"":""https://api.vimeo.com/users/248665225""},""profile"":{""source"":""vimeo_api"",""url"":""https://vimeo.com/user248665225""},""aigc_verdict"":{""source"":""api_search_metadata"",""url"":""https://vimeo.com/1135335780"",""note"":""API search/profile only; visual frame review not performed in this routine lane""}}"
https://vimeo.com/user34853122,Jason Teng,Vimeo,8,,"AIGC,Vimeo,Runway",New,2026-08-10T06:27:40Z,,,Runway,https://vimeo.com/1105895651,unsure,2026-07-21T06:52:23Z,Vimeo API /videos search: runway ai video creator,videos_total: 194,,https://vimeo.com/user34853122,"{""follower_count"":{""source"":""vimeo_api"",""url"":""https://api.vimeo.com/users/34853122""},""profile"":{""source"":""vimeo_api"",""url"":""https://vimeo.com/user34853122""},""aigc_verdict"":{""source"":""api_search_metadata"",""url"":""https://vimeo.com/1105895651"",""note"":""API search/profile only; visual frame review not performed in this routine lane""}}"
https://vimeo.com/user9467527,MaryAnn Talavera,Vimeo,13,,"AIGC,Vimeo,Runway",New,2026-08-10T06:27:40Z,,,Runway,https://vimeo.com/1043516252,unsure,2026-07-21T06:52:23Z,Vimeo API /videos search: runway ai video creator,videos_total: 90,,https://vimeo.com/user9467527,"{""follower_count"":{""source"":""vimeo_api"",""url"":""https://api.vimeo.com/users/9467527""},""profile"":{""source"":""vimeo_api"",""url"":""https://vimeo.com/user9467527""},""aigc_verdict"":{""source"":""api_search_metadata"",""url"":""https://vimeo.com/1043516252"",""note"":""API search/profile only; visual frame review not performed in this routine lane""}}"
https://vimeo.com/user248583243,Winter land,Vimeo,0,,"AIGC,Vimeo,Runway",New,2026-08-10T06:27:40Z,,,Runway,https://vimeo.com/1126570133,unsure,2026-07-21T06:52:23Z,Vimeo API /videos search: runway ai video creator,videos_total: 1,,https://vimeo.com/user248583243,"{""follower_count"":{""source"":""vimeo_api"",""url"":""https://api.vimeo.com/users/248583243""},""profile"":{""source"":""vimeo_api"",""url"":""https://vimeo.com/user248583243""},""aigc_verdict"":{""source"":""api_search_metadata"",""url"":""https://vimeo.com/1126570133"",""note"":""API search/profile only; visual frame review not performed in this routine lane""}}"
https://vimeo.com/user248581449,Catches,Vimeo,0,,"AIGC,Vimeo,Runway",New,2026-08-10T06:27:40Z,,,Runway,https://vimeo.com/1126563462,unsure,2026-07-21T06:52:23Z,Vimeo API /videos search: runway ai video creator,videos_total: 1,,https://vimeo.com/user248581449,"{""follower_count"":{""source"":""vimeo_api"",""url"":""https://api.vimeo.com/users/248581449""},""profile"":{""source"":""vimeo_api"",""url"":""https://vimeo.com/user248581449""},""aigc_verdict"":{""source"":""api_search_metadata"",""url"":""https://vimeo.com/1126563462"",""note"":""API search/profile only; visual frame review not performed in this routine lane""}}"
https://vimeo.com/theodiuk,Open Data Institute,Vimeo,389,,"AIGC,Vimeo,Runway",New,2026-08-10T06:27:40Z,London,,Runway,https://vimeo.com/theodiuk/thewizardofai,unsure,2026-07-21T06:52:23Z,Vimeo API /videos search: pika ai animation,videos_total: 262,,http://theodi.org/,"{""follower_count"":{""source"":""vimeo_api"",""url"":""https://api.vimeo.com/users/14981411""},""profile"":{""source"":""vimeo_api"",""url"":""https://vimeo.com/theodiuk""},""aigc_verdict"":{""source"":""api_search_metadata"",""url"":""https://vimeo.com/theodiuk/thewizardofai"",""note"":""API search/profile only; visual frame review not performed in this routine lane""}}"
https://vimeo.com/roxanneducharme,Roxanne Ducharme,Vimeo,96,,"AIGC,Vimeo,Runway",New,2026-08-10T06:27:40Z,"El Valle de Antón, Panama",,Runway,https://vimeo.com/908427283,unsure,2026-07-21T06:52:23Z,Vimeo API /videos search: pika ai animation,videos_total: 83,,http://www.roxanneducharme.com,"{""follower_count"":{""source"":""vimeo_api"",""url"":""https://api.vimeo.com/users/1907195""},""profile"":{""source"":""vimeo_api"",""url"":""https://vimeo.com/roxanneducharme""},""aigc_verdict"":{""source"":""api_search_metadata"",""url"":""https://vimeo.com/908427283"",""note"":""API search/profile only; visual frame review not performed in this routine lane""}}"
https://vimeo.com/seth28,Badseth,Vimeo,1,,"AIGC,Vimeo,Pika",New,2026-08-10T06:27:40Z,Italy,,Pika,https://vimeo.com/878118889,unsure,2026-07-21T06:52:23Z,Vimeo API /videos search: pika ai animation,videos_total: 17,,https://vimeo.com/seth28,"{""follower_count"":{""source"":""vimeo_api"",""url"":""https://api.vimeo.com/users/2901558""},""profile"":{""source"":""vimeo_api"",""url"":""https://vimeo.com/seth28""},""aigc_verdict"":{""source"":""api_search_metadata"",""url"":""https://vimeo.com/878118889"",""note"":""API search/profile only; visual frame review not performed in this routine lane""}}"
https://vimeo.com/vivadesigndotcom,Ulrike Kerber,Vimeo,19,,"AIGC,Vimeo,Pika",New,2026-08-10T06:27:40Z,"Santa Barbara, CA, USA",,Pika,https://vimeo.com/864042577,unsure,2026-07-21T06:52:23Z,Vimeo API /videos search: pika ai animation,videos_total: 307,,http://vivadesign.com,"{""follower_count"":{""source"":""vimeo_api"",""url"":""https://api.vimeo.com/users/520606""},""profile"":{""source"":""vimeo_api"",""url"":""https://vimeo.com/vivadesigndotcom""},""aigc_verdict"":{""source"":""api_search_metadata"",""url"":""https://vimeo.com/864042577"",""note"":""API search/profile only; visual frame review not performed in this routine lane""}}"
https://vimeo.com/domestika,user718216,Vimeo,6979,,"AIGC,Vimeo,Pika",New,2026-08-10T06:27:40Z,,,Pika,https://vimeo.com/1122708659,unsure,2026-07-21T06:52:23Z,Vimeo API /videos search: pika ai animation,videos_total: 4010,,http://domestika.org?utm_source=vimeo&utm_medium=referral&utm_campaign=courses&utm_content=coursesVI,"{""follower_count"":{""source"":""vimeo_api"",""url"":""https://api.vimeo.com/users/718216""},""profile"":{""source"":""vimeo_api"",""url"":""https://vimeo.com/domestika""},""aigc_verdict"":{""source"":""api_search_metadata"",""url"":""https://vimeo.com/1122708659"",""note"":""API search/profile only; visual frame review not performed in this routine lane""}}"
https://vimeo.com/stephaneb,Stephane Benini,Vimeo,984,,"AIGC,Vimeo,Sora",New,2026-08-10T06:27:40Z,"Lisbonne, Portugal",,Sora,https://vimeo.com/913883778,unsure,2026-07-21T06:52:23Z,Vimeo API /videos search: pika ai animation,videos_total: 391,,https://stephanebenini.com/,"{""follower_count"":{""source"":""vimeo_api"",""url"":""https://api.vimeo.com/users/7030666""},""profile"":{""source"":""vimeo_api"",""url"":""https://vimeo.com/stephaneb""},""aigc_verdict"":{""source"":""api_search_metadata"",""url"":""https://vimeo.com/913883778"",""note"":""API search/profile only; visual frame review not performed in this routine lane""}}"
https://vimeo.com/gerseo,Gerben G van Dijk,Vimeo,0,,"AIGC,Vimeo,Pika",New,2026-08-10T06:27:40Z,"Bunnik, Nederland",,Pika,https://vimeo.com/982486007,unsure,2026-07-21T06:52:23Z,Vimeo API /videos search: pika ai animation,videos_total: 8,,https://www.gerbengvandijk.nl,"{""follower_count"":{""source"":""vimeo_api"",""url"":""https://api.vimeo.com/users/156764564""},""profile"":{""source"":""vimeo_api"",""url"":""https://vimeo.com/gerseo""},""aigc_verdict"":{""source"":""api_search_metadata"",""url"":""https://vimeo.com/982486007"",""note"":""API search/profile only; visual frame review not performed in this routine lane""}}"
https://vimeo.com/trigonometryfilms,Trigonometry Films Lab.,Vimeo,4,,"AIGC,Vimeo",New,2026-08-10T06:27:40Z,"Mumbai, Maharashtra, India",,AIGC,https://vimeo.com/1184827950,unsure,2026-07-21T06:52:23Z,Vimeo API /videos search: ai filmmaker generative video,videos_total: 24,,https://www.trigonometryfilms.com,"{""follower_count"":{""source"":""vimeo_api"",""url"":""https://api.vimeo.com/users/242822225""},""profile"":{""source"":""vimeo_api"",""url"":""https://vimeo.com/trigonometryfilms""},""aigc_verdict"":{""source"":""api_search_metadata"",""url"":""https://vimeo.com/1184827950"",""note"":""API search/profile only; visual frame review not performed in this routine lane""}}"
https://vimeo.com/lilleejean,Lillee Jean Trueman,Vimeo,13,,"AIGC,Vimeo",New,2026-08-10T06:27:40Z,"New York, NY, USA",,,https://vimeo.com/1204877453,unsure,2026-07-21T06:52:23Z,Vimeo API refresh,videos_total: 27,,https://www.lilleejean.com,"{""follower_count"":{""source"":""vimeo_api"",""url"":""https://api.vimeo.com/users/lilleejean""},""profile"":{""source"":""vimeo_api"",""url"":""https://vimeo.com/lilleejean""},""aigc_verdict"":{""source"":""api_search_metadata"",""url"":""https://vimeo.com/lilleejean"",""note"":""API search/profile only; visual frame review not performed in this routine lane""}}"
https://civitai.com/user/wikkedai,wikkedai,Civitai,needs_manual_check,,"AIGC,Civitai,Video,ZImageTurbo",New,2026-09-17T06:34:10Z,,,ZImageTurbo,https://civitai.com/posts/29903690,yes,2026-07-21T06:52:23Z,civitai api existing-row refresh,civitai_api; type=video; nsfw=false; follower_count_not_exposed,,https://civitai.com/user/wikkedai,"{""aigc_verdict"": {""source"": ""civitai_api_type_video"", ""url"": ""https://civitai.com/posts/29903690"", ""note"": ""Civitai public REST returned type=video with nsfw=false.""}, ""sample_content"": {""source"": ""civitai_api"", ""url"": ""https://image.civitai.com/xG1nkqKTMzGDvpLrqFT7WA/036e72f8-7daa-4230-8d33-2b5934b0d557/original=true/036e72f8-7daa-4230-8d33-2b5934b0d557.mp4""}}"
https://civitai.com/user/monsieurvanilla,monsieurvanilla,Civitai,needs_manual_check,,"AIGC,Civitai,Video,LTXV 2.3",New,2026-09-17T06:34:11Z,,,LTXV 2.3,https://civitai.com/posts/29903472,yes,2026-07-21T06:52:23Z,civitai api existing-row refresh,civitai_api; type=video; nsfw=false; follower_count_not_exposed,,https://civitai.com/user/monsieurvanilla,"{""aigc_verdict"": {""source"": ""civitai_api_type_video"", ""url"": ""https://civitai.com/posts/29903472"", ""note"": ""Civitai public REST returned type=video with nsfw=false.""}, ""sample_content"": {""source"": ""civitai_api"", ""url"": ""https://image.civitai.com/xG1nkqKTMzGDvpLrqFT7WA/94e55ae3-de80-4e3b-8ff2-d1e0a4021e5b/original=true/94e55ae3-de80-4e3b-8ff2-d1e0a4021e5b.mp4""}}"
https://reddit.com/user/ai-futuretools,u/ai-futuretools,Reddit,,,"AIGC,Reddit",New,2026-07-30T02:16:51Z,,,,,unsure,2026-07-22T02:18:47Z,searxng AI video creator site:reddit.com/user,reddit_discovery_only; no keyless profiling API; follower_count_empty; source_snippet_flagged: Spotter Studio Review: A Game-Changer for YouTubers? - Reddit,,https://www.reddit.com/user/ai-futuretools/comments/1kdm8zx/spotter_studio_review_a_gamechanger_for_youtubers/,"{""discovery"":{""source"":""searxng"",""query"":""AI video creator site:reddit.com/user"",""url"":""https://www.reddit.com/user/ai-futuretools/comments/1kdm8zx/spotter_studio_review_a_gamechanger_for_youtubers/""},""aigc_verdict"":{""source"":""search_snippet_only"",""verdict"":""unsure"",""reason"":""Reddit has no keyless profiling API in this workflow; not inferred from text""}}"
https://reddit.com/user/zeemoai,u/ZeemoAI,Reddit,,,"AIGC,Reddit",New,2026-07-30T02:16:51Z,,,,,unsure,2026-07-22T02:18:47Z,searxng AI video creator site:reddit.com/user,reddit_discovery_only; no keyless profiling API; follower_count_empty; source_snippet_flagged: Zeemo (u/ZeemoAI) - Reddit,,https://www.reddit.com/user/ZeemoAI/,"{""discovery"":{""source"":""searxng"",""query"":""AI video creator site:reddit.com/user"",""url"":""https://www.reddit.com/user/ZeemoAI/""},""aigc_verdict"":{""source"":""search_snippet_only"",""verdict"":""unsure"",""reason"":""Reddit has no keyless profiling API in this workflow; not inferred from text""}}"
https://reddit.com/user/original-alarm4491,u/Original-Alarm4491,Reddit,,,"AIGC,Reddit",New,2026-07-22T02:18:47Z,,,,,unsure,2026-07-22T02:18:47Z,searxng AI video creator site:reddit.com/user,Reddit discovery-only; no keyless profiling API from server IPs; snippet lead only. Additional source: https://reddit.com/user/Original-Alarm4491/comments/1nl5t58/alicia_lyttle_queen_of_ai_review/,,https://reddit.com/user/Original-Alarm4491/comments/1nl5t58/alicia_lyttle_queen_of_ai_review/,"{""identity"":{""source"":""searxng"",""url"":""https://reddit.com/user/Original-Alarm4491/comments/1nl5t58/alicia_lyttle_queen_of_ai_review/"",""query"":""AI video creator site:reddit.com/user""},""aigc_verdict"":{""source"":""search_index_snippet_only"",""verdict"":""unsure"",""url"":""https://reddit.com/user/Original-Alarm4491/comments/1nl5t58/alicia_lyttle_queen_of_ai_review/""}}"
https://reddit.com/user/select_custard_4116,u/Select_Custard_4116,Reddit,,,"AIGC,Reddit",New,2026-07-22T02:18:47Z,,,,,unsure,2026-07-22T02:18:47Z,searxng AI video creator site:reddit.com/user,Reddit discovery-only; no keyless profiling API from server IPs; snippet lead only.,,https://reddit.com/user/Select_Custard_4116/comments/1p98tpp/simply_the_best_free_ai_imagevideo_generator/,"{""identity"":{""source"":""searxng"",""url"":""https://reddit.com/user/Select_Custard_4116/comments/1p98tpp/simply_the_best_free_ai_imagevideo_generator/"",""query"":""AI video creator site:reddit.com/user""},""aigc_verdict"":{""source"":""search_index_snippet_only"",""verdict"":""unsure"",""url"":""https://reddit.com/user/Select_Custard_4116/comments/1p98tpp/simply_the_best_free_ai_imagevideo_generator/""}}"
https://reddit.com/user/wafflevideo,u/WaffleVideo,Reddit,,,"AIGC,Reddit",New,2026-07-30T02:16:51Z,,,,,unsure,2026-07-22T02:18:47Z,searxng AI video creator site:reddit.com/user,reddit_discovery_only; no keyless profiling API; follower_count_empty; source_snippet_flagged: WaffleVideo.AI - Reddit,,https://www.reddit.com/user/WaffleVideo/,"{""discovery"":{""source"":""searxng"",""query"":""AI video creator site:reddit.com/user"",""url"":""https://www.reddit.com/user/WaffleVideo/""},""aigc_verdict"":{""source"":""search_snippet_only"",""verdict"":""unsure"",""reason"":""Reddit has no keyless profiling API in this workflow; not inferred from text""}}"
https://reddit.com/user/xgluz,u/xgluz,Reddit,,,"AIGC,Reddit",New,2026-07-22T02:18:47Z,,,,,unsure,2026-07-22T02:18:47Z,searxng AI video creator site:reddit.com/user,Reddit discovery-only; no keyless profiling API from server IPs; snippet lead only.,,https://reddit.com/user/xgluz/comments/1bekyig/best_ai_porn_generators_2024_photo_video/,"{""identity"":{""source"":""searxng"",""url"":""https://reddit.com/user/xgluz/comments/1bekyig/best_ai_porn_generators_2024_photo_video/"",""query"":""AI video creator site:reddit.com/user""},""aigc_verdict"":{""source"":""search_index_snippet_only"",""verdict"":""unsure"",""url"":""https://reddit.com/user/xgluz/comments/1bekyig/best_ai_porn_generators_2024_photo_video/""}}"
https://reddit.com/user/jboogzee,u/JBOOGZEE,Reddit,,,"AIGC,Reddit",New,2026-07-22T02:18:47Z,,,,,unsure,2026-07-22T02:18:47Z,searxng AI video creator site:reddit.com/user,Reddit discovery-only; no keyless profiling API from server IPs; snippet lead only. Additional source: https://reddit.com/user/JBOOGZEE/,,https://reddit.com/user/JBOOGZEE/,"{""identity"":{""source"":""searxng"",""url"":""https://reddit.com/user/JBOOGZEE/"",""query"":""AI video creator site:reddit.com/user""},""aigc_verdict"":{""source"":""search_index_snippet_only"",""verdict"":""unsure"",""url"":""https://reddit.com/user/JBOOGZEE/""}}"
https://reddit.com/user/theunearthlyhub,u/theunearthlyhub,Reddit,,,"AIGC,Reddit,discovery-only",New,2026-08-02T02:08:31Z,,,,,unsure,2026-07-22T02:18:47Z,searxng AI video creator site:reddit.com/user,Reddit discovery-only candidate from SearXNG/ddgs site:reddit.com (/user + r/aivideo terms); no keyless profiling API from this host; FollowerCount unavailable; AIGCVerdict not inferred from search text.,,https://www.reddit.com/user/theunearthlyhub/,"{""discovery"":{""tool"":""searxng"",""query"":""AI video creator site:reddit.com/user"",""source_url"":""https://www.reddit.com/user/theunearthlyhub/"",""title"":""u/theunearthlyhub - Reddit"",""snippet"":""17 Jun 2025 ... I am the creator of a Tiktok ... Quite controversially, I have used a mix between AI and video editing up until now to make this series.""}}"
https://reddit.com/user/blackiedad,u/BlackieDad,Reddit,,,"AIGC,Reddit,Sora",New,2026-07-22T02:18:47Z,,,Sora,,unsure,2026-07-22T02:18:47Z,searxng Sora AI filmmaker site:reddit.com/user,Reddit discovery-only; no keyless profiling API from server IPs; snippet lead only. Additional source: https://reddit.com/user/BlackieDad/comments/,,https://reddit.com/user/BlackieDad/comments/,"{""identity"":{""source"":""searxng"",""url"":""https://reddit.com/user/BlackieDad/comments/"",""query"":""Sora AI filmmaker site:reddit.com/user""},""aigc_verdict"":{""source"":""search_index_snippet_only"",""verdict"":""unsure"",""url"":""https://reddit.com/user/BlackieDad/comments/""}}"
https://reddit.com/user/fetchfrosh,u/FetchFrosh,Reddit,,,"AIGC,Reddit,Sora",New,2026-07-22T02:18:47Z,,,Sora,,unsure,2026-07-22T02:18:47Z,searxng Sora AI filmmaker site:reddit.com/user,Reddit discovery-only; no keyless profiling API from server IPs; snippet lead only. Additional source: https://reddit.com/user/FetchFrosh/,,https://reddit.com/user/FetchFrosh/,"{""identity"":{""source"":""searxng"",""url"":""https://reddit.com/user/FetchFrosh/"",""query"":""Sora AI filmmaker site:reddit.com/user""},""aigc_verdict"":{""source"":""search_index_snippet_only"",""verdict"":""unsure"",""url"":""https://reddit.com/user/FetchFrosh/""}}"
https://reddit.com/user/supermen407,u/supermen407,Reddit,,,"AIGC,Reddit,Sora",New,2026-07-22T02:18:47Z,,,Sora,,unsure,2026-07-22T02:18:47Z,searxng Sora AI filmmaker site:reddit.com/user,Reddit discovery-only; no keyless profiling API from server IPs; snippet lead only. Additional source: https://reddit.com/user/supermen407/,,https://reddit.com/user/supermen407/,"{""identity"":{""source"":""searxng"",""url"":""https://reddit.com/user/supermen407/"",""query"":""Sora AI filmmaker site:reddit.com/user""},""aigc_verdict"":{""source"":""search_index_snippet_only"",""verdict"":""unsure"",""url"":""https://reddit.com/user/supermen407/""}}"
https://reddit.com/user/michaelurielsmith,u/MichaelUrielSmith,Reddit,,,"AIGC,Reddit,Sora",New,2026-07-22T02:18:47Z,,,Sora,,unsure,2026-07-22T02:18:47Z,searxng Sora AI filmmaker site:reddit.com/user,Reddit discovery-only; no keyless profiling API from server IPs; snippet lead only. Additional source: https://reddit.com/user/MichaelUrielSmith/,,https://reddit.com/user/MichaelUrielSmith/,"{""identity"":{""source"":""searxng"",""url"":""https://reddit.com/user/MichaelUrielSmith/"",""query"":""Sora AI filmmaker site:reddit.com/user""},""aigc_verdict"":{""source"":""search_index_snippet_only"",""verdict"":""unsure"",""url"":""https://reddit.com/user/MichaelUrielSmith/""}}"
https://reddit.com/user/round_peace_2300,u/Round_Peace_2300,Reddit,,,"AIGC,Reddit,Sora",New,2026-07-22T02:18:47Z,,,Sora,,unsure,2026-07-22T02:18:47Z,searxng Sora AI filmmaker site:reddit.com/user,Reddit discovery-only; no keyless profiling API from server IPs; snippet lead only. Additional source: https://reddit.com/user/Round_Peace_2300/,,https://reddit.com/user/Round_Peace_2300/,"{""identity"":{""source"":""searxng"",""url"":""https://reddit.com/user/Round_Peace_2300/"",""query"":""Sora AI filmmaker site:reddit.com/user""},""aigc_verdict"":{""source"":""search_index_snippet_only"",""verdict"":""unsure"",""url"":""https://reddit.com/user/Round_Peace_2300/""}}"
https://vimeo.com/user203598367,AI Testing,Vimeo,0,,"AIGC,Vimeo,API,Runway",New,2026-08-08T06:34:38Z,,,Runway,https://vimeo.com/853756143,unsure,2026-07-22T06:23:49Z,vimeo_api_refresh,API-only Vimeo refresh/discovery; visual AIGC review not performed in routine lane; sole_or_small: unknown,,https://vimeo.com/user203598367,"{""follower_count"":{""source"":""vimeo_api"",""url"":""https://api.vimeo.com/users/203598367""},""profile"":{""source"":""vimeo_api"",""url"":""https://vimeo.com/user203598367""},""aigc_verdict"":{""source"":""api_text_only"",""url"":""https://vimeo.com/853756143"",""note"":""Routine API lane does not infer visual verdict; left unsure unless already reviewed.""}}"
https://vimeo.com/sachiko,Sachiko Hayashi,Vimeo,47,,"AIGC,Vimeo,API",New,2026-08-08T06:34:38Z,,,Runway,https://vimeo.com/1170695141,unsure,2026-07-22T06:23:49Z,vimeo_api_refresh,API-only Vimeo refresh/discovery; visual AIGC review not performed in routine lane; sole_or_small: unknown,,https://www.e-garde.com,"{""follower_count"":{""source"":""vimeo_api"",""url"":""https://api.vimeo.com/users/2353367""},""profile"":{""source"":""vimeo_api"",""url"":""https://vimeo.com/sachiko""},""aigc_verdict"":{""source"":""api_text_only"",""url"":""https://vimeo.com/1170695141"",""note"":""Routine API lane does not infer visual verdict; left unsure unless already reviewed.""}}"
https://vimeo.com/alessioferreri,Alessio Ferreri,Vimeo,16,,"AIGC,Vimeo",New,2026-08-10T06:27:40Z,"Torino TO, Italia",,AIGC,https://vimeo.com/1200977794,unsure,2026-07-22T06:23:49Z,Vimeo API refresh,videos_total: 29,,https://www.instagram.com/alessio_f.erreri/,"{""follower_count"":{""source"":""vimeo_api"",""url"":""https://api.vimeo.com/users/alessioferreri""},""profile"":{""source"":""vimeo_api"",""url"":""https://vimeo.com/alessioferreri""},""aigc_verdict"":{""source"":""api_search_metadata"",""url"":""https://vimeo.com/alessioferreri"",""note"":""API search/profile only; visual frame review not performed in this routine lane""}}"
https://vimeo.com/filmmotiondesign,Film + Motion Design,Vimeo,19,,"AIGC,Vimeo",New,2026-08-10T06:27:40Z,,,AIGC,https://vimeo.com/866439103,unsure,2026-07-22T06:23:49Z,Vimeo API refresh,videos_total: 88,,http://www.btk-fh.de/en/program/motion-design-ba/,"{""follower_count"":{""source"":""vimeo_api"",""url"":""https://api.vimeo.com/users/filmmotiondesign""},""profile"":{""source"":""vimeo_api"",""url"":""https://vimeo.com/filmmotiondesign""},""aigc_verdict"":{""source"":""api_search_metadata"",""url"":""https://vimeo.com/filmmotiondesign"",""note"":""API search/profile only; visual frame review not performed in this routine lane""}}"
https://vimeo.com/user145844658,jan novak,Vimeo,0,,"AIGC,Vimeo,API,Runway",New,2026-08-08T06:34:38Z,,,Runway,https://vimeo.com/1190162607,unsure,2026-07-22T06:23:49Z,vimeo_api_refresh,API-only Vimeo refresh/discovery; visual AIGC review not performed in routine lane; sole_or_small: unknown,,https://vimeo.com/user145844658,"{""follower_count"":{""source"":""vimeo_api"",""url"":""https://api.vimeo.com/users/145844658""},""profile"":{""source"":""vimeo_api"",""url"":""https://vimeo.com/user145844658""},""aigc_verdict"":{""source"":""api_text_only"",""url"":""https://vimeo.com/1190162607"",""note"":""Routine API lane does not infer visual verdict; left unsure unless already reviewed.""}}"
https://vimeo.com/dreamscapedesign,AI Video - Giuseppe Aceto,Vimeo,1,,"AIGC,Vimeo",New,2026-08-10T06:27:40Z,"Ginevra, Svizzera",,Runway,https://vimeo.com/875929006,unsure,2026-07-22T06:23:49Z,Vimeo API refresh,videos_total: 3,,https://giuseppeaceto.web.cern.ch/,"{""follower_count"":{""source"":""vimeo_api"",""url"":""https://api.vimeo.com/users/dreamscapedesign""},""profile"":{""source"":""vimeo_api"",""url"":""https://vimeo.com/dreamscapedesign""},""aigc_verdict"":{""source"":""api_search_metadata"",""url"":""https://vimeo.com/dreamscapedesign"",""note"":""API search/profile only; visual frame review not performed in this routine lane""}}"
https://vimeo.com/sergeytyurin,Sergey Tyurin,Vimeo,10,,"AIGC,Vimeo,API",New,2026-08-08T06:34:38Z,"Мерсин, Акдениз/Мерсин, Турция",,Runway,https://vimeo.com/1153266545,yes,2026-07-22T06:23:49Z,vimeo_api_refresh,API-only Vimeo refresh/discovery; visual AIGC review not performed in routine lane; sole_or_small: unknown,,https://vimeo.com/sergeytyurin,"{""follower_count"":{""source"":""vimeo_api"",""url"":""https://api.vimeo.com/users/83983607""},""profile"":{""source"":""vimeo_api"",""url"":""https://vimeo.com/sergeytyurin""},""aigc_verdict"":{""source"":""api_text_only"",""url"":""https://vimeo.com/1153266545"",""note"":""Routine API lane does not infer visual verdict; left unsure unless already reviewed.""}}"
https://vimeo.com/user3128895,Emile Smith,Vimeo,25,,"AIGC,Vimeo,Runway",New,2026-08-10T06:27:40Z,,,Runway,https://vimeo.com/1116905895,unsure,2026-07-22T06:23:49Z,Vimeo API /videos search: ai filmmaker generative video,videos_total: 48,,www.emilesmith.com,"{""follower_count"":{""source"":""vimeo_api"",""url"":""https://api.vimeo.com/users/3128895""},""profile"":{""source"":""vimeo_api"",""url"":""https://vimeo.com/user3128895""},""aigc_verdict"":{""source"":""api_search_metadata"",""url"":""https://vimeo.com/1116905895"",""note"":""API search/profile only; visual frame review not performed in this routine lane""}}"
https://vimeo.com/angeliquereisch,user256461477,Vimeo,0,,"AIGC,Vimeo,Runway",New,2026-08-10T06:27:40Z,,,Runway,https://vimeo.com/1183889325,unsure,2026-07-22T06:23:49Z,Vimeo API /videos search: ai filmmaker generative video,videos_total: 7,,https://vimeo.com/angeliquereisch,"{""follower_count"":{""source"":""vimeo_api"",""url"":""https://api.vimeo.com/users/256461477""},""profile"":{""source"":""vimeo_api"",""url"":""https://vimeo.com/angeliquereisch""},""aigc_verdict"":{""source"":""api_search_metadata"",""url"":""https://vimeo.com/1183889325"",""note"":""API search/profile only; visual frame review not performed in this routine lane""}}"
https://vimeo.com/user32345759,Diego Yaker,Vimeo,3,,"AIGC,Vimeo",New,2026-08-10T06:27:40Z,"Barcelona, España",,,https://vimeo.com/1155518056,unsure,2026-07-22T06:23:49Z,Vimeo API /videos search: ai filmmaker generative video,videos_total: 8,,https://wellfound.com/diego-yaker,"{""follower_count"":{""source"":""vimeo_api"",""url"":""https://api.vimeo.com/users/32345759""},""profile"":{""source"":""vimeo_api"",""url"":""https://vimeo.com/user32345759""},""aigc_verdict"":{""source"":""api_search_metadata"",""url"":""https://vimeo.com/1155518056"",""note"":""API search/profile only; visual frame review not performed in this routine lane""}}"
https://vimeo.com/animatorx83,ANiMAtoR-X,Vimeo,6,,"AIGC,Vimeo,Runway",New,2026-08-10T06:27:40Z,Dubai - United Arab Emirates,,Runway,https://vimeo.com/1088298686,unsure,2026-07-22T06:23:49Z,Vimeo API /videos search: ai filmmaker generative video,videos_total: 61,,www.animator-x.com,"{""follower_count"":{""source"":""vimeo_api"",""url"":""https://api.vimeo.com/users/19020529""},""profile"":{""source"":""vimeo_api"",""url"":""https://vimeo.com/animatorx83""},""aigc_verdict"":{""source"":""api_search_metadata"",""url"":""https://vimeo.com/1088298686"",""note"":""API search/profile only; visual frame review not performed in this routine lane""}}"
https://vimeo.com/user36346663,John Mateer,Vimeo,0,,"AIGC,Vimeo",New,2026-08-10T06:27:40Z,,,,https://vimeo.com/1122262690,unsure,2026-07-22T06:23:49Z,Vimeo API /videos search: ai filmmaker generative video,videos_total: 1,,https://vimeo.com/user36346663,"{""follower_count"":{""source"":""vimeo_api"",""url"":""https://api.vimeo.com/users/36346663""},""profile"":{""source"":""vimeo_api"",""url"":""https://vimeo.com/user36346663""},""aigc_verdict"":{""source"":""api_search_metadata"",""url"":""https://vimeo.com/1122262690"",""note"":""API search/profile only; visual frame review not performed in this routine lane""}}"
https://vimeo.com/user255434093,The Small Door Films,Vimeo,0,,"AIGC,Vimeo,Kling",New,2026-08-10T06:27:40Z,,,Kling,https://vimeo.com/1170060324,unsure,2026-07-22T06:23:49Z,Vimeo API /videos search: ai filmmaker generative video,videos_total: 3,,https://vimeo.com/user255434093,"{""follower_count"":{""source"":""vimeo_api"",""url"":""https://api.vimeo.com/users/255434093""},""profile"":{""source"":""vimeo_api"",""url"":""https://vimeo.com/user255434093""},""aigc_verdict"":{""source"":""api_search_metadata"",""url"":""https://vimeo.com/1170060324"",""note"":""API search/profile only; visual frame review not performed in this routine lane""}}"
https://vimeo.com/sunomono,sunomono films barcelona,Vimeo,53,,"AIGC,Vimeo,API",New,2026-08-08T06:34:38Z,"Barcelona, España",,,https://vimeo.com/1181656803,unsure,2026-07-22T06:23:49Z,vimeo_api_refresh,API-only Vimeo refresh/discovery; visual AIGC review not performed in routine lane; sole_or_small: unknown,,http://www.sunomonofilms.com/,"{""follower_count"":{""source"":""vimeo_api"",""url"":""https://api.vimeo.com/users/4332437""},""profile"":{""source"":""vimeo_api"",""url"":""https://vimeo.com/sunomono""},""aigc_verdict"":{""source"":""api_text_only"",""url"":""https://vimeo.com/1181656803"",""note"":""Routine API lane does not infer visual verdict; left unsure unless already reviewed.""}}"
https://vimeo.com/user203866235,Marco Rodrigues,Vimeo,1,,"AIGC,Vimeo,API,Kling",New,2026-08-08T06:34:38Z,,,Kling,https://vimeo.com/1150452758,yes,2026-07-22T06:23:49Z,vimeo_api_refresh,API-only Vimeo refresh/discovery; visual AIGC review not performed in routine lane; sole_or_small: unknown,,https://vimeo.com/user203866235,"{""follower_count"":{""source"":""vimeo_api"",""url"":""https://api.vimeo.com/users/203866235""},""profile"":{""source"":""vimeo_api"",""url"":""https://vimeo.com/user203866235""},""aigc_verdict"":{""source"":""api_text_only"",""url"":""https://vimeo.com/1150452758"",""note"":""Routine API lane does not infer visual verdict; left unsure unless already reviewed.""}}"
https://vimeo.com/getuncommon,UNCOMMON,Vimeo,0,,"AIGC,Vimeo",New,2026-08-10T06:27:40Z,"Enschede, Nederland",,,https://vimeo.com/1153507278,unsure,2026-07-22T06:23:49Z,Vimeo API refresh,videos_total: 252,,https://uncommon.nl,"{""follower_count"":{""source"":""vimeo_api"",""url"":""https://api.vimeo.com/users/getuncommon""},""profile"":{""source"":""vimeo_api"",""url"":""https://vimeo.com/getuncommon""},""aigc_verdict"":{""source"":""api_search_metadata"",""url"":""https://vimeo.com/getuncommon"",""note"":""API search/profile only; visual frame review not performed in this routine lane""}}"
https://vimeo.com/user63702120,Orit Bar Zakharin,Vimeo,0,,"AIGC,Vimeo,Runway",New,2026-08-10T06:27:40Z,,,Runway,https://vimeo.com/1076167347,unsure,2026-07-22T06:23:49Z,Vimeo API /videos search: pika ai animation,videos_total: 1,,https://vimeo.com/user63702120,"{""follower_count"":{""source"":""vimeo_api"",""url"":""https://api.vimeo.com/users/63702120""},""profile"":{""source"":""vimeo_api"",""url"":""https://vimeo.com/user63702120""},""aigc_verdict"":{""source"":""api_search_metadata"",""url"":""https://vimeo.com/1076167347"",""note"":""API search/profile only; visual frame review not performed in this routine lane""}}"
https://vimeo.com/user748863,oleg bermanas,Vimeo,25,,"AIGC,Vimeo,Pika",New,2026-08-10T06:27:40Z,"Москва, Россия",,Pika,https://vimeo.com/878847727,unsure,2026-07-22T06:23:49Z,Vimeo API /videos search: pika ai animation,videos_total: 33,,olegishere.tumblr.com/,"{""follower_count"":{""source"":""vimeo_api"",""url"":""https://api.vimeo.com/users/748863""},""profile"":{""source"":""vimeo_api"",""url"":""https://vimeo.com/user748863""},""aigc_verdict"":{""source"":""api_search_metadata"",""url"":""https://vimeo.com/878847727"",""note"":""API search/profile only; visual frame review not performed in this routine lane""}}"
https://civitai.com/user/hiramworkai,hiramworkai,Civitai,1.1K,,"AIGC,Civitai,Video",New,2026-09-17T06:34:17Z,,,,https://image.civitai.com/xG1nkqKTMzGDvpLrqFT7WA/b317fc15-8410-4781-81bd-2a7c4000280a/original=true/b317fc15-8410-4781-81bd-2a7c4000280a.mp4,yes,2026-07-22T06:23:49Z,civitai_api_refresh:type=video,"has public SFW video via Civitai API; video_item_id:105922361; stats:{""cryCount"":0,""laughCount"":0,""likeCount"":0,""dislikeCount"":0,""heartCount"":0,""commentCount"":0}",,https://civitai.com/user/hiramworkai,"{""video_content"": {""source"": ""civitai_api"", ""url"": ""https://image.civitai.com/xG1nkqKTMzGDvpLrqFT7WA/b317fc15-8410-4781-81bd-2a7c4000280a/original=true/b317fc15-8410-4781-81bd-2a7c4000280a.mp4"", ""item_id"": 105922361, ""type"": ""video""}, ""aigc_verdict"": {""source"": ""civitai_api"", ""url"": ""https://image.civitai.com/xG1nkqKTMzGDvpLrqFT7WA/b317fc15-8410-4781-81bd-2a7c4000280a/original=true/b317fc15-8410-4781-81bd-2a7c4000280a.mp4"", ""note"": ""Civitai content is AI-generated by platform definition; type=video confirms video output.""}}"
https://civitai.com/user/xuchulainn,xuchulainn,Civitai,2.5K,,"AIGC,Civitai,Video",New,2026-09-17T06:34:18Z,,,,https://image.civitai.com/xG1nkqKTMzGDvpLrqFT7WA/cb4b1735-efd4-4014-a7cb-77686ee93d0f/original=true/cb4b1735-efd4-4014-a7cb-77686ee93d0f.mp4,yes,2026-07-22T06:23:49Z,civitai_api_refresh:type=video,"has public SFW video via Civitai API; video_item_id:138214916; stats:{""cryCount"":1,""laughCount"":0,""likeCount"":36,""dislikeCount"":0,""heartCount"":12,""commentCount"":0}",,https://civitai.com/user/xuchulainn,"{""video_content"": {""source"": ""civitai_api"", ""url"": ""https://image.civitai.com/xG1nkqKTMzGDvpLrqFT7WA/cb4b1735-efd4-4014-a7cb-77686ee93d0f/original=true/cb4b1735-efd4-4014-a7cb-77686ee93d0f.mp4"", ""item_id"": 138214916, ""type"": ""video""}, ""aigc_verdict"": {""source"": ""civitai_api"", ""url"": ""https://image.civitai.com/xG1nkqKTMzGDvpLrqFT7WA/cb4b1735-efd4-4014-a7cb-77686ee93d0f/original=true/cb4b1735-efd4-4014-a7cb-77686ee93d0f.mp4"", ""note"": ""Civitai content is AI-generated by platform definition; type=video confirms video output.""}}"
https://civitai.com/user/ogbtjyqat450,ogbtjyqat450,Civitai,21,,"AIGC,Civitai,Video",New,2026-09-17T06:34:19Z,,,,https://image.civitai.com/xG1nkqKTMzGDvpLrqFT7WA/db2b1a35-04b1-434e-8038-70e4b3f2a428/original=true/db2b1a35-04b1-434e-8038-70e4b3f2a428.mp4,yes,2026-07-22T06:23:49Z,civitai_api_refresh:type=video,"has public SFW video via Civitai API; video_item_id:137427083; stats:{""cryCount"":0,""laughCount"":0,""likeCount"":17,""dislikeCount"":0,""heartCount"":2,""commentCount"":0}",,https://civitai.com/user/ogbtjyqat450,"{""video_content"": {""source"": ""civitai_api"", ""url"": ""https://image.civitai.com/xG1nkqKTMzGDvpLrqFT7WA/db2b1a35-04b1-434e-8038-70e4b3f2a428/original=true/db2b1a35-04b1-434e-8038-70e4b3f2a428.mp4"", ""item_id"": 137427083, ""type"": ""video""}, ""aigc_verdict"": {""source"": ""civitai_api"", ""url"": ""https://image.civitai.com/xG1nkqKTMzGDvpLrqFT7WA/db2b1a35-04b1-434e-8038-70e4b3f2a428/original=true/db2b1a35-04b1-434e-8038-70e4b3f2a428.mp4"", ""note"": ""Civitai content is AI-generated by platform definition; type=video confirms video output.""}}"
https://civitai.com/user/cappyadams,CappyAdams,Civitai,needs_manual_check,,"AIGC,Civitai,Video,AI video",New,2026-09-17T06:34:20Z,,,,https://image.civitai.com/xG1nkqKTMzGDvpLrqFT7WA/0b3e464b-fa4f-4584-bdfe-d23956dcc29c/original=true/0b3e464b-fa4f-4584-bdfe-d23956dcc29c.mp4,yes,2026-07-22T06:23:49Z,Civitai API /images type=video discovery+refresh,civitai_video: yes,,https://civitai.com/user/CappyAdams,"{""profile"": {""source"": ""civitai_api"", ""url"": ""https://civitai.com/user/CappyAdams""}, ""video_content"": {""source"": ""civitai_api.images"", ""params"": ""type=video&nsfw=false"", ""username"": ""cappyadams"", ""video_items"": 5, ""sample"": ""https://image.civitai.com/xG1nkqKTMzGDvpLrqFT7WA/0b3e464b-fa4f-4584-bdfe-d23956dcc29c/original=true/0b3e464b-fa4f-4584-bdfe-d23956dcc29c.mp4""}, ""aigc_verdict"": {""source"": ""civitai_api.images type=video"", ""verdict"": ""yes""}}"
https://civitai.com/user/nnai,nnai,Civitai,1.5K,,"AIGC,Civitai,Video",New,2026-09-17T06:34:22Z,,English,Stable Diffusion,https://civitai.com/user/McSionnaigh,yes,2026-07-22T06:23:49Z,civitai_api_refresh:type=video,"Civitai API: models=5; tags=grandma, character, versatile, realistic",https://civitai.com/user/McSionnaigh/models,,"{""platform"": ""Civitai"", ""username"": ""McSionnaigh"", ""model_count"": 5, ""top_tags"": [""grandma"", ""character"", ""versatile"", ""realistic"", ""mochi""], ""aigc_verdict"": ""yes"", ""ai_reasoning"": ""Rule-based fallback for Civitai creator""}"
https://civitai.com/user/catlover1937,catlover1937,Civitai,16.0K,,"AIGC,Civitai,video",New,2026-09-17T06:39:23Z,,English,Stable Diffusion,https://civitai.com/user/catlover1937,yes,2026-07-22T06:23:49Z,routine Civitai API refresh,"Civitai API: models=35; tags=woman, girls, realistic, photorealisic,",https://civitai.com/user/catlover1937/models,,"{""platform"": ""Civitai"", ""username"": ""catlover1937"", ""model_count"": 35, ""top_tags"": [""woman"", ""girls"", ""realistic"", ""photorealisic"", ""base model""], ""aigc_verdict"": ""yes"", ""ai_reasoning"": ""Rule-based fallback for Civitai creator""}"
https://civitai.com/user/mentalext,mentalext,Civitai,1.1K,,"AIGC,Civitai,Video",New,2026-09-17T06:39:23Z,,,,https://image.civitai.com/xG1nkqKTMzGDvpLrqFT7WA/ec3ba6b3-f3c3-4a81-97d2-31d434cd67df/original=true/ec3ba6b3-f3c3-4a81-97d2-31d434cd67df.mp4,yes,2026-07-22T06:23:49Z,civitai_api_refresh:type=video,"has public SFW video via Civitai API; video_item_id:137421149; stats:{""cryCount"":0,""laughCount"":0,""likeCount"":16,""dislikeCount"":0,""heartCount"":2,""commentCount"":0}",,https://civitai.com/user/mentalext,"{""video_content"": {""source"": ""civitai_api"", ""url"": ""https://image.civitai.com/xG1nkqKTMzGDvpLrqFT7WA/ec3ba6b3-f3c3-4a81-97d2-31d434cd67df/original=true/ec3ba6b3-f3c3-4a81-97d2-31d434cd67df.mp4"", ""item_id"": 137421149, ""type"": ""video""}, ""aigc_verdict"": {""source"": ""civitai_api"", ""url"": ""https://image.civitai.com/xG1nkqKTMzGDvpLrqFT7WA/ec3ba6b3-f3c3-4a81-97d2-31d434cd67df/original=true/ec3ba6b3-f3c3-4a81-97d2-31d434cd67df.mp4"", ""note"": ""Civitai content is AI-generated by platform definition; type=video confirms video output.""}}"
https://civitai.com/user/dark_schneider,Dark_Schneider,Civitai,needs_manual_check,,"AIGC,Civitai,Video",New,2026-09-17T06:39:23Z,,,Civitai,https://image.civitai.com/xG1nkqKTMzGDvpLrqFT7WA/fa0e1e6b-63c8-4c07-bfd4-1fe46d198f91/original=true/fa0e1e6b-63c8-4c07-bfd4-1fe46d198f91.mp4,yes,2026-07-22T06:23:49Z,civitai_api_discovery:type=video&nsfw=false,"has public SFW video via Civitai API; video_item_id:139046799; stats:{""cryCount"":0,""laughCount"":0,""likeCount"":7,""dislikeCount"":0,""heartCount"":1,""commentCount"":0}",,https://civitai.com/user/Dark_Schneider,"{""video_content"": {""source"": ""civitai_api"", ""url"": ""https://image.civitai.com/xG1nkqKTMzGDvpLrqFT7WA/fa0e1e6b-63c8-4c07-bfd4-1fe46d198f91/original=true/fa0e1e6b-63c8-4c07-bfd4-1fe46d198f91.mp4"", ""item_id"": 139046799, ""type"": ""video""}, ""aigc_verdict"": {""source"": ""civitai_api"", ""url"": ""https://image.civitai.com/xG1nkqKTMzGDvpLrqFT7WA/fa0e1e6b-63c8-4c07-bfd4-1fe46d198f91/original=true/fa0e1e6b-63c8-4c07-bfd4-1fe46d198f91.mp4"", ""note"": ""Civitai content is AI-generated by platform definition; type=video confirms video output.""}}"
https://civitai.com/user/reweik,reweik,Civitai,3.8K,,"AIGC,Civitai,Video",New,2026-09-17T06:39:23Z,,English,Stable Diffusion,https://civitai.com/user/reweik,yes,2026-07-22T06:23:49Z,civitai api existing-row refresh,"Civitai API: models=633; tags=milf, concept, photorealistic, sexy, ani",https://civitai.com/user/reweik/models,,"{""platform"": ""Civitai"", ""username"": ""reweik"", ""model_count"": 633, ""top_tags"": [""milf"", ""concept"", ""photorealistic"", ""sexy"", ""anime""], ""aigc_verdict"": ""yes"", ""ai_reasoning"": ""Rule-based fallback for Civitai creator""}"
https://civitai.com/user/soveryconfused,soveryconfused,Civitai,114,,"AIGC,Civitai,Video",New,2026-09-17T06:39:23Z,,,,https://image.civitai.com/xG1nkqKTMzGDvpLrqFT7WA/7c116eda-58c1-45f5-a6ed-98f727f64020/original=true/7c116eda-58c1-45f5-a6ed-98f727f64020.mp4,yes,2026-07-22T06:23:49Z,civitai_api_refresh:type=video,"has public SFW video via Civitai API; video_item_id:138633353; stats:{""cryCount"":0,""laughCount"":0,""likeCount"":15,""dislikeCount"":0,""heartCount"":3,""commentCount"":1}",,https://civitai.com/user/soveryconfused,"{""video_content"": {""source"": ""civitai_api"", ""url"": ""https://image.civitai.com/xG1nkqKTMzGDvpLrqFT7WA/7c116eda-58c1-45f5-a6ed-98f727f64020/original=true/7c116eda-58c1-45f5-a6ed-98f727f64020.mp4"", ""item_id"": 138633353, ""type"": ""video""}, ""aigc_verdict"": {""source"": ""civitai_api"", ""url"": ""https://image.civitai.com/xG1nkqKTMzGDvpLrqFT7WA/7c116eda-58c1-45f5-a6ed-98f727f64020/original=true/7c116eda-58c1-45f5-a6ed-98f727f64020.mp4"", ""note"": ""Civitai content is AI-generated by platform definition; type=video confirms video output.""}}"
https://civitai.com/user/6vidit9,@6vidit9,Civitai,10.5K,,"AIGC,Civitai,Video,AI video,Krea 2,video",New,2026-09-17T06:43:27Z,,English,LoRA,https://civitai.com/user/6vidit9,yes,2026-07-22T06:23:49Z,Civitai API existing-row refresh,Civitai API: models=3; tags=style,https://civitai.com/user/6vidit9/models,,"{""platform"": ""Civitai"", ""username"": ""6vidit9"", ""model_count"": 3, ""top_tags"": [""style""], ""aigc_verdict"": ""yes"", ""ai_reasoning"": ""First LoRA attempt to produce artistic photography, seeking feedback and improvement""}"
https://civitai.com/user/foxntail,foxntail,Civitai,1.2K,,"AIGC,Civitai,Video",New,2026-09-17T06:43:27Z,,,,https://image.civitai.com/xG1nkqKTMzGDvpLrqFT7WA/84dc147e-240d-4ad9-82da-0d55be3d8a4c/original=true/84dc147e-240d-4ad9-82da-0d55be3d8a4c.mp4,yes,2026-07-22T06:23:49Z,civitai_api_refresh:type=video,"has public SFW video via Civitai API; video_item_id:138795259; stats:{""cryCount"":0,""laughCount"":7,""likeCount"":8,""dislikeCount"":0,""heartCount"":0,""commentCount"":0}",,https://civitai.com/user/foxntail,"{""video_content"": {""source"": ""civitai_api"", ""url"": ""https://image.civitai.com/xG1nkqKTMzGDvpLrqFT7WA/84dc147e-240d-4ad9-82da-0d55be3d8a4c/original=true/84dc147e-240d-4ad9-82da-0d55be3d8a4c.mp4"", ""item_id"": 138795259, ""type"": ""video""}, ""aigc_verdict"": {""source"": ""civitai_api"", ""url"": ""https://image.civitai.com/xG1nkqKTMzGDvpLrqFT7WA/84dc147e-240d-4ad9-82da-0d55be3d8a4c/original=true/84dc147e-240d-4ad9-82da-0d55be3d8a4c.mp4"", ""note"": ""Civitai content is AI-generated by platform definition; type=video confirms video output.""}}"
https://civitai.com/user/coverlevels147,coverlevels147,Civitai,2.4K,,"AIGC,Civitai,video",New,2026-09-17T06:43:27Z,,,Civitai,https://image.civitai.com/xG1nkqKTMzGDvpLrqFT7WA/0c74d792-5703-4db9-a4f0-b91c7180d835/original=true/0c74d792-5703-4db9-a4f0-b91c7180d835.mp4,yes,2026-07-22T06:23:49Z,routine Civitai API refresh,Civitai public REST type=video nsfw=false returned public video items; follower count not exposed by this endpoint.,,https://civitai.com/user/coverlevels147,"{""aigc_verdict"": {""source"": ""civitai_api_type_video"", ""url"": ""https://civitai.com/api/v1/images?username=coverlevels147&type=video&nsfw=false""}, ""sample"": {""source"": ""civitai_api"", ""url"": ""https://image.civitai.com/xG1nkqKTMzGDvpLrqFT7WA/0c74d792-5703-4db9-a4f0-b91c7180d835/original=true/0c74d792-5703-4db9-a4f0-b91c7180d835.mp4""}}"
https://instagram.com/ai_funcorner,@ai_funcorner,Instagram,,,"AIGC,Meta,AI video",New,2026-07-22T10:04:55Z,,,,https://www.instagram.com/ai_funcorner/,unsure,2026-07-22T10:04:55Z,"SearXNG Meta site-scope: ""AI filmmaker"" ""AI video"" site:instagram.com",IG personal/non-business or META_IG_USER_ID unavailable; flagged for seated computer_use pass,,https://www.instagram.com/ai_funcorner/,"{""discovery"":{""source"":""SearXNG site-scope"",""query"":""\""AI filmmaker\"" \""AI video\"" site:instagram.com"",""url"":""https://www.instagram.com/ai_funcorner/"",""why"":""AI Filmmaker l AI Video Creator (@ai_funcorner) - Instagram \u2014 7,336 Followers, 39 Following, 90 Posts - AI Filmmaker l AI Video Creator \ud83c\udfac (@ai_funcorner) on Instagram: \""AI Ads | Reels | Short Films Custom Videos for Brands \ud83d\udce9 DM for Projects & Collabs\""""},""profile"":{""source"":""not_available"",""status"":""no_meta_token""},""aigc_verdict"":{""source"":""not_reviewed_no_computer_use"",""verdict"":""unsure""}}"
https://instagram.com/aiartoriginal,@aiartoriginal,Instagram,,,"AIGC,Meta,AI video",New,2026-07-22T10:04:55Z,,,,https://www.instagram.com/aiartoriginal/,unsure,2026-07-22T10:04:55Z,"SearXNG Meta site-scope: ""AI filmmaker"" ""AI video"" site:instagram.com",IG personal/non-business or META_IG_USER_ID unavailable; flagged for seated computer_use pass,,https://www.instagram.com/aiartoriginal/,"{""discovery"":{""source"":""SearXNG site-scope"",""query"":""\""AI filmmaker\"" \""AI video\"" site:instagram.com"",""url"":""https://www.instagram.com/aiartoriginal/"",""why"":""Imagine, Write and Create (@aiartoriginal) - Instagram \u2014 1,948 Followers, 3,515 Following, 434 Posts - Imagine, Write and Create (@aiartoriginal) on Instagram: \""AI Filmmaker | AI Video Creator | AI Micro Dramas | AI Cinematic Ads | Fast-paced AI Scenes\""""},""profile"":{""source"":""not_available"",""status"":""no_meta_token""},""aigc_verdict"":{""source"":""not_reviewed_no_computer_use"",""verdict"":""unsure""}}"
https://instagram.com/volcano.visuals,@volcano.visuals,Instagram,,,"AIGC,Meta,AI video",New,2026-07-22T10:04:55Z,,,,https://www.instagram.com/volcano.visuals/,unsure,2026-07-22T10:04:55Z,"SearXNG Meta site-scope: ""AI filmmaker"" ""AI video"" site:instagram.com",IG personal/non-business or META_IG_USER_ID unavailable; flagged for seated computer_use pass,,https://www.instagram.com/volcano.visuals/,"{""discovery"":{""source"":""SearXNG site-scope"",""query"":""\""AI filmmaker\"" \""AI video\"" site:instagram.com"",""url"":""https://www.instagram.com/volcano.visuals/"",""why"":""Volkan Erta\u015f | AI Filmmaker (@volcano.visuals) - Instagram \u2014 28 Followers, 59 Following, 4 Posts - Volkan Erta\u015f | AI Filmmaker (@volcano.visuals) on Instagram: \""AI Filmmaker & Worldbuilder Cinematic sci-fi concept art, character design, storyboards and AI video experiments. Building new worlds, fram""},""profile"":{""source"":""not_available"",""status"":""no_meta_token""},""aigc_verdict"":{""source"":""not_reviewed_no_computer_use"",""verdict"":""unsure""}}"
https://instagram.com/ai_flime,@ai_flime,Instagram,,,"AIGC,Meta,AI video",New,2026-07-22T10:04:55Z,,,,https://www.instagram.com/ai_flime/reels/,unsure,2026-07-22T10:04:55Z,"SearXNG Meta site-scope: ""AI filmmaker"" ""AI video"" site:instagram.com",IG personal/non-business or META_IG_USER_ID unavailable; flagged for seated computer_use pass,,https://www.instagram.com/ai_flime/reels/,"{""discovery"":{""source"":""SearXNG site-scope"",""query"":""\""AI filmmaker\"" \""AI video\"" site:instagram.com"",""url"":""https://www.instagram.com/ai_flime/reels/"",""why"":""Ai Films Maker (@ai_flime) \u2022 Instagram photos and videos \u2014 5 Followers, 5 Following, 3 Posts - Ai Films Maker (@ai_flime) on Instagram: \""Ai Filmmaker Ai video creator Generative Ai Art Ai short film\""""},""profile"":{""source"":""not_available"",""status"":""no_meta_token""},""aigc_verdict"":{""source"":""not_reviewed_no_computer_use"",""verdict"":""unsure""}}"
https://reddit.com/user/velkararts,@VelkarArts,Reddit,,,"AIGC,Reddit,AI video",New,2026-08-07T02:14:49Z,,,,https://www.reddit.com/user/VelkarArts/,unsure,2026-07-23T02:18:28Z,"searx ""AI filmmaker"" site:reddit.com/user",snippet references real AI filmmaker/community connection; discovery-only Reddit lead; no keyless profiling API,,https://www.reddit.com/user/VelkarArts/,"{""identity"":{""source"":""searx"",""url"":""https://www.reddit.com/user/VelkarArts/"",""query"":""\""AI filmmaker\"" site:reddit.com/user""},""aigc_verdict"":{""source"":""search_snippet_only"",""verdict"":""unsure"",""reason"":""Reddit has no keyless profiling API in routine; no frame/API review performed""},""why_flagged"":{""title"":""u/VelkarArts - Reddit"",""snippet"":""23 Apr 2026 ... So, if you are a real AI filmmaker doing this out of passion, and you genuinely want to improve, comment below. Let's connect and build our ..."",""reason"":""snippet references real AI filmmaker/community connection""}}"
https://reddit.com/user/writeonsaga,u/WriteOnSaga,Reddit,,,"AIGC,Reddit,AI video",New,2026-07-25T02:14:07Z,,,,https://www.reddit.com/user/WriteOnSaga/,unsure,2026-07-23T02:18:28Z,"searxng: ""AI filmmaker"" site:reddit.com/user",discovery_only; reddit_no_keyless_profile_api; source=search_index; no computer_use,,https://www.reddit.com/user/WriteOnSaga/,"{""discovery"":{""source"":""searxng"",""query"":""\""AI filmmaker\"" site:reddit.com/user"",""url"":""https://www.reddit.com/user/WriteOnSaga/"",""snippet"":""Saga (u/WriteOnSaga) - Reddit \u2014 30 Aug 2023 ... Report. The ultimate power players in Hollywood is...? (AI Filmmaker Tasha Caufield on Writers in a world of Generative AI and Microdramas).""},""profile"":{""source"":""search-index-only"",""note"":""Reddit keyless profiling API unavailable; not profiled""}}"
https://instagram.com/lenoty_ai,@lenoty_ai,Instagram,,,"AIGC,Meta,Discovery",New,2026-07-23T10:25:03Z,,,,,unsure,2026-07-23T10:23:41Z,SearXNG Meta site-scope; source=https://www.instagram.com/lenoty_ai/,routine_meta; needs seated computer_use pass if personal account or Threads/no API; AIGCVerdict from search only => unsure; Graph business_discovery unavailable: META_GRAPH_TOKEN unset; routine filter: obvious brand/tool/event/high-follower/non-creator candidates excluded before CRM,,https://www.instagram.com/lenoty_ai/,"{""discovery"":{""source"":""searxng"",""url"":""https://www.instagram.com/lenoty_ai/"",""why"":""Lenoty|AI Creator (@lenoty_ai) \u2022 Instagram photos and videos \u2014 Kateryna Adams'ka| AI Creator| AI Artist. Kateryna Adams'ka| AI Creator| AI Artist ... generative video, abstract AI visuals \u0432\u0456\u0434\u0435\u043e \u0437\u0433\u0435\u043d\u0435\u0440\u043e\u0432\u0430\u043d\u0435 AI\u00a0...""},""profile_attempt"":{""source"":""meta_graph_business_discovery"",""result"":""unavailable"",""reason"":""META_GRAPH_TOKEN unset""}}"
https://instagram.com/techprophett,@techprophett,Instagram,,,"AIGC,Meta,Discovery",New,2026-07-23T10:25:03Z,,,,,unsure,2026-07-23T10:23:49Z,SearXNG Meta site-scope; source=https://www.instagram.com/techprophett/,routine_meta; needs seated computer_use pass if personal account or Threads/no API; AIGCVerdict from search only => unsure; Graph business_discovery unavailable: META_GRAPH_TOKEN unset; routine filter: obvious brand/tool/event/high-follower/non-creator candidates excluded before CRM,,https://www.instagram.com/techprophett/,"{""discovery"":{""source"":""searxng"",""url"":""https://www.instagram.com/techprophett/"",""why"":""AI Artist \u2022 Creator \u2022 Prompt Engineer (@techprophett) - Instagram \u2014 Techprophett | AI Artist \u2022 Creator \u2022 Prompt Engineer (@techprophett) ... generative video, VFX breakdown, AI creators, film pipeline collapse\u00a0...""},""profile_attempt"":{""source"":""meta_graph_business_discovery"",""result"":""unavailable"",""reason"":""META_GRAPH_TOKEN unset""}}"
https://instagram.com/dvsmethid,@dvsmethid,Instagram,,,"AIGC,Meta,Discovery",New,2026-07-23T10:25:03Z,,,,,unsure,2026-07-23T10:24:02Z,SearXNG Meta site-scope; source=https://www.instagram.com/dvsmethid/,routine_meta; needs seated computer_use pass if personal account or Threads/no API; AIGCVerdict from search only => unsure; Graph business_discovery unavailable: META_GRAPH_TOKEN unset; routine filter: obvious brand/tool/event/high-follower/non-creator candidates excluded before CRM,,https://www.instagram.com/dvsmethid/,"{""discovery"":{""source"":""searxng"",""url"":""https://www.instagram.com/dvsmethid/"",""why"":""Derrick Schultz (@dvsmethid) \u2022 Instagram photos and videos \u2014 Post-AI artist and filmmaker. derrick@bustbright.com for commissions ... Generative Video class, and it starts in a week! We'll cover a bunch of topics\u00a0...""},""profile_attempt"":{""source"":""meta_graph_business_discovery"",""result"":""unavailable"",""reason"":""META_GRAPH_TOKEN unset""}}"
https://threads.net/@menteprompt,@menteprompt,Threads,181500,,"AIGC,Meta,Discovery",New,2026-09-09T06:13:09Z,,English,,https://threads.net/@menteprompt,hybrid,2026-07-23T10:24:25Z,SearXNG Meta site-scope; source=https://www.threads.net/@menteprompt,Threads scrape: followers=181500; language=English,https://threads.net/@menteprompt,https://threads.net/@menteprompt,"{""platform"": ""Threads"", ""profile_url"": ""https://threads.net/@menteprompt"", ""handle"": ""@menteprompt"", ""follower"": {""value"": 181500, ""raw"": ""181.5K"", ""source"": ""og:description"", ""status"": ""found""}, ""email"": {""value"": null, ""source"": null, ""status"": ""not_found""}, ""region"": {""value"": null, ""source"": null, ""evidence"": null, ""status"": ""not_found""}, ""language"": {""value"": ""English"", ""source"": ""bio"", ""confidence"": ""medium"", ""status"": ""found""}, ""ai"": {""primary_tool"": null, ""verdict"": ""hybrid"", ""evidence"": ""Rule-based keyword fallback""}}"
https://threads.net/@ai.academyhk,@ai.academyhk,Threads,13200,ai.academy.hk@gmail.com,"AIGC,Kling,Veo",New,2026-09-09T06:13:15Z,,,ChatGPT,https://threads.net/@ai.academyhk,yes,2026-07-23T14:09:24Z,searxng Kling AI video creator site:threads.net,Threads scrape: followers=13200; email=ai.academy.hk@gmail.com; tool=ChatGPT,https://threads.net/@ai.academyhk,https://threads.net/@ai.academyhk,"{""platform"": ""Threads"", ""profile_url"": ""https://threads.net/@ai.academyhk"", ""handle"": ""@ai.academyhk"", ""follower"": {""value"": 13200, ""raw"": ""13.2K"", ""source"": ""og:description"", ""status"": ""found""}, ""email"": {""value"": ""ai.academy.hk@gmail.com"", ""source"": ""bio"", ""status"": ""found""}, ""region"": {""value"": null, ""source"": null, ""evidence"": null, ""status"": ""not_found""}, ""language"": {""value"": null, ""source"": null, ""status"": ""insufficient_evidence""}, ""ai"": {""primary_tool"": ""ChatGPT"", ""verdict"": ""yes"", ""evidence"": ""Rule-based keyword fallback""}}"
https://threads.net/@digitalartsensei,@digitalartsensei,Threads,60400,,"AIGC,search-index,Kling",New,2026-09-09T06:13:22Z,,English,Leonardo AI,https://threads.net/@digitalartsensei,yes,2026-07-23T14:09:24Z,SearXNG site:threads.net Kling AI video creator,Threads scrape: followers=60400; language=English; tool=Leonardo AI,https://threads.net/@digitalartsensei,https://threads.net/@digitalartsensei,"{""platform"": ""Threads"", ""profile_url"": ""https://threads.net/@digitalartsensei"", ""handle"": ""@digitalartsensei"", ""follower"": {""value"": 60400, ""raw"": ""60.4K"", ""source"": ""og:description"", ""status"": ""found""}, ""email"": {""value"": null, ""source"": null, ""status"": ""not_found""}, ""region"": {""value"": null, ""source"": null, ""evidence"": null, ""status"": ""not_found""}, ""language"": {""value"": ""English"", ""source"": ""bio"", ""confidence"": ""medium"", ""status"": ""found""}, ""ai"": {""primary_tool"": ""Leonardo AI"", ""verdict"": ""yes"", ""evidence"": ""Rule-based keyword fallback""}}"
https://threads.net/@dika_yanuar,@dika_yanuar,Threads,1600,,"AIGC,Kling",New,2026-09-09T06:13:29Z,,English,Kling,https://threads.net/@dika_yanuar,hybrid,2026-07-23T14:09:24Z,searxng Kling AI video creator site:threads.net,Threads scrape: followers=1600; language=English,https://threads.net/@dika_yanuar,https://threads.net/@dika_yanuar,"{""platform"": ""Threads"", ""profile_url"": ""https://threads.net/@dika_yanuar"", ""handle"": ""@dika_yanuar"", ""follower"": {""value"": 1600, ""raw"": ""1.6K"", ""source"": ""og:description"", ""status"": ""found""}, ""email"": {""value"": null, ""source"": null, ""status"": ""not_found""}, ""region"": {""value"": null, ""source"": null, ""evidence"": null, ""status"": ""not_found""}, ""language"": {""value"": ""English"", ""source"": ""bio"", ""confidence"": ""medium"", ""status"": ""found""}, ""ai"": {""primary_tool"": null, ""verdict"": ""hybrid"", ""evidence"": ""Rule-based keyword fallback""}}"
https://threads.net/@do.aiworks,@do.aiworks,Threads,3500,,"AIGC,Kling",New,2026-09-09T06:13:36Z,,English,Kling,https://threads.net/@do.aiworks,yes,2026-07-23T14:09:24Z,searxng Kling AI video creator site:threads.net,Threads scrape: followers=3500; language=English,https://threads.net/@do.aiworks,https://threads.net/@do.aiworks,"{""platform"": ""Threads"", ""profile_url"": ""https://threads.net/@do.aiworks"", ""handle"": ""@do.aiworks"", ""follower"": {""value"": 3500, ""raw"": ""3.5K"", ""source"": ""og:description"", ""status"": ""found""}, ""email"": {""value"": null, ""source"": null, ""status"": ""not_found""}, ""region"": {""value"": null, ""source"": null, ""evidence"": null, ""status"": ""not_found""}, ""language"": {""value"": ""English"", ""source"": ""bio"", ""confidence"": ""medium"", ""status"": ""found""}, ""ai"": {""primary_tool"": null, ""verdict"": ""yes"", ""evidence"": ""Rule-based keyword fallback""}}"
https://threads.net/@donniepai,@donniepai,Threads,6000,,"AIGC,Kling",New,2026-09-09T06:13:46Z,,Traditional Chinese,Next-Frame.ai,https://threads.net/@donniepai,yes,2026-07-23T14:09:24Z,searxng Kling AI video creator site:threads.net,Threads scrape: followers=6000; language=Traditional Chinese; tool=Next-Frame.ai,https://threads.net/@donniepai,https://threads.net/@donniepai,"{""platform"": ""Threads"", ""profile_url"": ""https://threads.net/@donniepai"", ""handle"": ""@donniepai"", ""follower"": {""value"": 6000, ""raw"": ""6.0K"", ""source"": ""og:description"", ""status"": ""found""}, ""email"": {""value"": null, ""source"": null, ""status"": ""not_found""}, ""region"": {""value"": null, ""source"": null, ""evidence"": null, ""status"": ""not_found""}, ""language"": {""value"": ""Traditional Chinese"", ""source"": ""bio"", ""confidence"": ""high"", ""status"": ""found""}, ""ai"": {""primary_tool"": ""Next-Frame.ai"", ""verdict"": ""yes"", ""evidence"": ""Rule-based keyword fallback""}}"
https://threads.net/@heysirio,@heysirio,Threads,33600,,"AIGC,Threads,discovery-only,Z-Image,Enhancor",New,2026-09-09T06:13:52Z,,English,Sora,https://threads.net/@heysirio,yes,2026-07-23T14:09:24Z,off-platform sweep Threads (https://www.threads.net/@heysirio),Threads scrape: followers=33600; language=English,https://threads.net/@heysirio,https://threads.net/@heysirio,"{""platform"": ""Threads"", ""profile_url"": ""https://threads.net/@heysirio"", ""handle"": ""@heysirio"", ""follower"": {""value"": 33600, ""raw"": ""33.6K"", ""source"": ""og:description"", ""status"": ""found""}, ""email"": {""value"": null, ""source"": null, ""status"": ""not_found""}, ""region"": {""value"": null, ""source"": null, ""evidence"": null, ""status"": ""not_found""}, ""language"": {""value"": ""English"", ""source"": ""bio"", ""confidence"": ""medium"", ""status"": ""found""}, ""ai"": {""primary_tool"": null, ""verdict"": ""yes"", ""evidence"": ""Rule-based keyword fallback""}}"
https://threads.net/@indraaziz,@indraaziz,Threads,47000,,"AIGC,Kling,needs_computer_use",New,2026-09-09T06:13:59Z,,English,Kling,https://threads.net/@indraaziz,hybrid,2026-07-23T14:09:24Z,SearXNG Meta site-scope: Kling generative video creator site:threads.net,Threads scrape: followers=47000; language=English,https://threads.net/@indraaziz,https://threads.net/@indraaziz,"{""platform"": ""Threads"", ""profile_url"": ""https://threads.net/@indraaziz"", ""handle"": ""@indraaziz"", ""follower"": {""value"": 47000, ""raw"": ""47.0K"", ""source"": ""og:description"", ""status"": ""found""}, ""email"": {""value"": null, ""source"": null, ""status"": ""not_found""}, ""region"": {""value"": null, ""source"": null, ""evidence"": null, ""status"": ""not_found""}, ""language"": {""value"": ""English"", ""source"": ""bio"", ""confidence"": ""medium"", ""status"": ""found""}, ""ai"": {""primary_tool"": null, ""verdict"": ""hybrid"", ""evidence"": ""Rule-based keyword fallback""}}"
https://threads.net/@lpj_gamingtech,@lpj_gamingtech,Threads,2000,,"AIGC,Kling",New,2026-09-09T06:14:05Z,,,Kling,https://threads.net/@lpj_gamingtech,hybrid,2026-07-23T14:09:24Z,searxng Kling AI video creator site:threads.net,Threads scrape: followers=2000,https://threads.net/@lpj_gamingtech,https://threads.net/@lpj_gamingtech,"{""platform"": ""Threads"", ""profile_url"": ""https://threads.net/@lpj_gamingtech"", ""handle"": ""@lpj_gamingtech"", ""follower"": {""value"": 2000, ""raw"": ""2.0K"", ""source"": ""og:description"", ""status"": ""found""}, ""email"": {""value"": null, ""source"": null, ""status"": ""not_found""}, ""region"": {""value"": null, ""source"": null, ""evidence"": null, ""status"": ""not_found""}, ""language"": {""value"": null, ""source"": null, ""status"": ""insufficient_evidence""}, ""ai"": {""primary_tool"": null, ""verdict"": ""hybrid"", ""evidence"": ""Rule-based keyword fallback""}}"
https://threads.net/@windsjin,@windsjin,Threads,1400,windsjin@gmail.com,"AIGC,Kling",New,2026-09-09T06:14:13Z,,Korean,Kling,https://threads.net/@windsjin,yes,2026-07-23T14:09:24Z,searxng Kling AI video creator site:threads.net,Threads scrape: followers=1400; email=windsjin@gmail.com; language=Korean; tool=Kling,https://threads.net/@windsjin,https://threads.net/@windsjin,"{""platform"": ""Threads"", ""profile_url"": ""https://threads.net/@windsjin"", ""handle"": ""@windsjin"", ""follower"": {""value"": 1400, ""raw"": ""1.4K"", ""source"": ""og:description"", ""status"": ""found""}, ""email"": {""value"": ""windsjin@gmail.com"", ""source"": ""bio"", ""status"": ""found""}, ""region"": {""value"": null, ""source"": null, ""evidence"": null, ""status"": ""not_found""}, ""language"": {""value"": ""Korean"", ""source"": ""bio"", ""confidence"": ""high"", ""status"": ""found""}, ""ai"": {""primary_tool"": ""Kling"", ""verdict"": ""yes"", ""evidence"": ""Rule-based keyword fallback""}}"
https://vimeo.com/martingent,@martingent,Vimeo,116,,"AIGC,Vimeo,discovery-only,Sora",New,2026-08-13T14:19:01Z,"London, UK",,Sora,https://vimeo.com/martingent,unsure,2026-07-23T14:09:24Z,off-platform sweep Vimeo (https://vimeo.com/martingent),discovery-only lead; no API follower count in this sweep; AIGC not inferred from snippet,,https://vimeo.com/martingent,"{""discovery"":{""source"":""https://vimeo.com/martingent"",""why_flagged"":""Martin Gent - Vimeo — I am an award winning short-form director and editor with extensive experience ... Sora woman in a bright red dress. Mar 2024. 01:59. 'Bugged' AI Animated Short.""},""aigc_verdict"":{""source"":""search_index_snippet_only"",""verdict"":""unsure""},""follower_count"":{""source"":""not_obtained_in_offplatform_sweep"",""value"":""""}}"
https://vimeo.com/monstruopeludo,FREDDY CHÁVEZ OLMOS,Vimeo,292,,"AIGC,Vimeo,API,Pika",New,2026-08-08T06:34:38Z,"Vancouver, BC, Canada",,Pika,https://vimeo.com/1216507618,unsure,2026-07-23T14:09:24Z,vimeo_api_refresh,API-only Vimeo refresh/discovery; visual AIGC review not performed in routine lane; sole_or_small: unknown,,http://www.freddychavezolmos.com,"{""follower_count"":{""source"":""vimeo_api"",""url"":""https://api.vimeo.com/users/2646185""},""profile"":{""source"":""vimeo_api"",""url"":""https://vimeo.com/monstruopeludo""},""aigc_verdict"":{""source"":""api_text_only"",""url"":""https://vimeo.com/1216507618"",""note"":""Routine API lane does not infer visual verdict; left unsure unless already reviewed.""}}"
https://reddit.com/user/filmcrux,u/filmcrux,Reddit,,,"AIGC,Reddit",New,2026-07-30T02:16:51Z,,,,https://www.reddit.com/user/filmcrux/,unsure,2026-07-24T02:16:13Z,searxng AI filmmaker site:reddit.com/user,reddit_discovery_only; no keyless profiling API; follower_count_empty; source_snippet_flagged: FILM CRUX (u/filmcrux) - Reddit,,https://www.reddit.com/user/filmcrux/,"{""discovery"":{""source"":""searxng"",""query"":""AI filmmaker site:reddit.com/user"",""url"":""https://www.reddit.com/user/filmcrux/""},""aigc_verdict"":{""source"":""search_snippet_only"",""verdict"":""unsure"",""reason"":""Reddit has no keyless profiling API in this workflow; not inferred from text""}}"
https://civitai.com/user/akilora,akilora,Civitai,875,,"AIGC,Civitai,video",New,2026-09-17T06:43:27Z,,,Civitai,https://civitai.com/posts/29961215,yes,2026-07-24T06:24:18Z,Civitai API refresh,"sole_or_small: unknown; video_item_id:137621468; stats:{""cryCount"":0,""laughCount"":0,""likeCount"":18,""dislikeCount"":0,""heartCount"":9,""commentCount"":0}",,https://civitai.com/user/akilora,"{""aigc_verdict"": {""source"": ""civitai_api_type_video"", ""url"": ""https://civitai.com/posts/29961215"", ""note"": ""Civitai public REST returned SFW item with type=video; platform content is AI-generated by definition.""}, ""video_content"": {""source"": ""civitai_api"", ""url"": ""https://civitai.com/posts/29961215"", ""item_id"": 137621468}}"
https://civitai.com/user/hichuicomfy,hichuicomfy,Civitai,45,,"AIGC,Civitai,Video",New,2026-09-17T06:43:27Z,,,,https://image.civitai.com/xG1nkqKTMzGDvpLrqFT7WA/eeb642fa-d6eb-4bee-9689-b8b06dd41ddd/original=true/eeb642fa-d6eb-4bee-9689-b8b06dd41ddd.mp4,yes,2026-07-24T06:24:18Z,civitai_api_refresh:type=video,"has public SFW video via Civitai API; video_item_id:138985116; stats:{""cryCount"":1,""laughCount"":1,""likeCount"":26,""dislikeCount"":0,""heartCount"":7,""commentCount"":0}",,https://civitai.com/user/hichuicomfy,"{""video_content"": {""source"": ""civitai_api"", ""url"": ""https://image.civitai.com/xG1nkqKTMzGDvpLrqFT7WA/eeb642fa-d6eb-4bee-9689-b8b06dd41ddd/original=true/eeb642fa-d6eb-4bee-9689-b8b06dd41ddd.mp4"", ""item_id"": 138985116, ""type"": ""video""}, ""aigc_verdict"": {""source"": ""civitai_api"", ""url"": ""https://image.civitai.com/xG1nkqKTMzGDvpLrqFT7WA/eeb642fa-d6eb-4bee-9689-b8b06dd41ddd/original=true/eeb642fa-d6eb-4bee-9689-b8b06dd41ddd.mp4"", ""note"": ""Civitai content is AI-generated by platform definition; type=video confirms video output.""}}"
https://civitai.com/user/simiancopulation,simiancopulation,Civitai,,,"AIGC,Civitai,video",New,2026-08-06T06:19:00Z,,,Civitai,https://civitai.com/posts/29897758,yes,2026-07-24T06:24:18Z,Civitai API /images type=video newest,"sole_or_small: unknown; video_item_id:137302351; stats:{""cryCount"":0,""laughCount"":0,""likeCount"":3,""dislikeCount"":0,""heartCount"":1,""commentCount"":0}",,https://civitai.com/user/simiancopulation,"{""aigc_verdict"": {""source"": ""civitai_api_type_video"", ""url"": ""https://civitai.com/posts/29897758"", ""note"": ""Civitai public REST returned SFW item with type=video; platform content is AI-generated by definition.""}, ""video_content"": {""source"": ""civitai_api"", ""url"": ""https://civitai.com/posts/29897758"", ""item_id"": 137302351}}"
https://civitai.com/user/miaoka,miaoka,Civitai,,,"AIGC,Civitai,video,Anima",New,2026-08-10T06:27:40Z,,,Anima,https://image.civitai.com/xG1nkqKTMzGDvpLrqFT7WA/d88ee926-ca34-4b53-9847-7081644404c0/original=true/d88ee926-ca34-4b53-9847-7081644404c0.mp4,yes,2026-07-24T06:24:18Z,Civitai API refresh,public_sfw_video_items: 10,,https://civitai.com/user/miaoka,"{""video_content"": {""source"": ""civitai_images_api"", ""url"": ""https://civitai.com/api/v1/images"", ""items"": 10, ""type"": ""video"", ""nsfw"": false}, ""aigc_verdict"": {""source"": ""civitai_video_api"", ""url"": ""https://image.civitai.com/xG1nkqKTMzGDvpLrqFT7WA/d88ee926-ca34-4b53-9847-7081644404c0/original=true/d88ee926-ca34-4b53-9847-7081644404c0.mp4"", ""note"": ""Civitai public video item confirms AI-generated video output""}}"
https://youtube.com/@wiesetechnology,@wiesetechnology,YouTube,2540,not exposed,"AIGC,YouTube,small-creator",New,2026-09-03T08:00:34Z,,en,GenAI,https://www.youtube.com/@wiesetechnology/videos,yes,2026-07-24T18:04:59Z,YouTube routine exact API refresh,api_refresh: YouTube subscribers=2540; videos=3; channelId=UCU_w1uWRVxF5mp25FMwjy5g; recent_title=WieseTechnology - Videos,https://www.youtube.com/feeds/videos.xml?channel_id=UCU_w1uWRVxF5mp25FMwjy5g,https://youtube.com/@wiesetechnology/about,"{""follower_count"": {""source"": ""yt-dlp.channel_info"", ""channelId"": ""UCU_w1uWRVxF5mp25FMwjy5g"", ""profileUrl"": ""https://youtube.com/@wiesetechnology""}, ""bio"": {""source"": ""yt-dlp.channel_description"", ""channel_id"": ""UCU_w1uWRVxF5mp25FMwjy5g"", ""preview"": ""Keeping you up-to-date on the latest technology innovations in a beginner-friendly way.\n\nI mainly fo""}, ""aigc_verdict"": {""source"": ""ollama.llama3.2"", ""verdict"": ""yes"", ""details"": ""Rule-based keyword extraction fallback""}, ""recent_uploads"": {""sample"": ""https://www.youtube.com/@wiesetechnology/videos"", ""sample_title"": ""WieseTechnology - Videos""}}"
https://youtube.com/@gatepix,@gatepix,YouTube,1820,contact@cunidoo.com,"AIGC,YouTube,small-creator",New,2026-09-03T08:00:34Z,,en,GenAI,https://www.youtube.com/watch?v=_X5eY91RCA0,yes,2026-07-24T18:04:59Z,YouTube routine exact API refresh,api_refresh: YouTube subscribers=1820; videos=None; channelId=UCpVHJhg8IOacm3KM8a4BLfw; recent_title=Echoes of the Deep: An AI Short Film,https://www.youtube.com/feeds/videos.xml?channel_id=UCpVHJhg8IOacm3KM8a4BLfw,https://youtube.com/@gatepix/about,"{""follower_count"": {""source"": ""yt-dlp.channel_info"", ""channelId"": ""UCpVHJhg8IOacm3KM8a4BLfw"", ""profileUrl"": ""https://youtube.com/@gatepix""}, ""bio"": {""source"": ""yt-dlp.channel_description"", ""channel_id"": ""UCpVHJhg8IOacm3KM8a4BLfw"", ""preview"": ""Explore the Future | AI-generated Sci-Fi Short Movies\n\nWelcome to GatePix \nOn this channel, we showc""}, ""aigc_verdict"": {""source"": ""ollama.llama3.2"", ""verdict"": ""yes"", ""details"": ""Rule-based keyword extraction fallback""}, ""recent_uploads"": {""sample"": ""https://www.youtube.com/watch?v=_X5eY91RCA0"", ""sample_title"": ""Echoes of the Deep: An AI Short Film""}}"
https://youtube.com/@sgrulez_art,@sgrulez_art,YouTube,530,not exposed,"AIGC,YouTube,Runway,small-creator",New,2026-09-03T08:00:34Z,,en,GenAI,https://www.youtube.com/@sgrulez_art/videos,yes,2026-07-24T18:04:59Z,YouTube routine exact API refresh,api_refresh: YouTube subscribers=530; videos=3; channelId=UCrJhXR_tF2IVJJBpg-44Spw; recent_title=SGRuLeZ | AI Films & Virtual Production - Videos,https://www.youtube.com/feeds/videos.xml?channel_id=UCrJhXR_tF2IVJJBpg-44Spw,https://youtube.com/@sgrulez_art/about,"{""follower_count"": {""source"": ""yt-dlp.channel_info"", ""channelId"": ""UCrJhXR_tF2IVJJBpg-44Spw"", ""profileUrl"": ""https://youtube.com/@sgrulez_art""}, ""bio"": {""source"": ""yt-dlp.channel_description"", ""channel_id"": ""UCrJhXR_tF2IVJJBpg-44Spw"", ""preview"": ""Welcome to a showcase of innovative AI-crafted short films and cinematic storytelling. This channel ""}, ""aigc_verdict"": {""source"": ""ollama.llama3.2"", ""verdict"": ""yes"", ""details"": ""Rule-based keyword extraction fallback""}, ""recent_uploads"": {""sample"": ""https://www.youtube.com/@sgrulez_art/videos"", ""sample_title"": ""SGRuLeZ | AI Films & Virtual Production - Videos""}}"
https://youtube.com/@digitaleffectsai,@digitaleffectsai,YouTube,179,not exposed,"AIGC,YouTube,Pika,Runway,small-creator",New,2026-09-03T08:00:34Z,,en,GenAI,https://www.youtube.com/@digitaleffectsai/videos,yes,2026-07-24T18:04:59Z,YouTube routine exact API refresh,api_refresh: YouTube subscribers=179; videos=2; channelId=UCRv392G_O23YOlmWqxjToAg; recent_title=DigitalEffectsAI - Videos,https://www.youtube.com/feeds/videos.xml?channel_id=UCRv392G_O23YOlmWqxjToAg,https://youtube.com/@digitaleffectsai/about,"{""follower_count"": {""source"": ""yt-dlp.channel_info"", ""channelId"": ""UCRv392G_O23YOlmWqxjToAg"", ""profileUrl"": ""https://youtube.com/@digitaleffectsai""}, ""bio"": {""source"": ""yt-dlp.channel_description"", ""channel_id"": ""UCRv392G_O23YOlmWqxjToAg"", ""preview"": ""Your go to channel for navigating AI tools, news, and innovations\nplease subscribe for more news and""}, ""aigc_verdict"": {""source"": ""ollama.llama3.2"", ""verdict"": ""yes"", ""details"": ""Rule-based keyword extraction fallback""}, ""recent_uploads"": {""sample"": ""https://www.youtube.com/@digitaleffectsai/videos"", ""sample_title"": ""DigitalEffectsAI - Videos""}}"
https://youtube.com/@evolvewithai2863,@evolvewithai2863,YouTube,6450,not exposed,"AIGC,YouTube,small-creator",New,2026-09-03T08:00:34Z,,en,GenAI,https://www.youtube.com/@evolvewithai2863/videos,yes,2026-07-24T18:04:59Z,YouTube routine exact API refresh,api_refresh: YouTube subscribers=6450; videos=2; channelId=UC7kpQA64vGFV6Xf9NwgrDeA; recent_title=Evolve With Maze - Videos,https://www.youtube.com/feeds/videos.xml?channel_id=UC7kpQA64vGFV6Xf9NwgrDeA,https://youtube.com/@evolvewithai2863/about,"{""follower_count"": {""source"": ""yt-dlp.channel_info"", ""channelId"": ""UC7kpQA64vGFV6Xf9NwgrDeA"", ""profileUrl"": ""https://youtube.com/@evolvewithai2863""}, ""bio"": {""source"": ""yt-dlp.channel_description"", ""channel_id"": ""UC7kpQA64vGFV6Xf9NwgrDeA"", ""preview"": ""Welcome to my channel . Evolve with AI is all about the creative use of Artificial Intelligence so t""}, ""aigc_verdict"": {""source"": ""ollama.llama3.2"", ""verdict"": ""yes"", ""details"": ""Rule-based keyword extraction fallback""}, ""recent_uploads"": {""sample"": ""https://www.youtube.com/@evolvewithai2863/videos"", ""sample_title"": ""Evolve With Maze - Videos""}}"
https://youtube.com/@jorosensei,@jorosensei,YouTube,976,not exposed,"AIGC,YouTube,Sora,small-creator",New,2026-09-03T08:00:34Z,,en,GenAI,https://www.youtube.com/watch?v=SEvzI3ZsXjk,yes,2026-07-24T18:04:59Z,YouTube routine exact API refresh,api_refresh: YouTube subscribers=976; videos=None; channelId=UCRbJg2hjZOFGNE-Lo4ILlTg; recent_title=Create UNLIMITED AI Images And Videos In Bulk(100% free),https://www.youtube.com/feeds/videos.xml?channel_id=UCRbJg2hjZOFGNE-Lo4ILlTg,https://youtube.com/@jorosensei/about,"{""follower_count"": {""source"": ""yt-dlp.channel_info"", ""channelId"": ""UCRbJg2hjZOFGNE-Lo4ILlTg"", ""profileUrl"": ""https://youtube.com/@jorosensei""}, ""bio"": {""source"": ""yt-dlp.channel_description"", ""channel_id"": ""UCRbJg2hjZOFGNE-Lo4ILlTg"", ""preview"": ""\""Obsessed with AI\""""}, ""aigc_verdict"": {""source"": ""ollama.llama3.2"", ""verdict"": ""yes"", ""details"": ""Rule-based keyword extraction fallback""}, ""recent_uploads"": {""sample"": ""https://www.youtube.com/watch?v=SEvzI3ZsXjk"", ""sample_title"": ""Create UNLIMITED AI Images And Videos In Bulk(100% free)""}}"
https://youtube.com/@aitechrealm,@aitechrealm,YouTube,9220,not exposed,"AIGC,YouTube,Kling,small-creator",New,2026-09-03T08:00:34Z,,en,GenAI,https://www.youtube.com/@aitechrealm/videos,yes,2026-07-24T18:04:59Z,YouTube routine exact API refresh,api_refresh: YouTube subscribers=9220; videos=3; channelId=UCwrNeyDBwU2N2njuG-detgQ; recent_title=Ai Tech Realm - Videos,https://www.youtube.com/feeds/videos.xml?channel_id=UCwrNeyDBwU2N2njuG-detgQ,https://youtube.com/@aitechrealm/about,"{""follower_count"": {""source"": ""yt-dlp.channel_info"", ""channelId"": ""UCwrNeyDBwU2N2njuG-detgQ"", ""profileUrl"": ""https://youtube.com/@aitechrealm""}, ""bio"": {""source"": ""yt-dlp.channel_description"", ""channel_id"": ""UCwrNeyDBwU2N2njuG-detgQ"", ""preview"": ""Dani \ud83c\udde6\ud83c\uddfa User of Ai Tools\n""}, ""aigc_verdict"": {""source"": ""ollama.llama3.2"", ""verdict"": ""yes"", ""details"": ""Rule-based keyword extraction fallback""}, ""recent_uploads"": {""sample"": ""https://www.youtube.com/@aitechrealm/videos"", ""sample_title"": ""Ai Tech Realm - Videos""}}"
https://reddit.com/user/icymanufacturer6651,u/IcyManufacturer6651,Reddit,,,"AIGC,Reddit,AI video",New,2026-08-05T02:12:42Z,,,,https://www.reddit.com/user/IcyManufacturer6651/,unsure,2026-07-25T02:14:07Z,"SearXNG ""AI filmmaker"" site:reddit.com/user",Reddit discovery-only; follower_count unavailable without OAuth/API; AIGC not inferred from snippet,,https://www.reddit.com/user/IcyManufacturer6651/,"{""discovery"":{""source"":""SearXNG"",""query"":""\""AI filmmaker\"" site:reddit.com/user"",""url"":""https://www.reddit.com/user/IcyManufacturer6651/"",""snippet"":""12 Feb 2023 ... I am an AI filmmaker passionate about creating cinematic stories that combine emotion, character, and imagination.""},""aigc_verdict"":{""source"":""search snippet only; no Reddit keyless profiling API in routine"",""verdict"":""unsure""}}"
https://vimeo.com/aturi,Adrián Vicén,Vimeo,14,,"AIGC,Vimeo",New,2026-08-10T06:27:40Z,"Madrid, España",,Runway,https://vimeo.com/1215398895,unsure,2026-07-25T06:21:04Z,Vimeo API refresh,videos_total: 47,,https://www.instagram.com/_aturi/,"{""follower_count"":{""source"":""vimeo_api"",""url"":""https://api.vimeo.com/users/aturi""},""profile"":{""source"":""vimeo_api"",""url"":""https://vimeo.com/aturi""},""aigc_verdict"":{""source"":""api_search_metadata"",""url"":""https://vimeo.com/aturi"",""note"":""API search/profile only; visual frame review not performed in this routine lane""}}"
https://vimeo.com/user204756111,YZA Voku,Vimeo,58,,"AIGC,Vimeo,API",New,2026-08-08T06:34:38Z,"Madrid, España",,Runway,https://vimeo.com/1207455031,unsure,2026-07-25T06:21:04Z,vimeo_api_refresh,API-only Vimeo refresh/discovery; visual AIGC review not performed in routine lane; sole_or_small: unknown,,https://yzavoku.com,"{""follower_count"":{""source"":""vimeo_api"",""url"":""https://api.vimeo.com/users/204756111""},""profile"":{""source"":""vimeo_api"",""url"":""https://vimeo.com/user204756111""},""aigc_verdict"":{""source"":""api_text_only"",""url"":""https://vimeo.com/1207455031"",""note"":""Routine API lane does not infer visual verdict; left unsure unless already reviewed.""}}"
https://vimeo.com/user133606228,EricArgiro,Vimeo,3,,"AIGC,Vimeo,Runway",New,2026-08-10T06:27:40Z,,,Runway,https://vimeo.com/1116425695,unsure,2026-07-25T06:21:04Z,Vimeo API /videos search: kling ai short film,videos_total: 178,,https://vimeo.com/user133606228,"{""follower_count"":{""source"":""vimeo_api"",""url"":""https://api.vimeo.com/users/133606228""},""profile"":{""source"":""vimeo_api"",""url"":""https://vimeo.com/user133606228""},""aigc_verdict"":{""source"":""api_search_metadata"",""url"":""https://vimeo.com/1116425695"",""note"":""API search/profile only; visual frame review not performed in this routine lane""}}"
https://vimeo.com/user236722153,QIYU LIU,Vimeo,0,,"AIGC,Vimeo,API",New,2026-08-08T06:34:38Z,,,Runway,https://vimeo.com/1199716054,unsure,2026-07-25T06:21:04Z,vimeo_api_refresh,API-only Vimeo refresh/discovery; visual AIGC review not performed in routine lane; sole_or_small: unknown,,https://vimeo.com/user236722153,"{""follower_count"":{""source"":""vimeo_api"",""url"":""https://api.vimeo.com/users/236722153""},""profile"":{""source"":""vimeo_api"",""url"":""https://vimeo.com/user236722153""},""aigc_verdict"":{""source"":""api_text_only"",""url"":""https://vimeo.com/1199716054"",""note"":""Routine API lane does not infer visual verdict; left unsure unless already reviewed.""}}"
https://vimeo.com/animwood,Animwood.com,Vimeo,1191,,"AIGC,Vimeo",New,2026-08-10T06:27:40Z,"Kraków, Poland",,,https://vimeo.com/1193199103,unsure,2026-07-25T06:21:04Z,Vimeo API refresh,videos_total: 48,,http://animwood.com/,"{""follower_count"":{""source"":""vimeo_api"",""url"":""https://api.vimeo.com/users/animwood""},""profile"":{""source"":""vimeo_api"",""url"":""https://vimeo.com/animwood""},""aigc_verdict"":{""source"":""api_search_metadata"",""url"":""https://vimeo.com/animwood"",""note"":""API search/profile only; visual frame review not performed in this routine lane""}}"
https://vimeo.com/user241307638,user241307638,Vimeo,8,,"AIGC,Vimeo",New,2026-08-10T06:27:40Z,,,,https://vimeo.com/1088393694,unsure,2026-07-25T06:21:04Z,Vimeo API refresh,videos_total: 1,,https://vimeo.com/user241307638,"{""follower_count"":{""source"":""vimeo_api"",""url"":""https://api.vimeo.com/users/user241307638""},""profile"":{""source"":""vimeo_api"",""url"":""https://vimeo.com/user241307638""},""aigc_verdict"":{""source"":""api_search_metadata"",""url"":""https://vimeo.com/user241307638"",""note"":""API search/profile only; visual frame review not performed in this routine lane""}}"
https://vimeo.com/spicybananacreations,Spicy Banana,Vimeo,121,,"AIGC,Vimeo,API",New,2026-08-08T06:34:38Z,,,,https://vimeo.com/1204474035,unsure,2026-07-25T06:21:04Z,vimeo_api_refresh,API-only Vimeo refresh/discovery; visual AIGC review not performed in routine lane; sole_or_small: unknown,,https://www.spicy-banana.com,"{""follower_count"":{""source"":""vimeo_api"",""url"":""https://api.vimeo.com/users/83807581""},""profile"":{""source"":""vimeo_api"",""url"":""https://vimeo.com/spicybananacreations""},""aigc_verdict"":{""source"":""api_text_only"",""url"":""https://vimeo.com/1204474035"",""note"":""Routine API lane does not infer visual verdict; left unsure unless already reviewed.""}}"
https://vimeo.com/user18773085,Hanabi Adachi,Vimeo,10,,"AIGC,Vimeo,API",New,2026-08-08T06:34:38Z,,,,https://vimeo.com/1193582640,unsure,2026-07-25T06:21:04Z,vimeo_api_refresh,API-only Vimeo refresh/discovery; visual AIGC review not performed in routine lane; sole_or_small: unknown,,https://vimeo.com/user18773085,"{""follower_count"":{""source"":""vimeo_api"",""url"":""https://api.vimeo.com/users/18773085""},""profile"":{""source"":""vimeo_api"",""url"":""https://vimeo.com/user18773085""},""aigc_verdict"":{""source"":""api_text_only"",""url"":""https://vimeo.com/1193582640"",""note"":""Routine API lane does not infer visual verdict; left unsure unless already reviewed.""}}"
https://civitai.com/user/gamergtv2,@GamerGTV2,Civitai,,,"AIGC,AI video,Civitai",New,2026-08-03T06:14:20Z,,,Civitai,https://image.civitai.com/xG1nkqKTMzGDvpLrqFT7WA/4662b932-e494-481b-9ba2-52b6cb457007/original=true/4662b932-e494-481b-9ba2-52b6cb457007.mp4,yes,2026-07-25T06:21:04Z,civitai_api_discovery:type=video,routine_api_lane; has_public_sfw_video: yes; sole_or_small: unknown,,https://civitai.com/user/GamerGTV2,"{""aigc_verdict"": {""source"": ""civitai_api_type_video"", ""url"": ""https://image.civitai.com/xG1nkqKTMzGDvpLrqFT7WA/4662b932-e494-481b-9ba2-52b6cb457007/original=true/4662b932-e494-481b-9ba2-52b6cb457007.mp4"", ""note"": ""Civitai public video item, nsfw=false""}, ""video_content"": {""source"": ""civitai_api"", ""url"": ""https://image.civitai.com/xG1nkqKTMzGDvpLrqFT7WA/4662b932-e494-481b-9ba2-52b6cb457007/original=true/4662b932-e494-481b-9ba2-52b6cb457007.mp4""}}"
https://civitai.com/user/alexds9,@alexds9,Civitai,,,"AIGC,Civitai,AI video,Illustrious,video",New,2026-08-27T06:03:52Z,,English,Stable Diffusion,https://civitai.com/user/alexds9,yes,2026-07-25T06:21:04Z,Civitai API existing-row refresh,"Civitai API: models=425; tags=style art, cute girls, toon, comic art s",https://civitai.com/user/alexds9/models,,"{""platform"": ""Civitai"", ""username"": ""alexds9"", ""model_count"": 425, ""top_tags"": [""style art"", ""cute girls"", ""toon"", ""comic art style"", ""sexy""], ""aigc_verdict"": ""yes"", ""ai_reasoning"": ""Rule-based fallback for Civitai creator""}"
https://civitai.com/user/supremokaiosama,supremokaiosama,Civitai,,,"AIGC,Civitai,Video",New,2026-08-08T06:34:38Z,,,,https://image.civitai.com/xG1nkqKTMzGDvpLrqFT7WA/f2922106-70c4-4248-9661-dbce64cef009/original=true/f2922106-70c4-4248-9661-dbce64cef009.mp4,yes,2026-07-25T06:21:04Z,civitai_api_refresh:type=video,"has public SFW video via Civitai API; video_item_id:138060178; stats:{""cryCount"":0,""laughCount"":1,""likeCount"":36,""dislikeCount"":0,""heartCount"":10,""commentCount"":0}",,https://civitai.com/user/supremokaiosama,"{""video_content"": {""source"": ""civitai_api"", ""url"": ""https://image.civitai.com/xG1nkqKTMzGDvpLrqFT7WA/f2922106-70c4-4248-9661-dbce64cef009/original=true/f2922106-70c4-4248-9661-dbce64cef009.mp4"", ""item_id"": 138060178, ""type"": ""video""}, ""aigc_verdict"": {""source"": ""civitai_api"", ""url"": ""https://image.civitai.com/xG1nkqKTMzGDvpLrqFT7WA/f2922106-70c4-4248-9661-dbce64cef009/original=true/f2922106-70c4-4248-9661-dbce64cef009.mp4"", ""note"": ""Civitai content is AI-generated by platform definition; type=video confirms video output.""}}"
https://civitai.com/user/silmas,silmas,Civitai,,,"AIGC,Civitai,video,MiniMax H3",New,2026-08-10T06:27:40Z,,,MiniMax H3,https://image.civitai.com/xG1nkqKTMzGDvpLrqFT7WA/f94198cb-8b0f-4176-b3b6-f4ae530b6f24/original=true/f94198cb-8b0f-4176-b3b6-f4ae530b6f24.mp4,yes,2026-07-25T06:21:04Z,Civitai API refresh,public_sfw_video_items: 10,,https://civitai.com/user/silmas,"{""video_content"": {""source"": ""civitai_images_api"", ""url"": ""https://civitai.com/api/v1/images"", ""items"": 10, ""type"": ""video"", ""nsfw"": false}, ""aigc_verdict"": {""source"": ""civitai_video_api"", ""url"": ""https://image.civitai.com/xG1nkqKTMzGDvpLrqFT7WA/f94198cb-8b0f-4176-b3b6-f4ae530b6f24/original=true/f94198cb-8b0f-4176-b3b6-f4ae530b6f24.mp4"", ""note"": ""Civitai public video item confirms AI-generated video output""}}"
https://civitai.com/user/ryo12,ryo12,Civitai,,,"AIGC,Civitai,Video",New,2026-08-08T06:34:38Z,,,,https://image.civitai.com/xG1nkqKTMzGDvpLrqFT7WA/f10e55a3-23e5-44ac-af1d-c58cb7623f36/original=true/f10e55a3-23e5-44ac-af1d-c58cb7623f36.mp4,yes,2026-07-25T06:21:04Z,civitai_api_refresh:type=video,"has public SFW video via Civitai API; video_item_id:138499387; stats:{""cryCount"":0,""laughCount"":0,""likeCount"":1,""dislikeCount"":0,""heartCount"":0,""commentCount"":0}",,https://civitai.com/user/ryo12,"{""video_content"": {""source"": ""civitai_api"", ""url"": ""https://image.civitai.com/xG1nkqKTMzGDvpLrqFT7WA/f10e55a3-23e5-44ac-af1d-c58cb7623f36/original=true/f10e55a3-23e5-44ac-af1d-c58cb7623f36.mp4"", ""item_id"": 138499387, ""type"": ""video""}, ""aigc_verdict"": {""source"": ""civitai_api"", ""url"": ""https://image.civitai.com/xG1nkqKTMzGDvpLrqFT7WA/f10e55a3-23e5-44ac-af1d-c58cb7623f36/original=true/f10e55a3-23e5-44ac-af1d-c58cb7623f36.mp4"", ""note"": ""Civitai content is AI-generated by platform definition; type=video confirms video output.""}}"
https://civitai.com/user/topher21,topher21,Civitai,,,"AIGC,Civitai,video",New,2026-08-27T06:04:12Z,,English,Civitai,https://civitai.com/user/topher21,yes,2026-07-25T06:21:04Z,Civitai API refresh,"Civitai API: models=2; tags=woman, video game, character, visual nov",https://civitai.com/user/topher21/models,,"{""platform"": ""Civitai"", ""username"": ""topher21"", ""model_count"": 2, ""top_tags"": [""woman"", ""video game"", ""character"", ""visual novel""], ""aigc_verdict"": ""yes"", ""ai_reasoning"": ""Reference to visual novel Bad Bobby Saga""}"
https://civitai.com/user/cs12345,cs12345,Civitai,,,"AIGC,Civitai,video",New,2026-08-05T06:10:34Z,,,Civitai,https://image.civitai.com/xG1nkqKTMzGDvpLrqFT7WA/01161727-343f-4bc1-bf7a-35a139254850/original=true/01161727-343f-4bc1-bf7a-35a139254850.mp4,yes,2026-07-25T06:21:04Z,routine Civitai API refresh,Civitai public REST type=video nsfw=false returned public video items; follower count not exposed by this endpoint.,,https://civitai.com/user/cs12345,"{""aigc_verdict"": {""source"": ""civitai_api_type_video"", ""url"": ""https://civitai.com/api/v1/images?username=cs12345&type=video&nsfw=false""}, ""sample"": {""source"": ""civitai_api"", ""url"": ""https://image.civitai.com/xG1nkqKTMzGDvpLrqFT7WA/01161727-343f-4bc1-bf7a-35a139254850/original=true/01161727-343f-4bc1-bf7a-35a139254850.mp4""}}"
https://civitai.com/user/elegh,elegh,Civitai,,,"AIGC,Civitai,video,LTXV 2.3",New,2026-08-10T06:27:40Z,,,LTXV 2.3,https://image.civitai.com/xG1nkqKTMzGDvpLrqFT7WA/26a2ca57-88df-43c2-9cec-771bbc09cef7/original=true/26a2ca57-88df-43c2-9cec-771bbc09cef7.mp4,yes,2026-07-25T06:21:04Z,Civitai API refresh,public_sfw_video_items: 2,,https://civitai.com/user/elegh,"{""video_content"": {""source"": ""civitai_images_api"", ""url"": ""https://civitai.com/api/v1/images"", ""items"": 2, ""type"": ""video"", ""nsfw"": false}, ""aigc_verdict"": {""source"": ""civitai_video_api"", ""url"": ""https://image.civitai.com/xG1nkqKTMzGDvpLrqFT7WA/26a2ca57-88df-43c2-9cec-771bbc09cef7/original=true/26a2ca57-88df-43c2-9cec-771bbc09cef7.mp4"", ""note"": ""Civitai public video item confirms AI-generated video output""}}"
https://threads.net/@silvia_dellaluna,@silvia_dellaluna,Threads,2800,,"AIGC,Meta,needs-seated-pass",New,2026-09-09T06:14:21Z,,English,Sora,https://threads.net/@silvia_dellaluna,hybrid,2026-07-25T10:16:27Z,SearXNG Sora AI filmmaker site:threads.net,Threads scrape: followers=2800; language=English,https://threads.net/@silvia_dellaluna,https://threads.net/@silvia_dellaluna,"{""platform"": ""Threads"", ""profile_url"": ""https://threads.net/@silvia_dellaluna"", ""handle"": ""@silvia_dellaluna"", ""follower"": {""value"": 2800, ""raw"": ""2.8K"", ""source"": ""og:description"", ""status"": ""found""}, ""email"": {""value"": null, ""source"": null, ""status"": ""not_found""}, ""region"": {""value"": null, ""source"": null, ""evidence"": null, ""status"": ""not_found""}, ""language"": {""value"": ""English"", ""source"": ""bio"", ""confidence"": ""medium"", ""status"": ""found""}, ""ai"": {""primary_tool"": null, ""verdict"": ""hybrid"", ""evidence"": ""Rule-based keyword fallback""}}"
https://threads.net/@aniketman,@aniketman,Threads,299,,"AIGC,Meta,routine,Sora",New,2026-09-09T06:14:31Z,,English,Sora,https://threads.net/@aniketman,yes,2026-07-25T10:16:27Z,SearXNG Sora AI filmmaker site:threads.net,Threads scrape: followers=299; language=English,https://threads.net/@aniketman,https://threads.net/@aniketman,"{""platform"": ""Threads"", ""profile_url"": ""https://threads.net/@aniketman"", ""handle"": ""@aniketman"", ""follower"": {""value"": 299, ""raw"": ""299"", ""source"": ""og:description"", ""status"": ""found""}, ""email"": {""value"": null, ""source"": null, ""status"": ""not_found""}, ""region"": {""value"": null, ""source"": null, ""evidence"": null, ""status"": ""not_found""}, ""language"": {""value"": ""English"", ""source"": ""bio"", ""confidence"": ""medium"", ""status"": ""found""}, ""ai"": {""primary_tool"": null, ""verdict"": ""yes"", ""evidence"": ""Rule-based keyword fallback""}}"
https://threads.net/@logolumos,@logolumos,Threads,8000,,"AIGC,Meta,needs_seated_computer_use,Runway,OpenArt",New,2026-09-09T06:14:38Z,,English,Runway,https://threads.net/@logolumos,yes,2026-07-25T10:16:27Z,SearXNG Meta site-scope: Runway AI video creator site:threads.net,Threads scrape: followers=8000; language=English,https://threads.net/@logolumos,https://www.threads.net/@logolumos,"{""platform"": ""Threads"", ""profile_url"": ""https://threads.net/@logolumos"", ""handle"": ""@logolumos"", ""follower"": {""value"": 8000, ""raw"": ""8.0K"", ""source"": ""og:description"", ""status"": ""found""}, ""email"": {""value"": null, ""source"": null, ""status"": ""not_found""}, ""region"": {""value"": null, ""source"": null, ""evidence"": null, ""status"": ""not_found""}, ""language"": {""value"": ""English"", ""source"": ""bio"", ""confidence"": ""medium"", ""status"": ""found""}, ""ai"": {""primary_tool"": null, ""verdict"": ""yes"", ""evidence"": ""Rule-based keyword fallback""}}"
https://threads.net/@theai931,@theai931,Threads,41,,"AIGC,Runway,needs_computer_use",New,2026-09-09T06:14:47Z,,English,Runway,https://threads.net/@theai931,yes,2026-07-25T10:16:27Z,SearXNG Meta site-scope: Runway AI video creator site:threads.net,Threads scrape: followers=41; language=English,https://threads.net/@theai931,https://threads.net/@theai931,"{""platform"": ""Threads"", ""profile_url"": ""https://threads.net/@theai931"", ""handle"": ""@theai931"", ""follower"": {""value"": 41, ""raw"": ""41"", ""source"": ""og:description"", ""status"": ""found""}, ""email"": {""value"": null, ""source"": null, ""status"": ""not_found""}, ""region"": {""value"": null, ""source"": null, ""evidence"": null, ""status"": ""not_found""}, ""language"": {""value"": ""English"", ""source"": ""bio"", ""confidence"": ""medium"", ""status"": ""found""}, ""ai"": {""primary_tool"": null, ""verdict"": ""yes"", ""evidence"": ""Rule-based keyword fallback""}}"
https://threads.net/@janustiu,@janustiu,Threads,15200,,"AIGC,Meta,needs-seated-pass",New,2026-09-09T06:14:53Z,,English,Runway,https://threads.net/@janustiu,yes,2026-07-25T10:16:27Z,SearXNG Runway AI video creator site:threads.net,Threads scrape: followers=15200; language=English,https://threads.net/@janustiu,https://threads.net/@janustiu,"{""platform"": ""Threads"", ""profile_url"": ""https://threads.net/@janustiu"", ""handle"": ""@janustiu"", ""follower"": {""value"": 15200, ""raw"": ""15.2K"", ""source"": ""og:description"", ""status"": ""found""}, ""email"": {""value"": null, ""source"": null, ""status"": ""not_found""}, ""region"": {""value"": null, ""source"": null, ""evidence"": null, ""status"": ""not_found""}, ""language"": {""value"": ""English"", ""source"": ""bio"", ""confidence"": ""medium"", ""status"": ""found""}, ""ai"": {""primary_tool"": null, ""verdict"": ""yes"", ""evidence"": ""Rule-based keyword fallback""}}"
https://threads.net/@cyrilgupta,@cyrilgupta,Threads,352,,"AIGC,Runway",New,2026-09-09T06:15:01Z,,English,Runway,https://threads.net/@cyrilgupta,hybrid,2026-07-25T10:16:27Z,SearXNG Meta site-scope: Runway AI video creator site:threads.net,Threads scrape: followers=352; language=English,https://threads.net/@cyrilgupta,https://threads.net/@cyrilgupta,"{""platform"": ""Threads"", ""profile_url"": ""https://threads.net/@cyrilgupta"", ""handle"": ""@cyrilgupta"", ""follower"": {""value"": 352, ""raw"": ""352"", ""source"": ""og:description"", ""status"": ""found""}, ""email"": {""value"": null, ""source"": null, ""status"": ""not_found""}, ""region"": {""value"": null, ""source"": null, ""evidence"": null, ""status"": ""not_found""}, ""language"": {""value"": ""English"", ""source"": ""bio"", ""confidence"": ""medium"", ""status"": ""found""}, ""ai"": {""primary_tool"": null, ""verdict"": ""hybrid"", ""evidence"": ""Rule-based keyword fallback""}}"
https://threads.net/@power.ai,@power.ai,Threads,226100,,AIGC,New,2026-09-09T06:15:07Z,,English,,https://threads.net/@power.ai,yes,2026-07-25T10:16:27Z,SearXNG Meta site-scope: Runway AI video creator site:threads.net,Threads scrape: followers=226100; language=English,https://threads.net/@power.ai,https://threads.net/@power.ai,"{""platform"": ""Threads"", ""profile_url"": ""https://threads.net/@power.ai"", ""handle"": ""@power.ai"", ""follower"": {""value"": 226100, ""raw"": ""226.1K"", ""source"": ""og:description"", ""status"": ""found""}, ""email"": {""value"": null, ""source"": null, ""status"": ""not_found""}, ""region"": {""value"": null, ""source"": null, ""evidence"": null, ""status"": ""not_found""}, ""language"": {""value"": ""English"", ""source"": ""bio"", ""confidence"": ""medium"", ""status"": ""found""}, ""ai"": {""primary_tool"": null, ""verdict"": ""yes"", ""evidence"": ""Rule-based keyword fallback""}}"
https://threads.net/@tag,@tag,Threads,,,"AIGC,Kling,needs_computer_use",New,2026-09-09T06:15:14Z,,English,Kling,https://threads.net/@tag,hybrid,2026-07-25T10:16:27Z,SearXNG Meta site-scope: Kling generative video creator site:threads.net,Threads scrape: language=English,https://threads.net/@tag,https://threads.net/@tag,"{""platform"": ""Threads"", ""profile_url"": ""https://threads.net/@tag"", ""handle"": ""@tag"", ""follower"": {""value"": null, ""raw"": null, ""source"": null, ""status"": ""not_found""}, ""email"": {""value"": null, ""source"": null, ""status"": ""not_found""}, ""region"": {""value"": null, ""source"": null, ""evidence"": null, ""status"": ""not_found""}, ""language"": {""value"": ""English"", ""source"": ""bio"", ""confidence"": ""medium"", ""status"": ""found""}, ""ai"": {""primary_tool"": null, ""verdict"": ""hybrid"", ""evidence"": ""Rule-based keyword fallback""}}"
https://threads.net/@chaosdreamland,@chaosdreamland,Threads,17200,,"AIGC,Veo",New,2026-09-09T06:15:20Z,,English,Veo,https://threads.net/@chaosdreamland,yes,2026-07-25T10:16:27Z,SearXNG Meta site-scope: generative video artist AI site:threads.net,Threads scrape: followers=17200; language=English,https://threads.net/@chaosdreamland,https://threads.net/@chaosdreamland,"{""platform"": ""Threads"", ""profile_url"": ""https://threads.net/@chaosdreamland"", ""handle"": ""@chaosdreamland"", ""follower"": {""value"": 17200, ""raw"": ""17.2K"", ""source"": ""og:description"", ""status"": ""found""}, ""email"": {""value"": null, ""source"": null, ""status"": ""not_found""}, ""region"": {""value"": null, ""source"": null, ""evidence"": null, ""status"": ""not_found""}, ""language"": {""value"": ""English"", ""source"": ""bio"", ""confidence"": ""medium"", ""status"": ""found""}, ""ai"": {""primary_tool"": null, ""verdict"": ""yes"", ""evidence"": ""Rule-based keyword fallback""}}"
https://threads.net/@hungryrencie,@hungryrencie,Threads,2000,,"AIGC,Meta,discovery",New,2026-09-09T06:15:26Z,,English,GenFeed,https://threads.net/@hungryrencie,yes,2026-07-25T10:16:27Z,SearXNG AI video creator generative video site:threads.net,Threads scrape: followers=2000; language=English; tool=GenFeed,https://threads.net/@hungryrencie,https://threads.net/@hungryrencie,"{""platform"": ""Threads"", ""profile_url"": ""https://threads.net/@hungryrencie"", ""handle"": ""@hungryrencie"", ""follower"": {""value"": 2000, ""raw"": ""2.0K"", ""source"": ""og:description"", ""status"": ""found""}, ""email"": {""value"": null, ""source"": null, ""status"": ""not_found""}, ""region"": {""value"": null, ""source"": null, ""evidence"": null, ""status"": ""not_found""}, ""language"": {""value"": ""English"", ""source"": ""bio"", ""confidence"": ""medium"", ""status"": ""found""}, ""ai"": {""primary_tool"": ""GenFeed"", ""verdict"": ""yes"", ""evidence"": ""Rule-based keyword fallback""}}"
https://threads.net/@qdog2099,@qdog2099,Threads,799,,AIGC,New,2026-09-09T06:15:32Z,,English,,https://threads.net/@qdog2099,hybrid,2026-07-25T10:16:27Z,SearXNG Meta site-scope: generative video artist AI site:threads.net,Threads scrape: followers=799; language=English,https://threads.net/@qdog2099,,"{""platform"": ""Threads"", ""profile_url"": ""https://threads.net/@qdog2099"", ""handle"": ""@qdog2099"", ""follower"": {""value"": 799, ""raw"": ""799"", ""source"": ""og:description"", ""status"": ""found""}, ""email"": {""value"": null, ""source"": null, ""status"": ""not_found""}, ""region"": {""value"": null, ""source"": null, ""evidence"": null, ""status"": ""not_found""}, ""language"": {""value"": ""English"", ""source"": ""bio"", ""confidence"": ""medium"", ""status"": ""found""}, ""ai"": {""primary_tool"": null, ""verdict"": ""hybrid"", ""evidence"": ""Rule-based keyword fallback""}}"
https://threads.net/@pixverse_official,@pixverse_official,Threads,6600,,"AIGC,search-index,AI",New,2026-09-09T06:15:39Z,,English,PixVerse,https://threads.net/@pixverse_official,hybrid,2026-07-25T10:16:27Z,SearXNG site:threads.net AI filmmaker generative video,Threads scrape: followers=6600; language=English; tool=PixVerse,https://threads.net/@pixverse_official,https://threads.net/@pixverse_official,"{""platform"": ""Threads"", ""profile_url"": ""https://threads.net/@pixverse_official"", ""handle"": ""@pixverse_official"", ""follower"": {""value"": 6600, ""raw"": ""6.6K"", ""source"": ""og:description"", ""status"": ""found""}, ""email"": {""value"": null, ""source"": null, ""status"": ""not_found""}, ""region"": {""value"": null, ""source"": null, ""evidence"": null, ""status"": ""not_found""}, ""language"": {""value"": ""English"", ""source"": ""bio"", ""confidence"": ""medium"", ""status"": ""found""}, ""ai"": {""primary_tool"": ""PixVerse"", ""verdict"": ""hybrid"", ""evidence"": ""Rule-based keyword fallback""}}"
https://threads.net/@ui.johnson,@ui.johnson,Threads,52300,contact@uijohnson.com.,AIGC,New,2026-09-09T06:15:45Z,,English,,https://threads.net/@ui.johnson,yes,2026-07-25T10:16:27Z,SearXNG Meta site-scope: generative video artist AI site:threads.net,Threads scrape: followers=52300; email=contact@uijohnson.com.; language=English,https://threads.net/@ui.johnson,https://threads.net/@ui.johnson,"{""platform"": ""Threads"", ""profile_url"": ""https://threads.net/@ui.johnson"", ""handle"": ""@ui.johnson"", ""follower"": {""value"": 52300, ""raw"": ""52.3K"", ""source"": ""og:description"", ""status"": ""found""}, ""email"": {""value"": ""contact@uijohnson.com."", ""source"": ""bio"", ""status"": ""found""}, ""region"": {""value"": null, ""source"": null, ""evidence"": null, ""status"": ""not_found""}, ""language"": {""value"": ""English"", ""source"": ""bio"", ""confidence"": ""medium"", ""status"": ""found""}, ""ai"": {""primary_tool"": null, ""verdict"": ""yes"", ""evidence"": ""Rule-based keyword fallback""}}"
https://threads.net/@pixelera.ai,@pixelera.ai,Threads,3200,,"AIGC,Meta,discovery",New,2026-09-09T06:15:52Z,,English,,https://threads.net/@pixelera.ai,yes,2026-07-25T10:16:27Z,SearXNG AI video creator generative video site:threads.net,Threads scrape: followers=3200; language=English,https://threads.net/@pixelera.ai,https://threads.net/@pixelera.ai,"{""platform"": ""Threads"", ""profile_url"": ""https://threads.net/@pixelera.ai"", ""handle"": ""@pixelera.ai"", ""follower"": {""value"": 3200, ""raw"": ""3.2K"", ""source"": ""og:description"", ""status"": ""found""}, ""email"": {""value"": null, ""source"": null, ""status"": ""not_found""}, ""region"": {""value"": null, ""source"": null, ""evidence"": null, ""status"": ""not_found""}, ""language"": {""value"": ""English"", ""source"": ""bio"", ""confidence"": ""medium"", ""status"": ""found""}, ""ai"": {""primary_tool"": null, ""verdict"": ""yes"", ""evidence"": ""Rule-based keyword fallback""}}"
https://facebook.com/marismith,@marismith,Facebook,,,"AIGC,Sora",New,2026-07-26T10:13:23Z,,,Sora,https://www.facebook.com/marismith/posts/openai-is-shutting-down-sora-its-ai-video-creation-app-whats-your-takeand-does-t/1551101859716905/,unsure,2026-07-25T10:16:27Z,SearXNG Meta site-scope: Sora AI filmmaker site:facebook.com,Meta Graph env missing; API profile skipped.,,https://facebook.com/marismith,"{""discovery"": {""source"": ""SearXNG"", ""query"": ""Sora AI filmmaker site:facebook.com"", ""url"": ""https://www.facebook.com/marismith/posts/openai-is-shutting-down-sora-its-ai-video-creation-app-whats-your-takeand-does-t/1551101859716905/""}, ""profile"": {""source"": ""none"", ""note"": ""Meta Graph env missing; API profile skipped.""}, ""aigc_verdict"": {""source"": ""none"", ""note"": ""Search text is not enough for yes/no under ROUTINE.md rule 9.""}, ""follower_raw_locale"": """"}"
https://facebook.com/aljazeera,@aljazeera,Facebook,,,"AIGC,Sora",New,2026-07-26T10:13:23Z,,,Sora,https://www.facebook.com/aljazeera/posts/meet-sora-the-ai-video-generating-model-from-openai-thats-reshaping-reality-in-m/1045726594268361/,unsure,2026-07-25T10:16:27Z,SearXNG Meta site-scope: Sora AI filmmaker site:facebook.com,Meta Graph env missing; API profile skipped.,,https://facebook.com/aljazeera,"{""discovery"": {""source"": ""SearXNG"", ""query"": ""Sora AI filmmaker site:facebook.com"", ""url"": ""https://www.facebook.com/aljazeera/posts/meet-sora-the-ai-video-generating-model-from-openai-thats-reshaping-reality-in-m/1045726594268361/""}, ""profile"": {""source"": ""none"", ""note"": ""Meta Graph env missing; API profile skipped.""}, ""aigc_verdict"": {""source"": ""none"", ""note"": ""Search text is not enough for yes/no under ROUTINE.md rule 9.""}, ""follower_raw_locale"": """"}"
https://facebook.com/sciencenaturepage,@sciencenaturepage,Facebook,,,"AIGC,Sora",New,2026-07-26T10:13:23Z,,,Sora,https://www.facebook.com/ScienceNaturePage/posts/ai-generated-videos-will-never-be-the-same-again-this-is-mind-blowing-the-videos/922006226046914/,unsure,2026-07-25T10:16:27Z,SearXNG Meta site-scope: Sora AI filmmaker site:facebook.com,Meta Graph env missing; API profile skipped.,,https://facebook.com/sciencenaturepage,"{""discovery"": {""source"": ""SearXNG"", ""query"": ""Sora AI filmmaker site:facebook.com"", ""url"": ""https://www.facebook.com/ScienceNaturePage/posts/ai-generated-videos-will-never-be-the-same-again-this-is-mind-blowing-the-videos/922006226046914/""}, ""profile"": {""source"": ""none"", ""note"": ""Meta Graph env missing; API profile skipped.""}, ""aigc_verdict"": {""source"": ""none"", ""note"": ""Search text is not enough for yes/no under ROUTINE.md rule 9.""}, ""follower_raw_locale"": """"}"
https://facebook.com/mkbhd,@mkbhd,Facebook,,,"AIGC,Sora",New,2026-07-25T10:18:11Z,,,Sora,https://www.facebook.com/MKBHD/posts/soras-capabilities-are-impressive-but-with-ai-generated-content-comes-some-big-q/1326252315529005,unsure,2026-07-25T10:16:27Z,SearXNG Meta site-scope: Sora AI filmmaker site:facebook.com,routine_meta; FB discovery-only; Meta token unavailable/cap reached; flagged for seated computer_use pass,,,"{""discovery"":{""source"":""SearXNG site-scope"",""query"":""Sora AI filmmaker site:facebook.com"",""url"":""https://www.facebook.com/MKBHD/posts/soras-capabilities-are-impressive-but-with-ai-generated-content-comes-some-big-q/1326252315529005""},""aigc_verdict"":{""source"":""not reviewed visually in routine Meta run"",""verdict"":""unsure""}}"
https://facebook.com/100083241103501,@100083241103501,Facebook,,,"AIGC,Sora",New,2026-07-25T10:18:11Z,,,Sora,https://www.facebook.com/100083241103501/videos/frostbite-is-the-first-short-film-made-entirely-with-openai-sora-2-every-frame-c/1540030550332537,unsure,2026-07-25T10:16:27Z,SearXNG Meta site-scope: Sora AI filmmaker site:facebook.com,routine_meta; FB discovery-only; Meta token unavailable/cap reached; flagged for seated computer_use pass,,,"{""discovery"":{""source"":""SearXNG site-scope"",""query"":""Sora AI filmmaker site:facebook.com"",""url"":""https://www.facebook.com/100083241103501/videos/frostbite-is-the-first-short-film-made-entirely-with-openai-sora-2-every-frame-c/1540030550332537""},""aigc_verdict"":{""source"":""not reviewed visually in routine Meta run"",""verdict"":""unsure""}}"
https://facebook.com/newschannel5,@newschannel5,Facebook,,,"AIGC,Sora",New,2026-07-25T10:18:11Z,,,Sora,https://www.facebook.com/newschannel5/posts/openai-is-shutting-down-its-social-media-app-sora-which-went-viral-last-fall-as-/1404700318367738,unsure,2026-07-25T10:16:27Z,SearXNG Meta site-scope: Sora AI filmmaker site:facebook.com,routine_meta; FB discovery-only; Meta token unavailable/cap reached; flagged for seated computer_use pass,,,"{""discovery"":{""source"":""SearXNG site-scope"",""query"":""Sora AI filmmaker site:facebook.com"",""url"":""https://www.facebook.com/newschannel5/posts/openai-is-shutting-down-its-social-media-app-sora-which-went-viral-last-fall-as-/1404700318367738""},""aigc_verdict"":{""source"":""not reviewed visually in routine Meta run"",""verdict"":""unsure""}}"
https://facebook.com/owwstin,@owwstin,Facebook,,,"AIGC,Meta,SearXNG,pending-computer_use,Sora",New,2026-08-05T10:13:01Z,,,Sora,https://www.facebook.com/Owwstin/posts/how-to-make-sora-2-ai-videos-sora2-ai/10161339992351256/,unsure,2026-07-25T10:16:27Z,SearXNG Meta site-scope: Sora AI filmmaker site:facebook.com,Meta discovery-only; no computer_use; flag for seated read-only pass. Snippet: How to make Sora 2 AI Videos #Sora2 #ai - Facebook; 4 Nov 2025 ... Sora is an AI software that can now make realistic video. All you have to do is give it a prompt and it will spit out a video exactly as you ...,,https://www.facebook.com/Owwstin/posts/how-to-make-sora-2-ai-videos-sora2-ai/10161339992351256/,"{""discovery"":{""source"":""SearXNG site-scope"",""query"":""Sora AI filmmaker site:facebook.com"",""url"":""https://www.facebook.com/Owwstin/posts/how-to-make-sora-2-ai-videos-sora2-ai/10161339992351256/"",""snippet"":""How to make Sora 2 AI Videos #Sora2 #ai - Facebook; 4 Nov 2025 ... Sora is an AI software that can now make realistic video. All you have to do is give it a prompt and it will spit out a video exactly as you ...""},""follower_count"":{""source"":""not_profiled"",""reason"":""Meta API credentials unavailable or no public Threads/personal-account API path during this no-computer_use run""},""aigc_verdict"":{""source"":""search_snippet_only"",""verdict"":""unsure"",""reason"":""ROUTINE.md rule 9 forbids inferring yes/no from snippets""},""manual_flag"":{""computer_use"":""seated read-only pass needed for personal/Threads or non-Graph-resolved Meta profiles""}}"
https://facebook.com/runwayml,@runwayml,Facebook,,,"AIGC,Meta,needs-seated-pass",New,2026-08-13T10:11:23Z,,,Runway,https://www.facebook.com/runwayml/videos/runway-make-your-anything/1720572825786206/,unsure,2026-07-25T10:16:27Z,SearXNG Runway AI video creator site:facebook.com,routine Meta discovery; no computer_use; META_GRAPH_TOKEN not available to this run; needs Graph retry or seated pass,,https://www.facebook.com/runwayml/,"{""discovery"":{""source"":""SearXNG site-scope"",""query"":""Runway AI video creator site:facebook.com"",""url"":""https://www.facebook.com/runwayml/""},""aigc_verdict"":{""source"":""search snippet only"",""value"":""unsure""}}"
https://facebook.com/blueeyesinfosoft,@blueeyesinfosoft,Facebook,,,"AIGC,Runway",New,2026-07-26T10:13:23Z,,,Runway,https://www.facebook.com/BlueEyesInfosoft/videos/runway-ml-the-future-of-ai-video-creationrunway-ml-is-a-cutting-edge-ai-platform/4387451991535395/,unsure,2026-07-25T10:16:27Z,SearXNG Meta site-scope: Runway AI video creator site:facebook.com,Meta Graph env missing; API profile skipped.,,https://facebook.com/blueeyesinfosoft,"{""discovery"": {""source"": ""SearXNG"", ""query"": ""Runway AI video creator site:facebook.com"", ""url"": ""https://www.facebook.com/BlueEyesInfosoft/videos/runway-ml-the-future-of-ai-video-creationrunway-ml-is-a-cutting-edge-ai-platform/4387451991535395/""}, ""profile"": {""source"": ""none"", ""note"": ""Meta Graph env missing; API profile skipped.""}, ""aigc_verdict"": {""source"": ""none"", ""note"": ""Search text is not enough for yes/no under ROUTINE.md rule 9.""}, ""follower_raw_locale"": """"}"
https://facebook.com/aisavvy,@aisavvy,Facebook,,,"AIGC,Runway",New,2026-07-26T10:13:23Z,,,Runway,https://www.facebook.com/aisavvy/videos/runway-released-gen-45-and-its-claimed-to-be-the-best-ai-video-model-in-the-worl/2001951320595630/,unsure,2026-07-25T10:16:27Z,SearXNG Meta site-scope: Runway AI video creator site:facebook.com,Meta Graph env missing; API profile skipped.,,https://facebook.com/aisavvy,"{""discovery"": {""source"": ""SearXNG"", ""query"": ""Runway AI video creator site:facebook.com"", ""url"": ""https://www.facebook.com/aisavvy/videos/runway-released-gen-45-and-its-claimed-to-be-the-best-ai-video-model-in-the-worl/2001951320595630/""}, ""profile"": {""source"": ""none"", ""note"": ""Meta Graph env missing; API profile skipped.""}, ""aigc_verdict"": {""source"": ""none"", ""note"": ""Search text is not enough for yes/no under ROUTINE.md rule 9.""}, ""follower_raw_locale"": """"}"
https://facebook.com/fastcompany,@fastcompany,Facebook,,,"AIGC,Runway",New,2026-07-25T10:18:11Z,,,Runway,https://www.facebook.com/FastCompany/posts/runways-program-of-10-ai-generated-short-films-shows-the-medium-has-come-far-eno/1389893689671756,unsure,2026-07-25T10:16:27Z,SearXNG Meta site-scope: Runway AI video creator site:facebook.com,routine_meta; FB discovery-only; Meta token unavailable/cap reached; flagged for seated computer_use pass,,,"{""discovery"":{""source"":""SearXNG site-scope"",""query"":""Runway AI video creator site:facebook.com"",""url"":""https://www.facebook.com/FastCompany/posts/runways-program-of-10-ai-generated-short-films-shows-the-medium-has-come-far-eno/1389893689671756""},""aigc_verdict"":{""source"":""not reviewed visually in routine Meta run"",""verdict"":""unsure""}}"
https://facebook.com/techcrunch,@techcrunch,Facebook,,,"AIGC,Runway",New,2026-07-25T10:18:11Z,,,Runway,https://www.facebook.com/techcrunch/posts/runway-no-longer-wants-to-be-just-another-ai-model-company-it-wants-to-become-th/1385221926805004,unsure,2026-07-25T10:16:27Z,SearXNG Meta site-scope: Runway AI video creator site:facebook.com,routine_meta; FB discovery-only; Meta token unavailable/cap reached; flagged for seated computer_use pass,,,"{""discovery"":{""source"":""SearXNG site-scope"",""query"":""Runway AI video creator site:facebook.com"",""url"":""https://www.facebook.com/techcrunch/posts/runway-no-longer-wants-to-be-just-another-ai-model-company-it-wants-to-become-th/1385221926805004""},""aigc_verdict"":{""source"":""not reviewed visually in routine Meta run"",""verdict"":""unsure""}}"
https://facebook.com/blog,@blog,Facebook,,,AIGC,New,2026-07-25T10:18:11Z,,,,https://ai.facebook.com/blog/generative-ai-text-to-video,unsure,2026-07-25T10:16:27Z,SearXNG Meta site-scope: generative video artist AI site:facebook.com,routine_meta; FB discovery-only; Meta token unavailable/cap reached; flagged for seated computer_use pass,,,"{""discovery"":{""source"":""SearXNG site-scope"",""query"":""generative video artist AI site:facebook.com"",""url"":""https://ai.facebook.com/blog/generative-ai-text-to-video""},""aigc_verdict"":{""source"":""not reviewed visually in routine Meta run"",""verdict"":""unsure""}}"
https://facebook.com/tanyatagaq,@tanyatagaq,Facebook,,,AIGC,New,2026-07-25T10:18:11Z,,,,https://www.facebook.com/tanyatagaq/posts/cheeky-cheeky-lemon-squeaky-my-legs-are-not-ai-we-posted-a-video-and-much-to-our/1424581592359156,unsure,2026-07-25T10:16:27Z,SearXNG Meta site-scope: generative video artist AI site:facebook.com,routine_meta; FB discovery-only; Meta token unavailable/cap reached; flagged for seated computer_use pass,,,"{""discovery"":{""source"":""SearXNG site-scope"",""query"":""generative video artist AI site:facebook.com"",""url"":""https://www.facebook.com/tanyatagaq/posts/cheeky-cheeky-lemon-squeaky-my-legs-are-not-ai-we-posted-a-video-and-much-to-our/1424581592359156""},""aigc_verdict"":{""source"":""not reviewed visually in routine Meta run"",""verdict"":""unsure""}}"
https://facebook.com/golden.czermak.official,@golden.czermak.official,Facebook,,,AIGC,New,2026-07-25T10:18:11Z,,,,https://www.facebook.com/golden.czermak.official/posts/a-human-made-music-company-using-generative-ai-video-to-say-they-dont-use-ai-is-/2454177448423134,unsure,2026-07-25T10:16:27Z,SearXNG Meta site-scope: generative video artist AI site:facebook.com,routine_meta; FB discovery-only; Meta token unavailable/cap reached; flagged for seated computer_use pass,,,"{""discovery"":{""source"":""SearXNG site-scope"",""query"":""generative video artist AI site:facebook.com"",""url"":""https://www.facebook.com/golden.czermak.official/posts/a-human-made-music-company-using-generative-ai-video-to-say-they-dont-use-ai-is-/2454177448423134""},""aigc_verdict"":{""source"":""not reviewed visually in routine Meta run"",""verdict"":""unsure""}}"
https://reddit.com/user/jacquess78,u/Jacquess78,Reddit,,,"AIGC,Reddit,AI video",New,2026-07-27T02:08:27Z,,,,https://www.reddit.com/user/Jacquess78/,unsure,2026-07-26T02:18:58Z,searx Sora AI video creator site:reddit.com/user,reddit_discovery_only:no_keyless_profiling_api,,https://www.reddit.com/user/Jacquess78/,"{""discovery"":[{""tool"":""searx"",""query"":""Sora AI video creator site:reddit.com/user"",""url"":""https://www.reddit.com/user/Jacquess78"",""title"":""u/Jacquess78 - Reddit"",""snippet"":""16 Dec 2025 ... I make another AI anime with my author novel friend · I this video made with sora or different ai ? · If You miss the people from sora 2 they have ...""}]}"
https://reddit.com/user/wazir-ai,u/Wazir-AI,Reddit,,,"AIGC,Reddit,discovery-only,Sora",New,2026-08-09T02:16:08Z,,,Sora,https://www.reddit.com/user/Wazir-AI/,unsure,2026-07-26T02:18:58Z,SearXNG/ddgs Reddit discovery; query=Sora AI filmmaker site:reddit.com/user; tool=searxng,Reddit discovery-only; no keyless profiling API; follower count intentionally empty.,,https://www.reddit.com/user/Wazir-AI/,"{""identity"":{""source"":""searxng"",""url"":""https://www.reddit.com/user/Wazir-AI/""},""discovery"":{""source"":""searxng"",""url"":""https://www.reddit.com/user/Wazir-AI/"",""snippet"":""u/Wazir-AI - Reddit | This is exactly why I'm obsessed with AI filmmaking. Wazir-AI OP replied to ... A small tribute to Sora 2. You'll be missed. Wazir-AI replied to\u00a0...""},""aigc_verdict"":{""source"":""search_snippet_only"",""verdict"":""unsure""}}"
https://reddit.com/user/maleficentremote1817,u/MaleficentRemote1817,Reddit,,,"AIGC,AI video,Reddit",New,2026-08-01T02:05:58Z,,,Sora,https://www.reddit.com/user/MaleficentRemote1817/,unsure,2026-07-26T02:18:58Z,searxng Sora AI video creator site:reddit.com/user -> https://www.reddit.com/user/MaleficentRemote1817/,routine reddit discovery-only; no keyless profiling API; follower_count_unavailable,,https://www.reddit.com/user/MaleficentRemote1817/,"{""discovery"":{""tool"":""searxng"",""query"":""Sora AI video creator site:reddit.com/user"",""source_url"":""https://www.reddit.com/user/MaleficentRemote1817/"",""title"":""u/MaleficentRemote1817 - Reddit"",""snippet"":""6 days ago ... I used Sora 2 to create funny, realistic zoo animal videos, and that's how I grew my TikTok and YouTube channels. When Sora 2 was shut down,\u00a0...""}}"
https://reddit.com/user/roamingmelons,u/RoamingMelons,Reddit,,,"AIGC,Reddit,DiscoveryOnly",New,2026-07-26T02:18:58Z,,,,https://www.reddit.com/user/RoamingMelons/,unsure,2026-07-26T02:18:58Z,searxng Sora AI video site:reddit.com/user,Reddit discovery-only; no keyless profiling API available from this host. FollowerCount intentionally empty; AIGCVerdict=unsure per ROUTINE.md rule 9.,,https://www.reddit.com/user/RoamingMelons/,"{""discovery"":{""tool"":""searxng"",""query"":""Sora AI video site:reddit.com/user"",""result_url"":""https://www.reddit.com/user/RoamingMelons/"",""title"":""RoamingMelons - Reddit"",""snippet"":""Most of sora was run and moderated by ai. Upvote 3. Downvote Reply reply ... At the top bar there is ai video options. Upvote 1. Downvote Reply reply.""}}"
https://reddit.com/user/warycat,u/warycat,Reddit,,,"AIGC,Reddit,DiscoveryOnly",New,2026-07-26T02:18:58Z,,,,https://www.reddit.com/user/warycat/,unsure,2026-07-26T02:18:58Z,searxng Sora AI video site:reddit.com/user,Reddit discovery-only; no keyless profiling API available from this host. FollowerCount intentionally empty; AIGCVerdict=unsure per ROUTINE.md rule 9.,,https://www.reddit.com/user/warycat/,"{""discovery"":{""tool"":""searxng"",""query"":""Sora AI video site:reddit.com/user"",""result_url"":""https://www.reddit.com/user/warycat/"",""title"":""u/warycat - Reddit"",""snippet"":""OpenAI has officially decided to shut down the Sora app ... Try https://abao.ai It's free. It generates both images and videos very fast. Chat with others in ...""}}"
https://reddit.com/user/kejos92,u/kejos92,Reddit,,,"AIGC,Reddit,Sora",New,2026-08-13T02:05:37Z,,,Sora,https://www.reddit.com/user/kejos92/comments/1hjkkmx/ltxv_inference_on_amd_gpus/,unsure,2026-07-26T02:18:58Z,searxng Sora AI video creator site:reddit.com/user,"Reddit discovery-only: no keyless profiling API from server IP; follower_count empty; verdict unsure. Snippet: LTXV inference on AMD GPUs : u/kejos92 - Reddit 21 Dec 2024 ... ... creators could distribute text and images instead of videos on some spaces! ... AI workloads, unluckily for me - and as the title and the ...",,https://www.reddit.com/user/kejos92/comments/1hjkkmx/ltxv_inference_on_amd_gpus/,"{""identity"":{""source"":""searxng"",""url"":""https://www.reddit.com/user/kejos92/comments/1hjkkmx/ltxv_inference_on_amd_gpus/"",""query"":""Sora AI video creator site:reddit.com/user"",""reason"":""profile_url_result""},""aigc_verdict"":{""source"":""search_snippet"",""url"":""https://www.reddit.com/user/kejos92/comments/1hjkkmx/ltxv_inference_on_amd_gpus/"",""verdict"":""unsure"",""snippet"":""LTXV inference on AMD GPUs : u/kejos92 - Reddit 21 Dec 2024 ... ... creators could distribute text and images instead of videos on some spaces! ... AI workloads, unluckily for me - and as the title and the ...""}}"
https://reddit.com/user/oddboy11,u/oddboy11,Reddit,,,"AIGC,Reddit,DiscoveryOnly",New,2026-07-26T02:18:58Z,,,,https://www.reddit.com/user/oddboy11/,unsure,2026-07-26T02:18:58Z,searxng Runway AI video creator site:reddit.com/user,Reddit discovery-only; no keyless profiling API available from this host. FollowerCount intentionally empty; AIGCVerdict=unsure per ROUTINE.md rule 9.,,https://www.reddit.com/user/oddboy11/,"{""discovery"":{""tool"":""searxng"",""query"":""Runway AI video creator site:reddit.com/user"",""result_url"":""https://www.reddit.com/user/oddboy11/"",""title"":""u/oddboy11 - Reddit"",""snippet"":""Are you sticking with Veo, Kling, Seedance, Runway, or have you found another free workflow that's working well? ... Used an AI video generator like Omni to turn ...""}}"
https://reddit.com/user/alternative_war5562,u/Alternative_War5562,Reddit,,,"AIGC,Reddit,DiscoveryOnly",New,2026-07-26T02:18:58Z,,,,https://www.reddit.com/user/Alternative_War5562/,unsure,2026-07-26T02:18:58Z,searxng Runway AI video creator site:reddit.com/user,Reddit discovery-only; no keyless profiling API available from this host. FollowerCount intentionally empty; AIGCVerdict=unsure per ROUTINE.md rule 9.,,https://www.reddit.com/user/Alternative_War5562/,"{""discovery"":{""tool"":""searxng"",""query"":""Runway AI video creator site:reddit.com/user"",""result_url"":""https://www.reddit.com/user/Alternative_War5562/"",""title"":""u/Alternative_War5562 - Reddit"",""snippet"":""6 days ago ... Runway is again threating to remove this video editing tool that thousands of creators depend on. ... They want everyone to just use the ai ...""}}"
https://reddit.com/user/aggravating_dog_9424,u/Aggravating_Dog_9424,Reddit,,,"AIGC,Reddit,DiscoveryOnly",New,2026-07-26T02:18:58Z,,,,https://www.reddit.com/user/Aggravating_Dog_9424/,unsure,2026-07-26T02:18:58Z,searxng Runway AI video creator site:reddit.com/user,Reddit discovery-only; no keyless profiling API available from this host. FollowerCount intentionally empty; AIGCVerdict=unsure per ROUTINE.md rule 9.,,https://www.reddit.com/user/Aggravating_Dog_9424/,"{""discovery"":{""tool"":""searxng"",""query"":""Runway AI video creator site:reddit.com/user"",""result_url"":""https://www.reddit.com/user/Aggravating_Dog_9424/"",""title"":""Legend_Editor15 (u/Aggravating_Dog_9424) - Reddit"",""snippet"":""Which AI video generator website or app is used for short dramas? ... Runway, Veo, and Hailuo AI are also popular, then people finish the videos in VEED or ...""}}"
https://reddit.com/user/avafromkinova,u/avafromkinova,Reddit,,,"AIGC,AI video,Reddit discovery,Runway",New,2026-07-29T02:14:10Z,,,Runway,https://www.reddit.com/user/avafromkinova/,unsure,2026-07-26T02:18:58Z,searxng Runway AI video creator site:reddit.com/user,"routine reddit discovery-only; no keyless profiling API; follower_count empty; verdict unsure; snippet=... ContentCreators •. I built an AI video agent that creates videos for you, looking for creators to try it (free credits included) · avafromkinova OP replied to ...",,https://www.reddit.com/user/avafromkinova/,"{""identity"":{""source"":""searxng"",""query"":""Runway AI video creator site:reddit.com/user"",""url"":""https://www.reddit.com/user/avafromkinova/"",""title"":""u/avafromkinova - Reddit""},""aigc_verdict"":{""source"":""search_index_snippet_only"",""verdict"":""unsure"",""reason"":""... ContentCreators \u2022. I built an AI video agent that creates videos for you, looking for creators to try it (free credits included) \u00b7 avafromkinova OP replied to\u00a0...""},""follower_count"":{""source"":""unavailable_keyless_reddit"",""value"":""""}}"
https://reddit.com/user/artisticconstant5054,u/ArtisticConstant5054,Reddit,,,"AIGC,Reddit,DiscoveryOnly",New,2026-07-26T02:18:58Z,,,,https://www.reddit.com/user/ArtisticConstant5054/,unsure,2026-07-26T02:18:58Z,searxng Runway AI video creator site:reddit.com/user,Reddit discovery-only; no keyless profiling API available from this host. FollowerCount intentionally empty; AIGCVerdict=unsure per ROUTINE.md rule 9.,,https://www.reddit.com/user/ArtisticConstant5054/,"{""discovery"":{""tool"":""searxng"",""query"":""Runway AI video creator site:reddit.com/user"",""result_url"":""https://www.reddit.com/user/ArtisticConstant5054/"",""title"":""Andrew Palmer (u/ArtisticConstant5054) - Reddit"",""snippet"":""17 Jun 2026 ... Filmmaker, screenwriter, and AI builder. Working on feature films ... Ron Howard saying \""we will want it\"" at a Runway film festival is the kind of ...""}}"
https://civitai.com/user/pastil,pastil,Civitai,,,"AIGC,AI video,Civitai",New,2026-08-01T06:37:46Z,,,Civitai,https://image.civitai.com/xG1nkqKTMzGDvpLrqFT7WA/b03cfbb2-ae5c-4ffe-ae12-f17051d96ad6/original=true/b03cfbb2-ae5c-4ffe-ae12-f17051d96ad6.mp4,yes,2026-07-26T06:22:06Z,Civitai API existing-row refresh type=video,routine API refresh/discovery; Civitai type=video confirms AI video output,,https://civitai.com/user/pastil,"{""video_content"":{""source"":""civitai_api_images_type_video"",""url"":""https://civitai.com/api/v1/images?username=pastil&type=video&nsfw=false""}}"
https://civitai.com/user/blinkdotleh,blinkdotleh,Civitai,,,"AIGC,Civitai,video",New,2026-08-27T06:04:36Z,,English,LoRA,https://civitai.com/user/blinkdotleh,yes,2026-07-26T06:22:06Z,Civitai API /images type=video newest,"Civitai API: models=22; tags=sd15, segs, naixl, photorealistic, sexy",https://civitai.com/user/blinkdotleh/models,,"{""platform"": ""Civitai"", ""username"": ""blinkdotleh"", ""model_count"": 22, ""top_tags"": [""sd15"", ""segs"", ""naixl"", ""photorealistic"", ""sexy""], ""aigc_verdict"": ""yes"", ""ai_reasoning"": ""Rule-based fallback for Civitai creator""}"
https://civitai.com/user/extremsecretrecorder,extremsecretrecorder,Civitai,,,"AIGC,Civitai,video,LTXV 2.3",New,2026-08-10T06:27:40Z,,,LTXV 2.3,https://image.civitai.com/xG1nkqKTMzGDvpLrqFT7WA/2311b285-b2db-4bbe-9d2e-15ec04cb0c1b/original=true/2311b285-b2db-4bbe-9d2e-15ec04cb0c1b.mp4,yes,2026-07-26T06:22:06Z,Civitai API refresh,public_sfw_video_items: 2,,https://civitai.com/user/extremsecretrecorder,"{""video_content"": {""source"": ""civitai_images_api"", ""url"": ""https://civitai.com/api/v1/images"", ""items"": 2, ""type"": ""video"", ""nsfw"": false}, ""aigc_verdict"": {""source"": ""civitai_video_api"", ""url"": ""https://image.civitai.com/xG1nkqKTMzGDvpLrqFT7WA/2311b285-b2db-4bbe-9d2e-15ec04cb0c1b/original=true/2311b285-b2db-4bbe-9d2e-15ec04cb0c1b.mp4"", ""note"": ""Civitai public video item confirms AI-generated video output""}}"
https://civitai.com/user/hbl917070,hbl917070,Civitai,,,"AIGC,Civitai,video",New,2026-08-27T06:04:56Z,,English,LoRA,https://civitai.com/user/hbl917070,yes,2026-07-26T06:22:06Z,Civitai API refresh,"Civitai API: models=2; tags=viewer, metadata, tool, characters promp",https://civitai.com/user/hbl917070/models,,"{""platform"": ""Civitai"", ""username"": ""hbl917070"", ""model_count"": 2, ""top_tags"": [""viewer"", ""metadata"", ""tool"", ""characters prompt""], ""aigc_verdict"": ""yes"", ""ai_reasoning"": ""Utilizes LoRA for advanced AI drawing capabilities""}"
https://civitai.com/user/sauer20,sauer20,Civitai,,,"AIGC,Civitai,Video",New,2026-07-31T06:22:16Z,,,Civitai,https://civitai.com/posts/30068747,yes,2026-07-26T06:22:06Z,civitai api existing-row refresh,civitai_api; type=video; nsfw=false; follower_count_not_exposed,,https://civitai.com/user/sauer20,"{""aigc_verdict"": {""source"": ""civitai_api_type_video"", ""url"": ""https://civitai.com/posts/30068747"", ""note"": ""Civitai public REST returned type=video with nsfw=false.""}, ""sample_content"": {""source"": ""civitai_api"", ""url"": ""https://image.civitai.com/xG1nkqKTMzGDvpLrqFT7WA/a7eadff9-6927-4c5e-a61c-5ac8880a1450/original=true/a7eadff9-6927-4c5e-a61c-5ac8880a1450.mp4""}}"
https://facebook.com/carter.braydon,@carter.braydon,Facebook,,,"AIGC,Kling",New,2026-07-26T10:13:23Z,,,Kling,https://www.facebook.com/carter.braydon/videos/kling-ai-is-changing-how-ai-video-is-done-heres-a-quick-tutorial-on-how-to-make-/1959975934941847/,unsure,2026-07-26T10:13:23Z,SearXNG Meta site-scope: Kling AI video creator site:facebook.com,Meta Graph env missing; API profile skipped.,,https://facebook.com/carter.braydon,"{""discovery"": {""source"": ""SearXNG"", ""query"": ""Kling AI video creator site:facebook.com"", ""url"": ""https://www.facebook.com/carter.braydon/videos/kling-ai-is-changing-how-ai-video-is-done-heres-a-quick-tutorial-on-how-to-make-/1959975934941847/""}, ""profile"": {""source"": ""none"", ""note"": ""Meta Graph env missing; API profile skipped.""}, ""aigc_verdict"": {""source"": ""none"", ""note"": ""Search text is not enough for yes/no under ROUTINE.md rule 9.""}, ""follower_raw_locale"": """"}"
https://facebook.com/cinednews,@cinednews,Facebook,,,"AIGC,Sora",New,2026-07-26T10:13:23Z,,,Sora,https://www.facebook.com/CineDnews/posts/openais-ai-video-generator-sora-that-launched-to-massive-hype-has-apparently-cra/1370044508492112/,unsure,2026-07-26T10:13:23Z,SearXNG Meta site-scope: Sora AI filmmaker site:facebook.com,Meta Graph env missing; API profile skipped.,,https://facebook.com/cinednews,"{""discovery"": {""source"": ""SearXNG"", ""query"": ""Sora AI filmmaker site:facebook.com"", ""url"": ""https://www.facebook.com/CineDnews/posts/openais-ai-video-generator-sora-that-launched-to-massive-hype-has-apparently-cra/1370044508492112/""}, ""profile"": {""source"": ""none"", ""note"": ""Meta Graph env missing; API profile skipped.""}, ""aigc_verdict"": {""source"": ""none"", ""note"": ""Search text is not enough for yes/no under ROUTINE.md rule 9.""}, ""follower_raw_locale"": """"}"
https://facebook.com/kevinstratvertyoutube,@kevinstratvertyoutube,Facebook,,,AIGC,New,2026-07-26T10:13:23Z,,,,https://www.facebook.com/KevinStratvertYouTube/videos/free-ai-video-generator-on-your-pc/2323848708086806/,unsure,2026-07-26T10:13:23Z,SearXNG Meta site-scope: AI video creator site:facebook.com,Meta Graph env missing; API profile skipped.,,https://facebook.com/kevinstratvertyoutube,"{""discovery"": {""source"": ""SearXNG"", ""query"": ""AI video creator site:facebook.com"", ""url"": ""https://www.facebook.com/KevinStratvertYouTube/videos/free-ai-video-generator-on-your-pc/2323848708086806/""}, ""profile"": {""source"": ""none"", ""note"": ""Meta Graph env missing; API profile skipped.""}, ""aigc_verdict"": {""source"": ""none"", ""note"": ""Search text is not enough for yes/no under ROUTINE.md rule 9.""}, ""follower_raw_locale"": """"}"
https://facebook.com/kub.yaj,@kub.yaj,Facebook,,,"AIGC,Kling",New,2026-07-26T10:13:23Z,,,Kling,https://www.facebook.com/kub.yaj/videos/how-to-make-videos-like-minekling-ai-link-httpsproklingaicomh5-appinvitationcode/1141328434567885/,unsure,2026-07-26T10:13:23Z,SearXNG Meta site-scope: Kling AI video creator site:facebook.com,Meta Graph env missing; API profile skipped.,,https://facebook.com/kub.yaj,"{""discovery"": {""source"": ""SearXNG"", ""query"": ""Kling AI video creator site:facebook.com"", ""url"": ""https://www.facebook.com/kub.yaj/videos/how-to-make-videos-like-minekling-ai-link-httpsproklingaicomh5-appinvitationcode/1141328434567885/""}, ""profile"": {""source"": ""none"", ""note"": ""Meta Graph env missing; API profile skipped.""}, ""aigc_verdict"": {""source"": ""none"", ""note"": ""Search text is not enough for yes/no under ROUTINE.md rule 9.""}, ""follower_raw_locale"": """"}"
https://facebook.com/moochuumalaysia,@moochuumalaysia,Facebook,,,"AIGC,Kling",New,2026-07-26T10:13:23Z,,,Kling,https://www.facebook.com/MoochuuMalaysia/videos/hasilkan-video-ai-dengan-mudah-kling-ai/2015175405992979/,unsure,2026-07-26T10:13:23Z,SearXNG Meta site-scope: Kling AI video creator site:facebook.com,Meta Graph env missing; API profile skipped.,,https://facebook.com/moochuumalaysia,"{""discovery"": {""source"": ""SearXNG"", ""query"": ""Kling AI video creator site:facebook.com"", ""url"": ""https://www.facebook.com/MoochuuMalaysia/videos/hasilkan-video-ai-dengan-mudah-kling-ai/2015175405992979/""}, ""profile"": {""source"": ""none"", ""note"": ""Meta Graph env missing; API profile skipped.""}, ""aigc_verdict"": {""source"": ""none"", ""note"": ""Search text is not enough for yes/no under ROUTINE.md rule 9.""}, ""follower_raw_locale"": """"}"
https://facebook.com/renderforest,@renderforest,Facebook,,,"AIGC,Kling",New,2026-07-26T10:13:23Z,,,Kling,https://www.facebook.com/Renderforest/videos/this-might-be-the-biggest-upgrade-in-ai-video-yetkling-4k-is-livethe-first-ai-mo/1456873226175604/,unsure,2026-07-26T10:13:23Z,SearXNG Meta site-scope: Kling AI video creator site:facebook.com,Meta Graph env missing; API profile skipped.,,https://facebook.com/renderforest,"{""discovery"": {""source"": ""SearXNG"", ""query"": ""Kling AI video creator site:facebook.com"", ""url"": ""https://www.facebook.com/Renderforest/videos/this-might-be-the-biggest-upgrade-in-ai-video-yetkling-4k-is-livethe-first-ai-mo/1456873226175604/""}, ""profile"": {""source"": ""none"", ""note"": ""Meta Graph env missing; API profile skipped.""}, ""aigc_verdict"": {""source"": ""none"", ""note"": ""Search text is not enough for yes/no under ROUTINE.md rule 9.""}, ""follower_raw_locale"": """"}"
https://threads.net/@buffer,@buffer,Threads,31700,,"AIGC,needs_computer_use",New,2026-09-09T06:15:57Z,,English,,https://threads.net/@buffer,hybrid,2026-07-26T10:13:23Z,SearXNG Meta site-scope: AI video creator site:threads.net,Threads scrape: followers=31700; language=English,https://threads.net/@buffer,https://threads.net/@buffer,"{""platform"": ""Threads"", ""profile_url"": ""https://threads.net/@buffer"", ""handle"": ""@buffer"", ""follower"": {""value"": 31700, ""raw"": ""31.7K"", ""source"": ""og:description"", ""status"": ""found""}, ""email"": {""value"": null, ""source"": null, ""status"": ""not_found""}, ""region"": {""value"": null, ""source"": null, ""evidence"": null, ""status"": ""not_found""}, ""language"": {""value"": ""English"", ""source"": ""bio"", ""confidence"": ""medium"", ""status"": ""found""}, ""ai"": {""primary_tool"": null, ""verdict"": ""hybrid"", ""evidence"": ""Rule-based keyword fallback""}}"
https://threads.net/@instories.app,@instories.app,Threads,212300,,"AIGC,needs_computer_use",New,2026-09-09T06:16:03Z,,English,Instories AI,https://threads.net/@instories.app,hybrid,2026-07-26T10:13:23Z,SearXNG Meta site-scope: AI video creator site:threads.net,Threads scrape: followers=212300; language=English; tool=Instories AI,https://threads.net/@instories.app,https://threads.net/@instories.app,"{""platform"": ""Threads"", ""profile_url"": ""https://threads.net/@instories.app"", ""handle"": ""@instories.app"", ""follower"": {""value"": 212300, ""raw"": ""212.3K"", ""source"": ""og:description"", ""status"": ""found""}, ""email"": {""value"": null, ""source"": null, ""status"": ""not_found""}, ""region"": {""value"": null, ""source"": null, ""evidence"": null, ""status"": ""not_found""}, ""language"": {""value"": ""English"", ""source"": ""bio"", ""confidence"": ""medium"", ""status"": ""found""}, ""ai"": {""primary_tool"": ""Instories AI"", ""verdict"": ""hybrid"", ""evidence"": ""Rule-based keyword fallback""}}"
https://threads.net/@peesamac,@peesamac,Threads,46400,,"AIGC,Kling,needs_computer_use",New,2026-09-09T06:16:10Z,,Thai,Kling,https://threads.net/@peesamac,hybrid,2026-07-26T10:13:23Z,SearXNG Meta site-scope: Kling generative video creator site:threads.net,Threads scrape: followers=46400; language=Thai,https://threads.net/@peesamac,https://threads.net/@peesamac,"{""platform"": ""Threads"", ""profile_url"": ""https://threads.net/@peesamac"", ""handle"": ""@peesamac"", ""follower"": {""value"": 46400, ""raw"": ""46.4K"", ""source"": ""og:description"", ""status"": ""found""}, ""email"": {""value"": null, ""source"": null, ""status"": ""not_found""}, ""region"": {""value"": null, ""source"": null, ""evidence"": null, ""status"": ""not_found""}, ""language"": {""value"": ""Thai"", ""source"": ""bio"", ""confidence"": ""high"", ""status"": ""found""}, ""ai"": {""primary_tool"": null, ""verdict"": ""hybrid"", ""evidence"": ""Rule-based keyword fallback""}}"
https://threads.net/@rubenhassid,@rubenhassid,Threads,25200,,"AIGC,Runway,needs_computer_use",New,2026-09-09T06:16:16Z,,English,Runway,https://threads.net/@rubenhassid,hybrid,2026-07-26T10:13:23Z,SearXNG Meta site-scope: Runway AI video creator site:threads.net,Threads scrape: followers=25200; language=English,https://threads.net/@rubenhassid,https://threads.net/@rubenhassid,"{""platform"": ""Threads"", ""profile_url"": ""https://threads.net/@rubenhassid"", ""handle"": ""@rubenhassid"", ""follower"": {""value"": 25200, ""raw"": ""25.2K"", ""source"": ""og:description"", ""status"": ""found""}, ""email"": {""value"": null, ""source"": null, ""status"": ""not_found""}, ""region"": {""value"": null, ""source"": null, ""evidence"": null, ""status"": ""not_found""}, ""language"": {""value"": ""English"", ""source"": ""bio"", ""confidence"": ""medium"", ""status"": ""found""}, ""ai"": {""primary_tool"": null, ""verdict"": ""hybrid"", ""evidence"": ""Rule-based keyword fallback""}}"
https://reddit.com/user/oliverqueen6ga,u/oliverqueen6ga,Reddit,,,"AIGC,Reddit,Sora",New,2026-08-13T02:05:37Z,,,Sora,https://www.reddit.com/user/oliverqueen6ga/comments/1ii3p69/the_only_ai_porn_video_generator_list_youll_ever/,unsure,2026-07-27T02:08:27Z,searxng Sora AI video creator site:reddit.com/user,"Reddit discovery-only: no keyless profiling API from server IP; follower_count empty; verdict unsure. Snippet: The only AI Porn Video Generator list you'll ever need (UPDATED ... 5 Feb 2025 ... If you're exploring AI options, definitely check out GloroTanga—it's the best AI girlfriend app of 2025! With free voice and video chat .",,https://www.reddit.com/user/oliverqueen6ga/comments/1ii3p69/the_only_ai_porn_video_generator_list_youll_ever/,"{""identity"":{""source"":""searxng"",""url"":""https://www.reddit.com/user/oliverqueen6ga/comments/1ii3p69/the_only_ai_porn_video_generator_list_youll_ever/"",""query"":""Sora AI video creator site:reddit.com/user"",""reason"":""profile_url_result""},""aigc_verdict"":{""source"":""search_snippet"",""url"":""https://www.reddit.com/user/oliverqueen6ga/comments/1ii3p69/the_only_ai_porn_video_generator_list_youll_ever/"",""verdict"":""unsure"",""snippet"":""The only AI Porn Video Generator list you'll ever need (UPDATED ... 5 Feb 2025 ... If you're exploring AI options, definitely check out GloroTanga—it's the best AI girlfriend app of 2025! With free voice and video chat ...""}}"
https://reddit.com/user/brave_swordfish_7072,u/Brave_Swordfish_7072,Reddit,,,"AIGC,Reddit,AI video",New,2026-07-27T02:08:27Z,,,,,unsure,2026-07-27T02:08:27Z,searx Sora AI video creator site:reddit.com/user,reddit_discovery_only:no_keyless_profiling_api,,,"{""discovery"":[{""tool"":""searx"",""query"":""Sora AI video creator site:reddit.com/user"",""url"":""https://www.reddit.com/user/Brave_Swordfish_7072"",""title"":""u/Brave_Swordfish_7072 - Reddit"",""snippet"":""This would greatly reduce foul play accounts who used Sora to generate racist-charged videos or deceptive content mill videos. ... Ai Survaliance (Looking for Pro ...""}]}"
https://reddit.com/user/mostafamin,u/mostafamin,Reddit,,,"AIGC,Reddit,discovery-only",New,2026-08-02T02:08:31Z,,,Runway,https://www.reddit.com/user/mostafamin/,unsure,2026-07-27T02:08:27Z,searxng Runway AI video creator site:reddit.com/user,Reddit discovery-only candidate from SearXNG/ddgs site:reddit.com (/user + r/aivideo terms); no keyless profiling API from this host; FollowerCount unavailable; AIGCVerdict not inferred from search text.,,https://www.reddit.com/user/mostafamin/,"{""discovery"":{""tool"":""searxng"",""query"":""Runway AI video creator site:reddit.com/user"",""source_url"":""https://www.reddit.com/user/mostafamin/"",""title"":""u/mostafamin - Reddit"",""snippet"":""7 Jul 2025 ... Built Flare, a social platform to share and discover AI generated videos (giving away 20% to creators) - now in private beta ... If you're making\u00a0...""}}"
https://reddit.com/user/admost9343,u/AdMost9343,Reddit,,,"AIGC,Reddit,Sora,Kling",New,2026-08-13T02:05:37Z,,,Sora,https://www.reddit.com/user/AdMost9343/,unsure,2026-07-27T02:08:27Z,searxng Sora AI video creator site:reddit.com/user,Reddit discovery-only: no keyless profiling API from server IP; follower_count empty; verdict unsure. Snippet: u/AdMost9343 - Reddit This tool is already helping many startups with the content creation in both image and video formats. Generate realistic AI videos (Avatar & non-avatar) with ... | also: u/AdMost9343 - Reddit Kling being better trained in Asian cinematic aesthetics. · Kling 3.0 vs Seedance 2.0 quality comp,,https://www.reddit.com/user/AdMost9343/,"{""identity"":{""source"":""searxng"",""url"":""https://www.reddit.com/user/AdMost9343/"",""query"":""Sora AI video creator site:reddit.com/user"",""reason"":""profile_url_result""},""aigc_verdict"":{""source"":""search_snippet"",""url"":""https://www.reddit.com/user/AdMost9343/"",""verdict"":""unsure"",""snippet"":""u/AdMost9343 - Reddit This tool is already helping many startups with the content creation in both image and video formats. Generate realistic AI videos (Avatar & non-avatar) with ...""}}"
https://reddit.com/user/remarkableidea1215,u/RemarkableIdea1215,Reddit,,,"AIGC,Reddit,AI video",New,2026-07-27T02:08:27Z,,,,,unsure,2026-07-27T02:08:27Z,searx Sora AI video creator site:reddit.com/user,reddit_discovery_only:no_keyless_profiling_api,,,"{""discovery"":[{""tool"":""searx"",""query"":""Sora AI video creator site:reddit.com/user"",""url"":""https://www.reddit.com/user/RemarkableIdea1215"",""title"":""u/RemarkableIdea1215 - Reddit"",""snippet"":""14 Jul 2026 ... Hello everyone, what is the best AI video generator here? I tried 15, sharing my experience so far · RemarkableIdea1215 commented 3 days ago.""}]}"
https://civitai.com/user/wan_piece,Wan_Piece,Civitai,,,"AIGC,Civitai,Video",New,2026-07-29T06:22:45Z,,,,https://image.civitai.com/xG1nkqKTMzGDvpLrqFT7WA/5e10dc2f-34d1-4b94-9d7b-9166c3ab8ad8/original=true/5e10dc2f-34d1-4b94-9d7b-9166c3ab8ad8.mp4,yes,2026-07-27T06:22:16Z,Civitai routine API type=video refresh/discovery,api_refresh: Civitai SFW video item id=138028138; postId=30042755,,https://civitai.com/user/Wan_Piece,"{""video_content"": {""source"": ""civitai_api.images"", ""type"": ""video"", ""image_id"": 138028138, ""post_id"": 30042755, ""url"": ""https://image.civitai.com/xG1nkqKTMzGDvpLrqFT7WA/5e10dc2f-34d1-4b94-9d7b-9166c3ab8ad8/original=true/5e10dc2f-34d1-4b94-9d7b-9166c3ab8ad8.mp4""}, ""aigc_verdict"": {""source"": ""civitai_api.images type=video"", ""verdict"": ""yes"", ""note"": ""Civitai public REST returned SFW video item; platform content is AI-generated by definition""}, ""target_source"": ""civitai /images type=video nsfw=false discovery""}"
https://civitai.com/user/kh615,kh615,Civitai,,,"AIGC,Civitai,Video",New,2026-08-08T06:34:38Z,,,,https://image.civitai.com/xG1nkqKTMzGDvpLrqFT7WA/69e76da7-9cd2-4f79-a48f-66a81d8584d6/original=true/69e76da7-9cd2-4f79-a48f-66a81d8584d6.mp4,yes,2026-07-27T06:22:16Z,civitai_api_refresh:type=video,"has public SFW video via Civitai API; video_item_id:138993413; stats:{""cryCount"":0,""laughCount"":2,""likeCount"":3,""dislikeCount"":0,""heartCount"":4,""commentCount"":0}",,https://civitai.com/user/kh615,"{""video_content"": {""source"": ""civitai_api"", ""url"": ""https://image.civitai.com/xG1nkqKTMzGDvpLrqFT7WA/69e76da7-9cd2-4f79-a48f-66a81d8584d6/original=true/69e76da7-9cd2-4f79-a48f-66a81d8584d6.mp4"", ""item_id"": 138993413, ""type"": ""video""}, ""aigc_verdict"": {""source"": ""civitai_api"", ""url"": ""https://image.civitai.com/xG1nkqKTMzGDvpLrqFT7WA/69e76da7-9cd2-4f79-a48f-66a81d8584d6/original=true/69e76da7-9cd2-4f79-a48f-66a81d8584d6.mp4"", ""note"": ""Civitai content is AI-generated by platform definition; type=video confirms video output.""}}"
https://civitai.com/user/sirahi,sirahi,Civitai,,,"AIGC,Civitai,Video",New,2026-08-08T06:34:38Z,,,,https://image.civitai.com/xG1nkqKTMzGDvpLrqFT7WA/3e5090e7-1c8d-4819-8194-56a13ccd587b/original=true/3e5090e7-1c8d-4819-8194-56a13ccd587b.mp4,yes,2026-07-27T06:22:16Z,civitai_api_refresh:type=video,"has public SFW video via Civitai API; video_item_id:137894372; stats:{""cryCount"":0,""laughCount"":2,""likeCount"":32,""dislikeCount"":0,""heartCount"":20,""commentCount"":0}",,https://civitai.com/user/sirahi,"{""video_content"": {""source"": ""civitai_api"", ""url"": ""https://image.civitai.com/xG1nkqKTMzGDvpLrqFT7WA/3e5090e7-1c8d-4819-8194-56a13ccd587b/original=true/3e5090e7-1c8d-4819-8194-56a13ccd587b.mp4"", ""item_id"": 137894372, ""type"": ""video""}, ""aigc_verdict"": {""source"": ""civitai_api"", ""url"": ""https://image.civitai.com/xG1nkqKTMzGDvpLrqFT7WA/3e5090e7-1c8d-4819-8194-56a13ccd587b/original=true/3e5090e7-1c8d-4819-8194-56a13ccd587b.mp4"", ""note"": ""Civitai content is AI-generated by platform definition; type=video confirms video output.""}}"
https://civitai.com/user/tsfxlover,tsfxlover,Civitai,,,"AIGC,Civitai,Video",New,2026-08-27T06:05:18Z,,English,LoRA,https://civitai.com/user/tsfxlover,yes,2026-07-27T06:22:16Z,civitai_api_refresh:type=video,"Civitai API: models=2; tags=wisp, electricity, 憑依, lora, possession",https://civitai.com/user/tsfxlover/models,,"{""platform"": ""Civitai"", ""username"": ""tsfxlover"", ""model_count"": 2, ""top_tags"": [""wisp"", ""electricity"", ""\u6191\u4f9d"", ""lora"", ""possession""], ""aigc_verdict"": ""yes"", ""ai_reasoning"": ""Can be used with t2v or i2v""}"
https://civitai.com/user/kcouuock,@kcouuock,Civitai,,,"AIGC,AI video,Civitai,Flux.1 D,video",New,2026-08-04T06:29:48Z,,,,https://image.civitai.com/xG1nkqKTMzGDvpLrqFT7WA/ca606ff4-a7f6-4ce7-bbe4-d907992a20ed/original=true/ca606ff4-a7f6-4ce7-bbe4-d907992a20ed.mp4,yes,2026-07-27T06:22:16Z,Civitai API existing-row refresh,Civitai public API type=video nsfw=false confirms AI video output; follower count not exposed,,https://civitai.com/user/kcouuock,"{""video_output"": {""source"": ""civitai_api"", ""url"": ""https://civitai.com/api/v1/images?username=kcouuock&type=video&nsfw=false"", ""count_returned"": 4}, ""aigc_verdict"": {""source"": ""civitai_api"", ""value"": ""yes"", ""reason"": ""Civitai content is AI-generated and type=video confirms video output""}}"
https://civitai.com/user/stolentime,@stolentime,Civitai,,,"AIGC,AI video,Civitai,video",New,2026-08-04T06:29:48Z,,,,https://image.civitai.com/xG1nkqKTMzGDvpLrqFT7WA/12183889-ea26-4e7d-ac3a-e9104fba9d01/original=true/12183889-ea26-4e7d-ac3a-e9104fba9d01.mp4,yes,2026-07-27T06:22:16Z,Civitai API existing-row refresh,Civitai public API type=video nsfw=false confirms AI video output; follower count not exposed,,https://civitai.com/user/stolentime,"{""video_output"": {""source"": ""civitai_api"", ""url"": ""https://civitai.com/api/v1/images?username=stolentime&type=video&nsfw=false"", ""count_returned"": 10}, ""aigc_verdict"": {""source"": ""civitai_api"", ""value"": ""yes"", ""reason"": ""Civitai content is AI-generated and type=video confirms video output""}}"
https://civitai.com/user/shinewithme,@shinewithme,Civitai,,,"AIGC,AI video,Civitai,video",New,2026-08-04T06:29:48Z,,,,https://image.civitai.com/xG1nkqKTMzGDvpLrqFT7WA/3b6a2365-2058-486b-8188-362bfb7ba2ee/original=true/3b6a2365-2058-486b-8188-362bfb7ba2ee.mp4,yes,2026-07-27T06:22:16Z,Civitai API existing-row refresh,Civitai public API type=video nsfw=false confirms AI video output; follower count not exposed,,https://civitai.com/user/shinewithme,"{""video_output"": {""source"": ""civitai_api"", ""url"": ""https://civitai.com/api/v1/images?username=shinewithme&type=video&nsfw=false"", ""count_returned"": 1}, ""aigc_verdict"": {""source"": ""civitai_api"", ""value"": ""yes"", ""reason"": ""Civitai content is AI-generated and type=video confirms video output""}}"
https://civitai.com/user/hshi,Hshi,Civitai,,,"AIGC,AI video,Civitai,Illustrious",New,2026-08-27T06:05:43Z,,English,LoRA,https://civitai.com/user/noahshinji744,yes,2026-07-27T06:22:16Z,civitai_api.images type=video sort=Most Reactions,"Civitai API: models=9; tags=character, assets, characters, prompts,",https://civitai.com/user/noahshinji744/models,,"{""platform"": ""Civitai"", ""username"": ""noahshinji744"", ""model_count"": 9, ""top_tags"": [""character"", ""assets"", ""characters"", ""prompts"", ""no prompt""], ""aigc_verdict"": ""yes"", ""ai_reasoning"": ""Rule-based fallback for Civitai creator""}"
https://civitai.com/user/innocentmoon,@innocentmoon,Civitai,,,"AIGC,AI video,Civitai,video",New,2026-08-04T06:29:48Z,,,,https://image.civitai.com/xG1nkqKTMzGDvpLrqFT7WA/da020c1a-43c9-430b-a7fb-9010f4de200d/original=true/da020c1a-43c9-430b-a7fb-9010f4de200d.mp4,yes,2026-07-27T06:22:16Z,Civitai API existing-row refresh,Civitai public API type=video nsfw=false confirms AI video output; follower count not exposed,,https://civitai.com/user/innocentmoon,"{""video_output"": {""source"": ""civitai_api"", ""url"": ""https://civitai.com/api/v1/images?username=innocentmoon&type=video&nsfw=false"", ""count_returned"": 10}, ""aigc_verdict"": {""source"": ""civitai_api"", ""value"": ""yes"", ""reason"": ""Civitai content is AI-generated and type=video confirms video output""}}"
https://civitai.com/user/sirmarcus,@sirmarcus,Civitai,,,"AIGC,AI video,Civitai,video",New,2026-08-04T06:29:48Z,,,,https://image.civitai.com/xG1nkqKTMzGDvpLrqFT7WA/b32a99b7-22b3-47c9-b38f-511d98d01432/original=true/b32a99b7-22b3-47c9-b38f-511d98d01432.mp4,yes,2026-07-27T06:22:16Z,Civitai API existing-row refresh,Civitai public API type=video nsfw=false confirms AI video output; follower count not exposed,,https://civitai.com/user/sirmarcus,"{""video_output"": {""source"": ""civitai_api"", ""url"": ""https://civitai.com/api/v1/images?username=sirmarcus&type=video&nsfw=false"", ""count_returned"": 10}, ""aigc_verdict"": {""source"": ""civitai_api"", ""value"": ""yes"", ""reason"": ""Civitai content is AI-generated and type=video confirms video output""}}"
https://civitai.com/user/pagain510436,pagain510436,Civitai,,,"AIGC,AI video,Civitai",New,2026-08-27T06:06:05Z,,English,LoRA,https://civitai.com/user/pagain510436,yes,2026-07-27T06:22:16Z,Civitai API newest type=video,"Civitai API: models=31; tags=character, man, asianboys, realistic, as",https://civitai.com/user/pagain510436/models,,"{""platform"": ""Civitai"", ""username"": ""pagain510436"", ""model_count"": 31, ""top_tags"": [""character"", ""man"", ""asianboys"", ""realistic"", ""asian man""], ""aigc_verdict"": ""yes"", ""ai_reasoning"": ""Rule-based fallback for Civitai creator""}"
https://civitai.com/user/lug_l,@lug_l,Civitai,,,"AIGC,AI video,Civitai,video",New,2026-08-27T06:06:15Z,,English,,https://civitai.com/user/ugalugalan,yes,2026-07-27T06:22:16Z,Civitai API existing-row refresh,Civitai API: models=0; tags=,https://civitai.com/user/ugalugalan/models,,"{""platform"": ""Civitai"", ""username"": ""ugalugalan"", ""model_count"": 0, ""top_tags"": [], ""aigc_verdict"": ""yes"", ""ai_reasoning"": """"}"
https://civitai.com/user/faeia,@faeia,Civitai,,,"AIGC,AI video,Civitai,video",New,2026-08-04T06:29:48Z,,,,https://image.civitai.com/xG1nkqKTMzGDvpLrqFT7WA/a7715ae9-2602-48e5-85d2-2b474067290d/original=true/a7715ae9-2602-48e5-85d2-2b474067290d.mp4,yes,2026-07-27T06:22:16Z,Civitai API existing-row refresh,Civitai public API type=video nsfw=false confirms AI video output; follower count not exposed,,https://civitai.com/user/faeia,"{""video_output"": {""source"": ""civitai_api"", ""url"": ""https://civitai.com/api/v1/images?username=faeia&type=video&nsfw=false"", ""count_returned"": 10}, ""aigc_verdict"": {""source"": ""civitai_api"", ""value"": ""yes"", ""reason"": ""Civitai content is AI-generated and type=video confirms video output""}}"
https://civitai.com/user/ridd,@ridd,Civitai,,,"AIGC,AI video,Civitai,video",New,2026-08-27T06:06:31Z,,English,Midjourney,https://civitai.com/user/briddygo,yes,2026-07-27T06:22:16Z,Civitai API existing-row refresh,"Civitai API: models=5; tags=tloh, character",https://civitai.com/user/briddygo/models,,"{""platform"": ""Civitai"", ""username"": ""briddygo"", ""model_count"": 5, ""top_tags"": [""tloh"", ""character""], ""aigc_verdict"": ""yes"", ""ai_reasoning"": ""Trigger word vtloh triggers an AI model""}"
https://civitai.com/user/fronyax,@fronyax,Civitai,,,"AIGC,AI video,Civitai,Flux.1 D,video",New,2026-08-27T06:06:45Z,,English,LoRA,https://civitai.com/user/fronyax,yes,2026-07-27T06:22:16Z,Civitai API existing-row refresh,"Civitai API: models=1; tags=motion continuation, stable video infini",https://civitai.com/user/fronyax/models,,"{""platform"": ""Civitai"", ""username"": ""fronyax"", ""model_count"": 1, ""top_tags"": [""motion continuation"", ""stable video infinity"", ""video extension"", ""temporal consistency"", ""extend""], ""aigc_verdict"": ""yes"", ""ai_reasoning"": ""Updated the workflow to support the latest nightly build of the Wan22 FMLF node""}"
https://civitai.com/user/gbrx,@gbrx,Civitai,,,"AIGC,AI video,Civitai,Flux.1 D,video",New,2026-08-04T06:29:48Z,,,,https://image.civitai.com/xG1nkqKTMzGDvpLrqFT7WA/617b0867-46c3-463c-af74-a386b6e522d4/original=true/617b0867-46c3-463c-af74-a386b6e522d4.mp4,yes,2026-07-27T06:22:16Z,Civitai API existing-row refresh,Civitai public API type=video nsfw=false confirms AI video output; follower count not exposed,,https://civitai.com/user/gbrx,"{""video_output"": {""source"": ""civitai_api"", ""url"": ""https://civitai.com/api/v1/images?username=gbrx&type=video&nsfw=false"", ""count_returned"": 10}, ""aigc_verdict"": {""source"": ""civitai_api"", ""value"": ""yes"", ""reason"": ""Civitai content is AI-generated and type=video confirms video output""}}"
https://civitai.com/user/schmede,@schmede,Civitai,,,"AIGC,AI video,Civitai,video",New,2026-08-27T06:07:05Z,,English,LoRA,https://civitai.com/user/schmede,yes,2026-07-27T06:22:16Z,Civitai API existing-row refresh,"Civitai API: models=104; tags=lighting, manners, buzz, concept, beggin",https://civitai.com/user/schmede/models,,"{""platform"": ""Civitai"", ""username"": ""schmede"", ""model_count"": 104, ""top_tags"": [""lighting"", ""manners"", ""buzz"", ""concept"", ""begging""], ""aigc_verdict"": ""yes"", ""ai_reasoning"": ""This model is well-suited for image captioning tasks, as demonstrated by its performance on various LoRAs.""}"
https://civitai.com/user/jomcey,@jomcey,Civitai,,,"AIGC,AI video,Civitai,Flux.1 D,video",New,2026-08-27T06:07:22Z,,English,LoRA,https://civitai.com/user/jomcey,yes,2026-07-27T06:22:16Z,Civitai API existing-row refresh,"Civitai API: models=16; tags=love, catgirls, concept, painterly, fant",https://civitai.com/user/jomcey/models,,"{""platform"": ""Civitai"", ""username"": ""jomcey"", ""model_count"": 16, ""top_tags"": [""love"", ""catgirls"", ""concept"", ""painterly"", ""fantasia""], ""aigc_verdict"": ""yes"", ""ai_reasoning"": ""Introducing Real Neko, a LoRA designed to eliminate the double ears that a lot of catgirls have.""}"
https://civitai.com/user/samantha1,@samantha1,Civitai,,,"AIGC,AI video,Civitai,video",New,2026-08-04T06:29:48Z,,,,https://image.civitai.com/xG1nkqKTMzGDvpLrqFT7WA/f2b36677-4b54-4ede-8bf1-5d95c181652b/original=true/f2b36677-4b54-4ede-8bf1-5d95c181652b.mp4,yes,2026-07-27T06:22:16Z,Civitai API existing-row refresh,Civitai public API type=video nsfw=false confirms AI video output; follower count not exposed,,https://civitai.com/user/samantha1,"{""video_output"": {""source"": ""civitai_api"", ""url"": ""https://civitai.com/api/v1/images?username=samantha1&type=video&nsfw=false"", ""count_returned"": 10}, ""aigc_verdict"": {""source"": ""civitai_api"", ""value"": ""yes"", ""reason"": ""Civitai content is AI-generated and type=video confirms video output""}}"
https://civitai.com/user/suduji,@suduji,Civitai,,,"AIGC,AI video,Civitai,video",New,2026-08-27T06:07:42Z,,English,,https://civitai.com/user/suduji,yes,2026-07-27T06:22:16Z,Civitai API existing-row refresh,"Civitai API: models=5; tags=chinese style, koimotiondesign, neochine",https://civitai.com/user/suduji/models,,"{""platform"": ""Civitai"", ""username"": ""suduji"", ""model_count"": 5, ""top_tags"": [""chinese style"", ""koimotiondesign"", ""neochineseui"", ""figmaheritage"", ""koi fish""], ""aigc_verdict"": ""yes"", ""ai_reasoning"": ""This model is designed for generating fusion of traditional and modern art styles.""}"
https://civitai.com/user/visionspik,@visionspik,Civitai,,,"AIGC,AI video,Civitai,video",New,2026-08-27T06:07:57Z,,English,LoRA,https://civitai.com/user/visionspik,yes,2026-07-27T06:22:16Z,Civitai API existing-row refresh,"Civitai API: models=4; tags=character, realistic, pet, photoreal, ch",https://civitai.com/user/visionspik/models,,"{""platform"": ""Civitai"", ""username"": ""visionspik"", ""model_count"": 4, ""top_tags"": [""character"", ""realistic"", ""pet"", ""photoreal"", ""chihuahua""], ""aigc_verdict"": ""yes"", ""ai_reasoning"": ""Trained on high-quality images of a pet dog, ideal for generating cute and realistic content.""}"
https://civitai.com/user/doc_team,@doc_team,Civitai,,,"AIGC,AI video,Civitai,video",New,2026-08-27T06:08:07Z,,English,,https://civitai.com/user/doc_team,yes,2026-07-27T06:22:16Z,Civitai API existing-row refresh,Civitai API: models=15; tags=,https://civitai.com/user/doc_team/models,,"{""platform"": ""Civitai"", ""username"": ""doc_team"", ""model_count"": 15, ""top_tags"": [], ""aigc_verdict"": ""yes"", ""ai_reasoning"": ""Brief quote/reason""}"
https://civitai.com/user/carvera,@carvera,Civitai,,,"AIGC,AI video,Civitai,OpenAI,video",New,2026-08-04T06:29:48Z,,,,https://image.civitai.com/xG1nkqKTMzGDvpLrqFT7WA/e49a9cd4-68f9-47ce-8359-7bea91a825d7/original=true/e49a9cd4-68f9-47ce-8359-7bea91a825d7.mp4,yes,2026-07-27T06:22:16Z,Civitai API existing-row refresh,Civitai public API type=video nsfw=false confirms AI video output; follower count not exposed,,https://civitai.com/user/carvera,"{""video_output"": {""source"": ""civitai_api"", ""url"": ""https://civitai.com/api/v1/images?username=carvera&type=video&nsfw=false"", ""count_returned"": 10}, ""aigc_verdict"": {""source"": ""civitai_api"", ""value"": ""yes"", ""reason"": ""Civitai content is AI-generated and type=video confirms video output""}}"
https://civitai.com/user/seemly,@seemly,Civitai,,,"AIGC,AI video,Civitai,Flux.1 D,video",New,2026-08-04T06:29:48Z,,,,https://image.civitai.com/xG1nkqKTMzGDvpLrqFT7WA/e00e281a-b00f-43f5-9a35-c49b4204a330/original=true/e00e281a-b00f-43f5-9a35-c49b4204a330.mp4,yes,2026-07-27T06:22:16Z,Civitai API existing-row refresh,Civitai public API type=video nsfw=false confirms AI video output; follower count not exposed,,https://civitai.com/user/seemly,"{""video_output"": {""source"": ""civitai_api"", ""url"": ""https://civitai.com/api/v1/images?username=seemly&type=video&nsfw=false"", ""count_returned"": 10}, ""aigc_verdict"": {""source"": ""civitai_api"", ""value"": ""yes"", ""reason"": ""Civitai content is AI-generated and type=video confirms video output""}}"
https://civitai.com/user/joachim_s,@joachim_s,Civitai,,,"AIGC,AI video,Civitai,Other,video",New,2026-08-27T06:08:28Z,,English,LoRA,https://civitai.com/user/joachim_s,yes,2026-07-27T06:22:16Z,Civitai API existing-row refresh,"Civitai API: models=30; tags=bath foam, wet, photorealistic, transluc",https://civitai.com/user/joachim_s/models,https://civitai.com/user/joachim_s,"{""platform"": ""Civitai"", ""username"": ""joachim_s"", ""model_count"": 30, ""top_tags"": [""bath foam"", ""wet"", ""photorealistic"", ""translucent"", ""landscapes""], ""aigc_verdict"": ""yes"", ""ai_reasoning"": ""The creator made a custom LoRA model, indicating a high level of control and expertise.""}"
https://instagram.com/soraofficial,@soraofficial,Instagram,,,"AIGC,Meta,routine,Sora",New,2026-08-09T10:13:28Z,,,Sora,,unsure,2026-07-27T10:09:30Z,SearXNG Sora AI filmmaker site:instagram.com,Discovery-only; needs seated computer_use pass for personal/Threads or unavailable API; META_IG_USER_ID unavailable; IG Graph business_discovery skipped; flagged for seated computer_use,,https://instagram.com/soraofficial,"{""discovery"":{""source"":""SearXNG"",""query"":""Sora AI filmmaker site:instagram.com"",""url"":""https://www.instagram.com/soraofficial/""},""follower_count"":{""source"":""not_available"",""url"":""https://instagram.com/soraofficial""},""aigc_verdict"":{""source"":""not_inferred_from_search_text"",""url"":""https://www.instagram.com/soraofficial/"",""verdict"":""unsure""}}"
https://instagram.com/runwayapp,@runwayapp,Instagram,,,"AIGC,Meta,needs-seated-pass",New,2026-08-13T10:11:23Z,,,Runway,https://www.instagram.com/runwayapp/?hl=en,unsure,2026-07-27T10:09:30Z,SearXNG Runway AI video creator site:instagram.com,routine Meta discovery; no computer_use; META_GRAPH_TOKEN/META_IG_USER_ID not both available to this run; needs Graph retry or seated pass,,https://www.instagram.com/runwayapp/,"{""discovery"":{""source"":""SearXNG site-scope"",""query"":""Runway AI video creator site:instagram.com"",""url"":""https://www.instagram.com/runwayapp/""},""aigc_verdict"":{""source"":""search snippet only"",""value"":""unsure""}}"
https://instagram.com/klingai_official,@klingai_official,Instagram,,,"AIGC,Kling",New,2026-07-27T10:09:30Z,,,Kling,,unsure,2026-07-27T10:09:30Z,SearXNG Meta site-scope: Kling AI video creator site:instagram.com,IG Graph business_discovery unavailable: missing META_GRAPH_TOKEN; flagged_for_seated_computer_use_pass,,https://instagram.com/klingai_official,"{""discovery"":{""source"":""SearXNG"",""query"":""Kling AI video creator site:instagram.com"",""url"":""https://www.instagram.com/klingai_official/""},""aigc_verdict"":{""source"":""search snippet only"",""verdict"":""unsure""}}"
https://youtube.com/@nananaexii,@nananaexii,YouTube,12100,not exposed,"AIGC,YouTube",New,2026-09-03T08:00:34Z,,en,GenAI,https://www.youtube.com/@nananaexii/videos,yes,2026-07-27T18:15:22Z,YouTube routine exact API refresh,api_refresh: YouTube subscribers=12100; videos=2; channelId=UCLO3lW6p_-fW7PHr7Ygr5Ow; recent_title=Nana Naexii - Videos,https://www.youtube.com/feeds/videos.xml?channel_id=UCLO3lW6p_-fW7PHr7Ygr5Ow,https://youtube.com/@nananaexii/about,"{""follower_count"": {""source"": ""yt-dlp.channel_info"", ""channelId"": ""UCLO3lW6p_-fW7PHr7Ygr5Ow"", ""profileUrl"": ""https://youtube.com/@nananaexii""}, ""bio"": {""source"": ""yt-dlp.channel_description"", ""channel_id"": ""UCLO3lW6p_-fW7PHr7Ygr5Ow"", ""preview"": ""Hello! My name is Nana Naexii and welcome to my art channel! \nI create speed paints, animatics and a""}, ""aigc_verdict"": {""source"": ""ollama.llama3.2"", ""verdict"": ""yes"", ""details"": ""Rule-based keyword extraction fallback""}, ""recent_uploads"": {""sample"": ""https://www.youtube.com/@nananaexii/videos"", ""sample_title"": ""Nana Naexii - Videos""}}"
https://youtube.com/@solofilmsai,@solofilmsai,YouTube,15200,not exposed,"AIGC,YouTube",New,2026-09-03T08:00:34Z,,en,GenAI,https://www.youtube.com/@solofilmsai/videos,yes,2026-07-27T18:15:22Z,YouTube routine exact API refresh,api_refresh: YouTube subscribers=15200; videos=2; channelId=UCn5VpHr42JVIA4rs8IhKmoA; recent_title=Solofilms - Videos,https://www.youtube.com/feeds/videos.xml?channel_id=UCn5VpHr42JVIA4rs8IhKmoA,https://youtube.com/@solofilmsai/about,"{""follower_count"": {""source"": ""yt-dlp.channel_info"", ""channelId"": ""UCn5VpHr42JVIA4rs8IhKmoA"", ""profileUrl"": ""https://youtube.com/@solofilmsai""}, ""bio"": {""source"": ""yt-dlp.channel_description"", ""channel_id"": ""UCn5VpHr42JVIA4rs8IhKmoA"", ""preview"": ""-AI Film making -\n\nHere you can see a curated display of the different AI videos created by Solofilm""}, ""aigc_verdict"": {""source"": ""ollama.llama3.2"", ""verdict"": ""yes"", ""details"": ""Rule-based keyword extraction fallback""}, ""recent_uploads"": {""sample"": ""https://www.youtube.com/@solofilmsai/videos"", ""sample_title"": ""Solofilms - Videos""}}"
https://youtube.com/@edurekain,@edurekain,YouTube,4440000,not exposed,"AIGC,YouTube",New,2026-09-03T08:00:34Z,,en,GenAI,https://www.youtube.com/@edurekain/videos,yes,2026-07-27T18:15:22Z,YouTube routine exact API refresh,api_refresh: YouTube subscribers=4440000; videos=3; channelId=UCkw4JCwteGrDHIsyIIKo4tQ; recent_title=edureka! - Videos,https://www.youtube.com/feeds/videos.xml?channel_id=UCkw4JCwteGrDHIsyIIKo4tQ,https://youtube.com/@edurekain/about,"{""follower_count"": {""source"": ""yt-dlp.channel_info"", ""channelId"": ""UCkw4JCwteGrDHIsyIIKo4tQ"", ""profileUrl"": ""https://youtube.com/@edurekain""}, ""bio"": {""source"": ""yt-dlp.channel_description"", ""channel_id"": ""UCkw4JCwteGrDHIsyIIKo4tQ"", ""preview"": ""Thank you for Subscribing! If you have not, Subscribe now!\n\nWe are a live & interactive e-learning p""}, ""aigc_verdict"": {""source"": ""ollama.llama3.2"", ""verdict"": ""yes"", ""details"": ""Rule-based keyword extraction fallback""}, ""recent_uploads"": {""sample"": ""https://www.youtube.com/@edurekain/videos"", ""sample_title"": ""edureka! - Videos""}}"
https://youtube.com/@learnwithmeaningofficial,@learnwithmeaningofficial,YouTube,5,not exposed,"AIGC,YouTube,small-creator",New,2026-09-03T08:00:34Z,,en,GenAI,,no,2026-07-27T18:15:22Z,YouTube routine exact API refresh,api_refresh: YouTube subscribers=5; videos=0; channelId=UCgCQ9-qGbEvugJ6fsnxIA5A; recent_title=,https://www.youtube.com/feeds/videos.xml?channel_id=UCgCQ9-qGbEvugJ6fsnxIA5A,https://youtube.com/@learnwithmeaningofficial/about,"{""follower_count"": {""source"": ""yt-dlp.channel_info"", ""channelId"": ""UCgCQ9-qGbEvugJ6fsnxIA5A"", ""profileUrl"": ""https://youtube.com/@learnwithmeaningofficial""}, ""bio"": {""source"": ""yt-dlp.channel_description"", ""channel_id"": ""UCgCQ9-qGbEvugJ6fsnxIA5A"", ""preview"": ""\ud83c\udf1f Learn With Meaning \u2013 Empowering Minds Through Purposeful Learning\nLearn With Meaning is a modern e""}, ""aigc_verdict"": {""source"": ""ollama.llama3.2"", ""verdict"": ""no"", ""details"": ""Rule-based keyword extraction fallback""}, ""recent_uploads"": {""sample"": """", ""sample_title"": """"}}"
https://youtube.com/@ai.nowyknow,@ai.nowyknow,YouTube,16800,not exposed,"AIGC,YouTube",New,2026-09-03T08:00:34Z,,en,GenAI,https://www.youtube.com/@ai.nowyknow/videos,yes,2026-07-27T18:15:22Z,YouTube routine exact API refresh,api_refresh: YouTube subscribers=16800; videos=2; channelId=UCJxRts37uGfqINk0XlRAKiQ; recent_title=AI. Now Y'Know - Videos,https://www.youtube.com/feeds/videos.xml?channel_id=UCJxRts37uGfqINk0XlRAKiQ,https://youtube.com/@ai.nowyknow/about,"{""follower_count"": {""source"": ""yt-dlp.channel_info"", ""channelId"": ""UCJxRts37uGfqINk0XlRAKiQ"", ""profileUrl"": ""https://youtube.com/@ai.nowyknow""}, ""bio"": {""source"": ""yt-dlp.channel_description"", ""channel_id"": ""UCJxRts37uGfqINk0XlRAKiQ"", ""preview"": ""Sit down. But keep moving. AI is evolving faster than you can scroll \u2013 and that\u2019s exactly what this ""}, ""aigc_verdict"": {""source"": ""ollama.llama3.2"", ""verdict"": ""yes"", ""details"": ""Rule-based keyword extraction fallback""}, ""recent_uploads"": {""sample"": ""https://www.youtube.com/@ai.nowyknow/videos"", ""sample_title"": ""AI. Now Y'Know - Videos""}}"
https://youtube.com/@theaiandy,@theaiandy,YouTube,215000,not exposed,"AIGC,YouTube",New,2026-09-03T08:00:34Z,,en,GenAI,https://www.youtube.com/@theaiandy/videos,yes,2026-07-27T18:15:22Z,YouTube routine exact API refresh,api_refresh: YouTube subscribers=215000; videos=2; channelId=UCn2RJFAA1ndipnVJsYAwWOw; recent_title=AI Andy - Videos,https://www.youtube.com/feeds/videos.xml?channel_id=UCn2RJFAA1ndipnVJsYAwWOw,https://youtube.com/@theaiandy/about,"{""follower_count"": {""source"": ""yt-dlp.channel_info"", ""channelId"": ""UCn2RJFAA1ndipnVJsYAwWOw"", ""profileUrl"": ""https://youtube.com/@theaiandy""}, ""bio"": {""source"": ""yt-dlp.channel_description"", ""channel_id"": ""UCn2RJFAA1ndipnVJsYAwWOw"", ""preview"": ""Hey im Andy! I show you how to use new AI tools. Join us on the journey! \n""}, ""aigc_verdict"": {""source"": ""ollama.llama3.2"", ""verdict"": ""yes"", ""details"": ""Rule-based keyword extraction fallback""}, ""recent_uploads"": {""sample"": ""https://www.youtube.com/@theaiandy/videos"", ""sample_title"": ""AI Andy - Videos""}}"
https://youtube.com/@bai,@bai,YouTube,525000,not exposed,"AIGC,YouTube,Runway",New,2026-09-03T08:00:34Z,,en,Runway,https://www.youtube.com/watch?v=eF0rwHZvUWU,yes,2026-07-27T18:15:22Z,YouTube routine exact API refresh,api_refresh: YouTube subscribers=525000; videos=None; channelId=UCqKRlX8Pi6xg-lAAzkt3wfA; recent_title=Runway AI - Tutorial for Beginners in 11 MINUTES !  [ UPDATED ],https://www.youtube.com/feeds/videos.xml?channel_id=UCqKRlX8Pi6xg-lAAzkt3wfA,https://youtube.com/@bai/about,"{""follower_count"": {""source"": ""yt-dlp.channel_info"", ""channelId"": ""UCqKRlX8Pi6xg-lAAzkt3wfA"", ""profileUrl"": ""https://youtube.com/@bai""}, ""bio"": {""source"": ""yt-dlp.channel_description"", ""channel_id"": ""UCqKRlX8Pi6xg-lAAzkt3wfA"", ""preview"": ""Welcome to the Skills Factory! A proud group of freelancers delivering skills since May 25th, 2013!\n""}, ""aigc_verdict"": {""source"": ""ollama.llama3.2"", ""verdict"": ""yes"", ""details"": ""Rule-based keyword extraction fallback""}, ""recent_uploads"": {""sample"": ""https://www.youtube.com/watch?v=eF0rwHZvUWU"", ""sample_title"": ""Runway AI - Tutorial for Beginners in 11 MINUTES ! [ UPDATED ]""}}"
https://youtube.com/@kiwadoicamera,@kiwadoicamera,YouTube,253000,not exposed,"AIGC,YouTube",New,2026-09-03T08:00:34Z,,en,GenAI,https://www.youtube.com/@kiwadoicamera/videos,no,2026-07-27T18:15:22Z,YouTube routine exact API refresh,api_refresh: YouTube subscribers=253000; videos=2; channelId=UC_vbx24jzzQ5XArWHYEiXkQ; recent_title=Kiwadoi CAMERA - Videos,https://www.youtube.com/feeds/videos.xml?channel_id=UC_vbx24jzzQ5XArWHYEiXkQ,https://youtube.com/@kiwadoicamera/about,"{""follower_count"": {""source"": ""yt-dlp.channel_info"", ""channelId"": ""UC_vbx24jzzQ5XArWHYEiXkQ"", ""profileUrl"": ""https://youtube.com/@kiwadoicamera""}, ""bio"": {""source"": ""yt-dlp.channel_description"", ""channel_id"": ""UC_vbx24jzzQ5XArWHYEiXkQ"", ""preview"": ""\r\u30ad\u30ef\u30c9\u30a4 \u30ab\u30e1\u30e9 \ud83d\udcf7 #fishing \u91e3\u308a \ud83d\udc19 \u6d77\u306e\u751f\u304d\u7269 #mancing #seamonster #horror #lovecraft \n""}, ""aigc_verdict"": {""source"": ""ollama.llama3.2"", ""verdict"": ""no"", ""details"": ""Rule-based keyword extraction fallback""}, ""recent_uploads"": {""sample"": ""https://www.youtube.com/@kiwadoicamera/videos"", ""sample_title"": ""Kiwadoi CAMERA - Videos""}}"
https://youtube.com/@breakaway2x,@breakaway2x,YouTube,37000,not exposed,"AIGC,YouTube",New,2026-09-03T08:00:34Z,,en,GenAI,https://www.youtube.com/@breakaway2x/videos,no,2026-07-27T18:15:22Z,YouTube routine exact API refresh,api_refresh: YouTube subscribers=37000; videos=2; channelId=UC-4Bw_ZFe-O0-4R03Quh-8A; recent_title=breakaway2x - Videos,https://www.youtube.com/feeds/videos.xml?channel_id=UC-4Bw_ZFe-O0-4R03Quh-8A,https://youtube.com/@breakaway2x/about,"{""follower_count"": {""source"": ""yt-dlp.channel_info"", ""channelId"": ""UC-4Bw_ZFe-O0-4R03Quh-8A"", ""profileUrl"": ""https://youtube.com/@breakaway2x""}, ""bio"": {""source"": ""yt-dlp.channel_description"", ""channel_id"": ""UC-4Bw_ZFe-O0-4R03Quh-8A"", ""preview"": ""I have been a Youtuber since 2007. It was a time before big media and advertisement came in. So to""}, ""aigc_verdict"": {""source"": ""ollama.llama3.2"", ""verdict"": ""no"", ""details"": ""Rule-based keyword extraction fallback""}, ""recent_uploads"": {""sample"": ""https://www.youtube.com/@breakaway2x/videos"", ""sample_title"": ""breakaway2x - Videos""}}"
https://youtube.com/@pika_labs,@pika_labs,YouTube,14400,not exposed,"AIGC,YouTube,Pika",New,2026-09-03T08:00:34Z,,en,Pika,https://www.youtube.com/@pika_labs/videos,yes,2026-07-27T18:15:22Z,YouTube routine exact API refresh,api_refresh: YouTube subscribers=14400; videos=3; channelId=UC0SclYU4iiQRihtmDnak-gQ; recent_title=Pika Labs - Videos,https://www.youtube.com/feeds/videos.xml?channel_id=UC0SclYU4iiQRihtmDnak-gQ,https://youtube.com/@pika_labs/about,"{""follower_count"": {""source"": ""yt-dlp.channel_info"", ""channelId"": ""UC0SclYU4iiQRihtmDnak-gQ"", ""profileUrl"": ""https://youtube.com/@pika_labs""}, ""bio"": {""source"": ""yt-dlp.channel_description"", ""channel_id"": ""UC0SclYU4iiQRihtmDnak-gQ"", ""preview"": ""Tools for creation that happen to be AI\n""}, ""aigc_verdict"": {""source"": ""ollama.llama3.2"", ""verdict"": ""yes"", ""details"": ""Rule-based keyword extraction fallback""}, ""recent_uploads"": {""sample"": ""https://www.youtube.com/@pika_labs/videos"", ""sample_title"": ""Pika Labs - Videos""}}"
https://youtube.com/@pikaichi,@pikaichi,YouTube,26,not exposed,"AIGC,YouTube,Pika,small-creator",New,2026-09-03T08:00:34Z,,en,GenAI,https://www.youtube.com/watch?v=RxenYXetFos,no,2026-07-27T18:15:22Z,YouTube routine exact API refresh,api_refresh: YouTube subscribers=26; videos=None; channelId=UCBaVzgh5RT0AarEMLl-SZ_A; recent_title=crf4,https://www.youtube.com/feeds/videos.xml?channel_id=UCBaVzgh5RT0AarEMLl-SZ_A,https://youtube.com/@pikaichi/about,"{""follower_count"": {""source"": ""yt-dlp.channel_info"", ""channelId"": ""UCBaVzgh5RT0AarEMLl-SZ_A"", ""profileUrl"": ""https://youtube.com/@pikaichi""}, ""bio"": {""source"": ""yt-dlp.channel_description"", ""channel_id"": ""UCBaVzgh5RT0AarEMLl-SZ_A"", ""preview"": """"}, ""aigc_verdict"": {""source"": ""ollama.llama3.2"", ""verdict"": ""no"", ""details"": ""Rule-based keyword extraction fallback""}, ""recent_uploads"": {""sample"": ""https://www.youtube.com/watch?v=RxenYXetFos"", ""sample_title"": ""crf4""}}"
https://youtube.com/@kanepixels,@kanepixels,YouTube,3630000,not exposed,"AIGC,YouTube",New,2026-09-03T08:00:34Z,,en,GenAI,https://www.youtube.com/@kanepixels/videos,no,2026-07-27T18:15:22Z,YouTube routine exact API refresh,api_refresh: YouTube subscribers=3630000; videos=2; channelId=UC8X4WT5_lUXqMjeN8bGFk9w; recent_title=Kane Pixels - Videos,https://www.youtube.com/feeds/videos.xml?channel_id=UC8X4WT5_lUXqMjeN8bGFk9w,https://youtube.com/@kanepixels/about,"{""follower_count"": {""source"": ""yt-dlp.channel_info"", ""channelId"": ""UC8X4WT5_lUXqMjeN8bGFk9w"", ""profileUrl"": ""https://youtube.com/@kanepixels""}, ""bio"": {""source"": ""yt-dlp.channel_description"", ""channel_id"": ""UC8X4WT5_lUXqMjeN8bGFk9w"", ""preview"": ""Director and VFX artist""}, ""aigc_verdict"": {""source"": ""ollama.llama3.2"", ""verdict"": ""no"", ""details"": ""Rule-based keyword extraction fallback""}, ""recent_uploads"": {""sample"": ""https://www.youtube.com/@kanepixels/videos"", ""sample_title"": ""Kane Pixels - Videos""}}"
https://youtube.com/@aifilmmakingacademy,@aifilmmakingacademy,YouTube,63400,not exposed,"AIGC,YouTube,Kling,Runway,Sora,Veo",New,2026-09-03T08:00:34Z,,en,Runway,https://www.youtube.com/@aifilmmakingacademy/videos,yes,2026-07-27T18:15:22Z,YouTube routine exact API refresh,api_refresh: YouTube subscribers=63400; videos=2; channelId=UCz94LN8mm0Nv_5g79qPryrg; recent_title=AI Filmmaking Academy - Videos,https://www.youtube.com/feeds/videos.xml?channel_id=UCz94LN8mm0Nv_5g79qPryrg,https://youtube.com/@aifilmmakingacademy/about,"{""follower_count"": {""source"": ""yt-dlp.channel_info"", ""channelId"": ""UCz94LN8mm0Nv_5g79qPryrg"", ""profileUrl"": ""https://youtube.com/@aifilmmakingacademy""}, ""bio"": {""source"": ""yt-dlp.channel_description"", ""channel_id"": ""UCz94LN8mm0Nv_5g79qPryrg"", ""preview"": ""Where Traditional Cinematography Meets Generative AI.\n\nWelcome to the AI Filmmaking Academy by FILM ""}, ""aigc_verdict"": {""source"": ""ollama.llama3.2"", ""verdict"": ""yes"", ""details"": ""Rule-based keyword extraction fallback""}, ""recent_uploads"": {""sample"": ""https://www.youtube.com/@aifilmmakingacademy/videos"", ""sample_title"": ""AI Filmmaking Academy - Videos""}}"
https://youtube.com/@flypixai,@flypixai,YouTube,105,not exposed,"AIGC,YouTube,small-creator",New,2026-09-03T08:00:34Z,,en,GenAI,https://www.youtube.com/watch?v=Gxzyia27l4o,yes,2026-07-27T18:15:22Z,YouTube routine exact API refresh,api_refresh: YouTube subscribers=105; videos=None; channelId=UCMS-043D6twXLzvbqJgPAtg; recent_title=FlyPix AI Tutorial: Managing Profile Settings and Account Preferences | Step-by-Step Guide,https://www.youtube.com/feeds/videos.xml?channel_id=UCMS-043D6twXLzvbqJgPAtg,https://youtube.com/@flypixai/about,"{""follower_count"": {""source"": ""yt-dlp.channel_info"", ""channelId"": ""UCMS-043D6twXLzvbqJgPAtg"", ""profileUrl"": ""https://youtube.com/@flypixai""}, ""bio"": {""source"": ""yt-dlp.channel_description"", ""channel_id"": ""UCMS-043D6twXLzvbqJgPAtg"", ""preview"": ""FlyPix AI is a no-code geospatial AI platform for analysing satellite/aerial/drone imagery using art""}, ""aigc_verdict"": {""source"": ""ollama.llama3.2"", ""verdict"": ""yes"", ""details"": ""Rule-based keyword extraction fallback""}, ""recent_uploads"": {""sample"": ""https://www.youtube.com/watch?v=Gxzyia27l4o"", ""sample_title"": ""FlyPix AI Tutorial: Managing Profile Settings and Account Preferences | Step-by-Step Guide""}}"
https://youtube.com/@picassopix,@picassopix,YouTube,19,not exposed,"AIGC,YouTube,small-creator",New,2026-09-03T08:00:34Z,,en,GenAI,https://www.youtube.com/@picassopix/videos,yes,2026-07-27T18:15:22Z,YouTube routine exact API refresh,api_refresh: YouTube subscribers=19; videos=2; channelId=UCNAyDkOcjyXAMOq11drkejw; recent_title=PicassoPix - Videos,https://www.youtube.com/feeds/videos.xml?channel_id=UCNAyDkOcjyXAMOq11drkejw,https://youtube.com/@picassopix/about,"{""follower_count"": {""source"": ""yt-dlp.channel_info"", ""channelId"": ""UCNAyDkOcjyXAMOq11drkejw"", ""profileUrl"": ""https://youtube.com/@picassopix""}, ""bio"": {""source"": ""yt-dlp.channel_description"", ""channel_id"": ""UCNAyDkOcjyXAMOq11drkejw"", ""preview"": ""AI Photo Enhancement, Generation & Editing Tools\n""}, ""aigc_verdict"": {""source"": ""ollama.llama3.2"", ""verdict"": ""yes"", ""details"": ""Rule-based keyword extraction fallback""}, ""recent_uploads"": {""sample"": ""https://www.youtube.com/@picassopix/videos"", ""sample_title"": ""PicassoPix - Videos""}}"
https://youtube.com/@pixelperfectai,@pixelperfectai,YouTube,2270,not exposed,"AIGC,YouTube,small-creator",New,2026-09-03T08:00:34Z,,en,GenAI,https://www.youtube.com/@pixelperfectai/videos,yes,2026-07-27T18:15:22Z,YouTube routine exact API refresh,api_refresh: YouTube subscribers=2270; videos=2; channelId=UCFVmPZhO9ik-gxENYefXWGw; recent_title=Pixel Perfect AI - Videos,https://www.youtube.com/feeds/videos.xml?channel_id=UCFVmPZhO9ik-gxENYefXWGw,https://youtube.com/@pixelperfectai/about,"{""follower_count"": {""source"": ""yt-dlp.channel_info"", ""channelId"": ""UCFVmPZhO9ik-gxENYefXWGw"", ""profileUrl"": ""https://youtube.com/@pixelperfectai""}, ""bio"": {""source"": ""yt-dlp.channel_description"", ""channel_id"": ""UCFVmPZhO9ik-gxENYefXWGw"", ""preview"": ""Hi there, I am Aryan, a young boy from a small town in India, a daydreamer and an artist. My discove""}, ""aigc_verdict"": {""source"": ""ollama.llama3.2"", ""verdict"": ""yes"", ""details"": ""Rule-based keyword extraction fallback""}, ""recent_uploads"": {""sample"": ""https://www.youtube.com/@pixelperfectai/videos"", ""sample_title"": ""Pixel Perfect AI - Videos""}}"
https://youtube.com/@pixel___ai,@pixel___ai,YouTube,10,not exposed,"AIGC,YouTube,small-creator",New,2026-09-03T08:00:34Z,,en,GenAI,https://www.youtube.com/@pixel___ai/videos,yes,2026-07-27T18:15:22Z,YouTube routine exact API refresh,api_refresh: YouTube subscribers=10; videos=2; channelId=UCLQZ-fqoDSfmg23gpyldUbQ; recent_title=Pixel AI - Videos,https://www.youtube.com/feeds/videos.xml?channel_id=UCLQZ-fqoDSfmg23gpyldUbQ,https://youtube.com/@pixel___ai/about,"{""follower_count"": {""source"": ""yt-dlp.channel_info"", ""channelId"": ""UCLQZ-fqoDSfmg23gpyldUbQ"", ""profileUrl"": ""https://youtube.com/@pixel___ai""}, ""bio"": {""source"": ""yt-dlp.channel_description"", ""channel_id"": ""UCLQZ-fqoDSfmg23gpyldUbQ"", ""preview"": ""\ud83c\udfac Welcome to My Channel \u2013 Where AI Doesn\u2019t (Yet) Steal My Job! \ud83e\udd16\nHey humans, I\u2019m Pixel \u2013 part tech w""}, ""aigc_verdict"": {""source"": ""ollama.llama3.2"", ""verdict"": ""yes"", ""details"": ""Rule-based keyword extraction fallback""}, ""recent_uploads"": {""sample"": ""https://www.youtube.com/@pixel___ai/videos"", ""sample_title"": ""Pixel AI - Videos""}}"
https://youtube.com/@ai-cinema-lab,@ai-cinema-lab,YouTube,31,not exposed,"AIGC,YouTube,Hailuo,Minimax,small-creator",New,2026-09-03T08:00:34Z,,en,GenAI,https://www.youtube.com/@ai-cinema-lab/videos,yes,2026-07-27T18:15:22Z,YouTube routine exact API refresh,api_refresh: YouTube subscribers=31; videos=2; channelId=UCqga5TWaDFBYfqmUpWDPYsw; recent_title=AI Cinema Lab - Videos,https://www.youtube.com/feeds/videos.xml?channel_id=UCqga5TWaDFBYfqmUpWDPYsw,https://youtube.com/@ai-cinema-lab/about,"{""follower_count"": {""source"": ""yt-dlp.channel_info"", ""channelId"": ""UCqga5TWaDFBYfqmUpWDPYsw"", ""profileUrl"": ""https://youtube.com/@ai-cinema-lab""}, ""bio"": {""source"": ""yt-dlp.channel_description"", ""channel_id"": ""UCqga5TWaDFBYfqmUpWDPYsw"", ""preview"": ""\ud83c\udfa5 AI Cinema Lab is a place where short films are created using artificial intelligence! \ud83d\ude80\n\ud83e\udd16 Thanks t""}, ""aigc_verdict"": {""source"": ""ollama.llama3.2"", ""verdict"": ""yes"", ""details"": ""Rule-based keyword extraction fallback""}, ""recent_uploads"": {""sample"": ""https://www.youtube.com/@ai-cinema-lab/videos"", ""sample_title"": ""AI Cinema Lab - Videos""}}"
https://youtube.com/@pixiemedia,@pixiemedia,YouTube,58,not exposed,"AIGC,YouTube,small-creator",New,2026-09-03T08:00:34Z,,en,GenAI,https://www.youtube.com/watch?v=a4bQvJ3nKUI,no,2026-07-27T18:15:22Z,YouTube routine exact API refresh,api_refresh: YouTube subscribers=58; videos=None; channelId=UCwSkXAVoU2DEpJI2Q6GJxEw; recent_title=Damon & Elena | Zombie |,https://www.youtube.com/feeds/videos.xml?channel_id=UCwSkXAVoU2DEpJI2Q6GJxEw,https://youtube.com/@pixiemedia/about,"{""follower_count"": {""source"": ""yt-dlp.channel_info"", ""channelId"": ""UCwSkXAVoU2DEpJI2Q6GJxEw"", ""profileUrl"": ""https://youtube.com/@pixiemedia""}, ""bio"": {""source"": ""yt-dlp.channel_description"", ""channel_id"": ""UCwSkXAVoU2DEpJI2Q6GJxEw"", ""preview"": ""Pixie Art's Media - Design by Design""}, ""aigc_verdict"": {""source"": ""ollama.llama3.2"", ""verdict"": ""no"", ""details"": ""Rule-based keyword extraction fallback""}, ""recent_uploads"": {""sample"": ""https://www.youtube.com/watch?v=a4bQvJ3nKUI"", ""sample_title"": ""Damon & Elena | Zombie |""}}"
https://youtube.com/@youth.realms,@youth.realms,YouTube,17500,not exposed,"AIGC,YouTube",New,2026-09-03T08:00:34Z,,en,GenAI,https://www.youtube.com/@youth.realms/videos,yes,2026-07-27T18:15:22Z,YouTube routine exact API refresh,api_refresh: YouTube subscribers=17500; videos=2; channelId=UC-vDuN5n_YI_wmgMBuGH_wA; recent_title=The Armory - Videos,https://www.youtube.com/feeds/videos.xml?channel_id=UC-vDuN5n_YI_wmgMBuGH_wA,https://youtube.com/@youth.realms/about,"{""follower_count"": {""source"": ""yt-dlp.channel_info"", ""channelId"": ""UC-vDuN5n_YI_wmgMBuGH_wA"", ""profileUrl"": ""https://youtube.com/@youth.realms""}, ""bio"": {""source"": ""yt-dlp.channel_description"", ""channel_id"": ""UC-vDuN5n_YI_wmgMBuGH_wA"", ""preview"": ""Ai filmmaking.""}, ""aigc_verdict"": {""source"": ""ollama.llama3.2"", ""verdict"": ""yes"", ""details"": ""Rule-based keyword extraction fallback""}, ""recent_uploads"": {""sample"": ""https://www.youtube.com/@youth.realms/videos"", ""sample_title"": ""The Armory - Videos""}}"
https://youtube.com/@zaneaustin22,@zaneaustin22,YouTube,85,not exposed,"AIGC,YouTube,Pika,small-creator",New,2026-09-03T08:00:34Z,,en,GenAI,https://www.youtube.com/@zaneaustin22/videos,yes,2026-07-27T18:15:22Z,YouTube routine exact API refresh,api_refresh: YouTube subscribers=85; videos=2; channelId=UCgDkD8NVQ0TwZpqp3RmJ0fw; recent_title=Zane Austin - Videos,https://www.youtube.com/feeds/videos.xml?channel_id=UCgDkD8NVQ0TwZpqp3RmJ0fw,https://youtube.com/@zaneaustin22/about,"{""follower_count"": {""source"": ""yt-dlp.channel_info"", ""channelId"": ""UCgDkD8NVQ0TwZpqp3RmJ0fw"", ""profileUrl"": ""https://youtube.com/@zaneaustin22""}, ""bio"": {""source"": ""yt-dlp.channel_description"", ""channel_id"": ""UCgDkD8NVQ0TwZpqp3RmJ0fw"", ""preview"": ""I\u2019m Zane, a video editor and AI artist specializing in crafting one-of-a-kind music and art videos u""}, ""aigc_verdict"": {""source"": ""ollama.llama3.2"", ""verdict"": ""yes"", ""details"": ""Rule-based keyword extraction fallback""}, ""recent_uploads"": {""sample"": ""https://www.youtube.com/@zaneaustin22/videos"", ""sample_title"": ""Zane Austin - Videos""}}"
https://youtube.com/@spiralendr,@spiralendr,YouTube,400,not exposed,"AIGC,YouTube,small-creator",New,2026-09-03T08:00:34Z,,en,GenAI,https://www.youtube.com/@spiralendr/videos,no,2026-07-27T18:15:22Z,YouTube routine exact API refresh,api_refresh: YouTube subscribers=400; videos=2; channelId=UClBEvGA-9b35wa1BlW09aKw; recent_title=SpiralEndr - Videos,https://www.youtube.com/feeds/videos.xml?channel_id=UClBEvGA-9b35wa1BlW09aKw,https://youtube.com/@spiralendr/about,"{""follower_count"": {""source"": ""yt-dlp.channel_info"", ""channelId"": ""UClBEvGA-9b35wa1BlW09aKw"", ""profileUrl"": ""https://youtube.com/@spiralendr""}, ""bio"": {""source"": ""yt-dlp.channel_description"", ""channel_id"": ""UClBEvGA-9b35wa1BlW09aKw"", ""preview"": ""Seriously man idk WHY there's an artist channel badge I didnt pay for it or anything""}, ""aigc_verdict"": {""source"": ""ollama.llama3.2"", ""verdict"": ""no"", ""details"": ""Rule-based keyword extraction fallback""}, ""recent_uploads"": {""sample"": ""https://www.youtube.com/@spiralendr/videos"", ""sample_title"": ""SpiralEndr - Videos""}}"
https://youtube.com/@explodingrabbit,@explodingrabbit,YouTube,10900,not exposed,"AIGC,YouTube",New,2026-09-03T08:00:34Z,,en,GenAI,https://www.youtube.com/@explodingrabbit/videos,no,2026-07-27T18:15:22Z,YouTube routine exact API refresh,api_refresh: YouTube subscribers=10900; videos=2; channelId=UCKoBxwSqtqlM5G972yA4f5g; recent_title=Exploding Rabbit - Videos,https://www.youtube.com/feeds/videos.xml?channel_id=UCKoBxwSqtqlM5G972yA4f5g,https://youtube.com/@explodingrabbit/about,"{""follower_count"": {""source"": ""yt-dlp.channel_info"", ""channelId"": ""UCKoBxwSqtqlM5G972yA4f5g"", ""profileUrl"": ""https://youtube.com/@explodingrabbit""}, ""bio"": {""source"": ""yt-dlp.channel_description"", ""channel_id"": ""UCKoBxwSqtqlM5G972yA4f5g"", ""preview"": ""I am Jay Pavlina, creator of Super Mario Crossover. I am currently developing Castlevania Crossover ""}, ""aigc_verdict"": {""source"": ""ollama.llama3.2"", ""verdict"": ""no"", ""details"": ""Rule-based keyword extraction fallback""}, ""recent_uploads"": {""sample"": ""https://www.youtube.com/@explodingrabbit/videos"", ""sample_title"": ""Exploding Rabbit - Videos""}}"
https://youtube.com/@afraid2sleep,@afraid2sleep,YouTube,22900,not exposed,"AIGC,YouTube",New,2026-09-03T08:00:34Z,,en,GenAI,https://www.youtube.com/@afraid2sleep/videos,yes,2026-07-27T18:15:22Z,YouTube routine exact API refresh,api_refresh: YouTube subscribers=22900; videos=2; channelId=UCqrWkLKwRKNZRbbJXVEvAjw; recent_title=Director Dave Clark - Videos,https://www.youtube.com/feeds/videos.xml?channel_id=UCqrWkLKwRKNZRbbJXVEvAjw,https://youtube.com/@afraid2sleep/about,"{""follower_count"": {""source"": ""yt-dlp.channel_info"", ""channelId"": ""UCqrWkLKwRKNZRbbJXVEvAjw"", ""profileUrl"": ""https://youtube.com/@afraid2sleep""}, ""bio"": {""source"": ""yt-dlp.channel_description"", ""channel_id"": ""UCqrWkLKwRKNZRbbJXVEvAjw"", ""preview"": ""Generative AI film explorations from filmmaker Dave Clark using the latest cutting edge AI tools. ""}, ""aigc_verdict"": {""source"": ""ollama.llama3.2"", ""verdict"": ""yes"", ""details"": ""Rule-based keyword extraction fallback""}, ""recent_uploads"": {""sample"": ""https://www.youtube.com/@afraid2sleep/videos"", ""sample_title"": ""Director Dave Clark - Videos""}}"
https://youtube.com/@tdfilmstudio,@tdfilmstudio,YouTube,30900,not exposed,"AIGC,YouTube",New,2026-09-03T08:00:34Z,,en,GenAI,https://www.youtube.com/@tdfilmstudio/videos,no,2026-07-27T18:15:22Z,YouTube routine exact API refresh,api_refresh: YouTube subscribers=30900; videos=3; channelId=UCt6FEN99ynhAF5vDnk5xcyw; recent_title=TD Film Studio - Videos,https://www.youtube.com/feeds/videos.xml?channel_id=UCt6FEN99ynhAF5vDnk5xcyw,https://youtube.com/@tdfilmstudio/about,"{""follower_count"": {""source"": ""yt-dlp.channel_info"", ""channelId"": ""UCt6FEN99ynhAF5vDnk5xcyw"", ""profileUrl"": ""https://youtube.com/@tdfilmstudio""}, ""bio"": {""source"": ""yt-dlp.channel_description"", ""channel_id"": ""UCt6FEN99ynhAF5vDnk5xcyw"", ""preview"": ""Original films from Guwahati, Assam \u2014 animated epics from India's sacred texts, live-action features""}, ""aigc_verdict"": {""source"": ""ollama.llama3.2"", ""verdict"": ""no"", ""details"": ""Rule-based keyword extraction fallback""}, ""recent_uploads"": {""sample"": ""https://www.youtube.com/@tdfilmstudio/videos"", ""sample_title"": ""TD Film Studio - Videos""}}"
https://youtube.com/@projectrunwayglobal,@projectrunwayglobal,YouTube,57300,not exposed,"AIGC,YouTube,Runway",New,2026-09-03T08:00:34Z,,en,Runway,https://www.youtube.com/watch?v=agkFZEvOnTw,yes,2026-07-27T18:15:22Z,YouTube routine exact API refresh,api_refresh: YouTube subscribers=57300; videos=None; channelId=UChT5ulADE1jtPKjOnAdwhEg; recent_title=Project Runway | Season 3 Episode 14 |Full Episode,https://www.youtube.com/feeds/videos.xml?channel_id=UChT5ulADE1jtPKjOnAdwhEg,https://youtube.com/@projectrunwayglobal/about,"{""follower_count"": {""source"": ""yt-dlp.channel_info"", ""channelId"": ""UChT5ulADE1jtPKjOnAdwhEg"", ""profileUrl"": ""https://youtube.com/@projectrunwayglobal""}, ""bio"": {""source"": ""yt-dlp.channel_description"", ""channel_id"": ""UChT5ulADE1jtPKjOnAdwhEg"", ""preview"": ""Welcome to Project Runway Global! Your ultimate destination for daily HD full-length episodes of the""}, ""aigc_verdict"": {""source"": ""ollama.llama3.2"", ""verdict"": ""yes"", ""details"": ""Rule-based keyword extraction fallback""}, ""recent_uploads"": {""sample"": ""https://www.youtube.com/watch?v=agkFZEvOnTw"", ""sample_title"": ""Project Runway | Season 3 Episode 14 |Full Episode""}}"
https://youtube.com/@runwareai,@runwareai,YouTube,293,not exposed,"AIGC,YouTube,ComfyUI,small-creator",New,2026-09-03T08:00:34Z,,en,GenAI,https://www.youtube.com/watch?v=SbPON7vdhwM,yes,2026-07-27T18:15:22Z,YouTube routine exact API refresh,api_refresh: YouTube subscribers=293; videos=None; channelId=UCZ91ct1yM4tEhnaz7bFTHug; recent_title=Sonic Inference Pod: A data centre built for AI inference,https://www.youtube.com/feeds/videos.xml?channel_id=UCZ91ct1yM4tEhnaz7bFTHug,https://youtube.com/@runwareai/about,"{""follower_count"": {""source"": ""yt-dlp.channel_info"", ""channelId"": ""UCZ91ct1yM4tEhnaz7bFTHug"", ""profileUrl"": ""https://youtube.com/@runwareai""}, ""bio"": {""source"": ""yt-dlp.channel_description"", ""channel_id"": ""UCZ91ct1yM4tEhnaz7bFTHug"", ""preview"": ""Run any of thousands of models across image, video, audio, 3D and language. Bring your own model and""}, ""aigc_verdict"": {""source"": ""ollama.llama3.2"", ""verdict"": ""yes"", ""details"": ""Rule-based keyword extraction fallback""}, ""recent_uploads"": {""sample"": ""https://www.youtube.com/watch?v=SbPON7vdhwM"", ""sample_title"": ""Sonic Inference Pod: A data centre built for AI inference""}}"
https://youtube.com/@polygonrunway,@polygonrunway,YouTube,542000,not exposed,"AIGC,YouTube,Runway",New,2026-09-03T08:00:34Z,,en,Runway,https://www.youtube.com/@polygonrunway/videos,yes,2026-07-27T18:15:22Z,YouTube routine exact API refresh,api_refresh: YouTube subscribers=542000; videos=2; channelId=UCGSJevmBuDyxjLLOBNaYMGA; recent_title=Polygon Runway - Videos,https://www.youtube.com/feeds/videos.xml?channel_id=UCGSJevmBuDyxjLLOBNaYMGA,https://youtube.com/@polygonrunway/about,"{""follower_count"": {""source"": ""yt-dlp.channel_info"", ""channelId"": ""UCGSJevmBuDyxjLLOBNaYMGA"", ""profileUrl"": ""https://youtube.com/@polygonrunway""}, ""bio"": {""source"": ""yt-dlp.channel_description"", ""channel_id"": ""UCGSJevmBuDyxjLLOBNaYMGA"", ""preview"": ""Helping busy creatives to finally learn Blender step\u2011by\u2011step\n""}, ""aigc_verdict"": {""source"": ""ollama.llama3.2"", ""verdict"": ""yes"", ""details"": ""Rule-based keyword extraction fallback""}, ""recent_uploads"": {""sample"": ""https://www.youtube.com/@polygonrunway/videos"", ""sample_title"": ""Polygon Runway - Videos""}}"
https://youtube.com/@extendmyrunway1920,@extendmyrunway1920,YouTube,21,not exposed,"AIGC,YouTube,Runway,small-creator",New,2026-09-03T08:00:34Z,,en,Runway,https://www.youtube.com/@extendmyrunway1920/videos,yes,2026-07-27T18:15:22Z,YouTube routine exact API refresh,api_refresh: YouTube subscribers=21; videos=2; channelId=UCxFGHplnscoPyS8hlov6fOA; recent_title=Extend My Runway - Videos,https://www.youtube.com/feeds/videos.xml?channel_id=UCxFGHplnscoPyS8hlov6fOA,https://youtube.com/@extendmyrunway1920/about,"{""follower_count"": {""source"": ""yt-dlp.channel_info"", ""channelId"": ""UCxFGHplnscoPyS8hlov6fOA"", ""profileUrl"": ""https://youtube.com/@extendmyrunway1920""}, ""bio"": {""source"": ""yt-dlp.channel_description"", ""channel_id"": ""UCxFGHplnscoPyS8hlov6fOA"", ""preview"": ""Extend My Runway (EMR) is an AI for good start-up. Our AI helps you win with today's age-inclusive w""}, ""aigc_verdict"": {""source"": ""ollama.llama3.2"", ""verdict"": ""yes"", ""details"": ""Rule-based keyword extraction fallback""}, ""recent_uploads"": {""sample"": ""https://www.youtube.com/@extendmyrunway1920/videos"", ""sample_title"": ""Extend My Runway - Videos""}}"
https://youtube.com/@upscaledrunways,@upscaledrunways,YouTube,5770,not exposed,"AIGC,YouTube,Runway,small-creator",New,2026-09-03T08:00:34Z,,en,Runway,https://www.youtube.com/@upscaledrunways/videos,yes,2026-07-27T18:15:22Z,YouTube routine exact API refresh,api_refresh: YouTube subscribers=5770; videos=3; channelId=UCev1-gELFp2MLNtrIA3OzwQ; recent_title=Upscaled Runways - Videos,https://www.youtube.com/feeds/videos.xml?channel_id=UCev1-gELFp2MLNtrIA3OzwQ,https://youtube.com/@upscaledrunways/about,"{""follower_count"": {""source"": ""yt-dlp.channel_info"", ""channelId"": ""UCev1-gELFp2MLNtrIA3OzwQ"", ""profileUrl"": ""https://youtube.com/@upscaledrunways""}, ""bio"": {""source"": ""yt-dlp.channel_description"", ""channel_id"": ""UCev1-gELFp2MLNtrIA3OzwQ"", ""preview"": ""Upscaled Runways is dedicated to the enhancement of low-resolution and archived runway shows, elevat""}, ""aigc_verdict"": {""source"": ""ollama.llama3.2"", ""verdict"": ""yes"", ""details"": ""Rule-based keyword extraction fallback""}, ""recent_uploads"": {""sample"": ""https://www.youtube.com/@upscaledrunways/videos"", ""sample_title"": ""Upscaled Runways - Videos""}}"
https://youtube.com/@runwayto_,@runwayto_,YouTube,253,not exposed,"AIGC,YouTube,Runway,small-creator",New,2026-09-03T08:00:34Z,,en,Runway,https://www.youtube.com/@runwayto_/videos,yes,2026-07-27T18:15:22Z,YouTube routine exact API refresh,api_refresh: YouTube subscribers=253; videos=2; channelId=UCahHmQv0mSd7Xv2l5_XRfqw; recent_title=RUNWAYTO - Videos,https://www.youtube.com/feeds/videos.xml?channel_id=UCahHmQv0mSd7Xv2l5_XRfqw,https://youtube.com/@runwayto_/about,"{""follower_count"": {""source"": ""yt-dlp.channel_info"", ""channelId"": ""UCahHmQv0mSd7Xv2l5_XRfqw"", ""profileUrl"": ""https://youtube.com/@runwayto_""}, ""bio"": {""source"": ""yt-dlp.channel_description"", ""channel_id"": ""UCahHmQv0mSd7Xv2l5_XRfqw"", ""preview"": ""Where Fashion Meets Compassion.""}, ""aigc_verdict"": {""source"": ""ollama.llama3.2"", ""verdict"": ""yes"", ""details"": ""Rule-based keyword extraction fallback""}, ""recent_uploads"": {""sample"": ""https://www.youtube.com/@runwayto_/videos"", ""sample_title"": ""RUNWAYTO - Videos""}}"
https://youtube.com/@runwaypov,@runwaypov,YouTube,8270,not exposed,"AIGC,YouTube,Runway,small-creator",New,2026-09-03T08:00:34Z,,en,Runway,https://www.youtube.com/@runwaypov/videos,yes,2026-07-27T18:15:22Z,YouTube routine exact API refresh,api_refresh: YouTube subscribers=8270; videos=2; channelId=UCr6vg2GCFJjOW9iDOCFIFFg; recent_title=RunwayPOV - Videos,https://www.youtube.com/feeds/videos.xml?channel_id=UCr6vg2GCFJjOW9iDOCFIFFg,https://youtube.com/@runwaypov/about,"{""follower_count"": {""source"": ""yt-dlp.channel_info"", ""channelId"": ""UCr6vg2GCFJjOW9iDOCFIFFg"", ""profileUrl"": ""https://youtube.com/@runwaypov""}, ""bio"": {""source"": ""yt-dlp.channel_description"", ""channel_id"": ""UCr6vg2GCFJjOW9iDOCFIFFg"", ""preview"": ""Everything Runway Related - Fashion/Swimwear/Lingerie/Art\n\nWelcome to RunwayPOV, your One Stop desti""}, ""aigc_verdict"": {""source"": ""ollama.llama3.2"", ""verdict"": ""yes"", ""details"": ""Rule-based keyword extraction fallback""}, ""recent_uploads"": {""sample"": ""https://www.youtube.com/@runwaypov/videos"", ""sample_title"": ""RunwayPOV - Videos""}}"
https://youtube.com/@runwayaction,@runwayaction,YouTube,58100,not exposed,"AIGC,YouTube,Runway",New,2026-09-03T08:00:34Z,,en,Runway,https://www.youtube.com/@runwayaction/videos,yes,2026-07-27T18:15:22Z,YouTube routine exact API refresh,api_refresh: YouTube subscribers=58100; videos=2; channelId=UCkljDFwuJZf1jMPAuijsNAg; recent_title=RUNWAY ACTION by JustPlanes - Videos,https://www.youtube.com/feeds/videos.xml?channel_id=UCkljDFwuJZf1jMPAuijsNAg,https://youtube.com/@runwayaction/about,"{""follower_count"": {""source"": ""yt-dlp.channel_info"", ""channelId"": ""UCkljDFwuJZf1jMPAuijsNAg"", ""profileUrl"": ""https://youtube.com/@runwayaction""}, ""bio"": {""source"": ""yt-dlp.channel_description"", ""channel_id"": ""UCkljDFwuJZf1jMPAuijsNAg"", ""preview"": ""A series for airplane spotter/avgeek lovers filled with \""Runway Action\"". Since 1991 Just Planes has ""}, ""aigc_verdict"": {""source"": ""ollama.llama3.2"", ""verdict"": ""yes"", ""details"": ""Rule-based keyword extraction fallback""}, ""recent_uploads"": {""sample"": ""https://www.youtube.com/@runwayaction/videos"", ""sample_title"": ""RUNWAY ACTION by JustPlanes - Videos""}}"
https://youtube.com/@filmcrux,@filmcrux,YouTube,666000,not exposed,"AIGC,YouTube",New,2026-09-03T08:00:34Z,,en,GenAI,https://www.youtube.com/@filmcrux/videos,no,2026-07-27T18:15:22Z,YouTube routine exact API refresh,api_refresh: YouTube subscribers=666000; videos=2; channelId=UC7Q94lm-leWvjgsWJ89qPdQ; recent_title=FILM CRUX - Videos,https://www.youtube.com/feeds/videos.xml?channel_id=UC7Q94lm-leWvjgsWJ89qPdQ,https://youtube.com/@filmcrux/about,"{""follower_count"": {""source"": ""yt-dlp.channel_info"", ""channelId"": ""UC7Q94lm-leWvjgsWJ89qPdQ"", ""profileUrl"": ""https://youtube.com/@filmcrux""}, ""bio"": {""source"": ""yt-dlp.channel_description"", ""channel_id"": ""UC7Q94lm-leWvjgsWJ89qPdQ"", ""preview"": ""Make better films.\n\nWelcome to FILM CRUX, where we create and share everything you need to take your""}, ""aigc_verdict"": {""source"": ""ollama.llama3.2"", ""verdict"": ""no"", ""details"": ""Rule-based keyword extraction fallback""}, ""recent_uploads"": {""sample"": ""https://www.youtube.com/@filmcrux/videos"", ""sample_title"": ""FILM CRUX - Videos""}}"
https://youtube.com/@annabethrobinson,@annabethrobinson,YouTube,599,not exposed,"AIGC,YouTube,small-creator",New,2026-09-03T08:00:34Z,,en,GenAI,https://www.youtube.com/@annabethrobinson/videos,no,2026-07-27T18:15:22Z,YouTube routine exact API refresh,api_refresh: YouTube subscribers=599; videos=2; channelId=UCkGop34AA59UtRgzyZ-455Q; recent_title=Annabeth Robinson - Videos,https://www.youtube.com/feeds/videos.xml?channel_id=UCkGop34AA59UtRgzyZ-455Q,https://youtube.com/@annabethrobinson/about,"{""follower_count"": {""source"": ""yt-dlp.channel_info"", ""channelId"": ""UCkGop34AA59UtRgzyZ-455Q"", ""profileUrl"": ""https://youtube.com/@annabethrobinson""}, ""bio"": {""source"": ""yt-dlp.channel_description"", ""channel_id"": ""UCkGop34AA59UtRgzyZ-455Q"", ""preview"": ""Annabeth Robinson is a lecturer in Animation & Digital Media at University of Salford, as a practiti""}, ""aigc_verdict"": {""source"": ""ollama.llama3.2"", ""verdict"": ""no"", ""details"": ""Rule-based keyword extraction fallback""}, ""recent_uploads"": {""sample"": ""https://www.youtube.com/@annabethrobinson/videos"", ""sample_title"": ""Annabeth Robinson - Videos""}}"
https://youtube.com/@houseofindovina,@houseofindovina,YouTube,62,not exposed,"AIGC,YouTube,small-creator",New,2026-09-03T08:00:34Z,,en,GenAI,https://www.youtube.com/@houseofindovina/videos,no,2026-07-27T18:15:22Z,YouTube routine exact API refresh,api_refresh: YouTube subscribers=62; videos=2; channelId=UCVtdmORFfnem60ZmXw6WP6A; recent_title=House of Indovina - Videos,https://www.youtube.com/feeds/videos.xml?channel_id=UCVtdmORFfnem60ZmXw6WP6A,https://youtube.com/@houseofindovina/about,"{""follower_count"": {""source"": ""yt-dlp.channel_info"", ""channelId"": ""UCVtdmORFfnem60ZmXw6WP6A"", ""profileUrl"": ""https://youtube.com/@houseofindovina""}, ""bio"": {""source"": ""yt-dlp.channel_description"", ""channel_id"": ""UCVtdmORFfnem60ZmXw6WP6A"", ""preview"": ""experimental art house\n\nExperiments now run @laurenindovina\n""}, ""aigc_verdict"": {""source"": ""ollama.llama3.2"", ""verdict"": ""no"", ""details"": ""Rule-based keyword extraction fallback""}, ""recent_uploads"": {""sample"": ""https://www.youtube.com/@houseofindovina/videos"", ""sample_title"": ""House of Indovina - Videos""}}"
https://youtube.com/@runwayml,@runwayml,YouTube,135000,not exposed,"AIGC,YouTube,Runway",New,2026-09-03T08:00:34Z,,en,Runway,https://www.youtube.com/@runwayml/videos,yes,2026-07-27T18:15:22Z,YouTube routine exact API refresh,api_refresh: YouTube subscribers=135000; videos=2; channelId=UCUBqu_z5uP0AZhYtuyFZB3g; recent_title=Runway - Videos,https://www.youtube.com/feeds/videos.xml?channel_id=UCUBqu_z5uP0AZhYtuyFZB3g,https://youtube.com/@runwayml/about,"{""follower_count"": {""source"": ""yt-dlp.channel_info"", ""channelId"": ""UCUBqu_z5uP0AZhYtuyFZB3g"", ""profileUrl"": ""https://youtube.com/@runwayml""}, ""bio"": {""source"": ""yt-dlp.channel_description"", ""channel_id"": ""UCUBqu_z5uP0AZhYtuyFZB3g"", ""preview"": ""Building AI to simulate the world.\n\nRunway is the research company behind Gen-4.5 \u2014 the world\u2019s top-""}, ""aigc_verdict"": {""source"": ""ollama.llama3.2"", ""verdict"": ""yes"", ""details"": ""Rule-based keyword extraction fallback""}, ""recent_uploads"": {""sample"": ""https://www.youtube.com/@runwayml/videos"", ""sample_title"": ""Runway - Videos""}}"
https://youtube.com/@zeldogiq,@zeldogiq,YouTube,20800,not exposed,"AIGC,YouTube,Kling,Veo",New,2026-09-03T08:00:34Z,,en,Runway,https://www.youtube.com/@zeldogiq/videos,yes,2026-07-27T18:15:22Z,YouTube routine exact API refresh,api_refresh: YouTube subscribers=20800; videos=2; channelId=UCC98zlAMzSHLJyFQGPHxciQ; recent_title=ZELDOgiq - Videos,https://www.youtube.com/feeds/videos.xml?channel_id=UCC98zlAMzSHLJyFQGPHxciQ,https://youtube.com/@zeldogiq/about,"{""follower_count"": {""source"": ""yt-dlp.channel_info"", ""channelId"": ""UCC98zlAMzSHLJyFQGPHxciQ"", ""profileUrl"": ""https://youtube.com/@zeldogiq""}, ""bio"": {""source"": ""yt-dlp.channel_description"", ""channel_id"": ""UCC98zlAMzSHLJyFQGPHxciQ"", ""preview"": ""\ud83d\udd25 Welcome to the independent friends community! \ud83d\udd25\nI'm your guide through the fast-paced world of gen""}, ""aigc_verdict"": {""source"": ""ollama.llama3.2"", ""verdict"": ""yes"", ""details"": ""Rule-based keyword extraction fallback""}, ""recent_uploads"": {""sample"": ""https://www.youtube.com/@zeldogiq/videos"", ""sample_title"": ""ZELDOgiq - Videos""}}"
https://youtube.com/@futuremadefilms,@futuremadefilms,YouTube,4,not exposed,"AIGC,YouTube,small-creator",New,2026-09-03T08:00:34Z,,en,GenAI,https://www.youtube.com/@futuremadefilms/videos,no,2026-07-27T18:15:22Z,YouTube routine exact API refresh,api_refresh: YouTube subscribers=4; videos=2; channelId=UC24FVcmnao1KX5jhp8SFRZA; recent_title=FutureMade Films - Videos,https://www.youtube.com/feeds/videos.xml?channel_id=UC24FVcmnao1KX5jhp8SFRZA,https://youtube.com/@futuremadefilms/about,"{""follower_count"": {""source"": ""yt-dlp.channel_info"", ""channelId"": ""UC24FVcmnao1KX5jhp8SFRZA"", ""profileUrl"": ""https://youtube.com/@futuremadefilms""}, ""bio"": {""source"": ""yt-dlp.channel_description"", ""channel_id"": ""UC24FVcmnao1KX5jhp8SFRZA"", ""preview"": ""Experience the future of filmmaking. ""}, ""aigc_verdict"": {""source"": ""ollama.llama3.2"", ""verdict"": ""no"", ""details"": ""Rule-based keyword extraction fallback""}, ""recent_uploads"": {""sample"": ""https://www.youtube.com/@futuremadefilms/videos"", ""sample_title"": ""FutureMade Films - Videos""}}"
https://youtube.com/@mbitsstudio,@mbitsstudio,YouTube,39900,not exposed,"AIGC,YouTube",New,2026-09-03T08:00:34Z,,en,GenAI,https://www.youtube.com/@mbitsstudio/videos,yes,2026-07-27T18:15:22Z,YouTube routine exact API refresh,api_refresh: YouTube subscribers=39900; videos=2; channelId=UCkTRWHY-VjXGARNk4tNp1hw; recent_title=Mbits Studio - Videos,https://www.youtube.com/feeds/videos.xml?channel_id=UCkTRWHY-VjXGARNk4tNp1hw,https://youtube.com/@mbitsstudio/about,"{""follower_count"": {""source"": ""yt-dlp.channel_info"", ""channelId"": ""UCkTRWHY-VjXGARNk4tNp1hw"", ""profileUrl"": ""https://youtube.com/@mbitsstudio""}, ""bio"": {""source"": ""yt-dlp.channel_description"", ""channel_id"": ""UCkTRWHY-VjXGARNk4tNp1hw"", ""preview"": ""\ud83d\udc47 \u041f\u0435\u0440\u0435\u0445\u043e\u0434\u0438 \u043f\u043e \u0441\u0441\u044b\u043b\u043a\u0435 \u0438 \u043d\u0430\u0447\u0438\u043d\u0430\u0439 \u0441\u043e\u0437\u0434\u0430\u0432\u0430\u0442\u044c \u043a\u0440\u0443\u0442\u043e\u0439 \u043a\u043e\u043d\u0442\u0435\u043d\u0442 \u0432\u043c\u0435\u0441\u0442\u0435 \u0441 SYNTX\n\n\ud83d\udd25 \u0425\u043e\u0447\u0435\u0448\u044c \u0434\u0435\u043b\u0430\u0442\u044c \u043a\u0440\u0443\u0442\u044b\u0435 \u0432\u0438\u0434\u0435\u043e""}, ""aigc_verdict"": {""source"": ""ollama.llama3.2"", ""verdict"": ""yes"", ""details"": ""Rule-based keyword extraction fallback""}, ""recent_uploads"": {""sample"": ""https://www.youtube.com/@mbitsstudio/videos"", ""sample_title"": ""Mbits Studio - Videos""}}"
https://youtube.com/@rehance_ai,@rehance_ai,YouTube,2,not exposed,"AIGC,YouTube,small-creator",New,2026-09-03T08:00:34Z,,en,GenAI,https://www.youtube.com/watch?v=A8zPUKdGfro,yes,2026-07-27T18:15:22Z,YouTube routine exact API refresh,api_refresh: YouTube subscribers=2; videos=None; channelId=UCJ6zXvIs8VwQNKFxYso8Olg; recent_title=Creating an AI Copilot for SaaS: Rehance Product Walkthrough (2024),https://www.youtube.com/feeds/videos.xml?channel_id=UCJ6zXvIs8VwQNKFxYso8Olg,https://youtube.com/@rehance_ai/about,"{""follower_count"": {""source"": ""yt-dlp.channel_info"", ""channelId"": ""UCJ6zXvIs8VwQNKFxYso8Olg"", ""profileUrl"": ""https://youtube.com/@rehance_ai""}, ""bio"": {""source"": ""yt-dlp.channel_description"", ""channel_id"": ""UCJ6zXvIs8VwQNKFxYso8Olg"", ""preview"": ""The all-in-one copilot for your SaaS.""}, ""aigc_verdict"": {""source"": ""ollama.llama3.2"", ""verdict"": ""yes"", ""details"": ""Rule-based keyword extraction fallback""}, ""recent_uploads"": {""sample"": ""https://www.youtube.com/watch?v=A8zPUKdGfro"", ""sample_title"": ""Creating an AI Copilot for SaaS: Rehance Product Walkthrough (2024)""}}"
https://reddit.com/user/zashmanson,u/ZashManson,Reddit,,,"AIGC,Reddit,Sora,Veo,AI video",New,2026-07-28T02:21:49Z,,,Sora,https://www.reddit.com/r/aivideo/comments/1nyryov/as_of_today_which_is_the_most_advanced_ai_video/,unsure,2026-07-28T02:21:49Z,searxng AI video creator site:reddit.com/r/aivideo,"discovery_only: SearXNG/ddgs surfaced r/aivideo; Reddit has no keyless profiling API, so FollowerCount is empty and AIGCVerdict=unsure; no computer_use",,https://www.reddit.com/r/aivideo/comments/1nyryov/as_of_today_which_is_the_most_advanced_ai_video/,"{""identity"":{""source"":""old.reddit public post author"",""url"":""https://www.reddit.com/r/aivideo/comments/1nyryov/as_of_today_which_is_the_most_advanced_ai_video/""},""discovery"":{""source"":""searxng"",""query"":""AI video creator site:reddit.com/r/aivideo"",""url"":""https://www.reddit.com/r/aivideo/comments/1nyryov/as_of_today_which_is_the_most_advanced_ai_video/"",""title"":""As of today, Which is the most advanced AI video generator yet?""},""aigc_verdict"":{""source"":""not_profiled_reddit_no_keyless_api"",""verdict"":""unsure""},""sample_content_url"":{""source"":""outbound link on public reddit post"",""url"":""http://fal.ai""}}"
https://reddit.com/user/andyriffeth,u/AndyRiffeth,Reddit,,,"AIGC,Reddit,Sora,AI filmmaker",New,2026-07-28T02:21:49Z,,,Sora,https://youtu.be/DreCx7nLCOk?si=J9AfvIg3uPn_Zm3S,unsure,2026-07-28T02:21:49Z,searxng Sora AI filmmaker site:reddit.com/r/aivideo,"discovery_only: SearXNG/ddgs surfaced r/aivideo; Reddit has no keyless profiling API, so FollowerCount is empty and AIGCVerdict=unsure; no computer_use",,https://www.reddit.com/r/aivideo/comments/1jjtg1p/bacon_face/,"{""identity"":{""source"":""old.reddit public post author"",""url"":""https://www.reddit.com/r/aivideo/comments/1jjtg1p/bacon_face/""},""discovery"":{""source"":""searxng"",""query"":""Sora AI filmmaker site:reddit.com/r/aivideo"",""url"":""https://www.reddit.com/r/aivideo/comments/1jjtg1p/bacon_face/"",""title"":""Bacon Face : r/aivideo - Reddit""},""aigc_verdict"":{""source"":""not_profiled_reddit_no_keyless_api"",""verdict"":""unsure""},""sample_content_url"":{""source"":""outbound link on public reddit post"",""url"":""https://youtu.be/DreCx7nLCOk?si=J9AfvIg3uPn_Zm3S""}}"
https://reddit.com/user/braindead_13,u/Braindead_13,Reddit,,,"AIGC,Reddit,Sora,AI filmmaker",New,2026-07-28T02:21:49Z,,,Sora,https://www.reddit.com/r/aivideo/comments/1o2cz9y/the_definitive_bob_ross_sora_2_documentary/,unsure,2026-07-28T02:21:49Z,searxng Sora AI filmmaker site:reddit.com/r/aivideo,"discovery_only: SearXNG/ddgs surfaced r/aivideo; Reddit has no keyless profiling API, so FollowerCount is empty and AIGCVerdict=unsure; no computer_use",,https://www.reddit.com/r/aivideo/comments/1o2cz9y/the_definitive_bob_ross_sora_2_documentary/,"{""identity"":{""source"":""old.reddit public post author"",""url"":""https://www.reddit.com/r/aivideo/comments/1o2cz9y/the_definitive_bob_ross_sora_2_documentary/""},""discovery"":{""source"":""searxng"",""query"":""Sora AI filmmaker site:reddit.com/r/aivideo"",""url"":""https://www.reddit.com/r/aivideo/comments/1o2cz9y/the_definitive_bob_ross_sora_2_documentary/"",""title"":""The Definitive Bob Ross Sora 2 Documentary : r/aivideo - Reddit""},""aigc_verdict"":{""source"":""not_profiled_reddit_no_keyless_api"",""verdict"":""unsure""},""sample_content_url"":{""source"":""outbound link on public reddit post"",""url"":""https://redditblog.com""}}"
https://reddit.com/user/crafty-squirrel-7967,u/Crafty-Squirrel-7967,Reddit,,,"AIGC,Reddit,Sora,AI filmmaker",New,2026-07-28T02:21:49Z,,,Sora,https://www.reddit.com/r/aivideo/comments/1s4ud3y/seedance_ai_is_getting_seriously_cinematic_now/,unsure,2026-07-28T02:21:49Z,searxng Sora AI filmmaker site:reddit.com/r/aivideo,"discovery_only: SearXNG/ddgs surfaced r/aivideo; Reddit has no keyless profiling API, so FollowerCount is empty and AIGCVerdict=unsure; no computer_use",,https://www.reddit.com/r/aivideo/comments/1s4ud3y/seedance_ai_is_getting_seriously_cinematic_now/,"{""identity"":{""source"":""old.reddit public post author"",""url"":""https://www.reddit.com/r/aivideo/comments/1s4ud3y/seedance_ai_is_getting_seriously_cinematic_now/""},""discovery"":{""source"":""searxng"",""query"":""Sora AI filmmaker site:reddit.com/r/aivideo"",""url"":""https://www.reddit.com/r/aivideo/comments/1s4ud3y/seedance_ai_is_getting_seriously_cinematic_now/"",""title"":""Seedance AI Is Getting Seriously Cinematic Now : r/aivideo - Reddit""},""aigc_verdict"":{""source"":""not_profiled_reddit_no_keyless_api"",""verdict"":""unsure""},""sample_content_url"":{""source"":""outbound link on public reddit post"",""url"":""https://redditblog.com""}}"
https://reddit.com/user/dapper-fly-3742,u/Dapper-Fly-3742,Reddit,,,"AIGC,Reddit,Runway,AI video",New,2026-07-28T02:21:49Z,,,Runway,https://www.reddit.com/r/aivideo/comments/1qa64w3/what_program_do_you_think_they_use_to_make_these/,unsure,2026-07-28T02:21:49Z,searxng Runway AI video site:reddit.com/r/aivideo,"discovery_only: SearXNG/ddgs surfaced r/aivideo; Reddit has no keyless profiling API, so FollowerCount is empty and AIGCVerdict=unsure; no computer_use",,https://www.reddit.com/r/aivideo/comments/1qa64w3/what_program_do_you_think_they_use_to_make_these/,"{""identity"":{""source"":""old.reddit public post author"",""url"":""https://www.reddit.com/r/aivideo/comments/1qa64w3/what_program_do_you_think_they_use_to_make_these/""},""discovery"":{""source"":""searxng"",""query"":""Runway AI video site:reddit.com/r/aivideo"",""url"":""https://www.reddit.com/r/aivideo/comments/1qa64w3/what_program_do_you_think_they_use_to_make_these/"",""title"":""What program do you think they use to make these types of videos? I ...""},""aigc_verdict"":{""source"":""not_profiled_reddit_no_keyless_api"",""verdict"":""unsure""},""sample_content_url"":{""source"":""outbound link on public reddit post"",""url"":""https://redditblog.com""}}"
https://reddit.com/user/forbiddenlasagna,u/ForbiddenLasagna,Reddit,,,"AIGC,Reddit,Sora,AI filmmaker",New,2026-07-28T02:21:49Z,,,Sora,https://www.reddit.com/r/aivideo/comments/1pohf18/top_secret_time_travel_found_footage_short_film/,unsure,2026-07-28T02:21:49Z,searxng Sora AI filmmaker site:reddit.com/r/aivideo,"discovery_only: SearXNG/ddgs surfaced r/aivideo; Reddit has no keyless profiling API, so FollowerCount is empty and AIGCVerdict=unsure; no computer_use",,https://www.reddit.com/r/aivideo/comments/1pohf18/top_secret_time_travel_found_footage_short_film/,"{""identity"":{""source"":""old.reddit public post author"",""url"":""https://www.reddit.com/r/aivideo/comments/1pohf18/top_secret_time_travel_found_footage_short_film/""},""discovery"":{""source"":""searxng"",""query"":""Sora AI filmmaker site:reddit.com/r/aivideo"",""url"":""https://www.reddit.com/r/aivideo/comments/1pohf18/top_secret_time_travel_found_footage_short_film/"",""title"":""Top Secret Time Travel Found Footage Short Film (Sora) - Reddit""},""aigc_verdict"":{""source"":""not_profiled_reddit_no_keyless_api"",""verdict"":""unsure""},""sample_content_url"":{""source"":""outbound link on public reddit post"",""url"":""https://giphy.com/gifs/18gEqArCQNlo5zowZn""}}"
https://reddit.com/user/huntersfreud,u/HunterSFreud,Reddit,,,"AIGC,Reddit,Sora,AI filmmaker",New,2026-07-28T02:21:49Z,,,Sora,https://www.reddit.com/r/aivideo/comments/1ham591/the_first_humans/,unsure,2026-07-28T02:21:49Z,searxng Sora AI filmmaker site:reddit.com/r/aivideo,"discovery_only: SearXNG/ddgs surfaced r/aivideo; Reddit has no keyless profiling API, so FollowerCount is empty and AIGCVerdict=unsure; no computer_use",,https://www.reddit.com/r/aivideo/comments/1ham591/the_first_humans/,"{""identity"":{""source"":""old.reddit public post author"",""url"":""https://www.reddit.com/r/aivideo/comments/1ham591/the_first_humans/""},""discovery"":{""source"":""searxng"",""query"":""Sora AI filmmaker site:reddit.com/r/aivideo"",""url"":""https://www.reddit.com/r/aivideo/comments/1ham591/the_first_humans/"",""title"":""The First Humans : r/aivideo - Reddit""},""aigc_verdict"":{""source"":""not_profiled_reddit_no_keyless_api"",""verdict"":""unsure""},""sample_content_url"":{""source"":""outbound link on public reddit post"",""url"":""https://giphy.com/gifs/RRGQhwjKHPVbXlwbYO""}}"
https://reddit.com/user/kemo1685,u/Kemo1685,Reddit,,,"AIGC,Reddit,Kling,AI video",New,2026-07-28T02:21:49Z,,,Kling,https://fastflux.ai/,unsure,2026-07-28T02:21:49Z,searxng AI video creator site:reddit.com/r/aivideo,"discovery_only: SearXNG/ddgs surfaced r/aivideo; Reddit has no keyless profiling API, so FollowerCount is empty and AIGCVerdict=unsure; no computer_use",,https://www.reddit.com/r/aivideo/comments/1fkl0j9/what_tools_can_i_use_to_create_videos_like_this/,"{""identity"":{""source"":""old.reddit public post author"",""url"":""https://www.reddit.com/r/aivideo/comments/1fkl0j9/what_tools_can_i_use_to_create_videos_like_this/""},""discovery"":{""source"":""searxng"",""query"":""AI video creator site:reddit.com/r/aivideo"",""url"":""https://www.reddit.com/r/aivideo/comments/1fkl0j9/what_tools_can_i_use_to_create_videos_like_this/"",""title"":""r/aivideo on Reddit: What tools can I use to create videos like this ...""},""aigc_verdict"":{""source"":""not_profiled_reddit_no_keyless_api"",""verdict"":""unsure""},""sample_content_url"":{""source"":""outbound link on public reddit post"",""url"":""https://fastflux.ai/""}}"
https://reddit.com/user/nunki08,u/Nunki08,Reddit,,,"AIGC,Reddit,Sora,AI filmmaker",New,2026-07-28T02:21:49Z,,,Sora,https://x.com/markoslavnic,unsure,2026-07-28T02:21:49Z,searxng Sora AI filmmaker site:reddit.com/r/aivideo,"discovery_only: SearXNG/ddgs surfaced r/aivideo; Reddit has no keyless profiling API, so FollowerCount is empty and AIGCVerdict=unsure; no computer_use",,https://www.reddit.com/r/aivideo/comments/1t9yzyj/remarkable_aicreated_animation_short_by_marko/,"{""identity"":{""source"":""old.reddit public post author"",""url"":""https://www.reddit.com/r/aivideo/comments/1t9yzyj/remarkable_aicreated_animation_short_by_marko/""},""discovery"":{""source"":""searxng"",""query"":""Sora AI filmmaker site:reddit.com/r/aivideo"",""url"":""https://www.reddit.com/r/aivideo/comments/1t9yzyj/remarkable_aicreated_animation_short_by_marko/"",""title"":""Remarkable AI-Created Animation Short by Marko Slavnic - Reddit""},""aigc_verdict"":{""source"":""not_profiled_reddit_no_keyless_api"",""verdict"":""unsure""},""sample_content_url"":{""source"":""outbound link on public reddit post"",""url"":""https://x.com/markoslavnic""}}"
https://reddit.com/user/randommonies,u/RandomMonies,Reddit,,,"AIGC,Reddit,Sora,AI filmmaker",New,2026-07-28T02:21:49Z,,,Sora,https://m.youtube.com/watch?v=iW0bKUfvH2c&t=298s&pp=2AGqApACAQ%3D%3D,unsure,2026-07-28T02:21:49Z,searxng Sora AI filmmaker site:reddit.com/r/aivideo,"discovery_only: SearXNG/ddgs surfaced r/aivideo; Reddit has no keyless profiling API, so FollowerCount is empty and AIGCVerdict=unsure; no computer_use",,https://www.reddit.com/r/aivideo/comments/1nvidpx/sora_2_fantasy_animation_consistency_is_crazy/,"{""identity"":{""source"":""old.reddit public post author"",""url"":""https://www.reddit.com/r/aivideo/comments/1nvidpx/sora_2_fantasy_animation_consistency_is_crazy/""},""discovery"":{""source"":""searxng"",""query"":""Sora AI filmmaker site:reddit.com/r/aivideo"",""url"":""https://www.reddit.com/r/aivideo/comments/1nvidpx/sora_2_fantasy_animation_consistency_is_crazy/"",""title"":""Sora 2 Fantasy Animation - consistency is crazy : r/aivideo - Reddit""},""aigc_verdict"":{""source"":""not_profiled_reddit_no_keyless_api"",""verdict"":""unsure""},""sample_content_url"":{""source"":""outbound link on public reddit post"",""url"":""https://m.youtube.com/watch?v=iW0bKUfvH2c&t=298s&pp=2AGqApACAQ%3D%3D""}}"
https://reddit.com/user/sourcecode12,u/Sourcecode12,Reddit,,,"AIGC,Reddit,Runway",New,2026-08-03T02:22:34Z,,,Runway,https://www.reddit.com/r/aivideo/comments/1h6qun2/the_procedure_ai_generated_short_film_i_got_to/,unsure,2026-07-28T02:21:49Z,SearXNG site:reddit.com/r/aivideo; /user queries returned 0; ddgs returned 0,discovery_only: Reddit keyless profiling unavailable; follower_count empty; AIGC unsure,,https://www.reddit.com/r/aivideo/comments/1h6qun2/the_procedure_ai_generated_short_film_i_got_to/,"{""discovery"":{""source"":""SearXNG"",""query"":""Runway AI filmmaker site:reddit.com/r/aivideo"",""url"":""https://www.reddit.com/r/aivideo/comments/1h6qun2/the_procedure_ai_generated_short_film_i_got_to/"",""title"":""AI Generated Short Film. I got to try Runway's Act One - Reddit"",""snippet"":""4 Dec 2024 ... Comments Section \u00b7 Runway to Grant Filmmakers up to $1 Million for AI-Powered Movies \u00b7 I made an AI showreel cut like a music video, with a\u00a0...""},""identity"":{""source"":""old.reddit public post page"",""url"":""https://old.reddit.com/r/aivideo/comments/1h6qun2/the_procedure_ai_generated_short_film_i_got_to/"",""claim"":""post author only; no Reddit profiling API used""},""aigc_verdict"":{""source"":""search snippet only"",""verdict"":""unsure""}}"
https://threads.net/@aicoffeechat,@aicoffeechat,Threads,63200,henryoon0@gmail.com.,"AIGC,Meta,routine,Runway,Kling",New,2026-09-09T06:16:23Z,,Korean,Runway,https://threads.net/@aicoffeechat,yes,2026-07-28T10:09:22Z,SearXNG Meta site-scope: Runway AI video creator site:threads.net,Threads scrape: followers=63200; email=henryoon0@gmail.com.; language=Korean,https://threads.net/@aicoffeechat,https://threads.net/@aicoffeechat,"{""platform"": ""Threads"", ""profile_url"": ""https://threads.net/@aicoffeechat"", ""handle"": ""@aicoffeechat"", ""follower"": {""value"": 63200, ""raw"": ""63.2K"", ""source"": ""og:description"", ""status"": ""found""}, ""email"": {""value"": ""henryoon0@gmail.com."", ""source"": ""bio"", ""status"": ""found""}, ""region"": {""value"": null, ""source"": null, ""evidence"": null, ""status"": ""not_found""}, ""language"": {""value"": ""Korean"", ""source"": ""bio"", ""confidence"": ""high"", ""status"": ""found""}, ""ai"": {""primary_tool"": null, ""verdict"": ""yes"", ""evidence"": ""Rule-based keyword fallback""}}"
https://facebook.com/aniksingal,@aniksingal,Facebook,,,"AIGC,Meta,SearXNG,Runway,meta_graph_retry",New,2026-07-28T10:09:25Z,,,Runway,https://www.facebook.com/aniksingal/videos/i-filmed-this-entire-video-in-one-plain-room-watch-where-i-end-upthis-is-runways/1677325866714133/,unsure,2026-07-28T10:09:22Z,SearXNG Meta site-scope: Runway AI video creator site:facebook.com,Meta routine discovery-only: Graph credentials missing; no computer_use; flagged for seated read-only computer_use/API retry. sole_or_small: unsure.,,https://www.facebook.com/aniksingal/videos/i-filmed-this-entire-video-in-one-plain-room-watch-where-i-end-upthis-is-runways/1677325866714133/,"{""discovery"":{""source"":""SearXNG site-scope"",""query"":""Runway AI video creator site:facebook.com"",""source_url"":""https://www.facebook.com/aniksingal/videos/i-filmed-this-entire-video-in-one-plain-room-watch-where-i-end-upthis-is-runways/1677325866714133/"",""snippet"":""I filmed this entire video in one plain room. Watch where I end up ... 2 days ago ... I filmed this entire video in one plain room. Watch where I end up. This is Runway's Aleph 2.0 — an AI tool that transforms the entire scene ...""},""profile"":{""source"":""not_run"",""reason"":""META_GRAPH_TOKEN and/or META_IG_USER_ID missing in environment; no computer_use allowed in this run""},""aigc_verdict"":{""source"":""search snippet only"",""verdict"":""unsure"",""reason"":""ROUTINE rule 9: do not infer AIGC from search/scraped text""}}"
https://facebook.com/61591641855684,@61591641855684,Facebook,,,"AIGC,Meta,DiscoveryOnly",New,2026-08-03T10:06:49Z,,,,https://www.facebook.com/61591641855684?locale=en_GB,unsure,2026-07-28T10:09:22Z,"SearXNG ""AI video creator"" ""Facebook"" site:facebook.com",Meta Graph credentials unavailable this run; appended identity+source only; FollowerCount empty; AIGCVerdict unsure; flagged for seated computer_use pass. No computer_use used.,,https://www.facebook.com/61591641855684?locale=en_GB,"{""discovery"": {""source"": ""SearXNG"", ""query"": ""\""AI video creator\"" \""Facebook\"" site:facebook.com"", ""url"": ""https://www.facebook.com/61591641855684?locale=en_GB"", ""snippet"": ""AI video creator - Facebook; updated their profile picture""}, ""follower_count"": {""source"": ""none"", ""status"": ""empty_until_Meta_Graph_or_seated_computer_use_pass""}, ""aigc_verdict"": {""source"": ""search_snippet_only"", ""verdict"": ""unsure""}, ""follower_raw_locale"": """"}"
https://reddit.com/user/buschrolle,u/Buschrolle,Reddit,,,"AIGC,Reddit,AI video,Runway,Pika",New,2026-08-04T02:11:56Z,,,Runway,,unsure,2026-07-29T02:14:10Z,"SearXNG Reddit discovery: site:reddit.com/user ""AI video"" creator","Reddit discovery-only; no keyless profiling API; sole/small/follower count unverified. snippet says using ChatGPT scripts, ElevenLabs voiceovers, Runway/Pika visual elements",,https://www.reddit.com/user/Buschrolle/,"{""discovery"":{""source"":""SearXNG"",""query"":""site:reddit.com/user \""AI video\"" creator"",""url"":""https://www.reddit.com/user/Buschrolle/"",""title"":""u/Buschrolle - Reddit"",""snippet"":""Started using a mix of ChatGPT for scripts, ElevenLabs for voiceovers, and some AI video generators like Runway and Pika for visual elements. Not going full\u00a0...""},""aigc_verdict"":{""source"":""not_profiled_no_keyless_reddit_api"",""verdict"":""unsure""},""follower_count"":{""source"":""not_available_no_keyless_reddit_api"",""value"":""""}}"
https://reddit.com/user/the4saken1,u/the4saken1,Reddit,,,"AIGC,Reddit,discovery-only,Runway",New,2026-08-09T02:16:08Z,,,Runway,,unsure,2026-07-29T02:14:10Z,SearXNG/ddgs Reddit discovery; query=Runway AI video creator site:reddit.com/user; tool=searxng,Reddit discovery-only; no keyless profiling API; follower count intentionally empty.,,https://www.reddit.com/user/the4saken1/,"{""identity"":{""source"":""searxng"",""url"":""https://www.reddit.com/user/the4saken1/""},""discovery"":{""source"":""searxng"",""url"":""https://www.reddit.com/user/the4saken1/"",""snippet"":""u/the4saken1 - Reddit | 15 Mar 2025 ... Midjourney new video to video ai tool is incredible \u00b7 the4saken1 commented 1 yr. ago. hey everyone - it's me in the video, definitely runway\u00a0...""},""aigc_verdict"":{""source"":""search_snippet_only"",""verdict"":""unsure""}}"
https://reddit.com/user/curious_refuge,u/Curious_Refuge,Reddit,,,"AIGC,Reddit,Runway",New,2026-08-13T02:05:37Z,,,Runway,https://www.reddit.com/user/Curious_Refuge/,unsure,2026-07-29T02:14:10Z,searxng Runway AI filmmaker site:reddit.com/user,"Reddit discovery-only: no keyless profiling API from server IP; follower_count empty; verdict unsure. Snippet: u/Curious_Refuge - Reddit 17 Jan 2024 ... So much press goes into the negatives of AI, but this is a great example of how AI can be used to pitch/tell a story that normally wouldn't have ...",,https://www.reddit.com/user/Curious_Refuge/,"{""identity"":{""source"":""searxng"",""url"":""https://www.reddit.com/user/Curious_Refuge/"",""query"":""Runway AI filmmaker site:reddit.com/user"",""reason"":""profile_url_result""},""aigc_verdict"":{""source"":""search_snippet"",""url"":""https://www.reddit.com/user/Curious_Refuge/"",""verdict"":""unsure"",""snippet"":""u/Curious_Refuge - Reddit 17 Jan 2024 ... So much press goes into the negatives of AI, but this is a great example of how AI can be used to pitch/tell a story that normally wouldn't have ...""}}"
https://civitai.com/user/seeseelp,SeeSeeLP,Civitai,,,"AIGC,AI video,Civitai",New,2026-08-01T06:37:46Z,,,,https://image.civitai.com/xG1nkqKTMzGDvpLrqFT7WA/7608ecc3-e456-42e8-928d-e6ea0a9d87d1/original=true/7608ecc3-e456-42e8-928d-e6ea0a9d87d1.mp4,yes,2026-07-29T06:22:45Z,Civitai API newest type=video,routine API refresh/discovery; Civitai type=video confirms AI video output,,https://civitai.com/user/SeeSeeLP,"{""video_content"":{""source"":""civitai_api_images_type_video"",""url"":""https://civitai.com/api/v1/images?username=SeeSeeLP&type=video&nsfw=false""}}"
https://civitai.com/user/triptrap,TripTrap,Civitai,,,"AIGC,AI video,Civitai",New,2026-08-01T06:37:46Z,,,,https://image.civitai.com/xG1nkqKTMzGDvpLrqFT7WA/ef518176-8362-4d52-a3e1-55a611f5295a/original=true/ef518176-8362-4d52-a3e1-55a611f5295a.mp4,yes,2026-07-29T06:22:45Z,Civitai API newest type=video,routine API refresh/discovery; Civitai type=video confirms AI video output,,https://civitai.com/user/TripTrap,"{""video_content"":{""source"":""civitai_api_images_type_video"",""url"":""https://civitai.com/api/v1/images?username=TripTrap&type=video&nsfw=false""}}"
https://civitai.com/user/andulce,andulce,Civitai,,,"AIGC,Civitai,Video",New,2026-08-08T06:34:38Z,,,,https://image.civitai.com/xG1nkqKTMzGDvpLrqFT7WA/f9326455-9375-4346-8a27-adfdbfd5a0dc/original=true/f9326455-9375-4346-8a27-adfdbfd5a0dc.mp4,yes,2026-07-29T06:22:45Z,civitai_api_refresh:type=video,"has public SFW video via Civitai API; video_item_id:138082016; stats:{""cryCount"":0,""laughCount"":0,""likeCount"":21,""dislikeCount"":0,""heartCount"":4,""commentCount"":0}",,https://civitai.com/user/andulce,"{""video_content"": {""source"": ""civitai_api"", ""url"": ""https://image.civitai.com/xG1nkqKTMzGDvpLrqFT7WA/f9326455-9375-4346-8a27-adfdbfd5a0dc/original=true/f9326455-9375-4346-8a27-adfdbfd5a0dc.mp4"", ""item_id"": 138082016, ""type"": ""video""}, ""aigc_verdict"": {""source"": ""civitai_api"", ""url"": ""https://image.civitai.com/xG1nkqKTMzGDvpLrqFT7WA/f9326455-9375-4346-8a27-adfdbfd5a0dc/original=true/f9326455-9375-4346-8a27-adfdbfd5a0dc.mp4"", ""note"": ""Civitai content is AI-generated by platform definition; type=video confirms video output.""}}"
https://civitai.com/user/yorgash,yorgash,Civitai,,,"AIGC,Civitai,Video",New,2026-08-27T06:08:52Z,,English,LoRA,https://civitai.com/user/yorgash,yes,2026-07-29T06:22:45Z,civitai api discovery: /images type=video nsfw=false,"Civitai API: models=30; tags=infinite, t2i, assets, svi, aio",https://civitai.com/user/yorgash/models,,"{""platform"": ""Civitai"", ""username"": ""yorgash"", ""model_count"": 30, ""top_tags"": [""infinite"", ""t2i"", ""assets"", ""svi"", ""aio""], ""aigc_verdict"": ""yes"", ""ai_reasoning"": ""Rule-based fallback for Civitai creator""}"
https://civitai.com/user/peterjoyce874,peterjoyce874,Civitai,,,"AIGC,Civitai,video",New,2026-08-27T06:09:10Z,,English,Stable Diffusion,https://civitai.com/user/peterjoyce874,yes,2026-07-29T06:22:45Z,Civitai API /images type=video sort=Newest,"Civitai API: models=15; tags=futuristic, pether, burton, rembrand, pe",https://civitai.com/user/peterjoyce874/models,,"{""platform"": ""Civitai"", ""username"": ""peterjoyce874"", ""model_count"": 15, ""top_tags"": [""futuristic"", ""pether"", ""burton"", ""rembrand"", ""pen-and-ink""], ""aigc_verdict"": ""yes"", ""ai_reasoning"": ""Rule-based fallback for Civitai creator""}"
https://civitai.com/user/neph1,neph1,Civitai,,,"AIGC,Civitai,Video",New,2026-08-27T06:09:28Z,,English,LoRA,https://civitai.com/user/neph1,yes,2026-07-29T06:22:45Z,civitai_api_refresh:type=video,"Civitai API: models=18; tags=cinematic, concept, mystery, horror, 198",https://civitai.com/user/neph1/models,,"{""platform"": ""Civitai"", ""username"": ""neph1"", ""model_count"": 18, ""top_tags"": [""cinematic"", ""concept"", ""mystery"", ""horror"", ""1980s""], ""aigc_verdict"": ""yes"", ""ai_reasoning"": ""Rule-based fallback for Civitai creator""}"
https://civitai.com/user/whnd,whnd,Civitai,,,"AIGC,Civitai,Video",New,2026-08-08T06:34:38Z,,,,https://image.civitai.com/xG1nkqKTMzGDvpLrqFT7WA/bc2f0b06-7b81-49ed-afb2-1c550e953235/original=true/bc2f0b06-7b81-49ed-afb2-1c550e953235.mp4,yes,2026-07-29T06:22:45Z,civitai_api_refresh:type=video,"has public SFW video via Civitai API; video_item_id:138067470; stats:{""cryCount"":0,""laughCount"":2,""likeCount"":21,""dislikeCount"":0,""heartCount"":7,""commentCount"":0}",,https://civitai.com/user/whnd,"{""video_content"": {""source"": ""civitai_api"", ""url"": ""https://image.civitai.com/xG1nkqKTMzGDvpLrqFT7WA/bc2f0b06-7b81-49ed-afb2-1c550e953235/original=true/bc2f0b06-7b81-49ed-afb2-1c550e953235.mp4"", ""item_id"": 138067470, ""type"": ""video""}, ""aigc_verdict"": {""source"": ""civitai_api"", ""url"": ""https://image.civitai.com/xG1nkqKTMzGDvpLrqFT7WA/bc2f0b06-7b81-49ed-afb2-1c550e953235/original=true/bc2f0b06-7b81-49ed-afb2-1c550e953235.mp4"", ""note"": ""Civitai content is AI-generated by platform definition; type=video confirms video output.""}}"
https://civitai.com/user/pelvis,Pelvis,Civitai,,,"AIGC,Civitai,video",New,2026-08-06T06:19:00Z,,,Civitai,https://civitai.com/posts/30211471,yes,2026-07-29T06:22:45Z,Civitai API /images type=video newest,"sole_or_small: unknown; video_item_id:138861812; stats:{""cryCount"":0,""laughCount"":0,""likeCount"":3,""dislikeCount"":0,""heartCount"":0,""commentCount"":0}",,https://civitai.com/user/Pelvis,"{""aigc_verdict"": {""source"": ""civitai_api_type_video"", ""url"": ""https://civitai.com/posts/30211471"", ""note"": ""Civitai public REST returned SFW item with type=video; platform content is AI-generated by definition.""}, ""video_content"": {""source"": ""civitai_api"", ""url"": ""https://civitai.com/posts/30211471"", ""item_id"": 138861812}}"
https://civitai.com/user/squishypotato,squishypotato,Civitai,,,"AIGC,Civitai,video",New,2026-08-06T06:19:00Z,,,Civitai,https://civitai.com/posts/29758632,yes,2026-07-29T06:22:45Z,Civitai API /images type=video newest,"sole_or_small: unknown; video_item_id:136605541; stats:{""cryCount"":0,""laughCount"":0,""likeCount"":3,""dislikeCount"":0,""heartCount"":1,""commentCount"":0}",,https://civitai.com/user/squishypotato,"{""aigc_verdict"": {""source"": ""civitai_api_type_video"", ""url"": ""https://civitai.com/posts/29758632"", ""note"": ""Civitai public REST returned SFW item with type=video; platform content is AI-generated by definition.""}, ""video_content"": {""source"": ""civitai_api"", ""url"": ""https://civitai.com/posts/29758632"", ""item_id"": 136605541}}"
https://civitai.com/user/eternalstrifeai,eternalstrifeai,Civitai,,,"AIGC,Civitai,video,Illustrious",New,2026-08-10T06:27:40Z,,,Illustrious,https://image.civitai.com/xG1nkqKTMzGDvpLrqFT7WA/ede433b7-338e-4e04-b905-516254c30753/original=true/ede433b7-338e-4e04-b905-516254c30753.mp4,yes,2026-07-29T06:22:45Z,Civitai API refresh,public_sfw_video_items: 2,,https://civitai.com/user/eternalstrifeai,"{""video_content"": {""source"": ""civitai_images_api"", ""url"": ""https://civitai.com/api/v1/images"", ""items"": 2, ""type"": ""video"", ""nsfw"": false}, ""aigc_verdict"": {""source"": ""civitai_video_api"", ""url"": ""https://image.civitai.com/xG1nkqKTMzGDvpLrqFT7WA/ede433b7-338e-4e04-b905-516254c30753/original=true/ede433b7-338e-4e04-b905-516254c30753.mp4"", ""note"": ""Civitai public video item confirms AI-generated video output""}}"
https://civitai.com/user/nimblechopsticks,nimblechopsticks,Civitai,,,"AIGC,Civitai,video",New,2026-08-10T06:27:40Z,,,,https://image.civitai.com/xG1nkqKTMzGDvpLrqFT7WA/9e94cb6c-f5f5-4695-8be2-ddda7432bd07/original=true/9e94cb6c-f5f5-4695-8be2-ddda7432bd07.mp4,yes,2026-07-29T06:22:45Z,Civitai API refresh,public_sfw_video_items: 10,,https://civitai.com/user/nimblechopsticks,"{""video_content"": {""source"": ""civitai_images_api"", ""url"": ""https://civitai.com/api/v1/images"", ""items"": 10, ""type"": ""video"", ""nsfw"": false}, ""aigc_verdict"": {""source"": ""civitai_video_api"", ""url"": ""https://image.civitai.com/xG1nkqKTMzGDvpLrqFT7WA/9e94cb6c-f5f5-4695-8be2-ddda7432bd07/original=true/9e94cb6c-f5f5-4695-8be2-ddda7432bd07.mp4"", ""note"": ""Civitai public video item confirms AI-generated video output""}}"
https://civitai.com/user/darkroast175696,darkroast175696,Civitai,,,"AIGC,Civitai,video",New,2026-08-27T06:09:56Z,,English,LoRA,https://civitai.com/user/darkroast175696,yes,2026-07-29T06:22:45Z,Civitai API refresh,"Civitai API: models=65; tags=boobs, concept, voluptuous, busty, pale",https://civitai.com/user/darkroast175696/models,,"{""platform"": ""Civitai"", ""username"": ""darkroast175696"", ""model_count"": 65, ""top_tags"": [""boobs"", ""concept"", ""voluptuous"", ""busty"", ""pale skin""], ""aigc_verdict"": ""yes"", ""ai_reasoning"": ""Enhances breast size in images of women.""}"
https://civitai.com/user/dungeonsanddosages,dungeonsanddosages,Civitai,,,"AIGC,Civitai,video",New,2026-08-10T06:27:40Z,,,,https://image.civitai.com/xG1nkqKTMzGDvpLrqFT7WA/d0465004-8903-44e8-a62b-4cf206b7a870/original=true/d0465004-8903-44e8-a62b-4cf206b7a870.mp4,yes,2026-07-29T06:22:45Z,Civitai API refresh,public_sfw_video_items: 2,,https://civitai.com/user/dungeonsanddosages,"{""video_content"": {""source"": ""civitai_images_api"", ""url"": ""https://civitai.com/api/v1/images"", ""items"": 2, ""type"": ""video"", ""nsfw"": false}, ""aigc_verdict"": {""source"": ""civitai_video_api"", ""url"": ""https://image.civitai.com/xG1nkqKTMzGDvpLrqFT7WA/d0465004-8903-44e8-a62b-4cf206b7a870/original=true/d0465004-8903-44e8-a62b-4cf206b7a870.mp4"", ""note"": ""Civitai public video item confirms AI-generated video output""}}"
https://civitai.com/user/musigreg,musigreg,Civitai,,,"AIGC,Civitai,video,Wan Video 2.2 TI2V-5B",New,2026-08-10T06:27:40Z,,,Wan Video 2.2 TI2V-5B,https://image.civitai.com/xG1nkqKTMzGDvpLrqFT7WA/6af3d629-5db8-464a-8801-d7c3eaf02d15/original=true/6af3d629-5db8-464a-8801-d7c3eaf02d15.mp4,yes,2026-07-29T06:22:45Z,Civitai API refresh,public_sfw_video_items: 10,,https://civitai.com/user/musigreg,"{""video_content"": {""source"": ""civitai_images_api"", ""url"": ""https://civitai.com/api/v1/images"", ""items"": 10, ""type"": ""video"", ""nsfw"": false}, ""aigc_verdict"": {""source"": ""civitai_video_api"", ""url"": ""https://image.civitai.com/xG1nkqKTMzGDvpLrqFT7WA/6af3d629-5db8-464a-8801-d7c3eaf02d15/original=true/6af3d629-5db8-464a-8801-d7c3eaf02d15.mp4"", ""note"": ""Civitai public video item confirms AI-generated video output""}}"
https://civitai.com/user/grekko,Grekko,Civitai,,,"AIGC,Civitai,video,Anima",New,2026-08-10T06:27:40Z,,,Anima,https://image.civitai.com/xG1nkqKTMzGDvpLrqFT7WA/b6a21984-0962-43a7-a03a-d786a5af68f3/original=true/b6a21984-0962-43a7-a03a-d786a5af68f3.mp4,yes,2026-07-29T06:22:45Z,Civitai API /images type=video sort=Newest,discovered_from_public_sfw_video_feed,,https://civitai.com/user/Grekko,"{""video_content"": {""source"": ""civitai_images_api"", ""url"": ""https://image.civitai.com/xG1nkqKTMzGDvpLrqFT7WA/b6a21984-0962-43a7-a03a-d786a5af68f3/original=true/b6a21984-0962-43a7-a03a-d786a5af68f3.mp4"", ""type"": ""video"", ""nsfw"": false}, ""aigc_verdict"": {""source"": ""civitai_video_api"", ""url"": ""https://image.civitai.com/xG1nkqKTMzGDvpLrqFT7WA/b6a21984-0962-43a7-a03a-d786a5af68f3/original=true/b6a21984-0962-43a7-a03a-d786a5af68f3.mp4"", ""note"": ""Civitai public video item confirms AI-generated video output""}}"
https://civitai.com/user/redglass17,RedGlass17,Civitai,,,"AIGC,Civitai,Video,LTXV 2.3",New,2026-07-31T06:22:16Z,,,LTXV 2.3,https://civitai.com/posts/30094333,yes,2026-07-29T06:22:45Z,civitai api discovery: /images type=video nsfw=false,civitai_api; type=video; nsfw=false; follower_count_not_exposed,,https://civitai.com/user/RedGlass17,"{""aigc_verdict"": {""source"": ""civitai_api_type_video"", ""url"": ""https://civitai.com/posts/30094333"", ""note"": ""Civitai public REST returned type=video with nsfw=false.""}, ""sample_content"": {""source"": ""civitai_api"", ""url"": ""https://image.civitai.com/xG1nkqKTMzGDvpLrqFT7WA/d1c9ffa0-5e95-43c8-97c4-8567995a1b19/original=true/d1c9ffa0-5e95-43c8-97c4-8567995a1b19.mp4""}}"
https://civitai.com/user/gk0,gk0,Civitai,,,"AIGC,Civitai,video",New,2026-08-10T06:27:40Z,,,,https://image.civitai.com/xG1nkqKTMzGDvpLrqFT7WA/e06a9187-39b1-4c12-ad80-3bdafedf0208/original=true/e06a9187-39b1-4c12-ad80-3bdafedf0208.mp4,yes,2026-07-29T06:22:45Z,Civitai API refresh,public_sfw_video_items: 5,,https://civitai.com/user/gk0,"{""video_content"": {""source"": ""civitai_images_api"", ""url"": ""https://civitai.com/api/v1/images"", ""items"": 5, ""type"": ""video"", ""nsfw"": false}, ""aigc_verdict"": {""source"": ""civitai_video_api"", ""url"": ""https://image.civitai.com/xG1nkqKTMzGDvpLrqFT7WA/e06a9187-39b1-4c12-ad80-3bdafedf0208/original=true/e06a9187-39b1-4c12-ad80-3bdafedf0208.mp4"", ""note"": ""Civitai public video item confirms AI-generated video output""}}"
https://civitai.com/user/reijlita,reijlita,Civitai,,,"AIGC,Civitai,video,Wan Video 2.7Anima",New,2026-08-27T06:10:25Z,,English,LoRA,https://civitai.com/user/reijlita,yes,2026-07-29T06:22:45Z,Civitai API refresh,"Civitai API: models=163; tags=sfw, styl, nsfw, checkpoint, lora",https://civitai.com/user/reijlita/models,,"{""platform"": ""Civitai"", ""username"": ""reijlita"", ""model_count"": 163, ""top_tags"": [""sfw"", ""styl"", ""nsfw"", ""checkpoint"", ""lora""], ""aigc_verdict"": ""yes"", ""ai_reasoning"": ""Rule-based fallback for Civitai creator""}"
https://civitai.com/user/misterx258,misterx258,Civitai,,,"AIGC,Civitai,video",New,2026-08-10T06:27:40Z,,,,https://image.civitai.com/xG1nkqKTMzGDvpLrqFT7WA/d9f3128e-011b-47e4-941f-f260819d4773/original=true/d9f3128e-011b-47e4-941f-f260819d4773.mp4,yes,2026-07-29T06:22:45Z,Civitai API refresh,public_sfw_video_items: 10,,https://civitai.com/user/misterx258,"{""video_content"": {""source"": ""civitai_images_api"", ""url"": ""https://civitai.com/api/v1/images"", ""items"": 10, ""type"": ""video"", ""nsfw"": false}, ""aigc_verdict"": {""source"": ""civitai_video_api"", ""url"": ""https://image.civitai.com/xG1nkqKTMzGDvpLrqFT7WA/d9f3128e-011b-47e4-941f-f260819d4773/original=true/d9f3128e-011b-47e4-941f-f260819d4773.mp4"", ""note"": ""Civitai public video item confirms AI-generated video output""}}"
https://civitai.com/user/the_cook,the_cook,Civitai,,,"AIGC,Civitai,video",New,2026-08-10T06:27:40Z,,,,https://image.civitai.com/xG1nkqKTMzGDvpLrqFT7WA/057e440c-a2f3-43ef-ba1c-d050c9d0bf34/original=true/057e440c-a2f3-43ef-ba1c-d050c9d0bf34.mp4,yes,2026-07-29T06:22:45Z,Civitai API refresh,public_sfw_video_items: 1,,https://civitai.com/user/the_cook,"{""video_content"": {""source"": ""civitai_images_api"", ""url"": ""https://civitai.com/api/v1/images"", ""items"": 1, ""type"": ""video"", ""nsfw"": false}, ""aigc_verdict"": {""source"": ""civitai_video_api"", ""url"": ""https://image.civitai.com/xG1nkqKTMzGDvpLrqFT7WA/057e440c-a2f3-43ef-ba1c-d050c9d0bf34/original=true/057e440c-a2f3-43ef-ba1c-d050c9d0bf34.mp4"", ""note"": ""Civitai public video item confirms AI-generated video output""}}"
https://civitai.com/user/alessa66,alessa66,Civitai,,,"AIGC,Civitai,video",New,2026-08-10T06:27:40Z,,,,https://image.civitai.com/xG1nkqKTMzGDvpLrqFT7WA/ab31604e-a592-43f1-946f-7e8598699eb4/original=true/ab31604e-a592-43f1-946f-7e8598699eb4.mp4,yes,2026-07-29T06:22:45Z,Civitai API refresh,public_sfw_video_items: 10,,https://civitai.com/user/alessa66,"{""video_content"": {""source"": ""civitai_images_api"", ""url"": ""https://civitai.com/api/v1/images"", ""items"": 10, ""type"": ""video"", ""nsfw"": false}, ""aigc_verdict"": {""source"": ""civitai_video_api"", ""url"": ""https://image.civitai.com/xG1nkqKTMzGDvpLrqFT7WA/ab31604e-a592-43f1-946f-7e8598699eb4/original=true/ab31604e-a592-43f1-946f-7e8598699eb4.mp4"", ""note"": ""Civitai public video item confirms AI-generated video output""}}"
https://civitai.com/user/patatekes,patatekes,Civitai,,,"AIGC,Civitai,video,Seedance",New,2026-08-10T06:27:40Z,,,Seedance,https://image.civitai.com/xG1nkqKTMzGDvpLrqFT7WA/3841766e-3750-41fd-b51c-d2bfcc3dcb1b/original=true/3841766e-3750-41fd-b51c-d2bfcc3dcb1b.mp4,yes,2026-07-29T06:22:45Z,Civitai API refresh,public_sfw_video_items: 10,,https://civitai.com/user/patatekes,"{""video_content"": {""source"": ""civitai_images_api"", ""url"": ""https://civitai.com/api/v1/images"", ""items"": 10, ""type"": ""video"", ""nsfw"": false}, ""aigc_verdict"": {""source"": ""civitai_video_api"", ""url"": ""https://image.civitai.com/xG1nkqKTMzGDvpLrqFT7WA/3841766e-3750-41fd-b51c-d2bfcc3dcb1b/original=true/3841766e-3750-41fd-b51c-d2bfcc3dcb1b.mp4"", ""note"": ""Civitai public video item confirms AI-generated video output""}}"
https://civitai.com/user/hailoknight,@HailoKnight,Civitai,,,"AIGC,AI video,Civitai",New,2026-08-03T06:14:20Z,,,,https://image.civitai.com/xG1nkqKTMzGDvpLrqFT7WA/43ed166d-b04f-47f9-bd49-cbaf7e36dbce/original=true/43ed166d-b04f-47f9-bd49-cbaf7e36dbce.mp4,yes,2026-07-29T06:22:45Z,civitai_api_discovery:type=video,routine_api_lane; has_public_sfw_video: yes; sole_or_small: unknown,,https://civitai.com/user/HailoKnight,"{""aigc_verdict"": {""source"": ""civitai_api_type_video"", ""url"": ""https://image.civitai.com/xG1nkqKTMzGDvpLrqFT7WA/43ed166d-b04f-47f9-bd49-cbaf7e36dbce/original=true/43ed166d-b04f-47f9-bd49-cbaf7e36dbce.mp4"", ""note"": ""Civitai public video item, nsfw=false""}, ""video_content"": {""source"": ""civitai_api"", ""url"": ""https://image.civitai.com/xG1nkqKTMzGDvpLrqFT7WA/43ed166d-b04f-47f9-bd49-cbaf7e36dbce/original=true/43ed166d-b04f-47f9-bd49-cbaf7e36dbce.mp4""}}"
https://civitai.com/user/gaylizardspy,gaylizardspy,Civitai,,,"AIGC,Civitai,video",New,2026-08-10T06:27:40Z,,,,https://image.civitai.com/xG1nkqKTMzGDvpLrqFT7WA/005f2946-0fec-49fd-9ede-35c6803cd451/original=true/005f2946-0fec-49fd-9ede-35c6803cd451.mp4,yes,2026-07-29T06:22:45Z,Civitai API refresh,public_sfw_video_items: 10,,https://civitai.com/user/gaylizardspy,"{""video_content"": {""source"": ""civitai_images_api"", ""url"": ""https://civitai.com/api/v1/images"", ""items"": 10, ""type"": ""video"", ""nsfw"": false}, ""aigc_verdict"": {""source"": ""civitai_video_api"", ""url"": ""https://image.civitai.com/xG1nkqKTMzGDvpLrqFT7WA/005f2946-0fec-49fd-9ede-35c6803cd451/original=true/005f2946-0fec-49fd-9ede-35c6803cd451.mp4"", ""note"": ""Civitai public video item confirms AI-generated video output""}}"
https://civitai.com/user/mipecio,Mipecio,Civitai,,,"AIGC,Civitai,video,OpenAI",New,2026-08-10T06:27:40Z,,,OpenAI,https://image.civitai.com/xG1nkqKTMzGDvpLrqFT7WA/d2c95b2c-1b88-44e8-95d2-bdb91713e5f9/original=true/d2c95b2c-1b88-44e8-95d2-bdb91713e5f9.mp4,yes,2026-07-29T06:22:45Z,Civitai API /images type=video sort=Newest,discovered_from_public_sfw_video_feed,,https://civitai.com/user/Mipecio,"{""video_content"": {""source"": ""civitai_images_api"", ""url"": ""https://image.civitai.com/xG1nkqKTMzGDvpLrqFT7WA/d2c95b2c-1b88-44e8-95d2-bdb91713e5f9/original=true/d2c95b2c-1b88-44e8-95d2-bdb91713e5f9.mp4"", ""type"": ""video"", ""nsfw"": false}, ""aigc_verdict"": {""source"": ""civitai_video_api"", ""url"": ""https://image.civitai.com/xG1nkqKTMzGDvpLrqFT7WA/d2c95b2c-1b88-44e8-95d2-bdb91713e5f9/original=true/d2c95b2c-1b88-44e8-95d2-bdb91713e5f9.mp4"", ""note"": ""Civitai public video item confirms AI-generated video output""}}"
https://civitai.com/user/shinizaya,shinizaya,Civitai,,,"AIGC,Civitai,video",New,2026-08-27T06:10:59Z,,English,,https://civitai.com/user/shinizaya,yes,2026-07-29T06:22:45Z,Civitai API refresh,"Civitai API: models=3; tags=3dcg, cg, woman, stylized, women",https://civitai.com/user/shinizaya/models,,"{""platform"": ""Civitai"", ""username"": ""shinizaya"", ""model_count"": 3, ""top_tags"": [""3dcg"", ""cg"", ""woman"", ""stylized"", ""women""], ""aigc_verdict"": ""yes"", ""ai_reasoning"": ""CG animation style merging with photorealism, only for women, not the men.""}"
https://civitai.com/user/starvinggarbage,starvinggarbage,Civitai,,,"AIGC,Civitai,video,Grok",New,2026-08-10T06:27:40Z,,,Grok,https://image.civitai.com/xG1nkqKTMzGDvpLrqFT7WA/16cbf17f-f3f9-4a21-af67-adeeeb3cb2e4/original=true/16cbf17f-f3f9-4a21-af67-adeeeb3cb2e4.mp4,yes,2026-07-29T06:22:45Z,Civitai API refresh,public_sfw_video_items: 7,,https://civitai.com/user/starvinggarbage,"{""video_content"": {""source"": ""civitai_images_api"", ""url"": ""https://civitai.com/api/v1/images"", ""items"": 7, ""type"": ""video"", ""nsfw"": false}, ""aigc_verdict"": {""source"": ""civitai_video_api"", ""url"": ""https://image.civitai.com/xG1nkqKTMzGDvpLrqFT7WA/16cbf17f-f3f9-4a21-af67-adeeeb3cb2e4/original=true/16cbf17f-f3f9-4a21-af67-adeeeb3cb2e4.mp4"", ""note"": ""Civitai public video item confirms AI-generated video output""}}"
https://civitai.com/user/joeygambino,joeygambino,Civitai,,,"AIGC,Civitai,Video,LTXV 2.3",New,2026-08-27T06:11:19Z,,English,LoRA,https://civitai.com/user/joeygambino,yes,2026-07-29T06:22:45Z,civitai api discovery: /images type=video nsfw=false,"Civitai API: models=24; tags=reference to video, video, i2v, v2v, aud",https://civitai.com/user/joeygambino/models,,"{""platform"": ""Civitai"", ""username"": ""joeygambino"", ""model_count"": 24, ""top_tags"": [""reference to video"", ""video"", ""i2v"", ""v2v"", ""audio""], ""aigc_verdict"": ""yes"", ""ai_reasoning"": ""Rule-based fallback for Civitai creator""}"
https://threads.net/@gabiduncombe,@gabiduncombe,Threads,492,,"AIGC,Meta,search-lead",New,2026-09-09T06:16:29Z,,English,,https://threads.net/@gabiduncombe,hybrid,2026-07-29T10:06:40Z,SearXNG: Runway AI filmmaker site:threads.net,Threads scrape: followers=492; language=English,https://threads.net/@gabiduncombe,https://threads.net/@gabiduncombe,"{""platform"": ""Threads"", ""profile_url"": ""https://threads.net/@gabiduncombe"", ""handle"": ""@gabiduncombe"", ""follower"": {""value"": 492, ""raw"": ""492"", ""source"": ""og:description"", ""status"": ""found""}, ""email"": {""value"": null, ""source"": null, ""status"": ""not_found""}, ""region"": {""value"": null, ""source"": null, ""evidence"": null, ""status"": ""not_found""}, ""language"": {""value"": ""English"", ""source"": ""bio"", ""confidence"": ""medium"", ""status"": ""found""}, ""ai"": {""primary_tool"": null, ""verdict"": ""hybrid"", ""evidence"": ""Rule-based keyword fallback""}}"
https://threads.net/@brianwankum,@brianwankum,Threads,175,,"AIGC,Meta,search-lead",New,2026-09-09T06:16:37Z,,English,Runway,https://threads.net/@brianwankum,hybrid,2026-07-29T10:06:40Z,SearXNG: Runway AI filmmaker site:threads.net,Threads scrape: followers=175; language=English; tool=Runway,https://threads.net/@brianwankum,https://threads.net/@brianwankum,"{""platform"": ""Threads"", ""profile_url"": ""https://threads.net/@brianwankum"", ""handle"": ""@brianwankum"", ""follower"": {""value"": 175, ""raw"": ""175"", ""source"": ""og:description"", ""status"": ""found""}, ""email"": {""value"": null, ""source"": null, ""status"": ""not_found""}, ""region"": {""value"": null, ""source"": null, ""evidence"": null, ""status"": ""not_found""}, ""language"": {""value"": ""English"", ""source"": ""bio"", ""confidence"": ""medium"", ""status"": ""found""}, ""ai"": {""primary_tool"": ""Runway"", ""verdict"": ""hybrid"", ""evidence"": ""Rule-based keyword fallback""}}"
https://facebook.com/61590531123270,@61590531123270,Facebook,,,"AIGC,Meta,DiscoveryOnly",New,2026-08-03T10:06:49Z,,,,https://www.facebook.com/61590531123270?locale=zh_CN,unsure,2026-07-29T10:06:40Z,"SearXNG ""AI video creator"" ""Facebook"" site:facebook.com",Meta Graph credentials unavailable this run; appended identity+source only; FollowerCount empty; AIGCVerdict unsure; flagged for seated computer_use pass. No computer_use used.,,https://www.facebook.com/61590531123270?locale=zh_CN,"{""discovery"": {""source"": ""SearXNG"", ""query"": ""\""AI video creator\"" \""Facebook\"" site:facebook.com"", ""url"": ""https://www.facebook.com/61590531123270?locale=zh_CN"", ""snippet"": ""Ai video creator. Facebook page; art category in snippet""}, ""follower_count"": {""source"": ""none"", ""status"": ""empty_until_Meta_Graph_or_seated_computer_use_pass""}, ""aigc_verdict"": {""source"": ""search_snippet_only"", ""verdict"": ""unsure""}, ""follower_raw_locale"": """"}"
https://instagram.com/lam.aifilm,@lam.aifilm,Instagram,,,"AIGC,Meta,search-lead",New,2026-07-29T10:07:23Z,,,,,unsure,2026-07-29T10:06:40Z,"SearXNG: ""Kling"" ""AI filmmaker"" site:instagram.com",routine Meta run; no computer_use; flagged for seated computer_use pass,,https://www.instagram.com/lam.aifilm/,"{""discovery"":{""source"":""SearXNG"",""query"":""\""Kling\"" \""AI filmmaker\"" site:instagram.com"",""url"":""https://www.instagram.com/lam.aifilm/"",""snippet"":""(@lam.aifilm) \u2022 Instagram photos and videos \u2014 67K followers \u00b7 379 following \u00b7 44 posts \u00b7 @lam.aifilm: \u201cAI Filmmaker ... This film was made using Kling AI's latest models @klingai_official - Kling O1 and Kling\u00a0...""},""aigc_verdict"":{""value"":""unsure"",""reason"":""search snippet only; no reviewed frames in routine""}}"
https://reddit.com/user/blakeridder,u/blakeridder,Reddit,,,"AIGC,Reddit",New,2026-07-30T02:16:51Z,,,,,unsure,2026-07-30T02:16:51Z,searxng AI filmmaker site:reddit.com/user,reddit_discovery_only; no keyless profiling API; follower_count_empty; source_snippet_flagged: Blake Ridder (u/blakeridder) - Reddit,,https://www.reddit.com/user/blakeridder/,"{""discovery"":{""source"":""searxng"",""query"":""AI filmmaker site:reddit.com/user"",""url"":""https://www.reddit.com/user/blakeridder/""},""aigc_verdict"":{""source"":""search_snippet_only"",""verdict"":""unsure"",""reason"":""Reddit has no keyless profiling API in this workflow; not inferred from text""}}"
https://reddit.com/user/giorgio_keeffe,u/Giorgio_Keeffe,Reddit,,,"AIGC,Reddit",New,2026-07-30T02:16:51Z,,,,,unsure,2026-07-30T02:16:51Z,searxng AI filmmaker site:reddit.com/user,reddit_discovery_only; no keyless profiling API; follower_count_empty; source_snippet_flagged: Giorgio_Keeffe - Reddit,,https://www.reddit.com/user/Giorgio_Keeffe/,"{""discovery"":{""source"":""searxng"",""query"":""AI filmmaker site:reddit.com/user"",""url"":""https://www.reddit.com/user/Giorgio_Keeffe/""},""aigc_verdict"":{""source"":""search_snippet_only"",""verdict"":""unsure"",""reason"":""Reddit has no keyless profiling API in this workflow; not inferred from text""}}"
https://reddit.com/user/envato_team,u/envato_team,Reddit,,,"AIGC,Reddit",New,2026-07-30T02:16:51Z,,,,,unsure,2026-07-30T02:16:51Z,searxng AI video creator site:reddit.com/user,reddit_discovery_only; no keyless profiling API; follower_count_empty; source_snippet_flagged: u/envato_team - Reddit,,https://www.reddit.com/user/envato_team/,"{""discovery"":{""source"":""searxng"",""query"":""AI video creator site:reddit.com/user"",""url"":""https://www.reddit.com/user/envato_team/""},""aigc_verdict"":{""source"":""search_snippet_only"",""verdict"":""unsure"",""reason"":""Reddit has no keyless profiling API in this workflow; not inferred from text""}}"
https://reddit.com/user/flurdeh,u/Flurdeh,Reddit,,,"AIGC,Reddit",New,2026-07-30T02:16:51Z,,,,,unsure,2026-07-30T02:16:51Z,searxng AI video creator site:reddit.com/user,reddit_discovery_only; no keyless profiling API; follower_count_empty; source_snippet_flagged: u/Flurdeh - Reddit,,https://www.reddit.com/user/Flurdeh/,"{""discovery"":{""source"":""searxng"",""query"":""AI video creator site:reddit.com/user"",""url"":""https://www.reddit.com/user/Flurdeh/""},""aigc_verdict"":{""source"":""search_snippet_only"",""verdict"":""unsure"",""reason"":""Reddit has no keyless profiling API in this workflow; not inferred from text""}}"
https://reddit.com/user/letscreatemagic,u/letscreatemagic,Reddit,,,"AIGC,Reddit",New,2026-07-30T02:16:51Z,,,,,unsure,2026-07-30T02:16:51Z,ddgs AI filmmaker site:reddit.com/user,reddit_discovery_only; no keyless profiling API; follower_count_empty; source_snippet_flagged: Magic Media (u/letscreatemagic) - Reddit,,https://www.reddit.com/user/letscreatemagic/,"{""discovery"":{""source"":""ddgs"",""query"":""AI filmmaker site:reddit.com/user"",""url"":""https://www.reddit.com/user/letscreatemagic/""},""aigc_verdict"":{""source"":""search_snippet_only"",""verdict"":""unsure"",""reason"":""Reddit has no keyless profiling API in this workflow; not inferred from text""}}"
https://reddit.com/user/wemakemoviesdotorg,u/WeMakeMoviesDotOrg,Reddit,,,"AIGC,Reddit",New,2026-07-30T02:16:51Z,,,,,unsure,2026-07-30T02:16:51Z,ddgs AI filmmaker site:reddit.com/user,reddit_discovery_only; no keyless profiling API; follower_count_empty; source_snippet_flagged: We Make Movies (u/WeMakeMoviesDotOrg) - Reddit,,https://www.reddit.com/user/WeMakeMoviesDotOrg/,"{""discovery"":{""source"":""ddgs"",""query"":""AI filmmaker site:reddit.com/user"",""url"":""https://www.reddit.com/user/WeMakeMoviesDotOrg/""},""aigc_verdict"":{""source"":""search_snippet_only"",""verdict"":""unsure"",""reason"":""Reddit has no keyless profiling API in this workflow; not inferred from text""}}"
https://reddit.com/user/filmspotlight,u/FilmSpotlight,Reddit,,,"AIGC,Reddit",New,2026-07-30T02:16:51Z,,,,,unsure,2026-07-30T02:16:51Z,ddgs AI filmmaker site:reddit.com/user,reddit_discovery_only; no keyless profiling API; follower_count_empty; source_snippet_flagged: FilmSpotlight (u/FilmSpotlight) - Reddit,,https://www.reddit.com/user/FilmSpotlight/,"{""discovery"":{""source"":""ddgs"",""query"":""AI filmmaker site:reddit.com/user"",""url"":""https://www.reddit.com/user/FilmSpotlight/""},""aigc_verdict"":{""source"":""search_snippet_only"",""verdict"":""unsure"",""reason"":""Reddit has no keyless profiling API in this workflow; not inferred from text""}}"
https://reddit.com/user/h3llcreator,u/h3LLcreator,Reddit,,,"AIGC,Reddit",New,2026-07-30T02:16:51Z,,,,,unsure,2026-07-30T02:16:51Z,ddgs AI filmmaker site:reddit.com/user,reddit_discovery_only; no keyless profiling API; follower_count_empty; source_snippet_flagged: h3LLcreator (u/h3LLcreator) - Reddit,,https://www.reddit.com/user/h3LLcreator/,"{""discovery"":{""source"":""ddgs"",""query"":""AI filmmaker site:reddit.com/user"",""url"":""https://www.reddit.com/user/h3LLcreator/""},""aigc_verdict"":{""source"":""search_snippet_only"",""verdict"":""unsure"",""reason"":""Reddit has no keyless profiling API in this workflow; not inferred from text""}}"
https://reddit.com/user/alteredai,u/AlteredAI,Reddit,,,"AIGC,Reddit",New,2026-07-30T02:16:51Z,,,,,unsure,2026-07-30T02:16:51Z,ddgs AI filmmaker site:reddit.com/user,reddit_discovery_only; no keyless profiling API; follower_count_empty; source_snippet_flagged: r/u_AlteredAI on Reddit: We are recognised as one of the “Best AI Tools for Filmmaking”!,,https://www.reddit.com/user/AlteredAI/comments/18gibfq/we_are_recognised_as_one_of_the_best_ai_tools_for/,"{""discovery"":{""source"":""ddgs"",""query"":""AI filmmaker site:reddit.com/user"",""url"":""https://www.reddit.com/user/AlteredAI/comments/18gibfq/we_are_recognised_as_one_of_the_best_ai_tools_for/""},""aigc_verdict"":{""source"":""search_snippet_only"",""verdict"":""unsure"",""reason"":""Reddit has no keyless profiling API in this workflow; not inferred from text""}}"
https://reddit.com/user/deepfictionai,u/deepfictionai,Reddit,,,"AIGC,Reddit",New,2026-07-30T02:16:51Z,,,,,unsure,2026-07-30T02:16:51Z,ddgs AI filmmaker site:reddit.com/user,reddit_discovery_only; no keyless profiling API; follower_count_empty; source_snippet_flagged: DeepFiction AI (u/deepfictionai) - Reddit,,https://www.reddit.com/user/deepfictionai/,"{""discovery"":{""source"":""ddgs"",""query"":""AI filmmaker site:reddit.com/user"",""url"":""https://www.reddit.com/user/deepfictionai/""},""aigc_verdict"":{""source"":""search_snippet_only"",""verdict"":""unsure"",""reason"":""Reddit has no keyless profiling API in this workflow; not inferred from text""}}"
https://reddit.com/user/techaheadcompany,u/techaheadcompany,Reddit,,,"AIGC,Reddit",New,2026-07-30T02:16:51Z,,,,,unsure,2026-07-30T02:16:51Z,ddgs AI filmmaker site:reddit.com/user,reddit_discovery_only; no keyless profiling API; follower_count_empty; source_snippet_flagged: TechAhead Inc (u/techaheadcompany) - Reddit,,https://www.reddit.com/user/techaheadcompany/,"{""discovery"":{""source"":""ddgs"",""query"":""AI filmmaker site:reddit.com/user"",""url"":""https://www.reddit.com/user/techaheadcompany/""},""aigc_verdict"":{""source"":""search_snippet_only"",""verdict"":""unsure"",""reason"":""Reddit has no keyless profiling API in this workflow; not inferred from text""}}"
https://reddit.com/user/sociopins_dot_com,u/sociopins_dot_com,Reddit,,,"AIGC,Reddit",New,2026-07-30T02:16:51Z,,,,,unsure,2026-07-30T02:16:51Z,ddgs AI video creator site:reddit.com/user,reddit_discovery_only; no keyless profiling API; follower_count_empty; source_snippet_flagged: r/u_sociopins_dot_com on Reddit: How to Create Video from Text with an AI Video Creator,,https://www.reddit.com/user/sociopins_dot_com/comments/ugo319/how_to_create_video_from_text_with_an_ai_video/,"{""discovery"":{""source"":""ddgs"",""query"":""AI video creator site:reddit.com/user"",""url"":""https://www.reddit.com/user/sociopins_dot_com/comments/ugo319/how_to_create_video_from_text_with_an_ai_video/""},""aigc_verdict"":{""source"":""search_snippet_only"",""verdict"":""unsure"",""reason"":""Reddit has no keyless profiling API in this workflow; not inferred from text""}}"
https://reddit.com/user/jamesidayi,u/jamesidayi,Reddit,,,"AIGC,Reddit",New,2026-07-30T02:16:51Z,,,,,unsure,2026-07-30T02:16:51Z,ddgs AI video creator site:reddit.com/user,reddit_discovery_only; no keyless profiling API; follower_count_empty; source_snippet_flagged: Service BB (u/jamesidayi) - Reddit,,https://www.reddit.com/user/jamesidayi/,"{""discovery"":{""source"":""ddgs"",""query"":""AI video creator site:reddit.com/user"",""url"":""https://www.reddit.com/user/jamesidayi/""},""aigc_verdict"":{""source"":""search_snippet_only"",""verdict"":""unsure"",""reason"":""Reddit has no keyless profiling API in this workflow; not inferred from text""}}"
https://reddit.com/user/mrmikez06,u/mrmikez06,Reddit,,,"AIGC,Reddit",New,2026-07-30T02:16:51Z,,,,,unsure,2026-07-30T02:16:51Z,ddgs AI video creator site:reddit.com/user,reddit_discovery_only; no keyless profiling API; follower_count_empty; source_snippet_flagged: r/u_mrmikez06 on Reddit: AI Video Creator,,https://www.reddit.com/user/mrmikez06/comments/l1cesa/ai_video_creator/,"{""discovery"":{""source"":""ddgs"",""query"":""AI video creator site:reddit.com/user"",""url"":""https://www.reddit.com/user/mrmikez06/comments/l1cesa/ai_video_creator/""},""aigc_verdict"":{""source"":""search_snippet_only"",""verdict"":""unsure"",""reason"":""Reddit has no keyless profiling API in this workflow; not inferred from text""}}"
https://reddit.com/user/creatify_ai,u/Creatify_AI,Reddit,,,"AIGC,Reddit",New,2026-07-30T02:16:51Z,,,,,unsure,2026-07-30T02:16:51Z,ddgs AI video creator site:reddit.com/user,reddit_discovery_only; no keyless profiling API; follower_count_empty; source_snippet_flagged: Creatify AI (u/Creatify_AI) - Reddit,,https://www.reddit.com/user/Creatify_AI/,"{""discovery"":{""source"":""ddgs"",""query"":""AI video creator site:reddit.com/user"",""url"":""https://www.reddit.com/user/Creatify_AI/""},""aigc_verdict"":{""source"":""search_snippet_only"",""verdict"":""unsure"",""reason"":""Reddit has no keyless profiling API in this workflow; not inferred from text""}}"
https://reddit.com/user/aicandii,u/aicandii,Reddit,,,"AIGC,Reddit",New,2026-07-30T02:16:51Z,,,,,unsure,2026-07-30T02:16:51Z,ddgs AI video creator site:reddit.com/user,reddit_discovery_only; no keyless profiling API; follower_count_empty; source_snippet_flagged: AI Candii (u/aicandii) - Reddit,,https://www.reddit.com/user/aicandii/,"{""discovery"":{""source"":""ddgs"",""query"":""AI video creator site:reddit.com/user"",""url"":""https://www.reddit.com/user/aicandii/""},""aigc_verdict"":{""source"":""search_snippet_only"",""verdict"":""unsure"",""reason"":""Reddit has no keyless profiling API in this workflow; not inferred from text""}}"
https://reddit.com/user/viduai,u/ViduAi,Reddit,,,"AIGC,Reddit",New,2026-07-30T02:16:51Z,,,,,unsure,2026-07-30T02:16:51Z,ddgs AI video creator site:reddit.com/user,reddit_discovery_only; no keyless profiling API; follower_count_empty; source_snippet_flagged: ViduAi (u/ViduAi) - Reddit,,https://www.reddit.com/user/ViduAi/,"{""discovery"":{""source"":""ddgs"",""query"":""AI video creator site:reddit.com/user"",""url"":""https://www.reddit.com/user/ViduAi/""},""aigc_verdict"":{""source"":""search_snippet_only"",""verdict"":""unsure"",""reason"":""Reddit has no keyless profiling API in this workflow; not inferred from text""}}"
https://reddit.com/user/sorenoai,u/SorenoAI,Reddit,,,"AIGC,Reddit",New,2026-07-30T02:16:51Z,,,,,unsure,2026-07-30T02:16:51Z,ddgs AI video creator site:reddit.com/user,reddit_discovery_only; no keyless profiling API; follower_count_empty; source_snippet_flagged: SorenoAI (u/SorenoAI) - Reddit,,https://www.reddit.com/user/SorenoAI/,"{""discovery"":{""source"":""ddgs"",""query"":""AI video creator site:reddit.com/user"",""url"":""https://www.reddit.com/user/SorenoAI/""},""aigc_verdict"":{""source"":""search_snippet_only"",""verdict"":""unsure"",""reason"":""Reddit has no keyless profiling API in this workflow; not inferred from text""}}"
https://reddit.com/user/ourdream_ai,u/ourdream_ai,Reddit,,,"AIGC,Reddit",New,2026-07-30T02:16:51Z,,,,,unsure,2026-07-30T02:16:51Z,ddgs AI video creator site:reddit.com/user,reddit_discovery_only; no keyless profiling API; follower_count_empty; source_snippet_flagged: ourdream_ai (u/ourdream_ai) - Reddit,,https://www.reddit.com/user/ourdream_ai/,"{""discovery"":{""source"":""ddgs"",""query"":""AI video creator site:reddit.com/user"",""url"":""https://www.reddit.com/user/ourdream_ai/""},""aigc_verdict"":{""source"":""search_snippet_only"",""verdict"":""unsure"",""reason"":""Reddit has no keyless profiling API in this workflow; not inferred from text""}}"
https://reddit.com/user/d_id_studio,u/d_id_studio,Reddit,,,"AIGC,Reddit",New,2026-07-30T02:16:51Z,,,,,unsure,2026-07-30T02:16:51Z,ddgs AI video creator site:reddit.com/user,reddit_discovery_only; no keyless profiling API; follower_count_empty; source_snippet_flagged: r/u_d_id_studio on Reddit: Generate AI Video in Less Than 30 Seconds. Start Your Free Trial Today.,,https://www.reddit.com/user/d_id_studio/comments/z5egrf/generate_ai_video_in_less_than_30_seconds_start/,"{""discovery"":{""source"":""ddgs"",""query"":""AI video creator site:reddit.com/user"",""url"":""https://www.reddit.com/user/d_id_studio/comments/z5egrf/generate_ai_video_in_less_than_30_seconds_start/""},""aigc_verdict"":{""source"":""search_snippet_only"",""verdict"":""unsure"",""reason"":""Reddit has no keyless profiling API in this workflow; not inferred from text""}}"
https://reddit.com/user/tkzee12,u/Tkzee12,Reddit,,,"AIGC,Reddit",New,2026-07-30T02:16:51Z,,,,,unsure,2026-07-30T02:16:51Z,ddgs AI video creator site:reddit.com/user,reddit_discovery_only; no keyless profiling API; follower_count_empty; source_snippet_flagged: r/u_Tkzee12 on Reddit: Best AI Video Generators for 2022,,https://www.reddit.com/user/Tkzee12/comments/vp43f6/best_ai_video_generators_for_2022/,"{""discovery"":{""source"":""ddgs"",""query"":""AI video creator site:reddit.com/user"",""url"":""https://www.reddit.com/user/Tkzee12/comments/vp43f6/best_ai_video_generators_for_2022/""},""aigc_verdict"":{""source"":""search_snippet_only"",""verdict"":""unsure"",""reason"":""Reddit has no keyless profiling API in this workflow; not inferred from text""}}"
https://civitai.com/user/hsdhc,hsdhc,Civitai,,,"AIGC,Civitai,video,LTXV 2.3",New,2026-08-10T06:27:40Z,,,LTXV 2.3,https://image.civitai.com/xG1nkqKTMzGDvpLrqFT7WA/5048421a-cb63-416e-af41-4e0dad5e03f3/original=true/5048421a-cb63-416e-af41-4e0dad5e03f3.mp4,yes,2026-07-30T06:27:45Z,Civitai API refresh,public_sfw_video_items: 10,,https://civitai.com/user/hsdhc,"{""video_content"": {""source"": ""civitai_images_api"", ""url"": ""https://civitai.com/api/v1/images"", ""items"": 10, ""type"": ""video"", ""nsfw"": false}, ""aigc_verdict"": {""source"": ""civitai_video_api"", ""url"": ""https://image.civitai.com/xG1nkqKTMzGDvpLrqFT7WA/5048421a-cb63-416e-af41-4e0dad5e03f3/original=true/5048421a-cb63-416e-af41-4e0dad5e03f3.mp4"", ""note"": ""Civitai public video item confirms AI-generated video output""}}"
https://civitai.com/user/flesetar,flesetar,Civitai,,,"AIGC,Civitai,video,Illustrious",New,2026-08-10T06:27:40Z,,,Illustrious,https://image.civitai.com/xG1nkqKTMzGDvpLrqFT7WA/0eb2c1cb-a40a-49db-91b4-f57123ee670c/original=true/0eb2c1cb-a40a-49db-91b4-f57123ee670c.mp4,yes,2026-07-30T06:27:45Z,Civitai API refresh,public_sfw_video_items: 10,,https://civitai.com/user/flesetar,"{""video_content"": {""source"": ""civitai_images_api"", ""url"": ""https://civitai.com/api/v1/images"", ""items"": 10, ""type"": ""video"", ""nsfw"": false}, ""aigc_verdict"": {""source"": ""civitai_video_api"", ""url"": ""https://image.civitai.com/xG1nkqKTMzGDvpLrqFT7WA/0eb2c1cb-a40a-49db-91b4-f57123ee670c/original=true/0eb2c1cb-a40a-49db-91b4-f57123ee670c.mp4"", ""note"": ""Civitai public video item confirms AI-generated video output""}}"
https://civitai.com/user/yuribloodhunter,yuribloodhunter,Civitai,,,"AIGC,Civitai,video",New,2026-08-10T06:27:40Z,,,Civitai,https://image.civitai.com/xG1nkqKTMzGDvpLrqFT7WA/bda3efd3-b2d7-4577-8ed2-223b19cbd537/original=true/bda3efd3-b2d7-4577-8ed2-223b19cbd537.mp4,yes,2026-07-30T06:27:45Z,Civitai API refresh,public_sfw_video_items: 7,,https://civitai.com/user/yuribloodhunter,"{""video_content"": {""source"": ""civitai_images_api"", ""url"": ""https://civitai.com/api/v1/images"", ""items"": 7, ""type"": ""video"", ""nsfw"": false}, ""aigc_verdict"": {""source"": ""civitai_video_api"", ""url"": ""https://image.civitai.com/xG1nkqKTMzGDvpLrqFT7WA/bda3efd3-b2d7-4577-8ed2-223b19cbd537/original=true/bda3efd3-b2d7-4577-8ed2-223b19cbd537.mp4"", ""note"": ""Civitai public video item confirms AI-generated video output""}}"
https://threads.net/@ai.slash,@ai.slash,Threads,3700,,"AIGC,search-index,Kling",New,2026-09-09T06:16:46Z,,English,Kling,https://threads.net/@ai.slash,yes,2026-07-30T14:17:16Z,SearXNG site:threads.net Kling AI video creator,Threads scrape: followers=3700; language=English,https://threads.net/@ai.slash,https://threads.net/@ai.slash,"{""platform"": ""Threads"", ""profile_url"": ""https://threads.net/@ai.slash"", ""handle"": ""@ai.slash"", ""follower"": {""value"": 3700, ""raw"": ""3.7K"", ""source"": ""og:description"", ""status"": ""found""}, ""email"": {""value"": null, ""source"": null, ""status"": ""not_found""}, ""region"": {""value"": null, ""source"": null, ""evidence"": null, ""status"": ""not_found""}, ""language"": {""value"": ""English"", ""source"": ""bio"", ""confidence"": ""medium"", ""status"": ""found""}, ""ai"": {""primary_tool"": null, ""verdict"": ""yes"", ""evidence"": ""Rule-based keyword fallback""}}"
https://threads.net/@dileks_journal,@dileks_journal,Threads,844,,"AIGC,search-index,Kling",New,2026-09-09T06:16:53Z,,English,Kling,https://threads.net/@dileks_journal,yes,2026-07-30T14:17:16Z,SearXNG site:threads.net Kling AI video creator,Threads scrape: followers=844; region=OH USA 🇺🇸; language=English,https://threads.net/@dileks_journal,https://threads.net/@dileks_journal,"{""platform"": ""Threads"", ""profile_url"": ""https://threads.net/@dileks_journal"", ""handle"": ""@dileks_journal"", ""follower"": {""value"": 844, ""raw"": ""844"", ""source"": ""og:description"", ""status"": ""found""}, ""email"": {""value"": null, ""source"": null, ""status"": ""not_found""}, ""region"": {""value"": ""OH USA \ud83c\uddfa\ud83c\uddf8"", ""source"": ""profile"", ""evidence"": ""bio_pattern"", ""status"": ""found""}, ""language"": {""value"": ""English"", ""source"": ""bio"", ""confidence"": ""medium"", ""status"": ""found""}, ""ai"": {""primary_tool"": null, ""verdict"": ""yes"", ""evidence"": ""Rule-based keyword fallback""}}"
https://threads.net/@technology,@technology,Threads,615600,,"AIGC,search-index,Kling",New,2026-09-09T06:17:00Z,,English,Kling,https://threads.net/@technology,hybrid,2026-07-30T14:17:16Z,SearXNG site:threads.net Kling AI video creator,Threads scrape: followers=615600; language=English,https://threads.net/@technology,https://threads.net/@technology,"{""platform"": ""Threads"", ""profile_url"": ""https://threads.net/@technology"", ""handle"": ""@technology"", ""follower"": {""value"": 615600, ""raw"": ""615.6K"", ""source"": ""og:description"", ""status"": ""found""}, ""email"": {""value"": null, ""source"": null, ""status"": ""not_found""}, ""region"": {""value"": null, ""source"": null, ""evidence"": null, ""status"": ""not_found""}, ""language"": {""value"": ""English"", ""source"": ""bio"", ""confidence"": ""medium"", ""status"": ""found""}, ""ai"": {""primary_tool"": null, ""verdict"": ""hybrid"", ""evidence"": ""Rule-based keyword fallback""}}"
https://threads.net/@moppy.op,@moppy.op,Threads,25800,,"AIGC,Threads,discovery-only,ElevenLabs",New,2026-09-09T06:17:10Z,,English,ElevenLabs,https://threads.net/@moppy.op,hybrid,2026-07-30T14:17:16Z,off-platform sweep Threads (https://www.threads.net/@moppy.op),Threads scrape: followers=25800; language=English,https://threads.net/@moppy.op,https://threads.net/@moppy.op,"{""platform"": ""Threads"", ""profile_url"": ""https://threads.net/@moppy.op"", ""handle"": ""@moppy.op"", ""follower"": {""value"": 25800, ""raw"": ""25.8K"", ""source"": ""og:description"", ""status"": ""found""}, ""email"": {""value"": null, ""source"": null, ""status"": ""not_found""}, ""region"": {""value"": null, ""source"": null, ""evidence"": null, ""status"": ""not_found""}, ""language"": {""value"": ""English"", ""source"": ""bio"", ""confidence"": ""medium"", ""status"": ""found""}, ""ai"": {""primary_tool"": null, ""verdict"": ""hybrid"", ""evidence"": ""Rule-based keyword fallback""}}"
https://threads.net/@goinggreenmedia,@goinggreenmedia,Threads,75500,hello@goinggreenmedia.co.uk,"AIGC,search-index,AI",New,2026-09-09T06:17:17Z,,English,,https://threads.net/@goinggreenmedia,hybrid,2026-07-30T14:17:16Z,SearXNG site:threads.net AI filmmaker generative video,Threads scrape: followers=75500; email=hello@goinggreenmedia.co.uk; region=London; language=English,https://threads.net/@goinggreenmedia,https://threads.net/@goinggreenmedia,"{""platform"": ""Threads"", ""profile_url"": ""https://threads.net/@goinggreenmedia"", ""handle"": ""@goinggreenmedia"", ""follower"": {""value"": 75500, ""raw"": ""75.5K"", ""source"": ""og:description"", ""status"": ""found""}, ""email"": {""value"": ""hello@goinggreenmedia.co.uk"", ""source"": ""bio"", ""status"": ""found""}, ""region"": {""value"": ""London"", ""source"": ""profile"", ""evidence"": ""bio_pattern"", ""status"": ""found""}, ""language"": {""value"": ""English"", ""source"": ""bio"", ""confidence"": ""medium"", ""status"": ""found""}, ""ai"": {""primary_tool"": null, ""verdict"": ""hybrid"", ""evidence"": ""Rule-based keyword fallback""}}"
https://threads.net/@rendertoken,@rendertoken,Threads,1600,,"AIGC,search-index,AI",New,2026-09-09T06:17:24Z,,English,Render Network,https://threads.net/@rendertoken,hybrid,2026-07-30T14:17:16Z,SearXNG site:threads.net AI filmmaker generative video,Threads scrape: followers=1600; language=English; tool=Render Network,https://threads.net/@rendertoken,https://threads.net/@rendertoken,"{""platform"": ""Threads"", ""profile_url"": ""https://threads.net/@rendertoken"", ""handle"": ""@rendertoken"", ""follower"": {""value"": 1600, ""raw"": ""1.6K"", ""source"": ""og:description"", ""status"": ""found""}, ""email"": {""value"": null, ""source"": null, ""status"": ""not_found""}, ""region"": {""value"": null, ""source"": null, ""evidence"": null, ""status"": ""not_found""}, ""language"": {""value"": ""English"", ""source"": ""bio"", ""confidence"": ""medium"", ""status"": ""found""}, ""ai"": {""primary_tool"": ""Render Network"", ""verdict"": ""hybrid"", ""evidence"": ""Rule-based keyword fallback""}}"
https://threads.net/@bonadona,@bonadona,Threads,1200,,"AIGC,search-index,AI",New,2026-09-09T06:17:31Z,,English,,https://threads.net/@bonadona,hybrid,2026-07-30T14:17:16Z,SearXNG site:threads.net AI filmmaker generative video,Threads scrape: followers=1200; language=English,https://threads.net/@bonadona,https://threads.net/@bonadona,"{""platform"": ""Threads"", ""profile_url"": ""https://threads.net/@bonadona"", ""handle"": ""@bonadona"", ""follower"": {""value"": 1200, ""raw"": ""1.2K"", ""source"": ""og:description"", ""status"": ""found""}, ""email"": {""value"": null, ""source"": null, ""status"": ""not_found""}, ""region"": {""value"": null, ""source"": null, ""evidence"": null, ""status"": ""not_found""}, ""language"": {""value"": ""English"", ""source"": ""bio"", ""confidence"": ""medium"", ""status"": ""found""}, ""ai"": {""primary_tool"": null, ""verdict"": ""hybrid"", ""evidence"": ""Rule-based keyword fallback""}}"
https://linkedin.com/in/scottieyang,scottieyang,LinkedIn,,,"AIGC,search-index,AI",New,2026-07-30T14:17:16Z,,,Sora,https://www.linkedin.com/in/scottieyang,unsure,2026-07-30T14:17:16Z,SearXNG site:linkedin.com/in AI filmmaker Sora,off-platform discovery; no API follower count in sweep,,https://linkedin.com/in/scottieyang,"{""discovery"":{""source"":""SearXNG"",""query"":""AI filmmaker Sora site:linkedin.com/in"",""url"":""https://www.linkedin.com/in/scottieyang"",""title"":""Scottie Yang | Exploring AI-Powered Visual Storytelling on Sora"",""snippet"":""Filmmaker | Cinematic Director | Exploring AI-Powered Visual Storytelling on Sora · Senior video producer and creative director with 15+ years transforming ...""},""aigc_verdict"":{""source"":""search_snippet_only"",""verdict"":""unsure""},""follower_count"":{""source"":""not_api_profiled"",""value"":""""}}"
https://ch.linkedin.com/in/elettrafiumi,elettrafiumi,LinkedIn,,,"AIGC,search-index,AI",New,2026-07-30T14:17:16Z,,,Sora,https://ch.linkedin.com/in/elettrafiumi,unsure,2026-07-30T14:17:16Z,SearXNG site:linkedin.com/in AI filmmaker Sora,off-platform discovery; no API follower count in sweep,,https://ch.linkedin.com/in/elettrafiumi,"{""discovery"":{""source"":""SearXNG"",""query"":""AI filmmaker Sora site:linkedin.com/in"",""url"":""https://ch.linkedin.com/in/elettrafiumi"",""title"":""Elettra Fiumi – Film Director & Producer - AI Workflows - LinkedIn"",""snippet"":""Film Director & Producer | AI Filmmaker & Educator | CEO @ Fiumi Studios | AI Workflows | CPP: Runway, Sora, Leonardo, InVideo, CapCut, ElevenLabs · Elettra ...""},""aigc_verdict"":{""source"":""search_snippet_only"",""verdict"":""unsure""},""follower_count"":{""source"":""not_api_profiled"",""value"":""""}}"
https://linkedin.com/in/jack-masteller-63317022,jack-masteller-63317022,LinkedIn,,,"AIGC,search-index,AI",New,2026-07-30T14:17:16Z,,,Sora,https://www.linkedin.com/in/jack-masteller-63317022,unsure,2026-07-30T14:17:16Z,SearXNG site:linkedin.com/in AI filmmaker Sora,off-platform discovery; no API follower count in sweep,,https://linkedin.com/in/jack-masteller-63317022,"{""discovery"":{""source"":""SearXNG"",""query"":""AI filmmaker Sora site:linkedin.com/in"",""url"":""https://www.linkedin.com/in/jack-masteller-63317022"",""title"":""Jack Masteller - AI Film Production Innovation @ Disney Studios"",""snippet"":""AI Film Production Innovation @ Disney Studios · Film Producer ($5M ... Sora pilot, and oversee Studios AI Video Model Intelligence. Beyond Disney ...""},""aigc_verdict"":{""source"":""search_snippet_only"",""verdict"":""unsure""},""follower_count"":{""source"":""not_api_profiled"",""value"":""""}}"
https://uk.linkedin.com/in/andrewakinyede,andrewakinyede,LinkedIn,,,"AIGC,search-index,AI",New,2026-07-30T14:17:16Z,,,Sora,https://uk.linkedin.com/in/andrewakinyede,unsure,2026-07-30T14:17:16Z,SearXNG site:linkedin.com/in AI filmmaker Sora,off-platform discovery; no API follower count in sweep,,https://uk.linkedin.com/in/andrewakinyede,"{""discovery"":{""source"":""SearXNG"",""query"":""AI filmmaker Sora site:linkedin.com/in"",""url"":""https://uk.linkedin.com/in/andrewakinyede"",""title"":""Andrew Akinyede - AI Filmmaker & Creative Director ... - LinkedIn"",""snippet"":""AI Filmmaker & Creative Director. Working across the intersection of storytelling, culture & generative technology. Dreamina ... My Thoughts on Sora 2. 3.""},""aigc_verdict"":{""source"":""search_snippet_only"",""verdict"":""unsure""},""follower_count"":{""source"":""not_api_profiled"",""value"":""""}}"
https://linkedin.com/in/ian-wilmoth,ian-wilmoth,LinkedIn,,,"AIGC,search-index,AI",New,2026-07-30T14:17:16Z,,,Sora,https://www.linkedin.com/in/ian-wilmoth,unsure,2026-07-30T14:17:16Z,SearXNG site:linkedin.com/in AI filmmaker Sora,off-platform discovery; no API follower count in sweep,,https://linkedin.com/in/ian-wilmoth,"{""discovery"":{""source"":""SearXNG"",""query"":""AI filmmaker Sora site:linkedin.com/in"",""url"":""https://www.linkedin.com/in/ian-wilmoth"",""title"":""Ian Wilmoth - AI filmmaker since '23. Senior 3D VFX and ... - LinkedIn"",""snippet"":""He works hands-on across the production pipeline — combining AI-generated imagery with traditional VFX, animation, editing, and post-production — from concept ...""},""aigc_verdict"":{""source"":""search_snippet_only"",""verdict"":""unsure""},""follower_count"":{""source"":""not_api_profiled"",""value"":""""}}"
https://linkedin.com/in/soukimansoor,soukimansoor,LinkedIn,,,"AIGC,search-index,AI",New,2026-07-30T14:17:16Z,,,Sora,https://www.linkedin.com/in/soukimansoor,unsure,2026-07-30T14:17:16Z,SearXNG site:linkedin.com/in AI filmmaker Sora,off-platform discovery; no API follower count in sweep,,https://linkedin.com/in/soukimansoor,"{""discovery"":{""source"":""SearXNG"",""query"":""AI filmmaker Sora site:linkedin.com/in"",""url"":""https://www.linkedin.com/in/soukimansoor"",""title"":""Souki Mansoor - creative community @ openai - LinkedIn"",""snippet"":""... AI. · Experience: OpenAI · Education ... - Educating and supporting 5 filmmakers to create short films using Sora to premiere at Tribeca Film Festival.""},""aigc_verdict"":{""source"":""search_snippet_only"",""verdict"":""unsure""},""follower_count"":{""source"":""not_api_profiled"",""value"":""""}}"
https://linkedin.com/in/characampanella,characampanella,LinkedIn,,,"AIGC,search-index,AI",New,2026-07-30T14:17:16Z,,,Sora,https://www.linkedin.com/in/characampanella,unsure,2026-07-30T14:17:16Z,SearXNG site:linkedin.com/in AI filmmaker Sora,off-platform discovery; no API follower count in sweep,,https://linkedin.com/in/characampanella,"{""discovery"":{""source"":""SearXNG"",""query"":""AI filmmaker Sora site:linkedin.com/in"",""url"":""https://www.linkedin.com/in/characampanella"",""title"":""Chara Campanella - Emmy-Nominated Creative Producer - LinkedIn"",""snippet"":""Story-Driven Marketing Strategist | Generative AI Specialist | Emmy-Nominated Creative Producer | Sora Alpha Artist & Pika CPP · Emmy-nominated ...""},""aigc_verdict"":{""source"":""search_snippet_only"",""verdict"":""unsure""},""follower_count"":{""source"":""not_api_profiled"",""value"":""""}}"
https://ca.linkedin.com/in/mrpixelwizard,mrpixelwizard,LinkedIn,,,"AIGC,search-index,AI",New,2026-07-30T14:17:16Z,,,Sora,https://ca.linkedin.com/in/mrpixelwizard,unsure,2026-07-30T14:17:16Z,SearXNG site:linkedin.com/in AI filmmaker Sora,off-platform discovery; no API follower count in sweep,,https://ca.linkedin.com/in/mrpixelwizard,"{""discovery"":{""source"":""SearXNG"",""query"":""AI filmmaker Sora site:linkedin.com/in"",""url"":""https://ca.linkedin.com/in/mrpixelwizard"",""title"":""Kevin Friel - AI Film Production Specialist - LinkedIn"",""snippet"":""As a VFX artist, video producer, and AI-native workflow designer, I bridge decades of traditional filmmaking expertise with the latest generative tools.""},""aigc_verdict"":{""source"":""search_snippet_only"",""verdict"":""unsure""},""follower_count"":{""source"":""not_api_profiled"",""value"":""""}}"
https://np.linkedin.com/in/mausam-puri-747169201,mausam-puri-747169201,LinkedIn,,,"AIGC,search-index,AI",New,2026-07-30T14:17:16Z,,,Sora,https://np.linkedin.com/in/mausam-puri-747169201,unsure,2026-07-30T14:17:16Z,SearXNG site:linkedin.com/in AI filmmaker Sora,off-platform discovery; no API follower count in sweep,,https://np.linkedin.com/in/mausam-puri-747169201,"{""discovery"":{""source"":""SearXNG"",""query"":""AI filmmaker Sora site:linkedin.com/in"",""url"":""https://np.linkedin.com/in/mausam-puri-747169201"",""title"":""Mausam Puri - AI Filmmaker | Visual Storyteller | EdTech Innovator"",""snippet"":""I create AI-generated films, trailers, music videos, and cinematic shorts using tools like Runway, Sora, and Pika — eliminating the need for big crews or ...""},""aigc_verdict"":{""source"":""search_snippet_only"",""verdict"":""unsure""},""follower_count"":{""source"":""not_api_profiled"",""value"":""""}}"
https://cn.linkedin.com/in/junielau,junielau,LinkedIn,,,"AIGC,search-index,AI",New,2026-07-30T14:17:16Z,,,Sora,https://cn.linkedin.com/in/junielau,unsure,2026-07-30T14:17:16Z,SearXNG site:linkedin.com/in AI filmmaker Sora,off-platform discovery; no API follower count in sweep,,https://cn.linkedin.com/in/junielau,"{""discovery"":{""source"":""SearXNG"",""query"":""AI filmmaker Sora site:linkedin.com/in"",""url"":""https://cn.linkedin.com/in/junielau"",""title"":""Junie Lau - Multidisciplinary Creative | Director - 领英"",""snippet"":""Her AI short LOVE FROM VOID won Silver at Project Odyssey, the world's largest AI film festival, and was officially selected for OpenAI's Sora Select. Her ...""},""aigc_verdict"":{""source"":""search_snippet_only"",""verdict"":""unsure""},""follower_count"":{""source"":""not_api_profiled"",""value"":""""}}"
https://linkedin.com/in/marko-slavnic-3a29209,marko-slavnic-3a29209,LinkedIn,,,"AIGC,search-index,Runway",New,2026-07-30T14:17:16Z,,,Runway,https://www.linkedin.com/in/marko-slavnic-3a29209,unsure,2026-07-30T14:17:16Z,SearXNG site:linkedin.com/in Runway AI video creator,off-platform discovery; no API follower count in sweep,,https://linkedin.com/in/marko-slavnic-3a29209,"{""discovery"":{""source"":""SearXNG"",""query"":""Runway AI video creator site:linkedin.com/in"",""url"":""https://www.linkedin.com/in/marko-slavnic-3a29209"",""title"":""Marko Slavnic - Gen-AI Content Creator | Technical Artist | LinkedIn"",""snippet"":""This foundation gives me a unique edge in approaching AI-driven video content with a cinematic eye. · Experience: Runway · Location: Los Angeles · 500+ ...""},""aigc_verdict"":{""source"":""search_snippet_only"",""verdict"":""unsure""},""follower_count"":{""source"":""not_api_profiled"",""value"":""""}}"
https://am.linkedin.com/in/digitalwind,digitalwind,LinkedIn,,,"AIGC,search-index,Runway",New,2026-07-30T14:17:16Z,,,Runway,https://am.linkedin.com/in/digitalwind,unsure,2026-07-30T14:17:16Z,SearXNG site:linkedin.com/in Runway AI video creator,off-platform discovery; no API follower count in sweep,,https://am.linkedin.com/in/digitalwind,"{""discovery"":{""source"":""SearXNG"",""query"":""Runway AI video creator site:linkedin.com/in"",""url"":""https://am.linkedin.com/in/digitalwind"",""title"":""Sergei Diachenko - Video Creator & Motion Designer | Ai Artist"",""snippet"":""Rest assured, you will receive high-quality design that serves its purpose well. Advanced in Adobe Soft, Midjourney, Topaz Ai, ChatGPT, Runway Gen 2 and 3, Luma ...""},""aigc_verdict"":{""source"":""search_snippet_only"",""verdict"":""unsure""},""follower_count"":{""source"":""not_api_profiled"",""value"":""""}}"
https://linkedin.com/in/iansansavera,iansansavera,LinkedIn,,,"AIGC,search-index,Runway",New,2026-07-30T14:17:16Z,,,Runway,https://www.linkedin.com/in/iansansavera,unsure,2026-07-30T14:17:16Z,SearXNG site:linkedin.com/in Runway AI video creator,off-platform discovery; no API follower count in sweep,,https://linkedin.com/in/iansansavera,"{""discovery"":{""source"":""SearXNG"",""query"":""Runway AI video creator site:linkedin.com/in"",""url"":""https://www.linkedin.com/in/iansansavera"",""title"":""Ian Sansavera - AI Workflow Architect & Always Generating @Runway"",""snippet"":""... AI revolution. For the past few years, I've been working as an IC5 Video Workflow Architect at Runway, where I help shape generative AI tools that are ...""},""aigc_verdict"":{""source"":""search_snippet_only"",""verdict"":""unsure""},""follower_count"":{""source"":""not_api_profiled"",""value"":""""}}"
https://in.linkedin.com/in/kunal-khanna-91812420,kunal-khanna-91812420,LinkedIn,,,"AIGC,search-index,Runway",New,2026-07-30T14:17:16Z,,,Runway,https://in.linkedin.com/in/kunal-khanna-91812420,unsure,2026-07-30T14:17:16Z,SearXNG site:linkedin.com/in Runway AI video creator,off-platform discovery; no API follower count in sweep,,https://in.linkedin.com/in/kunal-khanna-91812420,"{""discovery"":{""source"":""SearXNG"",""query"":""Runway AI video creator site:linkedin.com/in"",""url"":""https://in.linkedin.com/in/kunal-khanna-91812420"",""title"":""Kunal Khanna - AI Video Creator | Generative Ads & AI Filmmaking"",""snippet"":""AI Video Creator | Generative Ads & AI Filmmaking | Kling • Veo • Runway • Nano Banana | 12+ Years Video Production · I create AI-generated commercial ...""},""aigc_verdict"":{""source"":""search_snippet_only"",""verdict"":""unsure""},""follower_count"":{""source"":""not_api_profiled"",""value"":""""}}"
https://ng.linkedin.com/in/johnson-sunday-9389912b8,johnson-sunday-9389912b8,LinkedIn,,,"AIGC,search-index,Runway",New,2026-07-30T14:17:16Z,,,Sora,https://ng.linkedin.com/in/johnson-sunday-9389912b8,unsure,2026-07-30T14:17:16Z,SearXNG site:linkedin.com/in Runway AI video creator,off-platform discovery; no API follower count in sweep,,https://ng.linkedin.com/in/johnson-sunday-9389912b8,"{""discovery"":{""source"":""SearXNG"",""query"":""Runway AI video creator site:linkedin.com/in"",""url"":""https://ng.linkedin.com/in/johnson-sunday-9389912b8"",""title"":""Johnson Sunday - AI Product Video Creator - LinkedIn Nigeria"",""snippet"":""AI Video Creator | AI Video Ads for E-commerce Brands | AI Product Video Creator | UGC viral Ads | Veo3, runway, sora 2, kling ai | Ai Content Strategy For ...""},""aigc_verdict"":{""source"":""search_snippet_only"",""verdict"":""unsure""},""follower_count"":{""source"":""not_api_profiled"",""value"":""""}}"
https://ng.linkedin.com/in/elijah-adah,elijah-adah,LinkedIn,,,"AIGC,search-index,Runway",New,2026-07-30T14:17:16Z,,,Runway,https://ng.linkedin.com/in/elijah-adah,unsure,2026-07-30T14:17:16Z,SearXNG site:linkedin.com/in Runway AI video creator,off-platform discovery; no API follower count in sweep,,https://ng.linkedin.com/in/elijah-adah,"{""discovery"":{""source"":""SearXNG"",""query"":""Runway AI video creator site:linkedin.com/in"",""url"":""https://ng.linkedin.com/in/elijah-adah"",""title"":""Elijah Adah - AI Video Creator | Cinematic Ads - LinkedIn Nigeria"",""snippet"":""AI Video Creator | Cinematic Ads · Reels · Shorts Brand Films · eLearning Videos | Veo 3 · HeyGen · Runway ML | 48hr Delivery | Open to Freelance & Contract ...""},""aigc_verdict"":{""source"":""search_snippet_only"",""verdict"":""unsure""},""follower_count"":{""source"":""not_api_profiled"",""value"":""""}}"
https://linkedin.com/in/patrickmullady,patrickmullady,LinkedIn,,,"AIGC,search-index,Runway",New,2026-07-30T14:17:16Z,,,Runway,https://www.linkedin.com/in/patrickmullady,unsure,2026-07-30T14:17:16Z,SearXNG site:linkedin.com/in Runway AI video creator,off-platform discovery; no API follower count in sweep,,https://linkedin.com/in/patrickmullady,"{""discovery"":{""source"":""SearXNG"",""query"":""Runway AI video creator site:linkedin.com/in"",""url"":""https://www.linkedin.com/in/patrickmullady"",""title"":""Patrick M. - Creative Engineer Lead | AI Creator | Runway CPP"",""snippet"":""Creative Engineer Lead | AI Creator | Runway CPP | Dreamina CPP | Audio/Video Editor | Artist, Musician - I like to solve problems and make stuff.""},""aigc_verdict"":{""source"":""search_snippet_only"",""verdict"":""unsure""},""follower_count"":{""source"":""not_api_profiled"",""value"":""""}}"
https://uk.linkedin.com/in/barnabaslawson,barnabaslawson,LinkedIn,,,"AIGC,search-index,Runway",New,2026-07-30T14:17:16Z,,,Runway,https://uk.linkedin.com/in/barnabaslawson,unsure,2026-07-30T14:17:16Z,SearXNG site:linkedin.com/in Runway AI video creator,off-platform discovery; no API follower count in sweep,,https://uk.linkedin.com/in/barnabaslawson,"{""discovery"":{""source"":""SearXNG"",""query"":""Runway AI video creator site:linkedin.com/in"",""url"":""https://uk.linkedin.com/in/barnabaslawson"",""title"":""Barnabas Lawson | AI Video Trainer & Speaker | LinkedIn - LinkedIn"",""snippet"":""Through @PureACT on YouTube and the ACT Skool community of 2,100+ creators, I teach practical AI video workflows using tools like Seedance, Kling, Runway, ...""},""aigc_verdict"":{""source"":""search_snippet_only"",""verdict"":""unsure""},""follower_count"":{""source"":""not_api_profiled"",""value"":""""}}"
https://linkedin.com/in/dave-spector,dave-spector,LinkedIn,,,"AIGC,search-index,Runway",New,2026-07-30T14:17:16Z,,,Runway,https://www.linkedin.com/in/dave-spector,unsure,2026-07-30T14:17:16Z,SearXNG site:linkedin.com/in Runway AI video creator,off-platform discovery; no API follower count in sweep,,https://linkedin.com/in/dave-spector,"{""discovery"":{""source"":""SearXNG"",""query"":""Runway AI video creator site:linkedin.com/in"",""url"":""https://www.linkedin.com/in/dave-spector"",""title"":""Dave Spector - Webby Award Nominated AI Video Creator, Senior ..."",""snippet"":""... AI storyteller producing cutting-edge advertisements and narratives. Experienced video editor from the advertising world, using platforms like Veo 3, Runway ...""},""aigc_verdict"":{""source"":""search_snippet_only"",""verdict"":""unsure""},""follower_count"":{""source"":""not_api_profiled"",""value"":""""}}"
https://in.linkedin.com/in/seshagiriraob,seshagiriraob,LinkedIn,,,"AIGC,search-index,Runway",New,2026-07-30T14:17:16Z,,,Runway,https://in.linkedin.com/in/seshagiriraob,unsure,2026-07-30T14:17:16Z,SearXNG site:linkedin.com/in Runway AI video creator,off-platform discovery; no API follower count in sweep,,https://in.linkedin.com/in/seshagiriraob,"{""discovery"":{""source"":""SearXNG"",""query"":""Runway AI video creator site:linkedin.com/in"",""url"":""https://in.linkedin.com/in/seshagiriraob"",""title"":""Seshagiri Rao Bheesetty - AI Video Creator | AI Cinematic Producer"",""snippet"":""AI Video Creator | AI Cinematic Producer | AI Filmmaker | Veo 3 Expert | Kling AI | Runway AI | Enterprise Videos | Commercial Ads | Motion Graphics · I ...""},""aigc_verdict"":{""source"":""search_snippet_only"",""verdict"":""unsure""},""follower_count"":{""source"":""not_api_profiled"",""value"":""""}}"
https://reddit.com/user/muchneighborhood8348,u/MuchNeighborhood8348,Reddit,,,"AIGC,AI video,Reddit",New,2026-08-01T02:05:58Z,,,Sora,https://www.reddit.com/user/MuchNeighborhood8348/,unsure,2026-07-30T14:17:16Z,searxng Sora AI video creator site:reddit.com/user -> https://www.reddit.com/user/MuchNeighborhood8348/,routine reddit discovery-only; no keyless profiling API; follower_count_unavailable,,https://www.reddit.com/user/MuchNeighborhood8348/,"{""discovery"":{""tool"":""searxng"",""query"":""Sora AI video creator site:reddit.com/user"",""source_url"":""https://www.reddit.com/user/MuchNeighborhood8348/"",""title"":""love2generateaivideo (u/MuchNeighborhood8348) - Reddit"",""snippet"":""11 Jul 2026 ... u/MuchNeighborhood8348: Founder @ PayPerVideo AI Video Generator \u2728 All top AI models in one place No subscription \u2022 Pay per video\u00a0...""}}"
https://reddit.com/user/kiraaiworkspace,u/KiraAIworkspace,Reddit,,,"AIGC,AI video,Reddit",New,2026-08-01T02:05:58Z,,,Sora,https://www.reddit.com/user/KiraAIworkspace/,unsure,2026-07-30T14:17:16Z,searxng Sora AI video creator site:reddit.com/user -> https://www.reddit.com/user/KiraAIworkspace/,routine reddit discovery-only; no keyless profiling API; follower_count_unavailable,,https://www.reddit.com/user/KiraAIworkspace/,"{""discovery"":{""tool"":""searxng"",""query"":""Sora AI video creator site:reddit.com/user"",""source_url"":""https://www.reddit.com/user/KiraAIworkspace/"",""title"":""KIRA Official (u/KiraAIworkspace) - Reddit"",""snippet"":""7 days ago ... Kira AI is a global AI creative studio delivering high-volume ad creatives, AI image and video production, \u2014 in 48 hours or less. We work\u00a0...""}}"
https://reddit.com/user/stillmusicunion,u/StillMusicUnion,Reddit,,,"AIGC,Reddit,Sora",New,2026-08-13T02:05:37Z,,,Sora,https://www.reddit.com/user/StillMusicUnion/,unsure,2026-07-30T14:17:16Z,searxng Sora AI video creator site:reddit.com/user,Reddit discovery-only: no keyless profiling API from server IP; follower_count empty; verdict unsure. Snippet: StillMusicUnion - Reddit does lenght of the sora 2 / pro generations matter? Upvote 1. Downvote ... Try reblin.co ai podcast video generator. Upvote 1. Downvote Reply reply.,,https://www.reddit.com/user/StillMusicUnion/,"{""identity"":{""source"":""searxng"",""url"":""https://www.reddit.com/user/StillMusicUnion/"",""query"":""Sora AI video creator site:reddit.com/user"",""reason"":""profile_url_result""},""aigc_verdict"":{""source"":""search_snippet"",""url"":""https://www.reddit.com/user/StillMusicUnion/"",""verdict"":""unsure"",""snippet"":""StillMusicUnion - Reddit does lenght of the sora 2 / pro generations matter? Upvote 1. Downvote ... Try reblin.co ai podcast video generator. Upvote 1. Downvote Reply reply.""}}"
https://reddit.com/user/ok_construction5498,u/Ok_Construction5498,Reddit,,,"AIGC,search-index,Sora",New,2026-07-30T14:17:16Z,,,Sora,https://www.reddit.com/user/Ok_Construction5498/,unsure,2026-07-30T14:17:16Z,SearXNG site:reddit.com/user Sora AI video creator,off-platform discovery; no API follower count in sweep,,https://reddit.com/user/Ok_Construction5498,"{""discovery"":{""source"":""SearXNG"",""query"":""Sora AI video creator site:reddit.com/user"",""url"":""https://www.reddit.com/user/Ok_Construction5498/"",""title"":""u/Ok_Construction5498 - Reddit"",""snippet"":""AI Music Video Creators Are Quietly Making $3K-$10K/Month | One Video Got 11.6M Views | Easiest Step by Step Guide (2026) · Ok_Construction5498 replied to ...""},""aigc_verdict"":{""source"":""search_snippet_only"",""verdict"":""unsure""},""follower_count"":{""source"":""not_api_profiled"",""value"":""""}}"
https://reddit.com/user/bradclarkai,u/BradClarkAI,Reddit,,,"AIGC,Reddit,Runway",New,2026-08-03T02:22:34Z,,,Runway,https://www.reddit.com/r/aivideo/comments/1moorn4/just_finished_my_first_complete_video_project/,unsure,2026-07-30T14:17:16Z,SearXNG site:reddit.com/r/aivideo; /user queries returned 0; ddgs returned 0,discovery_only: Reddit keyless profiling unavailable; follower_count empty; AIGC unsure,,https://www.reddit.com/r/aivideo/comments/1moorn4/just_finished_my_first_complete_video_project/,"{""discovery"":{""source"":""SearXNG"",""query"":""Runway AI filmmaker site:reddit.com/r/aivideo"",""url"":""https://www.reddit.com/r/aivideo/comments/1moorn4/just_finished_my_first_complete_video_project/"",""title"":""Just finished my first \""complete\"" video project with Veo 3 ... - Reddit"",""snippet"":""12 Aug 2025 ... But on the other hand, the audio tells a different story. Did you put in the sound effects yourself, or does AI do that these days?""},""identity"":{""source"":""old.reddit public post page"",""url"":""https://old.reddit.com/r/aivideo/comments/1moorn4/just_finished_my_first_complete_video_project/"",""claim"":""post author only; no Reddit profiling API used""},""aigc_verdict"":{""source"":""search snippet only"",""verdict"":""unsure""}}"
https://reddit.com/user/any_mark8926,u/Any_Mark8926,Reddit,,,"AIGC,search-index,Runway",New,2026-07-30T14:17:16Z,,,Runway,https://www.reddit.com/user/Any_Mark8926/,unsure,2026-07-30T14:17:16Z,SearXNG site:reddit.com/user Runway AI filmmaker,off-platform discovery; no API follower count in sweep,,https://reddit.com/user/Any_Mark8926,"{""discovery"":{""source"":""SearXNG"",""query"":""Runway AI filmmaker site:reddit.com/user"",""url"":""https://www.reddit.com/user/Any_Mark8926/"",""title"":""u/Any_Mark8926 - Reddit"",""snippet"":""21 Nov 2024 ... I've used tools like Runway, Higgsfield, and OpenArt AI, but none of them really deliver on what they promise. I'm a filmmaker by profession ...""},""aigc_verdict"":{""source"":""search_snippet_only"",""verdict"":""unsure""},""follower_count"":{""source"":""not_api_profiled"",""value"":""""}}"
https://reddit.com/user/contributionfew9987,u/ContributionFew9987,Reddit,,,"AIGC,search-index,Runway",New,2026-07-30T14:17:16Z,,,Runway,https://www.reddit.com/user/ContributionFew9987/,unsure,2026-07-30T14:17:16Z,SearXNG site:reddit.com/user Runway AI filmmaker,off-platform discovery; no API follower count in sweep,,https://reddit.com/user/ContributionFew9987,"{""discovery"":{""source"":""SearXNG"",""query"":""Runway AI filmmaker site:reddit.com/user"",""url"":""https://www.reddit.com/user/ContributionFew9987/"",""title"":""mindcraft.00 (u/ContributionFew9987) - Reddit"",""snippet"":""4 days ago ... The problem is that I can't afford premium AI filmmaking tools like Runway, Veo, or Kling Pro, yet one of the festivals I want to enter—the ...""},""aigc_verdict"":{""source"":""search_snippet_only"",""verdict"":""unsure""},""follower_count"":{""source"":""not_api_profiled"",""value"":""""}}"
https://reddit.com/user/ok_recover_8108,u/Ok_Recover_8108,Reddit,,,"AIGC,search-index,Runway",New,2026-07-30T14:17:16Z,,,Runway,https://www.reddit.com/user/Ok_Recover_8108/,unsure,2026-07-30T14:17:16Z,SearXNG site:reddit.com/user Runway AI filmmaker,off-platform discovery; no API follower count in sweep,,https://reddit.com/user/Ok_Recover_8108,"{""discovery"":{""source"":""SearXNG"",""query"":""Runway AI filmmaker site:reddit.com/user"",""url"":""https://www.reddit.com/user/Ok_Recover_8108/"",""title"":""u/Ok_Recover_8108 - Reddit"",""snippet"":""i dont see how serious filmmakers can rely on runway unless by chance the ... just never having to wrestle with quite honestly the WORST ai content filters out ...""},""aigc_verdict"":{""source"":""search_snippet_only"",""verdict"":""unsure""},""follower_count"":{""source"":""not_api_profiled"",""value"":""""}}"
https://reddit.com/user/harsha_nani19,u/Harsha_nani19,Reddit,,,"AIGC,search-index,Runway",New,2026-07-30T14:17:16Z,,,Runway,https://www.reddit.com/user/Harsha_nani19/,unsure,2026-07-30T14:17:16Z,SearXNG site:reddit.com/user Runway AI filmmaker,off-platform discovery; no API follower count in sweep,,https://reddit.com/user/Harsha_nani19,"{""discovery"":{""source"":""SearXNG"",""query"":""Runway AI filmmaker site:reddit.com/user"",""url"":""https://www.reddit.com/user/Harsha_nani19/"",""title"":""SPACE OSTRICH (u/Harsha_nani19) - Reddit"",""snippet"":""I was hired by a company that claimed to be building a real estate platform and an AI filmmaking company. I was recruited through a well-respected member of ...""},""aigc_verdict"":{""source"":""search_snippet_only"",""verdict"":""unsure""},""follower_count"":{""source"":""not_api_profiled"",""value"":""""}}"
https://reddit.com/user/rohitakki,u/RohitAkki,Reddit,,,"AIGC,AI video,Reddit",New,2026-08-01T02:05:58Z,,,Sora,https://www.reddit.com/user/RohitAkki/,unsure,2026-07-30T14:17:16Z,searxng Sora AI video creator site:reddit.com/user -> https://www.reddit.com/user/RohitAkki/,routine reddit discovery-only; no keyless profiling API; follower_count_unavailable,,https://www.reddit.com/user/RohitAkki/,"{""discovery"":{""tool"":""searxng"",""query"":""Sora AI video creator site:reddit.com/user"",""source_url"":""https://www.reddit.com/user/RohitAkki/"",""title"":""Rohit Akiwatkar (u/RohitAkki) - Reddit"",""snippet"":""Snapchat announced an AI video-generation tool for creators, currently in beta. It allows video creation from text and, soon, image prompts. AI was the main\u00a0...""}}"
https://reddit.com/user/capillary-tech,u/Capillary-Tech,Reddit,,,"AIGC,AI video,Reddit",New,2026-08-10T02:12:34Z,,,Runway,https://www.reddit.com/user/Capillary-Tech/,unsure,2026-07-30T14:17:16Z,searxng site:reddit.com/user Runway AI filmmaker,Reddit discovery-only; no keyless profiling API from server IP; follower count intentionally empty.,,https://www.reddit.com/user/Capillary-Tech/,"{""discovery"":{""tool"":""searxng"",""query"":""site:reddit.com/user Runway AI filmmaker"",""source_url"":""https://www.reddit.com/user/Capillary-Tech/"",""title"":""u/Capillary-Tech - Reddit""}}"
https://vimeo.com/941713443,941713443,Vimeo,,,"AIGC,search-index,Sora",New,2026-07-30T14:17:16Z,,,Sora,https://vimeo.com/941713443,unsure,2026-07-30T14:17:16Z,SearXNG site:vimeo.com Sora AI filmmaker,off-platform discovery; no API follower count in sweep,,https://vimeo.com/941713443,"{""discovery"":{""source"":""SearXNG"",""query"":""Sora AI filmmaker site:vimeo.com"",""url"":""https://vimeo.com/941713443"",""title"":""Washed Out \""The Hardest Part\"" | Videos & Movies on Vimeo"",""snippet"":""1 May 2024 ... ... filmmaker made with OpenAI's Sora video model. Moving on is the ... #zoom#infinite#young love#open ai sora#openai#sora#ai animated#ai ...""},""aigc_verdict"":{""source"":""search_snippet_only"",""verdict"":""unsure""},""follower_count"":{""source"":""not_api_profiled"",""value"":""""}}"
https://vimeo.com/939660277,939660277,Vimeo,,,"AIGC,search-index,Sora",New,2026-07-30T14:17:16Z,,,Sora,https://vimeo.com/939660277,unsure,2026-07-30T14:17:16Z,SearXNG site:vimeo.com Sora AI filmmaker,off-platform discovery; no API follower count in sweep,,https://vimeo.com/939660277,"{""discovery"":{""source"":""SearXNG"",""query"":""Sora AI filmmaker site:vimeo.com"",""url"":""https://vimeo.com/939660277"",""title"":""\""Notes To My Future Self\"" VFX Breakdown - Vimeo"",""snippet"":""26 Apr 2024 ... #greenscreen#ai filmmaking#compositing#future#stable diffusion#ai ... The Golden Record - Teaser Trailer (made with SORA). Paul Trillo.""},""aigc_verdict"":{""source"":""search_snippet_only"",""verdict"":""unsure""},""follower_count"":{""source"":""not_api_profiled"",""value"":""""}}"
https://vimeo.com/1062934927,1062934927,Vimeo,,,"AIGC,search-index,Sora",New,2026-07-30T14:17:16Z,,,Sora,https://vimeo.com/1062934927,unsure,2026-07-30T14:17:16Z,SearXNG site:vimeo.com Sora AI filmmaker,off-platform discovery; no API follower count in sweep,,https://vimeo.com/1062934927,"{""discovery"":{""source"":""SearXNG"",""query"":""Sora AI filmmaker site:vimeo.com"",""url"":""https://vimeo.com/1062934927"",""title"":""CUCO - Love Letter To LA - Worfklow Breakdown - Vimeo"",""snippet"":""5 Mar 2025 ... A breakthrough in animation by combing traditional 2D animation with the bleeding edge of experimental AI tools. \""A Love Letter to Los Angeles\"" ...""},""aigc_verdict"":{""source"":""search_snippet_only"",""verdict"":""unsure""},""follower_count"":{""source"":""not_api_profiled"",""value"":""""}}"
https://vimeo.com/1139183705,1139183705,Vimeo,,,"AIGC,search-index,Sora",New,2026-07-30T14:17:16Z,,,Sora,https://vimeo.com/1139183705,unsure,2026-07-30T14:17:16Z,SearXNG site:vimeo.com Sora AI filmmaker,off-platform discovery; no API follower count in sweep,,https://vimeo.com/1139183705,"{""discovery"":{""source"":""SearXNG"",""query"":""Sora AI filmmaker site:vimeo.com"",""url"":""https://vimeo.com/1139183705"",""title"":""ARC`TERYX x AI | SPEC COMMERCIAL | Videos & Movies on Vimeo"",""snippet"":""21 Nov 2025 ... This project taught me that AI filmmaking isn't just about prompts — it's about creative direction, pipeline design, and precision across ...""},""aigc_verdict"":{""source"":""search_snippet_only"",""verdict"":""unsure""},""follower_count"":{""source"":""not_api_profiled"",""value"":""""}}"
https://vimeo.com/1115449273,1115449273,Vimeo,,,"AIGC,search-index,Sora",New,2026-07-30T14:17:16Z,,,Sora,https://vimeo.com/1115449273,unsure,2026-07-30T14:17:16Z,SearXNG site:vimeo.com Sora AI filmmaker,off-platform discovery; no API follower count in sweep,,https://vimeo.com/1115449273,"{""discovery"":{""source"":""SearXNG"",""query"":""Sora AI filmmaker site:vimeo.com"",""url"":""https://vimeo.com/1115449273"",""title"":""superpoze - obsession | Videos & Movies on Vimeo"",""snippet"":""3 Sept 2025 ... ... producer: michaël zarifian flame lead: sébastien aubert flame artists: anaïs poujol, clément papin, anton ducos online: sora schaeffter ...""},""aigc_verdict"":{""source"":""search_snippet_only"",""verdict"":""unsure""},""follower_count"":{""source"":""not_api_profiled"",""value"":""""}}"
https://vimeo.com/687056891,687056891,Vimeo,,,"AIGC,search-index,Sora",New,2026-07-30T14:17:16Z,,,Sora,https://vimeo.com/687056891,unsure,2026-07-30T14:17:16Z,SearXNG site:vimeo.com Sora AI filmmaker,off-platform discovery; no API follower count in sweep,,https://vimeo.com/687056891,"{""discovery"":{""source"":""SearXNG"",""query"":""Sora AI filmmaker site:vimeo.com"",""url"":""https://vimeo.com/687056891"",""title"":""GARENA Free Fire – BEATz Go Boom (Director's Cut) - Juice - Vimeo"",""snippet"":""11 Mar 2022 ... Juice | GARENA Free Fire – BEATz Go Boom (Director's Cut) ... Chaos erupts when teens from across the globe morph into their in-game avatars and ...""},""aigc_verdict"":{""source"":""search_snippet_only"",""verdict"":""unsure""},""follower_count"":{""source"":""not_api_profiled"",""value"":""""}}"
https://vimeo.com/234498586,user234498586,Vimeo,0,,"AIGC,Vimeo",New,2026-08-10T06:27:40Z,,,Sora,https://vimeo.com/234498586,unsure,2026-07-30T14:17:16Z,Vimeo API refresh,videos_total: 0,,https://vimeo.com/234498586,"{""follower_count"":{""source"":""vimeo_api"",""url"":""https://api.vimeo.com/users/234498586""},""profile"":{""source"":""vimeo_api"",""url"":""https://vimeo.com/234498586""},""aigc_verdict"":{""source"":""api_search_metadata"",""url"":""https://vimeo.com/234498586"",""note"":""API search/profile only; visual frame review not performed in this routine lane""}}"
https://vimeo.com/821101511,821101511,Vimeo,,,"AIGC,search-index,Runway",New,2026-07-30T14:17:16Z,,,Runway,https://vimeo.com/821101511,unsure,2026-07-30T14:17:16Z,SearXNG site:vimeo.com Runway AI video creator,off-platform discovery; no API follower count in sweep,,https://vimeo.com/821101511,"{""discovery"":{""source"":""SearXNG"",""query"":""Runway AI video creator site:vimeo.com"",""url"":""https://vimeo.com/821101511"",""title"":""THANK YOU FOR NOT ANSWERING | Videos & Movies on Vimeo"",""snippet"":""26 Apr 2023 ... Written and \""Directed\"" by Paul Trillo. AI-generated video made from only Image and Text prompts using Runway's Gen-2. Music: \""Summertime ...""},""aigc_verdict"":{""source"":""search_snippet_only"",""verdict"":""unsure""},""follower_count"":{""source"":""not_api_profiled"",""value"":""""}}"
https://vimeo.com/1126570133,1126570133,Vimeo,,,"AIGC,search-index,Runway",New,2026-07-30T14:17:16Z,,,Runway,https://vimeo.com/1126570133,unsure,2026-07-30T14:17:16Z,SearXNG site:vimeo.com Runway AI video creator,off-platform discovery; no API follower count in sweep,,https://vimeo.com/1126570133,"{""discovery"":{""source"":""SearXNG"",""query"":""Runway AI video creator site:vimeo.com"",""url"":""https://vimeo.com/1126570133"",""title"":""Waviboy Ai Creative Studio Academy | Videos & Movies on Vimeo"",""snippet"":""12 Oct 2025 ... The AI Creative Studio Academy teaches how to combine AI tools like Midjourney, ChatGPT, and Runway with storytelling, design, and branding ...""},""aigc_verdict"":{""source"":""search_snippet_only"",""verdict"":""unsure""},""follower_count"":{""source"":""not_api_profiled"",""value"":""""}}"
https://civitai.com/user/ovidiusnaso,ovidiusnaso,Civitai,,,"AIGC,search-index,AI",New,2026-08-27T06:11:41Z,,English,,https://civitai.com/user/ovidiusnaso,yes,2026-07-30T14:17:16Z,SearXNG site:civitai.com/user AI video creator,Civitai API: models=2; tags=,https://civitai.com/user/ovidiusnaso/models,,"{""platform"": ""Civitai"", ""username"": ""ovidiusnaso"", ""model_count"": 2, ""top_tags"": [], ""aigc_verdict"": ""yes"", ""ai_reasoning"": ""Brief quote/reason""}"
https://civitai.com/user/happusy/videos,HAPPUSY,Civitai,,,"AIGC,search-index,AI",New,2026-07-30T14:17:16Z,,,,https://civitai.com/user/HAPPUSY/videos,unsure,2026-07-30T14:17:16Z,SearXNG site:civitai.com/user AI video creator,off-platform discovery; no API follower count in sweep,,https://civitai.com/user/HAPPUSY/videos,"{""discovery"":{""source"":""SearXNG"",""query"":""AI video creator site:civitai.com/user"",""url"":""https://civitai.com/user/HAPPUSY/videos"",""title"":""HAPPUSY Creator Profile - Civitai"",""snippet"":""11 Jan 2026 ... Creating high-quality AI-generated adult animations. Committed to ... videos and illustrations / Character polls / Exclusive tutorials.""},""aigc_verdict"":{""source"":""search_snippet_only"",""verdict"":""unsure""},""follower_count"":{""source"":""not_api_profiled"",""value"":""""}}"
https://civitai.com/user/previousscheme9737506/videos,PreviousScheme9737506,Civitai,,,"AIGC,search-index,AI",New,2026-07-30T14:17:16Z,,,,https://civitai.com/user/PreviousScheme9737506/videos,unsure,2026-07-30T14:17:16Z,SearXNG site:civitai.com/user AI video creator,off-platform discovery; no API follower count in sweep,,https://civitai.com/user/PreviousScheme9737506/videos,"{""discovery"":{""source"":""SearXNG"",""query"":""AI video creator site:civitai.com/user"",""url"":""https://civitai.com/user/PreviousScheme9737506/videos"",""title"":""PreviousScheme9737506 Creator Profile - Civitai"",""snippet"":""19 Apr 2026 ... videos. 2 · 3D Models. 0 · articles. 0 · comics. 0 ... I'm an AI image enthusiast, blending creativity and technology to produce unique artwork.""},""aigc_verdict"":{""source"":""search_snippet_only"",""verdict"":""unsure""},""follower_count"":{""source"":""not_api_profiled"",""value"":""""}}"
https://civitai.com/user/atakatadai,atakatadai,Civitai,,,"AIGC,search-index,AI",New,2026-08-27T06:12:00Z,,English,LoRA,https://civitai.com/user/atakatadai,yes,2026-07-30T14:17:16Z,SearXNG site:civitai.com/user AI video creator,"Civitai API: models=2; tags=woman, character, face, japanese, asian",https://civitai.com/user/atakatadai/models,,"{""platform"": ""Civitai"", ""username"": ""atakatadai"", ""model_count"": 2, ""top_tags"": [""woman"", ""character"", ""face"", ""japanese"", ""asian""], ""aigc_verdict"": ""yes"", ""ai_reasoning"": ""Trained on a dataset of 20 images for 1500 steps""}"
https://civitai.com/user/a569575838389,@a569575838389,Civitai,,,"AIGC,Sora",New,2026-08-06T14:13:11Z,,,Sora,https://civitai.com/user/a569575838389,unsure,2026-07-30T14:17:16Z,"off-platform sweep (ddgs): ""AI video"" ""Sora"" site:civitai.com/user",routine off-platform discovery; follower_count unavailable via API in this window; AIGC not frame-reviewed,,https://civitai.com/user/a569575838389,"{""discovery"":{""source"":""ddgs"",""query"":""\""AI video\"" \""Sora\"" site:civitai.com/user"",""url"":""https://civitai.com/user/a569575838389"",""snippet"":""a569575838389 Creator Profile | Civitai — New AI video releases from time to time.""},""aigc_verdict"":{""source"":""off-platform search snippet only; no API/frame review in this routine window"",""url"":""https://civitai.com/user/a569575838389""}}"
https://civitai.com/user/sinuhetheforth,sinuhetheforth,Civitai,,,"AIGC,search-index,AI",New,2026-08-27T06:12:14Z,,English,ComfyUI,https://civitai.com/user/sinuhetheforth,yes,2026-07-30T14:17:16Z,SearXNG site:civitai.com/user AI video creator,"Civitai API: models=6; tags=style, character",https://civitai.com/user/sinuhetheforth/models,,"{""platform"": ""Civitai"", ""username"": ""sinuhetheforth"", ""model_count"": 6, ""top_tags"": [""style"", ""character""], ""aigc_verdict"": ""yes"", ""ai_reasoning"": ""None provided""}"
https://civitai.com/user/raymondluxuryyacht/posts,RaymondLuxuryYacht,Civitai,,,"AIGC,search-index,AI",New,2026-07-30T14:17:16Z,,,,https://civitai.com/user/RaymondLuxuryYacht/posts,unsure,2026-07-30T14:17:16Z,SearXNG site:civitai.com/user AI video creator,off-platform discovery; no API follower count in sweep,,https://civitai.com/user/RaymondLuxuryYacht/posts,"{""discovery"":{""source"":""SearXNG"",""query"":""AI video creator site:civitai.com/user"",""url"":""https://civitai.com/user/RaymondLuxuryYacht/posts"",""title"":""RaymondLuxuryYacht Creator Profile - Civitai"",""snippet"":""I'll be away for most of July. See you in a few weeks. To share your own art and discuss all things (sfw and nsfw) realistic AI image/music/video generation ...""},""aigc_verdict"":{""source"":""search_snippet_only"",""verdict"":""unsure""},""follower_count"":{""source"":""not_api_profiled"",""value"":""""}}"
https://civitai.com/user/cyberdelia/models,Cyberdelia,Civitai,,,"AIGC,search-index,AI",New,2026-07-30T14:17:16Z,,,,https://civitai.com/user/Cyberdelia/models,unsure,2026-07-30T14:17:16Z,SearXNG site:civitai.com/user AI video creator,off-platform discovery; no API follower count in sweep,,https://civitai.com/user/Cyberdelia/models,"{""discovery"":{""source"":""SearXNG"",""query"":""AI video creator site:civitai.com/user"",""url"":""https://civitai.com/user/Cyberdelia/models"",""title"":""Cyberdelia Creator Profile - Civitai"",""snippet"":""videos. 0 · 3D Models. 0 · articles. 3 · comics. 0 · collections. 8 ... Discord - hang out with other AI creators, share ideas, and get early access ...""},""aigc_verdict"":{""source"":""search_snippet_only"",""verdict"":""unsure""},""follower_count"":{""source"":""not_api_profiled"",""value"":""""}}"
https://civitai.com/user/ai_ojisama/models,ai_ojisama,Civitai,,,"AIGC,Civitai,video",New,2026-08-10T06:27:40Z,,,,https://civitai.com/user/Ai_ojisama/models,unsure,2026-07-30T14:17:16Z,Civitai API refresh,public_sfw_video_items: 0,,https://civitai.com/user/ai_ojisama/models,"{""video_content"": {""source"": ""civitai_images_api"", ""url"": ""https://civitai.com/api/v1/images"", ""items"": 0, ""type"": ""video"", ""nsfw"": false}, ""aigc_verdict"": {""source"": ""civitai_video_api"", ""url"": ""https://civitai.com/user/ai_ojisama/models"", ""note"": ""Civitai public video item confirms AI-generated video output""}}"
https://reddit.com/user/jamianmedia,u/jamianmedia,Reddit,,,"AIGC,Reddit,Sora",New,2026-08-03T02:22:34Z,,,Sora,https://www.reddit.com/r/aivideo/comments/1ay23yx/i_made_a_sora_music_video_using_mostly_ai_tools/,unsure,2026-07-31T02:15:39Z,SearXNG site:reddit.com/r/aivideo; /user queries returned 0; ddgs returned 0,discovery_only: Reddit keyless profiling unavailable; follower_count empty; AIGC unsure,,https://www.reddit.com/r/aivideo/comments/1ay23yx/i_made_a_sora_music_video_using_mostly_ai_tools/,"{""discovery"":{""source"":""SearXNG"",""query"":""Sora AI video creator site:reddit.com/r/aivideo"",""url"":""https://www.reddit.com/r/aivideo/comments/1ay23yx/i_made_a_sora_music_video_using_mostly_ai_tools/"",""title"":""r/aivideo on Reddit: I made a Sora Music Video using mostly AI tools (Suno.ai, Topaz, Capcut)"",""snippet"":""Welcome to r/aivideo! \ud83c\udf7f\ud83e\udd64 A community focused on the use of FULL MOTION VIDEO GENERATIVE A.I. ASSISTANTS such as OPEN AI SORA, RUNWAY, PIKA LABS, SVD and similar AI VIDEO tools capable of TEXT TO VIDEO, IMAGE TO VIDEO, VIDEO TO VIDEO, AI VOICE OVER ACTING, AI MUSIC, AI NEWSROOM, live action AI CGI VFX and AI VIDEO EDITING WELCOME TO THE FUTURE!! DISCLAIMER: unless stated otherwise all ...""},""identity"":{""source"":""old.reddit public post page"",""url"":""https://old.reddit.com/r/aivideo/comments/1ay23yx/i_made_a_sora_music_video_using_mostly_ai_tools/"",""claim"":""post author only; no Reddit profiling API used""},""aigc_verdict"":{""source"":""search snippet only"",""verdict"":""unsure""}}"
https://reddit.com/user/storybook_tobi,u/Storybook_Tobi,Reddit,,,"AIGC,Reddit,Runway",New,2026-08-03T02:22:34Z,,,Runway,https://www.reddit.com/r/aivideo/comments/15ibgzh/sdxl_runway_a_filmmakers_dream_come_true/,unsure,2026-07-31T02:15:39Z,SearXNG site:reddit.com/r/aivideo; /user queries returned 0; ddgs returned 0,discovery_only: Reddit keyless profiling unavailable; follower_count empty; AIGC unsure,,https://www.reddit.com/r/aivideo/comments/15ibgzh/sdxl_runway_a_filmmakers_dream_come_true/,"{""discovery"":{""source"":""SearXNG"",""query"":""Runway AI filmmaker site:reddit.com/r/aivideo"",""url"":""https://www.reddit.com/r/aivideo/comments/15ibgzh/sdxl_runway_a_filmmakers_dream_come_true/"",""title"":""SDXL + Runway = a filmmaker's dream come true! - Reddit"",""snippet"":""Hey guys, my friend Albert Bozesan and I, both traditional filmmakers, are on the long road to create films and series with AI. For this showcase, we created several hundred images in SDXL and 1.5 (Juggernaut) in ComfyUI + auto1111 with various extensions, imported them into Runway Gen2 and tweaked a little with After Effects and Blender.""},""identity"":{""source"":""old.reddit public post page"",""url"":""https://old.reddit.com/r/aivideo/comments/15ibgzh/sdxl_runway_a_filmmakers_dream_come_true/"",""claim"":""post author only; no Reddit profiling API used""},""aigc_verdict"":{""source"":""search snippet only"",""verdict"":""unsure""}}"
https://reddit.com/user/filmenor1990,u/filmenor1990,Reddit,,,"AIGC,Reddit,AI video",New,2026-07-31T02:15:39Z,,,,https://www.reddit.com/r/aivideo/comments/19e8phn/i_made_a_free_ai_filmmaking_guide_and_resource/,unsure,2026-07-31T02:15:39Z,SearXNG/ddgs site:reddit.com/r/aivideo + public HTML author extraction,reddit_discovery_only; no keyless profiling API; follower_count_empty; verdict_unsure,,,"{""identity"":{""source"":""public old.reddit.com HTML author link"",""url"":""https://old.reddit.com/r/aivideo/comments/19e8phn/i_made_a_free_ai_filmmaking_guide_and_resource/""},""aigc_lead"":{""source"":""SearXNG/ddgs site:reddit.com/r/aivideo result + public post title"",""url"":""https://www.reddit.com/r/aivideo/comments/19e8phn/i_made_a_free_ai_filmmaking_guide_and_resource/"",""title"":""I made a free AI filmmaking guide and resource!""},""follower_count"":{""source"":""unavailable: no keyless Reddit profiling API used"",""url"":""https://www.reddit.com/user/filmenor1990""},""aigc_verdict"":{""source"":""not profiled; search/post-title lead only per ROUTINE.md rule 9"",""url"":""https://www.reddit.com/r/aivideo/comments/19e8phn/i_made_a_free_ai_filmmaking_guide_and_resource/""}}"
https://reddit.com/user/wing89,u/Wing89,Reddit,,,"AIGC,Reddit,AI video,Runway",New,2026-07-31T02:15:39Z,,,Runway,https://www.reddit.com/r/aivideo/comments/14xswiw/the_fall_short_film_runway_gen2/,unsure,2026-07-31T02:15:39Z,SearXNG/ddgs site:reddit.com/r/aivideo + public HTML author extraction,reddit_discovery_only; no keyless profiling API; follower_count_empty; verdict_unsure,,,"{""identity"":{""source"":""public old.reddit.com HTML author link"",""url"":""https://old.reddit.com/r/aivideo/comments/14xswiw/the_fall_short_film_runway_gen2/""},""aigc_lead"":{""source"":""SearXNG/ddgs site:reddit.com/r/aivideo result + public post title"",""url"":""https://www.reddit.com/r/aivideo/comments/14xswiw/the_fall_short_film_runway_gen2/"",""title"":""\""The Fall\"" -- Short Film (Runway Gen-2)""},""follower_count"":{""source"":""unavailable: no keyless Reddit profiling API used"",""url"":""https://www.reddit.com/user/Wing89""},""aigc_verdict"":{""source"":""not profiled; search/post-title lead only per ROUTINE.md rule 9"",""url"":""https://www.reddit.com/r/aivideo/comments/14xswiw/the_fall_short_film_runway_gen2/""}}"
https://reddit.com/user/javieraliagaofficial,u/JavierAliagaOfficial,Reddit,,,"AIGC,Reddit,AI video,Runway",New,2026-07-31T02:15:39Z,,,Runway,https://www.reddit.com/r/aivideo/comments/1beyo1v/made_a_short_horror_film_using_runway/,unsure,2026-07-31T02:15:39Z,SearXNG/ddgs site:reddit.com/r/aivideo + public HTML author extraction,reddit_discovery_only; no keyless profiling API; follower_count_empty; verdict_unsure,,,"{""identity"":{""source"":""public old.reddit.com HTML author link"",""url"":""https://old.reddit.com/r/aivideo/comments/1beyo1v/made_a_short_horror_film_using_runway/""},""aigc_lead"":{""source"":""SearXNG/ddgs site:reddit.com/r/aivideo result + public post title"",""url"":""https://www.reddit.com/r/aivideo/comments/1beyo1v/made_a_short_horror_film_using_runway/"",""title"":""Made a short horror film using Runway""},""follower_count"":{""source"":""unavailable: no keyless Reddit profiling API used"",""url"":""https://www.reddit.com/user/JavierAliagaOfficial""},""aigc_verdict"":{""source"":""not profiled; search/post-title lead only per ROUTINE.md rule 9"",""url"":""https://www.reddit.com/r/aivideo/comments/1beyo1v/made_a_short_horror_film_using_runway/""}}"
https://vimeo.com/grimmstudio0442,Grimm_Studio9,Vimeo,32,,"AIGC,Vimeo",New,2026-08-10T06:27:40Z,"New York, NY, USA",,Kling,https://vimeo.com/1150108460,unsure,2026-07-31T06:22:16Z,Vimeo API refresh,videos_total: 28,,https://vimeo.com/grimmstudio0442,"{""follower_count"":{""source"":""vimeo_api"",""url"":""https://api.vimeo.com/users/grimmstudio0442""},""profile"":{""source"":""vimeo_api"",""url"":""https://vimeo.com/grimmstudio0442""},""aigc_verdict"":{""source"":""api_search_metadata"",""url"":""https://vimeo.com/grimmstudio0442"",""note"":""API search/profile only; visual frame review not performed in this routine lane""}}"
https://vimeo.com/didster,Didster H,Vimeo,38,,"AIGC,Vimeo",New,2026-08-10T06:27:40Z,Los Angeles,,Kling,https://vimeo.com/962547221,unsure,2026-07-31T06:22:16Z,Vimeo API refresh,videos_total: 187,,https://vimeo.com/didster,"{""follower_count"":{""source"":""vimeo_api"",""url"":""https://api.vimeo.com/users/didster""},""profile"":{""source"":""vimeo_api"",""url"":""https://vimeo.com/didster""},""aigc_verdict"":{""source"":""api_search_metadata"",""url"":""https://vimeo.com/didster"",""note"":""API search/profile only; visual frame review not performed in this routine lane""}}"
https://vimeo.com/user124956324,Kaslik Workshop,Vimeo,1,,"AIGC,Vimeo,API",New,2026-08-08T06:34:38Z,"Istanbul, İstanbul, Türkiye",,Kling,https://vimeo.com/702341580,unsure,2026-07-31T06:22:16Z,vimeo_api_refresh,API-only Vimeo refresh/discovery; visual AIGC review not performed in routine lane; sole_or_small: unknown,,https://www.kaslikworkshop.com/home/,"{""follower_count"":{""source"":""vimeo_api"",""url"":""https://api.vimeo.com/users/124956324""},""profile"":{""source"":""vimeo_api"",""url"":""https://vimeo.com/user124956324""},""aigc_verdict"":{""source"":""api_text_only"",""url"":""https://vimeo.com/702341580"",""note"":""Routine API lane does not infer visual verdict; left unsure unless already reviewed.""}}"
https://vimeo.com/kangal,Alexander Kang,Vimeo,30,,"AIGC,Vimeo",New,2026-08-10T06:27:40Z,"Shanghai, China",,Kling,https://vimeo.com/1132431619,unsure,2026-07-31T06:22:16Z,Vimeo API refresh,videos_total: 192,,https://www.vdoape.com,"{""follower_count"":{""source"":""vimeo_api"",""url"":""https://api.vimeo.com/users/kangal""},""profile"":{""source"":""vimeo_api"",""url"":""https://vimeo.com/kangal""},""aigc_verdict"":{""source"":""api_search_metadata"",""url"":""https://vimeo.com/kangal"",""note"":""API search/profile only; visual frame review not performed in this routine lane""}}"
https://vimeo.com/user222855974,Oluwaseun,Vimeo,0,,"AIGC,Vimeo,API",New,2026-08-08T06:34:38Z,"Lagos, Nigeria",,Sora,https://vimeo.com/1101006008,unsure,2026-07-31T06:22:16Z,vimeo_api_refresh,API-only Vimeo refresh/discovery; visual AIGC review not performed in routine lane; sole_or_small: unknown,,https://www.upwork.com/freelancers/~0100dc8289bfc7861d,"{""follower_count"":{""source"":""vimeo_api"",""url"":""https://api.vimeo.com/users/222855974""},""profile"":{""source"":""vimeo_api"",""url"":""https://vimeo.com/user222855974""},""aigc_verdict"":{""source"":""api_text_only"",""url"":""https://vimeo.com/1101006008"",""note"":""Routine API lane does not infer visual verdict; left unsure unless already reviewed.""}}"
https://vimeo.com/user250567424,user250567424,Vimeo,0,,"AIGC,Vimeo,API",New,2026-08-08T06:34:38Z,,,Pika,https://vimeo.com/1176438611,unsure,2026-07-31T06:22:16Z,vimeo_api_refresh,API-only Vimeo refresh/discovery; visual AIGC review not performed in routine lane; sole_or_small: unknown,,https://vimeo.com/user250567424,"{""follower_count"":{""source"":""vimeo_api"",""url"":""https://api.vimeo.com/users/250567424""},""profile"":{""source"":""vimeo_api"",""url"":""https://vimeo.com/user250567424""},""aigc_verdict"":{""source"":""api_text_only"",""url"":""https://vimeo.com/1176438611"",""note"":""Routine API lane does not infer visual verdict; left unsure unless already reviewed.""}}"
https://vimeo.com/user125029728,topgold,Vimeo,14,,"AIGC,Vimeo,API",New,2026-08-08T06:34:38Z,"Clonmel, Co. Tipperary, Ireland",,Pika,https://vimeo.com/1215847685,unsure,2026-07-31T06:22:16Z,vimeo_api_refresh,API-only Vimeo refresh/discovery; visual AIGC review not performed in routine lane; sole_or_small: unknown,,https://topgold.micro.blog,"{""follower_count"":{""source"":""vimeo_api"",""url"":""https://api.vimeo.com/users/125029728""},""profile"":{""source"":""vimeo_api"",""url"":""https://vimeo.com/user125029728""},""aigc_verdict"":{""source"":""api_text_only"",""url"":""https://vimeo.com/1215847685"",""note"":""Routine API lane does not infer visual verdict; left unsure unless already reviewed.""}}"
https://vimeo.com/user1540454,Turboslow Creative Agency,Vimeo,2,,"AIGC,Vimeo,API",New,2026-08-08T06:34:38Z,"Brussels, Belgium",,Pika,https://vimeo.com/1121099339,unsure,2026-07-31T06:22:16Z,vimeo_api_refresh,API-only Vimeo refresh/discovery; visual AIGC review not performed in routine lane; sole_or_small: unknown,,https://www.turboslow.agency,"{""follower_count"":{""source"":""vimeo_api"",""url"":""https://api.vimeo.com/users/1540454""},""profile"":{""source"":""vimeo_api"",""url"":""https://vimeo.com/user1540454""},""aigc_verdict"":{""source"":""api_text_only"",""url"":""https://vimeo.com/1121099339"",""note"":""Routine API lane does not infer visual verdict; left unsure unless already reviewed.""}}"
https://vimeo.com/jsoler,J.B. Soler,Vimeo,19,,"AIGC,Vimeo",New,2026-08-10T06:27:40Z,"New York, NY, USA",,Veo,https://vimeo.com/1101941716,unsure,2026-07-31T06:22:16Z,Vimeo API refresh,videos_total: 64,,https://vimeo.com/jsoler,"{""follower_count"":{""source"":""vimeo_api"",""url"":""https://api.vimeo.com/users/jsoler""},""profile"":{""source"":""vimeo_api"",""url"":""https://vimeo.com/jsoler""},""aigc_verdict"":{""source"":""api_search_metadata"",""url"":""https://vimeo.com/jsoler"",""note"":""API search/profile only; visual frame review not performed in this routine lane""}}"
https://vimeo.com/user9523025,Golden Film,Vimeo,10,,"AIGC,Vimeo,API",New,2026-08-08T06:34:38Z,,,Veo,https://vimeo.com/1130597125,unsure,2026-07-31T06:22:16Z,vimeo_api_refresh,API-only Vimeo refresh/discovery; visual AIGC review not performed in routine lane; sole_or_small: unknown,,www.jobythuruthel.blogspot.com,"{""follower_count"":{""source"":""vimeo_api"",""url"":""https://api.vimeo.com/users/9523025""},""profile"":{""source"":""vimeo_api"",""url"":""https://vimeo.com/user9523025""},""aigc_verdict"":{""source"":""api_text_only"",""url"":""https://vimeo.com/1130597125"",""note"":""Routine API lane does not infer visual verdict; left unsure unless already reviewed.""}}"
https://vimeo.com/user100847956,Yadu Krishnan,Vimeo,1,,"AIGC,Vimeo,Sora",New,2026-08-10T06:27:40Z,"Vancouver, BC, Canada",,Sora,https://vimeo.com/1128132821,unsure,2026-07-31T06:22:16Z,Vimeo API /videos search: veo ai video,videos_total: 5,,https://www.yadukx.com/,"{""follower_count"":{""source"":""vimeo_api"",""url"":""https://api.vimeo.com/users/100847956""},""profile"":{""source"":""vimeo_api"",""url"":""https://vimeo.com/user100847956""},""aigc_verdict"":{""source"":""api_search_metadata"",""url"":""https://vimeo.com/1128132821"",""note"":""API search/profile only; visual frame review not performed in this routine lane""}}"
https://vimeo.com/matthewsingh,Matthew Singh,Vimeo,53,,"AIGC,Vimeo,Wan",New,2026-08-10T06:27:40Z,"Manchester, UK",,Wan,https://vimeo.com/1214962486,unsure,2026-07-31T06:22:16Z,Vimeo API refresh,videos_total: 85,,https://vimeo.com/matthewsingh,"{""follower_count"":{""source"":""vimeo_api"",""url"":""https://api.vimeo.com/users/matthewsingh""},""profile"":{""source"":""vimeo_api"",""url"":""https://vimeo.com/matthewsingh""},""aigc_verdict"":{""source"":""api_search_metadata"",""url"":""https://vimeo.com/matthewsingh"",""note"":""API search/profile only; visual frame review not performed in this routine lane""}}"
https://vimeo.com/pogodin,Artemii Pogodin,Vimeo,166,,"AIGC,Vimeo,API,Kling",New,2026-08-08T06:34:38Z,"London, UK",,Kling,https://vimeo.com/1199092214,unsure,2026-07-31T06:22:16Z,vimeo_api_refresh,API-only Vimeo refresh/discovery; visual AIGC review not performed in routine lane; sole_or_small: unknown,,www.behance.net/artemiipogodin,"{""follower_count"":{""source"":""vimeo_api"",""url"":""https://api.vimeo.com/users/52640300""},""profile"":{""source"":""vimeo_api"",""url"":""https://vimeo.com/pogodin""},""aigc_verdict"":{""source"":""api_text_only"",""url"":""https://vimeo.com/1199092214"",""note"":""Routine API lane does not infer visual verdict; left unsure unless already reviewed.""}}"
https://vimeo.com/javidevitt,Javier Devitt,Vimeo,2054,,"AIGC,Vimeo",New,2026-08-10T06:27:40Z,"Los Angeles, CA, USA",,,https://vimeo.com/1067471653,unsure,2026-07-31T06:22:16Z,Vimeo API refresh,videos_total: 21,,http://www.javidevitt.com,"{""follower_count"":{""source"":""vimeo_api"",""url"":""https://api.vimeo.com/users/javidevitt""},""profile"":{""source"":""vimeo_api"",""url"":""https://vimeo.com/javidevitt""},""aigc_verdict"":{""source"":""api_search_metadata"",""url"":""https://vimeo.com/javidevitt"",""note"":""API search/profile only; visual frame review not performed in this routine lane""}}"
https://vimeo.com/user194440007,Matteo Pasquon,Vimeo,0,,"AIGC,Vimeo,API",New,2026-08-08T06:34:38Z,"Venice, Metropolitan City of Ven",,,https://vimeo.com/922835851,unsure,2026-07-31T06:22:16Z,vimeo_api_refresh,API-only Vimeo refresh/discovery; visual AIGC review not performed in routine lane; sole_or_small: unknown,,https://vimeo.com/user194440007,"{""follower_count"":{""source"":""vimeo_api"",""url"":""https://api.vimeo.com/users/194440007""},""profile"":{""source"":""vimeo_api"",""url"":""https://vimeo.com/user194440007""},""aigc_verdict"":{""source"":""api_text_only"",""url"":""https://vimeo.com/922835851"",""note"":""Routine API lane does not infer visual verdict; left unsure unless already reviewed.""}}"
https://vimeo.com/holdtighttv,Hold Tight TV,Vimeo,12,,"AIGC,Vimeo",New,2026-08-10T06:27:40Z,London,,Runway,https://vimeo.com/1131010018,unsure,2026-07-31T06:22:16Z,Vimeo API refresh,videos_total: 47,,https://holdtight.tv,"{""follower_count"":{""source"":""vimeo_api"",""url"":""https://api.vimeo.com/users/holdtighttv""},""profile"":{""source"":""vimeo_api"",""url"":""https://vimeo.com/holdtighttv""},""aigc_verdict"":{""source"":""api_search_metadata"",""url"":""https://vimeo.com/holdtighttv"",""note"":""API search/profile only; visual frame review not performed in this routine lane""}}"
https://vimeo.com/user48702117,Vlad Rud,Vimeo,0,,"AIGC,Vimeo,API,Veo",New,2026-08-08T06:34:38Z,,,Veo,https://vimeo.com/1182199248,unsure,2026-07-31T06:22:16Z,vimeo_api_refresh,API-only Vimeo refresh/discovery; visual AIGC review not performed in routine lane; sole_or_small: unknown,,https://vimeo.com/user48702117,"{""follower_count"":{""source"":""vimeo_api"",""url"":""https://api.vimeo.com/users/48702117""},""profile"":{""source"":""vimeo_api"",""url"":""https://vimeo.com/user48702117""},""aigc_verdict"":{""source"":""api_text_only"",""url"":""https://vimeo.com/1182199248"",""note"":""Routine API lane does not infer visual verdict; left unsure unless already reviewed.""}}"
https://vimeo.com/chyrillo,Chyrillo Motion®,Vimeo,0,,"AIGC,Vimeo",New,2026-08-10T06:27:40Z,"Lausanne, Suisse",,Runway,https://vimeo.com/1204444654,unsure,2026-07-31T06:22:16Z,Vimeo API refresh,videos_total: 17,,https://www.behance.net/cyrilverbois,"{""follower_count"":{""source"":""vimeo_api"",""url"":""https://api.vimeo.com/users/chyrillo""},""profile"":{""source"":""vimeo_api"",""url"":""https://vimeo.com/chyrillo""},""aigc_verdict"":{""source"":""api_search_metadata"",""url"":""https://vimeo.com/chyrillo"",""note"":""API search/profile only; visual frame review not performed in this routine lane""}}"
https://civitai.com/user/angelomaiota,angelomaiota,Civitai,,,"AIGC,Civitai,Video",New,2026-08-27T06:12:41Z,,English,LoRA,https://civitai.com/user/angelomaiota,yes,2026-07-31T06:22:16Z,civitai api discovery: /images type=video nsfw=false,"Civitai API: models=146; tags=character, steampunk, negative space, vi",https://civitai.com/user/angelomaiota/models,,"{""platform"": ""Civitai"", ""username"": ""angelomaiota"", ""model_count"": 146, ""top_tags"": [""character"", ""steampunk"", ""negative space"", ""victorian"", ""style""], ""aigc_verdict"": ""yes"", ""ai_reasoning"": ""Rule-based fallback for Civitai creator""}"
https://civitai.com/user/faststories,faststories,Civitai,,,"AIGC,Civitai,Video",New,2026-07-31T06:22:16Z,,,,https://civitai.com/posts/30095907,yes,2026-07-31T06:22:16Z,civitai api discovery: /images type=video nsfw=false,civitai_api; type=video; nsfw=false; follower_count_not_exposed,,https://civitai.com/user/faststories,"{""aigc_verdict"": {""source"": ""civitai_api_type_video"", ""url"": ""https://civitai.com/posts/30095907"", ""note"": ""Civitai public REST returned type=video with nsfw=false.""}, ""sample_content"": {""source"": ""civitai_api"", ""url"": ""https://image.civitai.com/xG1nkqKTMzGDvpLrqFT7WA/f01bd465-cb76-4e15-b45e-db790e5ecc79/original=true/f01bd465-cb76-4e15-b45e-db790e5ecc79.mp4""}}"
https://civitai.com/user/propere336,propere336,Civitai,,,"AIGC,Civitai,video",New,2026-08-27T06:13:01Z,,English,LoRA,https://civitai.com/user/propere336,yes,2026-07-31T06:22:16Z,Civitai API /images type=video newest,"Civitai API: models=92; tags=character, motu, cartoon, filmation, he-",https://civitai.com/user/propere336/models,,"{""platform"": ""Civitai"", ""username"": ""propere336"", ""model_count"": 92, ""top_tags"": [""character"", ""motu"", ""cartoon"", ""filmation"", ""he-man""], ""aigc_verdict"": ""yes"", ""ai_reasoning"": ""Rule-based fallback for Civitai creator""}"
https://civitai.com/user/emotionaldreams2,emotionaldreams2,Civitai,,,"AIGC,Civitai,Video",New,2026-07-31T06:22:16Z,,,,https://civitai.com/posts/30093372,yes,2026-07-31T06:22:16Z,civitai api discovery: /images type=video nsfw=false,civitai_api; type=video; nsfw=false; follower_count_not_exposed,,https://civitai.com/user/emotionaldreams2,"{""aigc_verdict"": {""source"": ""civitai_api_type_video"", ""url"": ""https://civitai.com/posts/30093372"", ""note"": ""Civitai public REST returned type=video with nsfw=false.""}, ""sample_content"": {""source"": ""civitai_api"", ""url"": ""https://image.civitai.com/xG1nkqKTMzGDvpLrqFT7WA/6f8cbd0c-8c17-49ba-9b2a-94379d099ca3/original=true/6f8cbd0c-8c17-49ba-9b2a-94379d099ca3.mp4""}}"
https://civitai.com/user/akochetkov758,akochetkov758,Civitai,,,"AIGC,Civitai,Video",New,2026-08-27T06:13:15Z,,English,,https://civitai.com/user/akochetkov758,yes,2026-07-31T06:22:16Z,civitai api discovery: /images type=video nsfw=false,Civitai API: models=0; tags=,https://civitai.com/user/akochetkov758/models,,"{""platform"": ""Civitai"", ""username"": ""akochetkov758"", ""model_count"": 0, ""top_tags"": [], ""aigc_verdict"": ""yes"", ""ai_reasoning"": ""Brief quote/reason""}"
https://civitai.com/user/bankplayer784,bankplayer784,Civitai,,,"AIGC,Civitai,Video",New,2026-08-27T06:13:26Z,,English,Stable Diffusion,https://civitai.com/user/bankplayer784,yes,2026-07-31T06:22:16Z,civitai api discovery: /images type=video nsfw=false,Civitai API: models=2; tags=character,https://civitai.com/user/bankplayer784/models,,"{""platform"": ""Civitai"", ""username"": ""bankplayer784"", ""model_count"": 2, ""top_tags"": [""character""], ""aigc_verdict"": ""yes"", ""ai_reasoning"": ""Brief quote/reason""}"
https://civitai.com/user/nuwanda_,Nuwanda_,Civitai,,,"AIGC,AI video,Civitai",New,2026-08-01T06:37:46Z,,,,https://image.civitai.com/xG1nkqKTMzGDvpLrqFT7WA/800e4669-8308-4fc2-9a07-68432f0314f2/original=true/800e4669-8308-4fc2-9a07-68432f0314f2.mp4,yes,2026-08-01T06:37:46Z,Civitai API newest type=video,routine API refresh/discovery; Civitai type=video confirms AI video output,,https://civitai.com/user/Nuwanda_,"{""video_content"":{""source"":""civitai_api_images_type_video"",""url"":""https://civitai.com/api/v1/images?username=Nuwanda_&type=video&nsfw=false""}}"
https://civitai.com/user/gencives_de_marcassin23,Gencives_de_marcassin23,Civitai,,,"AIGC,AI video,Civitai",New,2026-08-01T06:37:46Z,,,,https://image.civitai.com/xG1nkqKTMzGDvpLrqFT7WA/e14c66c8-da85-42f3-956f-5eff4e148964/original=true/e14c66c8-da85-42f3-956f-5eff4e148964.mp4,yes,2026-08-01T06:37:46Z,Civitai API newest type=video,routine API refresh/discovery; Civitai type=video confirms AI video output,,https://civitai.com/user/Gencives_de_marcassin23,"{""video_content"":{""source"":""civitai_api_images_type_video"",""url"":""https://civitai.com/api/v1/images?username=Gencives_de_marcassin23&type=video&nsfw=false""}}"
https://civitai.com/user/lordcaocao2025,lordcaocao2025,Civitai,,,"AIGC,AI video,Civitai",New,2026-08-27T06:13:49Z,,English,Stable Diffusion,https://civitai.com/user/lordcaocao2025,yes,2026-08-01T06:37:46Z,Civitai API newest type=video,Civitai API: models=68; tags=tool,https://civitai.com/user/lordcaocao2025/models,,"{""platform"": ""Civitai"", ""username"": ""lordcaocao2025"", ""model_count"": 68, ""top_tags"": [""tool""], ""aigc_verdict"": ""yes"", ""ai_reasoning"": ""Rule-based fallback for Civitai creator""}"
https://civitai.com/user/dx505050,dx505050,Civitai,,,"AIGC,AI video,Civitai",New,2026-08-01T06:37:46Z,,,,https://image.civitai.com/xG1nkqKTMzGDvpLrqFT7WA/f70688b4-de15-4284-a680-c50f7239dff0/original=true/f70688b4-de15-4284-a680-c50f7239dff0.mp4,yes,2026-08-01T06:37:46Z,Civitai API newest type=video,routine API refresh/discovery; Civitai type=video confirms AI video output,,https://civitai.com/user/dx505050,"{""video_content"":{""source"":""civitai_api_images_type_video"",""url"":""https://civitai.com/api/v1/images?username=dx505050&type=video&nsfw=false""}}"
https://civitai.com/user/artificeai,ArtificeAI,Civitai,,,"AIGC,AI video,Civitai",New,2026-08-01T06:37:46Z,,,,https://image.civitai.com/xG1nkqKTMzGDvpLrqFT7WA/478a2413-c114-42b0-85c2-a54e5171c62c/original=true/478a2413-c114-42b0-85c2-a54e5171c62c.mp4,yes,2026-08-01T06:37:46Z,Civitai API newest type=video,routine API refresh/discovery; Civitai type=video confirms AI video output,,https://civitai.com/user/ArtificeAI,"{""video_content"":{""source"":""civitai_api_images_type_video"",""url"":""https://civitai.com/api/v1/images?username=ArtificeAI&type=video&nsfw=false""}}"
https://reddit.com/user/norwegian_man,u/Norwegian_Man,Reddit,,,"AIGC,Reddit,discovery-only",New,2026-08-02T02:08:31Z,,,Runway,,unsure,2026-08-02T02:08:31Z,searxng AI video creator site:reddit.com/user,Reddit discovery-only candidate from SearXNG/ddgs site:reddit.com (/user + r/aivideo terms); no keyless profiling API from this host; FollowerCount unavailable; AIGCVerdict not inferred from search text.,,https://www.reddit.com/user/Norwegian_Man,"{""discovery"":{""tool"":""searxng"",""query"":""AI video creator site:reddit.com/user"",""source_url"":""https://www.reddit.com/user/Norwegian_Man"",""title"":""overview for Norwegian_Man - Reddit"",""snippet"":""I am doing an experiment and trying to create a music video for my band using just AI (Midjourney, Runway, TensorPix, Premiere). Here a teaser of the music video, once I finish I will share the full video. The name of the song is Earth from The New Horizons. (v.redd.it) submitted 10 days ago by Norw""}}"
https://reddit.com/user/adel_dayem,u/Adel_Dayem,Reddit,,,"AIGC,Reddit,AI video",New,2026-08-05T02:12:42Z,,,Sora,,unsure,2026-08-02T02:08:31Z,"SearXNG ""generative video"" site:reddit.com/user",Reddit discovery-only; follower_count unavailable without OAuth/API; AIGC not inferred from snippet,,https://www.reddit.com/user/Adel_Dayem/,"{""discovery"":{""source"":""SearXNG"",""query"":""\""generative video\"" site:reddit.com/user"",""url"":""https://www.reddit.com/user/Adel_Dayem/"",""snippet"":""In AI cinema, the fundamental unit is The Morph (or \""Latent Space Navigation\""). Because generative video doesn't \""capture\"" distinct moments, it exists in a\u00a0...""},""aigc_verdict"":{""source"":""search snippet only; no Reddit keyless profiling API in routine"",""verdict"":""unsure""}}"
https://threads.net/@kiselevatut,@kiselevatut,Threads,21600,,"AIGC,AI video,Meta,needs_profile",New,2026-09-09T06:17:40Z,,Russian,,https://threads.net/@kiselevatut,yes,2026-08-02T10:10:28Z,SearXNG Meta site-scope: Runway AI filmmaker site:threads.net,Threads scrape: followers=21600; language=Russian,https://threads.net/@kiselevatut,https://threads.net/@kiselevatut,"{""platform"": ""Threads"", ""profile_url"": ""https://threads.net/@kiselevatut"", ""handle"": ""@kiselevatut"", ""follower"": {""value"": 21600, ""raw"": ""21.6K"", ""source"": ""og:description"", ""status"": ""found""}, ""email"": {""value"": null, ""source"": null, ""status"": ""not_found""}, ""region"": {""value"": null, ""source"": null, ""evidence"": null, ""status"": ""not_found""}, ""language"": {""value"": ""Russian"", ""source"": ""bio"", ""confidence"": ""high"", ""status"": ""found""}, ""ai"": {""primary_tool"": null, ""verdict"": ""yes"", ""evidence"": ""Rule-based keyword fallback""}}"
https://facebook.com/kirk.carlson.2025,@kirk.carlson.2025,Facebook,,,"AIGC,AI video,Meta,needs_profile",New,2026-08-02T10:10:28Z,,,,,unsure,2026-08-02T10:10:28Z,"SearXNG Meta site-scope: ""AI Filmmaker"" ""Facebook"" site:facebook.com",Meta Graph profile not run: META_GRAPH_TOKEN/META_IG_USER_ID missing in .env; flagged for Graph retry/seated pass if needed,,https://www.facebook.com/kirk.carlson.2025/posts/-one-prompt-unlimited-storiesai-filmmaking-is-changing-everythingwhat-once-requi/1047927314833716/,"{""discovery"": {""source"": ""SearXNG site-scope"", ""query"": ""\""AI Filmmaker\"" \""Facebook\"" site:facebook.com"", ""result_url"": ""https://www.facebook.com/kirk.carlson.2025/posts/-one-prompt-unlimited-storiesai-filmmaking-is-changing-everythingwhat-once-requi/1047927314833716/"", ""snippet"": ""ONE PROMPT. UNLIMITED STORIES. AI filmmaking is ... - Facebook \u2014 4 days ago ... You're an AI Filmmaker. Ready to try it? Join us at @usky.ai \u2014 where creators rule and AI is your co-director. #AIFilmmaking #USKYai\u00a0...""}, ""profile"": {""source"": ""none"", ""reason"": ""Meta Graph credentials unavailable; no computer_use by routine rule""}, ""follower_raw_locale"": """"}"
https://facebook.com/joni.gutierrez,@joni.gutierrez,Facebook,,,"AIGC,AI video,Meta,needs_profile",New,2026-08-02T10:10:28Z,,,,,unsure,2026-08-02T10:10:28Z,"SearXNG Meta site-scope: ""AI Filmmaker"" ""Facebook"" site:facebook.com",Meta Graph profile not run: META_GRAPH_TOKEN/META_IG_USER_ID missing in .env; flagged for Graph retry/seated pass if needed,,https://www.facebook.com/joni.gutierrez/posts/if-youre-new-to-ai-cinematic-realism-aicr-this-is-the-place-to-startive-updated-/10162160453466627/,"{""discovery"": {""source"": ""SearXNG site-scope"", ""query"": ""\""AI Filmmaker\"" \""Facebook\"" site:facebook.com"", ""result_url"": ""https://www.facebook.com/joni.gutierrez/posts/if-youre-new-to-ai-cinematic-realism-aicr-this-is-the-place-to-startive-updated-/10162160453466627/"", ""snippet"": ""Introduction to AI cinematic realism framework - Facebook \u2014 25 Jul 2026 ... I'm passionate about becoming an AI filmmaker but I'm a complete beginner. I recently created my first AI-generated video and I'm eager to\u00a0...""}, ""profile"": {""source"": ""none"", ""reason"": ""Meta Graph credentials unavailable; no computer_use by routine rule""}, ""follower_raw_locale"": """"}"
https://instagram.com/ai_daniels,@ai_daniels,Instagram,,,"AIGC,AI video,Meta,needs_graph_profile",New,2026-08-02T10:10:28Z,,,,,unsure,2026-08-02T10:10:28Z,SearXNG Meta site-scope: AI filmmaker instagram profile site:instagram.com,Instagram candidate; Meta Graph business_discovery not run: META_GRAPH_TOKEN/META_IG_USER_ID missing in .env; flagged for Graph retry/seated pass if needed,,https://www.instagram.com/ai_daniels/,"{""discovery"":{""source"":""SearXNG site-scope"",""query"":""AI filmmaker instagram profile site:instagram.com"",""result_url"":""https://www.instagram.com/ai_daniels/"",""snippet"":""Andrii Daniels | AI Director | Filmmaker (@ai_daniels) - Instagram — AI filmmaker | video creator. CPP: @higgsfield.ai / Kling / Dreamina DM for business inquiries · olimov__100k's profile picture. football edit · h3nryreactz's ...""},""profile"":{""source"":""none"",""reason"":""META_GRAPH_TOKEN/META_IG_USER_ID unavailable; no computer_use by routine rule""}}"
https://instagram.com/fiqri_fox,@fiqri_fox,Instagram,,,"AIGC,AI video,Meta,needs_graph_profile",New,2026-08-02T10:10:28Z,,,,,unsure,2026-08-02T10:10:28Z,SearXNG Meta site-scope: AI filmmaker instagram profile site:instagram.com,Instagram candidate; Meta Graph business_discovery not run: META_GRAPH_TOKEN/META_IG_USER_ID missing in .env; flagged for Graph retry/seated pass if needed,,https://www.instagram.com/fiqri_fox/,"{""discovery"":{""source"":""SearXNG site-scope"",""query"":""AI filmmaker instagram profile site:instagram.com"",""result_url"":""https://www.instagram.com/fiqri_fox/"",""snippet"":""KING AI | AI Filmmaker & Video (@fiqri_fox) - Instagram — Helping videographers adapt to AI AI Filmmaker Artist Founder: @historias.aistudio. Admin: 0851-7900-0321 (Naira) · anjas_maradita's profile picture. Anjas ...""},""profile"":{""source"":""none"",""reason"":""META_GRAPH_TOKEN/META_IG_USER_ID unavailable; no computer_use by routine rule""}}"
https://instagram.com/drunk_on_ink_atx,@drunk_on_ink_atx,Instagram,,,"AIGC,AI video,Meta,needs_graph_profile",New,2026-08-02T10:10:28Z,,,,,unsure,2026-08-02T10:10:28Z,SearXNG Meta site-scope: AI filmmaker instagram profile site:instagram.com,Instagram candidate; Meta Graph business_discovery not run: META_GRAPH_TOKEN/META_IG_USER_ID missing in .env; flagged for Graph retry/seated pass if needed,,https://www.instagram.com/drunk_on_ink_atx/,"{""discovery"":{""source"":""SearXNG site-scope"",""query"":""AI filmmaker instagram profile site:instagram.com"",""result_url"":""https://www.instagram.com/drunk_on_ink_atx/"",""snippet"":""Lauren T. | AI Filmmaker + Creator (@drunk_on_ink_atx) - Instagram — AI filmmaker, writer, creator and watcher. Big screen and small. Page or Stage. Lover of all creative pursuits. Creative Partner: @invideo.io""},""profile"":{""source"":""none"",""reason"":""META_GRAPH_TOKEN/META_IG_USER_ID unavailable; no computer_use by routine rule""}}"
https://instagram.com/harry.motion,@harry.motion,Instagram,,,"AIGC,AI video,Meta,needs_graph_profile",New,2026-08-02T10:10:28Z,,,,,unsure,2026-08-02T10:10:28Z,SearXNG Meta site-scope: AI filmmaker instagram profile site:instagram.com,Instagram candidate; Meta Graph business_discovery not run: META_GRAPH_TOKEN/META_IG_USER_ID missing in .env; flagged for Graph retry/seated pass if needed,,https://www.instagram.com/harry.motion/,"{""discovery"":{""source"":""SearXNG site-scope"",""query"":""AI filmmaker instagram profile site:instagram.com"",""result_url"":""https://www.instagram.com/harry.motion/"",""snippet"":""AI Filmmaker (@harry.motion) • Instagram photos and videos — Hybrid AI Creator Teaching AI tools + Editing & Workflows projects@harrymotion.com Free Resources & Community.""},""profile"":{""source"":""none"",""reason"":""META_GRAPH_TOKEN/META_IG_USER_ID unavailable; no computer_use by routine rule""}}"
https://instagram.com/alexmoonai,@alexmoonai,Instagram,,,"AIGC,AI video,Meta,needs_graph_profile",New,2026-08-02T10:10:28Z,,,,,unsure,2026-08-02T10:10:28Z,SearXNG Meta site-scope: AI filmmaker instagram profile site:instagram.com,Instagram candidate; Meta Graph business_discovery not run: META_GRAPH_TOKEN/META_IG_USER_ID missing in .env; flagged for Graph retry/seated pass if needed,,https://www.instagram.com/alexmoonai/,"{""discovery"":{""source"":""SearXNG site-scope"",""query"":""AI filmmaker instagram profile site:instagram.com"",""result_url"":""https://www.instagram.com/alexmoonai/"",""snippet"":""Alexander Moon Ai (@alexmoonai) • Instagram photos and videos — AI director creating films, music videos & ads for brands, startups & artists. High-impact visuals 4 marketing & storytelling. DM for projects .""},""profile"":{""source"":""none"",""reason"":""META_GRAPH_TOKEN/META_IG_USER_ID unavailable; no computer_use by routine rule""}}"
https://instagram.com/aicineguy,@aicineguy,Instagram,,,"AIGC,AI video,Meta,needs_graph_profile",New,2026-08-02T10:10:28Z,,,,,unsure,2026-08-02T10:10:28Z,SearXNG Meta site-scope: AI filmmaker instagram profile site:instagram.com,Instagram candidate; Meta Graph business_discovery not run: META_GRAPH_TOKEN/META_IG_USER_ID missing in .env; flagged for Graph retry/seated pass if needed,,https://www.instagram.com/aicineguy/,"{""discovery"":{""source"":""SearXNG site-scope"",""query"":""AI filmmaker instagram profile site:instagram.com"",""result_url"":""https://www.instagram.com/aicineguy/"",""snippet"":""Romain Melies (@aicineguy) • Instagram photos and videos — ◾️ Welcome to my cinematic universe ◾️ I recreate epic moments in cinema, sport & TV history ◾️ Follow for more ultra-realistic remakes.""},""profile"":{""source"":""none"",""reason"":""META_GRAPH_TOKEN/META_IG_USER_ID unavailable; no computer_use by routine rule""}}"
https://instagram.com/theunusualfilmmaker,@theunusualfilmmaker,Instagram,,,"AIGC,Meta",New,2026-08-10T10:06:53Z,,,,,unsure,2026-08-02T10:10:28Z,"SearXNG ""AI filmmaker"" ""Instagram photos and videos"" ""Runway"" site:instagram.com","Meta routine discovery lead; no computer_use. META_GRAPH_TOKEN or META_IG_USER_ID missing in this shell, so business_discovery was not run; account type unknown; flagged for seated computer_use pass if not later API-profiled.",,https://instagram.com/theunusualfilmmaker,"{""discovery"":{""source"":""SearXNG"",""query"":""\""AI filmmaker\"" \""Instagram photos and videos\"" \""Runway\"" site:instagram.com"",""url"":""https://instagram.com/theunusualfilmmaker"",""why"":""Kanishk | Ai Filmmaker & Creative Director (@theunusualfilmmaker) AI Filmmaker helping beginners make cinematic videos Delhi | Step-by-step in ... runway, seedance) ...""}}"
https://reddit.com/user/naegiko_,u/Naegiko_,Reddit,,,"AIGC,Reddit,Sora",New,2026-08-03T02:22:34Z,,,Sora,https://www.reddit.com/r/aivideo/comments/1nut0re/i_tested_sora_2_on_classic_anime_the_result_is/,unsure,2026-08-03T02:22:34Z,SearXNG site:reddit.com/r/aivideo; /user queries returned 0; ddgs returned 0,discovery_only: Reddit keyless profiling unavailable; follower_count empty; AIGC unsure,,https://www.reddit.com/r/aivideo/comments/1nut0re/i_tested_sora_2_on_classic_anime_the_result_is/,"{""discovery"":{""source"":""SearXNG"",""query"":""Sora AI video creator site:reddit.com/r/aivideo"",""url"":""https://www.reddit.com/r/aivideo/comments/1nut0re/i_tested_sora_2_on_classic_anime_the_result_is/"",""title"":""r/aivideo on Reddit: I tested Sora 2 on classic anime, the result is hardly believable.."",""snippet"":""Try AutoFeed.ai for Sora 2, the quality is insane!!! ... My second ever game with Dooley and I highroll this... ... I love videogame (and anime characters) that look roided.""},""identity"":{""source"":""old.reddit public post page"",""url"":""https://old.reddit.com/r/aivideo/comments/1nut0re/i_tested_sora_2_on_classic_anime_the_result_is/"",""claim"":""post author only; no Reddit profiling API used""},""aigc_verdict"":{""source"":""search snippet only"",""verdict"":""unsure""}}"
https://reddit.com/user/fulgurogeek,u/FulguroGeek,Reddit,,,"AIGC,Reddit,Sora",New,2026-08-03T02:22:34Z,,,Sora,https://www.reddit.com/r/aivideo/comments/1nvutoh/i_tested_sora_2_with_funny_prompts_to_see_its/,unsure,2026-08-03T02:22:34Z,SearXNG site:reddit.com/r/aivideo; /user queries returned 0; ddgs returned 0,discovery_only: Reddit keyless profiling unavailable; follower_count empty; AIGC unsure,,https://www.reddit.com/r/aivideo/comments/1nvutoh/i_tested_sora_2_with_funny_prompts_to_see_its/,"{""discovery"":{""source"":""SearXNG"",""query"":""Sora AI video creator site:reddit.com/r/aivideo"",""url"":""https://www.reddit.com/r/aivideo/comments/1nvutoh/i_tested_sora_2_with_funny_prompts_to_see_its/"",""title"":""I tested Sora 2 with funny prompts to see its physic comprehention."",""snippet"":""2 Oct 2025 ... if this is a new AI VIDEO generator tool, it must be at the same quality level of SORA, MINIMAX and KLING in order for the tool to be\u00a0...""},""identity"":{""source"":""old.reddit public post page"",""url"":""https://old.reddit.com/r/aivideo/comments/1nvutoh/i_tested_sora_2_with_funny_prompts_to_see_its/"",""claim"":""post author only; no Reddit profiling API used""},""aigc_verdict"":{""source"":""search snippet only"",""verdict"":""unsure""}}"
https://reddit.com/user/theblasian35,u/Theblasian35,Reddit,,,"AIGC,Reddit,Sora",New,2026-08-03T02:22:34Z,,,Sora,https://www.reddit.com/r/aivideo/comments/1hc1w8n/father_time_my_first_sora_short_filmcreated_in_24/,unsure,2026-08-03T02:22:34Z,SearXNG site:reddit.com/r/aivideo; /user queries returned 0; ddgs returned 0,discovery_only: Reddit keyless profiling unavailable; follower_count empty; AIGC unsure,,https://www.reddit.com/r/aivideo/comments/1hc1w8n/father_time_my_first_sora_short_filmcreated_in_24/,"{""discovery"":{""source"":""SearXNG"",""query"":""Sora AI video creator site:reddit.com/r/aivideo"",""url"":""https://www.reddit.com/r/aivideo/comments/1hc1w8n/father_time_my_first_sora_short_filmcreated_in_24/"",""title"":""r/aivideo on Reddit: Father Time - My First Sora Short Film\u2014Created in 24 Hours"",""snippet"":""Hollywood Reporter: Shy Kids Production team breaks down AI Video workflow during interview about their SORA short film \u201cAir Head\u201d""},""identity"":{""source"":""old.reddit public post page"",""url"":""https://old.reddit.com/r/aivideo/comments/1hc1w8n/father_time_my_first_sora_short_filmcreated_in_24/"",""claim"":""post author only; no Reddit profiling API used""},""aigc_verdict"":{""source"":""search snippet only"",""verdict"":""unsure""}}"
https://reddit.com/user/nightsradiant,u/NightsRadiant,Reddit,,,"AIGC,Reddit,Runway",New,2026-08-03T02:22:34Z,,,Runway,https://www.reddit.com/r/aivideo/comments/1fidnz4/the_most_emotional_ai_film_youve_seen_yet_4/,unsure,2026-08-03T02:22:34Z,SearXNG site:reddit.com/r/aivideo; /user queries returned 0; ddgs returned 0,discovery_only: Reddit keyless profiling unavailable; follower_count empty; AIGC unsure,,https://www.reddit.com/r/aivideo/comments/1fidnz4/the_most_emotional_ai_film_youve_seen_yet_4/,"{""discovery"":{""source"":""SearXNG"",""query"":""Runway AI filmmaker site:reddit.com/r/aivideo"",""url"":""https://www.reddit.com/r/aivideo/comments/1fidnz4/the_most_emotional_ai_film_youve_seen_yet_4/"",""title"":""The most emotional AI Film you've seen yet -- \""4 Minutes to Live\"""",""snippet"":""16 Sept 2024 ... Basically Midjourney->Runway. All scripted and created within 48 hours for Runway's Gen48 film festival.""},""identity"":{""source"":""old.reddit public post page"",""url"":""https://old.reddit.com/r/aivideo/comments/1fidnz4/the_most_emotional_ai_film_youve_seen_yet_4/"",""claim"":""post author only; no Reddit profiling API used""},""aigc_verdict"":{""source"":""search snippet only"",""verdict"":""unsure""}}"
https://reddit.com/user/reha_agency,u/REHA_Agency,Reddit,,,"AIGC,Reddit,Runway",New,2026-08-03T02:22:34Z,,,Runway,https://www.reddit.com/r/aivideo/comments/1m8y12h/the_best_ai_film_of_2025_endlessoriginal_true/,unsure,2026-08-03T02:22:34Z,SearXNG site:reddit.com/r/aivideo; /user queries returned 0; ddgs returned 0,discovery_only: Reddit keyless profiling unavailable; follower_count empty; AIGC unsure,,https://www.reddit.com/r/aivideo/comments/1m8y12h/the_best_ai_film_of_2025_endlessoriginal_true/,"{""discovery"":{""source"":""SearXNG"",""query"":""Runway AI filmmaker site:reddit.com/r/aivideo"",""url"":""https://www.reddit.com/r/aivideo/comments/1m8y12h/the_best_ai_film_of_2025_endlessoriginal_true/"",""title"":""The best AI film of 2025! \""ENDLESS\""-Original. True character ..."",""snippet"":""25 Jul 2025 ... After a month of hard work, we've finally created our very first 100% AI-generated short film\u2014\u2014Endless. Even the music was made by AI! Super\u00a0...""},""identity"":{""source"":""old.reddit public post page"",""url"":""https://old.reddit.com/r/aivideo/comments/1m8y12h/the_best_ai_film_of_2025_endlessoriginal_true/"",""claim"":""post author only; no Reddit profiling API used""},""aigc_verdict"":{""source"":""search snippet only"",""verdict"":""unsure""}}"
https://reddit.com/user/chopsueyyumm,u/ChopSueyYumm,Reddit,,,"AIGC,Reddit,Kling",New,2026-08-03T02:22:34Z,,,Kling,https://www.reddit.com/r/aivideo/comments/1gj8gl9/i_got_early_access_to_klings_ai_custom_video_its/,unsure,2026-08-03T02:22:34Z,SearXNG site:reddit.com/r/aivideo; /user queries returned 0; ddgs returned 0,discovery_only: Reddit keyless profiling unavailable; follower_count empty; AIGC unsure,,https://www.reddit.com/r/aivideo/comments/1gj8gl9/i_got_early_access_to_klings_ai_custom_video_its/,"{""discovery"":{""source"":""SearXNG"",""query"":""Kling generative video creator site:reddit.com/r/aivideo"",""url"":""https://www.reddit.com/r/aivideo/comments/1gj8gl9/i_got_early_access_to_klings_ai_custom_video_its/"",""title"":""I got early access to Kling's AI Custom Video. It's badass! - Reddit"",""snippet"":""4 Nov 2024 ... r/singularity - Generative AI (Kling) is now used in actual tv shows. 7:07. 479.""},""identity"":{""source"":""old.reddit public post page"",""url"":""https://old.reddit.com/r/aivideo/comments/1gj8gl9/i_got_early_access_to_klings_ai_custom_video_its/"",""claim"":""post author only; no Reddit profiling API used""},""aigc_verdict"":{""source"":""search snippet only"",""verdict"":""unsure""}}"
https://vimeo.com/magomedkaziev,Magamedia,Vimeo,27,,"AIGC,Vimeo,Runway",New,2026-08-10T06:27:40Z,Worldwide,,Runway,https://vimeo.com/1015236945,unsure,2026-08-03T06:14:20Z,Vimeo API /videos search: kling ai short film,videos_total: 24,,https://www.instagram.com/magamedia/,"{""follower_count"":{""source"":""vimeo_api"",""url"":""https://api.vimeo.com/users/8721137""},""profile"":{""source"":""vimeo_api"",""url"":""https://vimeo.com/magomedkaziev""},""aigc_verdict"":{""source"":""api_search_metadata"",""url"":""https://vimeo.com/1015236945"",""note"":""API search/profile only; visual frame review not performed in this routine lane""}}"
https://vimeo.com/user92051270,Yogesh Agarwal,Vimeo,92,,"AIGC,Vimeo",New,2026-08-10T06:27:40Z,,,,https://vimeo.com/1214575538,unsure,2026-08-03T06:14:20Z,Vimeo API refresh,videos_total: 589,,https://vimeo.com/user92051270,"{""follower_count"":{""source"":""vimeo_api"",""url"":""https://api.vimeo.com/users/user92051270""},""profile"":{""source"":""vimeo_api"",""url"":""https://vimeo.com/user92051270""},""aigc_verdict"":{""source"":""api_search_metadata"",""url"":""https://vimeo.com/user92051270"",""note"":""API search/profile only; visual frame review not performed in this routine lane""}}"
https://vimeo.com/staff,Vimeo,Vimeo,31692,,"AIGC,Vimeo,API",New,2026-08-08T06:34:38Z,,,,https://vimeo.com/1202208321,unsure,2026-08-03T06:14:20Z,vimeo_api_refresh,API-only Vimeo refresh/discovery; visual AIGC review not performed in routine lane; sole_or_small: unknown,,https://twitter.com/vimeo,"{""follower_count"":{""source"":""vimeo_api"",""url"":""https://api.vimeo.com/users/152184""},""profile"":{""source"":""vimeo_api"",""url"":""https://vimeo.com/staff""},""aigc_verdict"":{""source"":""api_text_only"",""url"":""https://vimeo.com/1202208321"",""note"":""Routine API lane does not infer visual verdict; left unsure unless already reviewed.""}}"
https://vimeo.com/user19231869,chris,Vimeo,171,,"AIGC,Vimeo,API",New,2026-08-08T06:34:38Z,,,,https://vimeo.com/1178831356,unsure,2026-08-03T06:14:20Z,vimeo_api_refresh,API-only Vimeo refresh/discovery; visual AIGC review not performed in routine lane; sole_or_small: unknown,,https://vimeo.com/user19231869,"{""follower_count"":{""source"":""vimeo_api"",""url"":""https://api.vimeo.com/users/19231869""},""profile"":{""source"":""vimeo_api"",""url"":""https://vimeo.com/user19231869""},""aigc_verdict"":{""source"":""api_text_only"",""url"":""https://vimeo.com/1178831356"",""note"":""Routine API lane does not infer visual verdict; left unsure unless already reviewed.""}}"
https://vimeo.com/user243113130,user243113130,Vimeo,66,,"AIGC,Vimeo,API",New,2026-08-08T06:34:38Z,,,,https://vimeo.com/1098474220,unsure,2026-08-03T06:14:20Z,vimeo_api_refresh,API-only Vimeo refresh/discovery; visual AIGC review not performed in routine lane; sole_or_small: unknown,,https://vimeo.com/user243113130,"{""follower_count"":{""source"":""vimeo_api"",""url"":""https://api.vimeo.com/users/243113130""},""profile"":{""source"":""vimeo_api"",""url"":""https://vimeo.com/user243113130""},""aigc_verdict"":{""source"":""api_text_only"",""url"":""https://vimeo.com/1098474220"",""note"":""Routine API lane does not infer visual verdict; left unsure unless already reviewed.""}}"
https://vimeo.com/user136652669,Maybin Kabwe,Vimeo,1,,"AIGC,Vimeo,API",New,2026-08-08T06:34:38Z,"Gaborone, Botswana",,,https://vimeo.com/1150388166,unsure,2026-08-03T06:14:20Z,vimeo_api_refresh,API-only Vimeo refresh/discovery; visual AIGC review not performed in routine lane; sole_or_small: unknown,,https://videopreview.net/index.html?agencyuserId=112882,"{""follower_count"":{""source"":""vimeo_api"",""url"":""https://api.vimeo.com/users/136652669""},""profile"":{""source"":""vimeo_api"",""url"":""https://vimeo.com/user136652669""},""aigc_verdict"":{""source"":""api_text_only"",""url"":""https://vimeo.com/1150388166"",""note"":""Routine API lane does not infer visual verdict; left unsure unless already reviewed.""}}"
https://vimeo.com/brandtechgroup,The Brandtech Group,Vimeo,33,,"AIGC,Vimeo",New,2026-08-10T06:27:40Z,"New York, NY, USA",,,https://vimeo.com/1213825962,unsure,2026-08-03T06:14:20Z,Vimeo API refresh,videos_total: 1015,,https://thebrandtechgroup.com/,"{""follower_count"":{""source"":""vimeo_api"",""url"":""https://api.vimeo.com/users/brandtechgroup""},""profile"":{""source"":""vimeo_api"",""url"":""https://vimeo.com/brandtechgroup""},""aigc_verdict"":{""source"":""api_search_metadata"",""url"":""https://vimeo.com/brandtechgroup"",""note"":""API search/profile only; visual frame review not performed in this routine lane""}}"
https://vimeo.com/sergioalbiac,Sergio Albiac,Vimeo,467,,"AIGC,Vimeo,API",New,2026-08-08T06:34:38Z,Spain,,,https://vimeo.com/313652308,unsure,2026-08-03T06:14:20Z,vimeo_api_refresh,API-only Vimeo refresh/discovery; visual AIGC review not performed in routine lane; sole_or_small: unknown,,www.sergioalbiac.com,"{""follower_count"":{""source"":""vimeo_api"",""url"":""https://api.vimeo.com/users/5115011""},""profile"":{""source"":""vimeo_api"",""url"":""https://vimeo.com/sergioalbiac""},""aigc_verdict"":{""source"":""api_text_only"",""url"":""https://vimeo.com/313652308"",""note"":""Routine API lane does not infer visual verdict; left unsure unless already reviewed.""}}"
https://vimeo.com/user1840890,resoutionable,Vimeo,89,,"AIGC,Vimeo,API",New,2026-08-08T06:34:38Z,Berlin/Weimar,,,https://vimeo.com/1206958377,unsure,2026-08-03T06:14:20Z,vimeo_api_refresh,API-only Vimeo refresh/discovery; visual AIGC review not performed in routine lane; sole_or_small: unknown,,http://www.ursuladamm.de,"{""follower_count"":{""source"":""vimeo_api"",""url"":""https://api.vimeo.com/users/1840890""},""profile"":{""source"":""vimeo_api"",""url"":""https://vimeo.com/user1840890""},""aigc_verdict"":{""source"":""api_text_only"",""url"":""https://vimeo.com/1206958377"",""note"":""Routine API lane does not infer visual verdict; left unsure unless already reviewed.""}}"
https://vimeo.com/onformative,onformative,Vimeo,5325,,"AIGC,Vimeo,API",New,2026-08-08T06:34:38Z,Berlin,,,https://vimeo.com/1067022247,unsure,2026-08-03T06:14:20Z,vimeo_api_refresh,API-only Vimeo refresh/discovery; visual AIGC review not performed in routine lane; sole_or_small: unknown,,www.onformative.com,"{""follower_count"":{""source"":""vimeo_api"",""url"":""https://api.vimeo.com/users/4009708""},""profile"":{""source"":""vimeo_api"",""url"":""https://vimeo.com/onformative""},""aigc_verdict"":{""source"":""api_text_only"",""url"":""https://vimeo.com/1067022247"",""note"":""Routine API lane does not infer visual verdict; left unsure unless already reviewed.""}}"
https://vimeo.com/user16902659,Anton Grabovskiy,Vimeo,1617,,"AIGC,Vimeo,API",New,2026-08-08T06:34:38Z,"Wellington, New Zealand",,,https://vimeo.com/1078956066,unsure,2026-08-03T06:14:20Z,vimeo_api_refresh,API-only Vimeo refresh/discovery; visual AIGC review not performed in routine lane; sole_or_small: unknown,,https://agrabovskiy.space,"{""follower_count"":{""source"":""vimeo_api"",""url"":""https://api.vimeo.com/users/16902659""},""profile"":{""source"":""vimeo_api"",""url"":""https://vimeo.com/user16902659""},""aigc_verdict"":{""source"":""api_text_only"",""url"":""https://vimeo.com/1078956066"",""note"":""Routine API lane does not infer visual verdict; left unsure unless already reviewed.""}}"
https://vimeo.com/ivanraster,Ivan Raster,Vimeo,230,,"AIGC,Vimeo",New,2026-08-10T06:27:40Z,Saint Petersburg,,,https://vimeo.com/214316994,unsure,2026-08-03T06:14:20Z,Vimeo API refresh,videos_total: 11,,http://ivanraster.com,"{""follower_count"":{""source"":""vimeo_api"",""url"":""https://api.vimeo.com/users/ivanraster""},""profile"":{""source"":""vimeo_api"",""url"":""https://vimeo.com/ivanraster""},""aigc_verdict"":{""source"":""api_search_metadata"",""url"":""https://vimeo.com/ivanraster"",""note"":""API search/profile only; visual frame review not performed in this routine lane""}}"
https://vimeo.com/joshuadavis,Joshua Davis,Vimeo,3707,,"AIGC,Vimeo",New,2026-08-10T06:27:40Z,"New York, ",,,https://vimeo.com/885757686,unsure,2026-08-03T06:14:20Z,Vimeo API refresh,videos_total: 149,,http://www.joshuadavis.com,"{""follower_count"":{""source"":""vimeo_api"",""url"":""https://api.vimeo.com/users/joshuadavis""},""profile"":{""source"":""vimeo_api"",""url"":""https://vimeo.com/joshuadavis""},""aigc_verdict"":{""source"":""api_search_metadata"",""url"":""https://vimeo.com/joshuadavis"",""note"":""API search/profile only; visual frame review not performed in this routine lane""}}"
https://vimeo.com/universal,Universal Everything,Vimeo,16470,,"AIGC,Vimeo,API",New,2026-08-08T06:34:38Z,"Sheffield, UK",,,https://vimeo.com/1200725669,unsure,2026-08-03T06:14:20Z,vimeo_api_refresh,API-only Vimeo refresh/discovery; visual AIGC review not performed in routine lane; sole_or_small: unknown,,http://www.universaleverything.com,"{""follower_count"":{""source"":""vimeo_api"",""url"":""https://api.vimeo.com/users/92422""},""profile"":{""source"":""vimeo_api"",""url"":""https://vimeo.com/universal""},""aigc_verdict"":{""source"":""api_text_only"",""url"":""https://vimeo.com/1200725669"",""note"":""Routine API lane does not infer visual verdict; left unsure unless already reviewed.""}}"
https://vimeo.com/pixelnoizz,pixel noizz,Vimeo,762,,"AIGC,Vimeo,API",New,2026-08-08T06:34:38Z,berlin-budapest,,,https://vimeo.com/69255033,unsure,2026-08-03T06:14:20Z,vimeo_api_refresh,API-only Vimeo refresh/discovery; visual AIGC review not performed in routine lane; sole_or_small: unknown,,http://pixelnoizz.wordpress.com/,"{""follower_count"":{""source"":""vimeo_api"",""url"":""https://api.vimeo.com/users/467202""},""profile"":{""source"":""vimeo_api"",""url"":""https://vimeo.com/pixelnoizz""},""aigc_verdict"":{""source"":""api_text_only"",""url"":""https://vimeo.com/69255033"",""note"":""Routine API lane does not infer visual verdict; left unsure unless already reviewed.""}}"
https://vimeo.com/bndktgrs,Benedikt Groß,Vimeo,377,,"AIGC,Vimeo",New,2026-08-10T06:27:40Z,"Ravensburg, Germany",,,https://vimeo.com/68031906,unsure,2026-08-03T06:14:20Z,Vimeo API refresh,videos_total: 62,,http://benedikt-gross.de/,"{""follower_count"":{""source"":""vimeo_api"",""url"":""https://api.vimeo.com/users/bndktgrs""},""profile"":{""source"":""vimeo_api"",""url"":""https://vimeo.com/bndktgrs""},""aigc_verdict"":{""source"":""api_search_metadata"",""url"":""https://vimeo.com/bndktgrs"",""note"":""API search/profile only; visual frame review not performed in this routine lane""}}"
https://vimeo.com/interactivedesign,interactivedesign.it,Vimeo,638,,"AIGC,Vimeo",New,2026-08-10T06:27:40Z,Rome,,,https://vimeo.com/155503409,unsure,2026-08-03T06:14:20Z,Vimeo API refresh,videos_total: 50,,http://interactivedesign.it,"{""follower_count"":{""source"":""vimeo_api"",""url"":""https://api.vimeo.com/users/interactivedesign""},""profile"":{""source"":""vimeo_api"",""url"":""https://vimeo.com/interactivedesign""},""aigc_verdict"":{""source"":""api_search_metadata"",""url"":""https://vimeo.com/interactivedesign"",""note"":""API search/profile only; visual frame review not performed in this routine lane""}}"
https://civitai.com/user/kieron,@Kieron,Civitai,,,"AIGC,AI video,Civitai",New,2026-08-03T06:14:20Z,,,,https://image.civitai.com/xG1nkqKTMzGDvpLrqFT7WA/af9b7298-289c-4beb-878d-0100b90015a6/original=true/af9b7298-289c-4beb-878d-0100b90015a6.mp4,yes,2026-08-03T06:14:20Z,civitai_api_discovery:type=video,routine_api_lane; has_public_sfw_video: yes; sole_or_small: unknown,,https://civitai.com/user/Kieron,"{""aigc_verdict"": {""source"": ""civitai_api_type_video"", ""url"": ""https://image.civitai.com/xG1nkqKTMzGDvpLrqFT7WA/af9b7298-289c-4beb-878d-0100b90015a6/original=true/af9b7298-289c-4beb-878d-0100b90015a6.mp4"", ""note"": ""Civitai public video item, nsfw=false""}, ""video_content"": {""source"": ""civitai_api"", ""url"": ""https://image.civitai.com/xG1nkqKTMzGDvpLrqFT7WA/af9b7298-289c-4beb-878d-0100b90015a6/original=true/af9b7298-289c-4beb-878d-0100b90015a6.mp4""}}"
https://civitai.com/user/shicolare1,@shicolare1,Civitai,,,"AIGC,AI video,Civitai",New,2026-08-03T06:14:20Z,,,,https://image.civitai.com/xG1nkqKTMzGDvpLrqFT7WA/5d0fe557-c820-4ec4-bd30-80b23318364d/original=true/5d0fe557-c820-4ec4-bd30-80b23318364d.mp4,yes,2026-08-03T06:14:20Z,civitai_api_discovery:type=video,routine_api_lane; has_public_sfw_video: yes; sole_or_small: unknown,,https://civitai.com/user/shicolare1,"{""aigc_verdict"": {""source"": ""civitai_api_type_video"", ""url"": ""https://image.civitai.com/xG1nkqKTMzGDvpLrqFT7WA/5d0fe557-c820-4ec4-bd30-80b23318364d/original=true/5d0fe557-c820-4ec4-bd30-80b23318364d.mp4"", ""note"": ""Civitai public video item, nsfw=false""}, ""video_content"": {""source"": ""civitai_api"", ""url"": ""https://image.civitai.com/xG1nkqKTMzGDvpLrqFT7WA/5d0fe557-c820-4ec4-bd30-80b23318364d/original=true/5d0fe557-c820-4ec4-bd30-80b23318364d.mp4""}}"
https://civitai.com/user/xxqvoxx,@xXQvOXx,Civitai,,,"AIGC,AI video,Civitai",New,2026-08-03T06:14:20Z,,,,https://image.civitai.com/xG1nkqKTMzGDvpLrqFT7WA/1fbb2e53-555c-4753-8b15-4b905cdf4ea8/original=true/1fbb2e53-555c-4753-8b15-4b905cdf4ea8.mp4,yes,2026-08-03T06:14:20Z,civitai_api_discovery:type=video,routine_api_lane; has_public_sfw_video: yes; sole_or_small: unknown,,https://civitai.com/user/xXQvOXx,"{""aigc_verdict"": {""source"": ""civitai_api_type_video"", ""url"": ""https://image.civitai.com/xG1nkqKTMzGDvpLrqFT7WA/1fbb2e53-555c-4753-8b15-4b905cdf4ea8/original=true/1fbb2e53-555c-4753-8b15-4b905cdf4ea8.mp4"", ""note"": ""Civitai public video item, nsfw=false""}, ""video_content"": {""source"": ""civitai_api"", ""url"": ""https://image.civitai.com/xG1nkqKTMzGDvpLrqFT7WA/1fbb2e53-555c-4753-8b15-4b905cdf4ea8/original=true/1fbb2e53-555c-4753-8b15-4b905cdf4ea8.mp4""}}"
https://civitai.com/user/mistporyvaev,@mistporyvaev,Civitai,,,"AIGC,AI video,Civitai",New,2026-08-27T06:14:17Z,,English,Flux Fusion,https://civitai.com/user/mistporyvaev,yes,2026-08-03T06:14:20Z,civitai_api_discovery:type=video,"Civitai API: models=40; tags=fast, video, flux fusion, tekken, photor",https://civitai.com/user/mistporyvaev/models,,"{""platform"": ""Civitai"", ""username"": ""mistporyvaev"", ""model_count"": 40, ""top_tags"": [""fast"", ""video"", ""flux fusion"", ""tekken"", ""photorealistic""], ""aigc_verdict"": ""yes"", ""ai_reasoning"": ""This is a full checkpoint with 8-bit precision based on Flux Fusion giving best results for me.""}"
https://civitai.com/user/mikogoblin,@MikoGoblin,Civitai,,,"AIGC,AI video,Civitai",New,2026-08-03T06:14:20Z,,,,https://image.civitai.com/xG1nkqKTMzGDvpLrqFT7WA/251f0f1b-7676-4e54-9b3e-8e644c517aaf/original=true/251f0f1b-7676-4e54-9b3e-8e644c517aaf.mp4,yes,2026-08-03T06:14:20Z,civitai_api_discovery:type=video,routine_api_lane; has_public_sfw_video: yes; sole_or_small: unknown,,https://civitai.com/user/MikoGoblin,"{""aigc_verdict"": {""source"": ""civitai_api_type_video"", ""url"": ""https://image.civitai.com/xG1nkqKTMzGDvpLrqFT7WA/251f0f1b-7676-4e54-9b3e-8e644c517aaf/original=true/251f0f1b-7676-4e54-9b3e-8e644c517aaf.mp4"", ""note"": ""Civitai public video item, nsfw=false""}, ""video_content"": {""source"": ""civitai_api"", ""url"": ""https://image.civitai.com/xG1nkqKTMzGDvpLrqFT7WA/251f0f1b-7676-4e54-9b3e-8e644c517aaf/original=true/251f0f1b-7676-4e54-9b3e-8e644c517aaf.mp4""}}"
https://civitai.com/user/nezumi7214,@Nezumi7214,Civitai,,,"AIGC,AI video,Civitai",New,2026-08-03T06:14:20Z,,,,https://image.civitai.com/xG1nkqKTMzGDvpLrqFT7WA/0cb94819-963d-4ab1-9af5-bf9885413b40/original=true/0cb94819-963d-4ab1-9af5-bf9885413b40.mp4,yes,2026-08-03T06:14:20Z,civitai_api_discovery:type=video,routine_api_lane; has_public_sfw_video: yes; sole_or_small: unknown,,https://civitai.com/user/Nezumi7214,"{""aigc_verdict"": {""source"": ""civitai_api_type_video"", ""url"": ""https://image.civitai.com/xG1nkqKTMzGDvpLrqFT7WA/0cb94819-963d-4ab1-9af5-bf9885413b40/original=true/0cb94819-963d-4ab1-9af5-bf9885413b40.mp4"", ""note"": ""Civitai public video item, nsfw=false""}, ""video_content"": {""source"": ""civitai_api"", ""url"": ""https://image.civitai.com/xG1nkqKTMzGDvpLrqFT7WA/0cb94819-963d-4ab1-9af5-bf9885413b40/original=true/0cb94819-963d-4ab1-9af5-bf9885413b40.mp4""}}"
https://civitai.com/user/andresbravo2003,@andresbravo2003,Civitai,,,"AIGC,AI video,Civitai",New,2026-08-27T06:14:40Z,,English,LoRA,https://civitai.com/user/andresbravo2003,yes,2026-08-03T06:14:20Z,civitai_api_discovery:type=video,"Civitai API: models=11; tags=umbra, woman, character, lora, broadway",https://civitai.com/user/andresbravo2003/models,,"{""platform"": ""Civitai"", ""username"": ""andresbravo2003"", ""model_count"": 11, ""top_tags"": [""umbra"", ""woman"", ""character"", ""lora"", ""broadway""], ""aigc_verdict"": ""yes"", ""ai_reasoning"": ""Rule-based fallback for Civitai creator""}"
https://civitai.com/user/zinozino,@ZINOZINO,Civitai,,,"AIGC,AI video,Civitai",New,2026-08-03T06:14:20Z,,,,https://image.civitai.com/xG1nkqKTMzGDvpLrqFT7WA/a8345c88-4ab2-44c3-b3e1-501b1ba72d67/original=true/a8345c88-4ab2-44c3-b3e1-501b1ba72d67.mp4,yes,2026-08-03T06:14:20Z,civitai_api_discovery:type=video,routine_api_lane; has_public_sfw_video: yes; sole_or_small: unknown,,https://civitai.com/user/ZINOZINO,"{""aigc_verdict"": {""source"": ""civitai_api_type_video"", ""url"": ""https://image.civitai.com/xG1nkqKTMzGDvpLrqFT7WA/a8345c88-4ab2-44c3-b3e1-501b1ba72d67/original=true/a8345c88-4ab2-44c3-b3e1-501b1ba72d67.mp4"", ""note"": ""Civitai public video item, nsfw=false""}, ""video_content"": {""source"": ""civitai_api"", ""url"": ""https://image.civitai.com/xG1nkqKTMzGDvpLrqFT7WA/a8345c88-4ab2-44c3-b3e1-501b1ba72d67/original=true/a8345c88-4ab2-44c3-b3e1-501b1ba72d67.mp4""}}"
https://civitai.com/user/mma2,@MMA2,Civitai,,,"AIGC,AI video,Civitai",New,2026-08-27T06:14:57Z,,English,,https://civitai.com/user/emma213,yes,2026-08-03T06:14:20Z,civitai_api_discovery:type=video,Civitai API: models=0; tags=,https://civitai.com/user/emma213/models,,"{""platform"": ""Civitai"", ""username"": ""emma213"", ""model_count"": 0, ""top_tags"": [], ""aigc_verdict"": ""yes"", ""ai_reasoning"": ""Brief quote/reason""}"
https://civitai.com/user/vrgamedevgirl,@vrgamedevgirl,Civitai,,,"AIGC,AI video,Civitai",New,2026-08-27T06:15:15Z,,English,LoRA,https://civitai.com/user/vrgamedevgirl,yes,2026-08-03T06:14:20Z,civitai_api_discovery:type=video,"Civitai API: models=39; tags=t2v, wan2.1, i2v, fusionx, mutliimagetov",https://civitai.com/user/vrgamedevgirl/models,,"{""platform"": ""Civitai"", ""username"": ""vrgamedevgirl"", ""model_count"": 39, ""top_tags"": [""t2v"", ""wan2.1"", ""i2v"", ""fusionx"", ""mutliimagetovideo""], ""aigc_verdict"": ""yes"", ""ai_reasoning"": ""Rule-based fallback for Civitai creator""}"
https://threads.net/@thewillie.35,@thewillie.35,Threads,930,thewillie.35@gmail.com,"AIGC,Meta,DiscoveryOnly",New,2026-09-09T06:17:47Z,,Traditional Chinese,,https://threads.net/@thewillie.35,yes,2026-08-03T10:06:21Z,"SearXNG ""AI video creator"" site:threads.net",Threads scrape: followers=930; email=thewillie.35@gmail.com; language=Traditional Chinese,https://threads.net/@thewillie.35,https://threads.net/@thewillie.35,"{""platform"": ""Threads"", ""profile_url"": ""https://threads.net/@thewillie.35"", ""handle"": ""@thewillie.35"", ""follower"": {""value"": 930, ""raw"": ""930"", ""source"": ""og:description"", ""status"": ""found""}, ""email"": {""value"": ""thewillie.35@gmail.com"", ""source"": ""bio"", ""status"": ""found""}, ""region"": {""value"": null, ""source"": null, ""evidence"": null, ""status"": ""not_found""}, ""language"": {""value"": ""Traditional Chinese"", ""source"": ""bio"", ""confidence"": ""high"", ""status"": ""found""}, ""ai"": {""primary_tool"": null, ""verdict"": ""yes"", ""evidence"": ""Rule-based keyword fallback""}}"
https://threads.net/@aivideoskool,@aivideoskool,Threads,1800,,"AIGC,Meta,DiscoveryOnly",New,2026-09-09T06:17:53Z,,English,,https://threads.net/@aivideoskool,yes,2026-08-03T10:06:21Z,"SearXNG ""AI video creator"" site:threads.net",Threads scrape: followers=1800; language=English,https://threads.net/@aivideoskool,https://threads.net/@aivideoskool,"{""platform"": ""Threads"", ""profile_url"": ""https://threads.net/@aivideoskool"", ""handle"": ""@aivideoskool"", ""follower"": {""value"": 1800, ""raw"": ""1.8K"", ""source"": ""og:description"", ""status"": ""found""}, ""email"": {""value"": null, ""source"": null, ""status"": ""not_found""}, ""region"": {""value"": null, ""source"": null, ""evidence"": null, ""status"": ""not_found""}, ""language"": {""value"": ""English"", ""source"": ""bio"", ""confidence"": ""medium"", ""status"": ""found""}, ""ai"": {""primary_tool"": null, ""verdict"": ""yes"", ""evidence"": ""Rule-based keyword fallback""}}"
https://threads.net/@aigalexy,@aigalexy,Threads,13600,,"AIGC,Meta,DiscoveryOnly",New,2026-09-09T06:18:00Z,,English,,https://threads.net/@aigalexy,yes,2026-08-03T10:06:21Z,"SearXNG ""AI video creator"" site:threads.net",Threads scrape: followers=13600; language=English,https://threads.net/@aigalexy,,"{""platform"": ""Threads"", ""profile_url"": ""https://threads.net/@aigalexy"", ""handle"": ""@aigalexy"", ""follower"": {""value"": 13600, ""raw"": ""13.6K"", ""source"": ""og:description"", ""status"": ""found""}, ""email"": {""value"": null, ""source"": null, ""status"": ""not_found""}, ""region"": {""value"": null, ""source"": null, ""evidence"": null, ""status"": ""not_found""}, ""language"": {""value"": ""English"", ""source"": ""bio"", ""confidence"": ""medium"", ""status"": ""found""}, ""ai"": {""primary_tool"": null, ""verdict"": ""yes"", ""evidence"": ""Rule-based keyword fallback""}}"
https://threads.net/@mikel_aistudio,@mikel_aistudio,Threads,270,,"AIGC,Meta,DiscoveryOnly",New,2026-09-09T06:18:06Z,,English,,https://threads.net/@mikel_aistudio,yes,2026-08-03T10:06:21Z,"SearXNG ""AI video creator"" site:threads.net",Threads scrape: followers=270; language=English,https://threads.net/@mikel_aistudio,https://threads.net/@mikel_aistudio,"{""platform"": ""Threads"", ""profile_url"": ""https://threads.net/@mikel_aistudio"", ""handle"": ""@mikel_aistudio"", ""follower"": {""value"": 270, ""raw"": ""270"", ""source"": ""og:description"", ""status"": ""found""}, ""email"": {""value"": null, ""source"": null, ""status"": ""not_found""}, ""region"": {""value"": null, ""source"": null, ""evidence"": null, ""status"": ""not_found""}, ""language"": {""value"": ""English"", ""source"": ""bio"", ""confidence"": ""medium"", ""status"": ""found""}, ""ai"": {""primary_tool"": null, ""verdict"": ""yes"", ""evidence"": ""Rule-based keyword fallback""}}"
https://instagram.com/surajrewadia,@surajrewadia,Instagram,,,"AIGC,Meta,SearXNG,pending-computer_use,Sora,Runway",New,2026-08-05T10:13:01Z,,,Sora,https://www.instagram.com/surajrewadia/,unsure,2026-08-03T10:06:21Z,"SearXNG Meta site-scope: ""AI filmmaker"" ""Sora"" site:instagram.com -openai -runwayapp",Meta discovery-only; no computer_use; flag for seated read-only pass. Snippet: Creative Technologist (@surajrewadia) - AI Filmmaker - Instagram; 19K followers · 312 following · 118 posts · @surajrewadia: “ AI Filmmaker ... Comment (Sora) and check DM ❤️✌️ #sora #gta #gta #gta6 ...,,https://www.instagram.com/surajrewadia/,"{""discovery"":{""source"":""SearXNG site-scope"",""query"":""\""AI filmmaker\"" \""Sora\"" site:instagram.com -openai -runwayapp"",""url"":""https://www.instagram.com/surajrewadia/"",""snippet"":""Creative Technologist (@surajrewadia) - AI Filmmaker - Instagram; 19K followers · 312 following · 118 posts · @surajrewadia: “ AI Filmmaker ... Comment (Sora) and check DM ❤️✌️ #sora #gta #gta #gta6 ...""},""follower_count"":{""source"":""not_profiled"",""reason"":""Meta API credentials unavailable or no public Threads/personal-account API path during this no-computer_use run""},""aigc_verdict"":{""source"":""search_snippet_only"",""verdict"":""unsure"",""reason"":""ROUTINE.md rule 9 forbids inferring yes/no from snippets""},""manual_flag"":{""computer_use"":""seated read-only pass needed for personal/Threads or non-Graph-resolved Meta profiles""}}"
https://reddit.com/user/doogyhatts,u/doogyhatts,Reddit,,,"AIGC,AI video,Reddit",New,2026-08-10T02:12:34Z,,,Kling,https://www.reddit.com/user/doogyhatts/,unsure,2026-08-04T02:11:56Z,searxng site:reddit.com/user Kling AI video,Reddit discovery-only; no keyless profiling API from server IP; follower count intentionally empty.,,https://www.reddit.com/user/doogyhatts/,"{""discovery"":{""tool"":""searxng"",""query"":""site:reddit.com/user Kling AI video"",""source_url"":""https://www.reddit.com/user/doogyhatts/"",""title"":""doogyhatts (u/doogyhatts) - Reddit""}}"
https://reddit.com/user/mxmproductions69,u/MxMProductions69,Reddit,,,"AIGC,Reddit",New,2026-08-06T02:11:57Z,,,,,unsure,2026-08-04T02:11:56Z,"searxng ""AI filmmaker"" site:reddit.com/user",reddit discovery-only; no keyless profiling API; follower_count_empty; aigc_unsure,,https://www.reddit.com/user/MxMProductions69/,"{""discovery"":{""source"":""searxng"",""query"":""\""AI filmmaker\"" site:reddit.com/user"",""result_url"":""https://www.reddit.com/user/MxMProductions69/"",""title"":""u/MxMProductions69 - Reddit"",""snippet"":""This is Divyansh Mundra\u2014a novelist, content creator, and AI filmmaker. My new novel 'Mahabharat 2025' just became the #1 epic fantasy book in the country\u00a0...""},""aigc_verdict"":{""source"":""not_profiled_reddit_no_keyless_api"",""verdict"":""unsure""}}"
https://reddit.com/user/beautiful-essay1945,u/Beautiful-Essay1945,Reddit,,,"AIGC,Reddit,AI video",New,2026-08-04T02:11:56Z,,,,,unsure,2026-08-04T02:11:56Z,"SearXNG Reddit discovery: site:reddit.com/user ""AI video"" creator",Reddit discovery-only; no keyless profiling API; sole/small/follower count unverified. snippet says created an Instagram AI creator and AI video generator,,https://www.reddit.com/user/Beautiful-Essay1945/,"{""discovery"":{""source"":""SearXNG"",""query"":""site:reddit.com/user \""AI video\"" creator"",""url"":""https://www.reddit.com/user/Beautiful-Essay1945/"",""title"":""Dorksense (u/Beautiful-Essay1945) - Reddit"",""snippet"":""11 Jan 2026 ... I tried creating an Instagram AI creator! MEET SHREYA. r ... I created an AI Video generator that takes in script & outputs a 4k\u00a0...""},""aigc_verdict"":{""source"":""not_profiled_no_keyless_reddit_api"",""verdict"":""unsure""},""follower_count"":{""source"":""not_available_no_keyless_reddit_api"",""value"":""""}}"
https://reddit.com/user/eliciuss,u/Eliciuss,Reddit,,,"AIGC,Reddit,AI video",New,2026-08-04T02:11:56Z,,,,,unsure,2026-08-04T02:11:56Z,"SearXNG Reddit discovery: site:reddit.com/user ""AI video"" creator",Reddit discovery-only; no keyless profiling API; sole/small/follower count unverified. snippet discusses experience with long-form AI video generators,,https://www.reddit.com/user/Eliciuss/,"{""discovery"":{""source"":""SearXNG"",""query"":""site:reddit.com/user \""AI video\"" creator"",""url"":""https://www.reddit.com/user/Eliciuss/"",""title"":""u/Eliciuss - Reddit"",""snippet"":""best ai video generator for long form videos (1 min +)? ... I've tried quite a few of them. ... The consistency is far from perfect (like every AI video tool right\u00a0...""},""aigc_verdict"":{""source"":""not_profiled_no_keyless_reddit_api"",""verdict"":""unsure""},""follower_count"":{""source"":""not_available_no_keyless_reddit_api"",""value"":""""}}"
https://vimeo.com/onayef,Omar Nayef,Vimeo,156,,"AIGC,Vimeo,API",New,2026-08-08T06:34:38Z,"6th of October City, Giza Governorate, Egypt",,,https://vimeo.com/1163567258,unsure,2026-08-04T06:29:48Z,vimeo_api_refresh,API-only Vimeo refresh/discovery; visual AIGC review not performed in routine lane; sole_or_small: unknown,,https://www.omarnayef.com,"{""follower_count"":{""source"":""vimeo_api"",""url"":""https://api.vimeo.com/users/11491156""},""profile"":{""source"":""vimeo_api"",""url"":""https://vimeo.com/onayef""},""aigc_verdict"":{""source"":""api_text_only"",""url"":""https://vimeo.com/1163567258"",""note"":""Routine API lane does not infer visual verdict; left unsure unless already reviewed.""}}"
https://civitai.com/user/theinfiltrate,@THEINFILTRATE,Civitai,,,"AIGC,video",New,2026-08-04T06:29:48Z,,,,https://image.civitai.com/xG1nkqKTMzGDvpLrqFT7WA/57960eaf-2058-40cc-81b8-07677b485ff9/original=true/57960eaf-2058-40cc-81b8-07677b485ff9.mp4,yes,2026-08-04T06:29:48Z,Civitai API /images type=video discovery,Civitai public API type=video nsfw=false confirms AI video output; follower count not exposed,,https://civitai.com/user/THEINFILTRATE,"{""video_output"": {""source"": ""civitai_api"", ""url"": ""https://civitai.com/api/v1/images?username=THEINFILTRATE&type=video&nsfw=false"", ""count_returned"": 10}, ""aigc_verdict"": {""source"": ""civitai_api"", ""value"": ""yes"", ""reason"": ""Civitai content is AI-generated and type=video confirms video output""}}"
https://civitai.com/user/deepwhiteai,@DeepWhiteAI,Civitai,,,"AIGC,video",New,2026-08-04T06:29:48Z,,,,https://image.civitai.com/xG1nkqKTMzGDvpLrqFT7WA/cd186e49-5591-4d98-8c03-c3cfb37490ae/original=true/cd186e49-5591-4d98-8c03-c3cfb37490ae.mp4,yes,2026-08-04T06:29:48Z,Civitai API /images type=video discovery,Civitai public API type=video nsfw=false confirms AI video output; follower count not exposed,,https://civitai.com/user/DeepWhiteAI,"{""video_output"": {""source"": ""civitai_api"", ""url"": ""https://civitai.com/api/v1/images?username=DeepWhiteAI&type=video&nsfw=false"", ""count_returned"": 10}, ""aigc_verdict"": {""source"": ""civitai_api"", ""value"": ""yes"", ""reason"": ""Civitai content is AI-generated and type=video confirms video output""}}"
https://civitai.com/user/toxix_male_energy,toxix_male_energy,Civitai,,,"AIGC,Civitai,Video",New,2026-08-08T06:34:38Z,,,,https://image.civitai.com/xG1nkqKTMzGDvpLrqFT7WA/9f242fcb-acd8-46ef-bb30-667cd0ee3cfe/original=true/9f242fcb-acd8-46ef-bb30-667cd0ee3cfe.mp4,yes,2026-08-04T06:29:48Z,civitai_api_discovery:type=video&nsfw=false,"has public SFW video via Civitai API; video_item_id:139063474; stats:{""cryCount"":0,""laughCount"":0,""likeCount"":3,""dislikeCount"":0,""heartCount"":1,""commentCount"":0}",,https://civitai.com/user/toxix_male_energy,"{""video_content"": {""source"": ""civitai_api"", ""url"": ""https://image.civitai.com/xG1nkqKTMzGDvpLrqFT7WA/9f242fcb-acd8-46ef-bb30-667cd0ee3cfe/original=true/9f242fcb-acd8-46ef-bb30-667cd0ee3cfe.mp4"", ""item_id"": 139063474, ""type"": ""video""}, ""aigc_verdict"": {""source"": ""civitai_api"", ""url"": ""https://image.civitai.com/xG1nkqKTMzGDvpLrqFT7WA/9f242fcb-acd8-46ef-bb30-667cd0ee3cfe/original=true/9f242fcb-acd8-46ef-bb30-667cd0ee3cfe.mp4"", ""note"": ""Civitai content is AI-generated by platform definition; type=video confirms video output.""}}"
https://civitai.com/user/sky_little_viper,Sky_Little_Viper,Civitai,,,"AIGC,Civitai,video",New,2026-08-06T06:19:00Z,,,Civitai,https://civitai.com/posts/30199519,yes,2026-08-04T06:29:48Z,Civitai API /images type=video newest,"sole_or_small: unknown; video_item_id:138873536; stats:{""cryCount"":0,""laughCount"":0,""likeCount"":3,""dislikeCount"":0,""heartCount"":2,""commentCount"":0}",,https://civitai.com/user/Sky_Little_Viper,"{""aigc_verdict"": {""source"": ""civitai_api_type_video"", ""url"": ""https://civitai.com/posts/30199519"", ""note"": ""Civitai public REST returned SFW item with type=video; platform content is AI-generated by definition.""}, ""video_content"": {""source"": ""civitai_api"", ""url"": ""https://civitai.com/posts/30199519"", ""item_id"": 138873536}}"
https://threads.net/@emilyhandren,@emilyhandren,Threads,237,,"AIGC,Meta,Threads,Sora",New,2026-09-09T06:18:12Z,,English,Sora,https://threads.net/@emilyhandren,hybrid,2026-08-04T10:13:29Z,SearXNG Meta site-scope: AI video creator Sora site:threads.net,Threads scrape: followers=237; language=English,https://threads.net/@emilyhandren,https://www.threads.net/@emilyhandren,"{""platform"": ""Threads"", ""profile_url"": ""https://threads.net/@emilyhandren"", ""handle"": ""@emilyhandren"", ""follower"": {""value"": 237, ""raw"": ""237"", ""source"": ""og:description"", ""status"": ""found""}, ""email"": {""value"": null, ""source"": null, ""status"": ""not_found""}, ""region"": {""value"": null, ""source"": null, ""evidence"": null, ""status"": ""not_found""}, ""language"": {""value"": ""English"", ""source"": ""bio"", ""confidence"": ""medium"", ""status"": ""found""}, ""ai"": {""primary_tool"": null, ""verdict"": ""hybrid"", ""evidence"": ""Rule-based keyword fallback""}}"
https://threads.net/@marketrypro,@marketrypro,Threads,256600,,"AIGC,Meta,Threads,Sora",New,2026-09-09T06:18:19Z,,English,Sora,https://threads.net/@marketrypro,yes,2026-08-04T10:13:29Z,SearXNG Meta site-scope: AI video creator Sora site:threads.net,Threads scrape: followers=256600; language=English,https://threads.net/@marketrypro,https://threads.net/@marketrypro,"{""platform"": ""Threads"", ""profile_url"": ""https://threads.net/@marketrypro"", ""handle"": ""@marketrypro"", ""follower"": {""value"": 256600, ""raw"": ""256.6K"", ""source"": ""og:description"", ""status"": ""found""}, ""email"": {""value"": null, ""source"": null, ""status"": ""not_found""}, ""region"": {""value"": null, ""source"": null, ""evidence"": null, ""status"": ""not_found""}, ""language"": {""value"": ""English"", ""source"": ""bio"", ""confidence"": ""medium"", ""status"": ""found""}, ""ai"": {""primary_tool"": null, ""verdict"": ""yes"", ""evidence"": ""Rule-based keyword fallback""}}"
https://instagram.com/theblasian,@theblasian,Instagram,,,"AIGC,Meta,Instagram,Sora",New,2026-08-04T10:13:29Z,,,Sora,,unsure,2026-08-04T10:13:29Z,"SearXNG Meta site-scope: ""AI filmmaker"" ""Sora"" site:instagram.com","Meta routine discovery-only; META_GRAPH_TOKEN/META_IG_USER_ID not both present, so business_discovery profiling skipped; flagged for seated computer_use pass; no computer_use used. snippet: David Clark (@theblasian) • Instagram photos and videos When some people hear “AI filmmaker” or “AI bro,” they picture someone ... Sora ...",,https://www.instagram.com/theblasian/,"{""discovery"":{""source"":""SearXNG site-scope"",""query"":""\""AI filmmaker\"" \""Sora\"" site:instagram.com"",""url"":""https://www.instagram.com/theblasian/""},""aigc_verdict"":{""source"":""search_snippet_only"",""verdict"":""unsure"",""reason"":""ROUTINE rule 9: do not infer AIGCVerdict from search text""},""follower_count"":{""source"":""not_profiled"",""reason"":""no Meta Graph result in this run""},""manual_review"":{""needed"":true,""reason"":""personal/Threads/no-API-or-creds; seated computer_use pass required""}}"
https://instagram.com/avinashyap,@avinashyap,Instagram,,,"AIGC,Meta",New,2026-08-10T10:06:53Z,,,Runway,,unsure,2026-08-04T10:13:29Z,"SearXNG ""AI filmmaker"" ""Instagram photos and videos"" ""Runway"" site:instagram.com","Meta routine discovery lead; no computer_use. META_GRAPH_TOKEN or META_IG_USER_ID missing in this shell, so business_discovery was not run; account type unknown; flagged for seated computer_use pass if not later API-profiled.",,https://instagram.com/avinashyap,"{""discovery"":{""source"":""SearXNG"",""query"":""\""AI filmmaker\"" \""Instagram photos and videos\"" \""Runway\"" site:instagram.com"",""url"":""https://instagram.com/avinashyap"",""why"":""Avinashya | AI Filmmaker (@avinashyap) - Instagram 11 Jun 2026 ... ... followers \u00b7 482 following \u00b7 28 posts \u00b7 @avinashyap: \u201cProfessional photographer \u2192 AI filmmaker ... Runway's Aleph 2.0 just changed video editing ...""}}"
https://instagram.com/cavie2002,@cavie2002,Instagram,,,"AIGC,Meta,Instagram",New,2026-08-04T10:13:29Z,,,,,unsure,2026-08-04T10:13:29Z,"SearXNG Meta site-scope: ""AI video artist"" site:instagram.com","Meta routine discovery-only; META_GRAPH_TOKEN/META_IG_USER_ID not both present, so business_discovery profiling skipped; flagged for seated computer_use pass; no computer_use used. snippet: Isaac Rodriguez (@cavie2002) • Instagram photos and videos AI Video Artist - @primordialsouplabs · After a human extinction event, two animals form an unlikely friendship in the ruins of New York City. · One of my ...",,https://www.instagram.com/cavie2002/,"{""discovery"":{""source"":""SearXNG site-scope"",""query"":""\""AI video artist\"" site:instagram.com"",""url"":""https://www.instagram.com/cavie2002/""},""aigc_verdict"":{""source"":""search_snippet_only"",""verdict"":""unsure"",""reason"":""ROUTINE rule 9: do not infer AIGCVerdict from search text""},""follower_count"":{""source"":""not_profiled"",""reason"":""no Meta Graph result in this run""},""manual_review"":{""needed"":true,""reason"":""personal/Threads/no-API-or-creds; seated computer_use pass required""}}"
https://instagram.com/barbara.chira.ai.art,@barbara.chira.ai.art,Instagram,,,"AIGC,Meta,Instagram",New,2026-08-04T10:13:29Z,,,,,unsure,2026-08-04T10:13:29Z,"SearXNG Meta site-scope: ""AI video artist"" site:instagram.com","Meta routine discovery-only; META_GRAPH_TOKEN/META_IG_USER_ID not both present, so business_discovery profiling skipped; flagged for seated computer_use pass; no computer_use used. snippet: Misfits Studio (@barbara.chira.ai.art) • Instagram photos and videos ... AI video artist • Associate Producer & Director: Drift — an independent synthetic artist-in-residence in Barbara's ChatGPT Music Engine: Suno ...",,https://www.instagram.com/barbara.chira.ai.art/,"{""discovery"":{""source"":""SearXNG site-scope"",""query"":""\""AI video artist\"" site:instagram.com"",""url"":""https://www.instagram.com/barbara.chira.ai.art/""},""aigc_verdict"":{""source"":""search_snippet_only"",""verdict"":""unsure"",""reason"":""ROUTINE rule 9: do not infer AIGCVerdict from search text""},""follower_count"":{""source"":""not_profiled"",""reason"":""no Meta Graph result in this run""},""manual_review"":{""needed"":true,""reason"":""personal/Threads/no-API-or-creds; seated computer_use pass required""}}"
https://instagram.com/amos_winikoff,@amos_winikoff,Instagram,,,"AIGC,Meta,Instagram",New,2026-08-04T10:13:29Z,,,,,unsure,2026-08-04T10:13:29Z,"SearXNG Meta site-scope: ""AI video artist"" site:instagram.com","Meta routine discovery-only; META_GRAPH_TOKEN/META_IG_USER_ID not both present, so business_discovery profiling skipped; flagged for seated computer_use pass; no computer_use used. snippet: Amos Winikoff (@amos_winikoff) • Instagram photos and videos AI VIDEO ARTIST - DANCE PHOTOGRAPHER.",,https://www.instagram.com/amos_winikoff/,"{""discovery"":{""source"":""SearXNG site-scope"",""query"":""\""AI video artist\"" site:instagram.com"",""url"":""https://www.instagram.com/amos_winikoff/""},""aigc_verdict"":{""source"":""search_snippet_only"",""verdict"":""unsure"",""reason"":""ROUTINE rule 9: do not infer AIGCVerdict from search text""},""follower_count"":{""source"":""not_profiled"",""reason"":""no Meta Graph result in this run""},""manual_review"":{""needed"":true,""reason"":""personal/Threads/no-API-or-creds; seated computer_use pass required""}}"
https://instagram.com/pixlpa,@pixlpa,Instagram,,,"AIGC,Meta,Instagram",New,2026-08-04T10:13:29Z,,,,,unsure,2026-08-04T10:13:29Z,"SearXNG Meta site-scope: ""generative video"" ""artist"" site:instagram.com","Meta routine discovery-only; META_GRAPH_TOKEN/META_IG_USER_ID not both present, so business_discovery profiling skipped; flagged for seated computer_use pass; no computer_use used. snippet: Andrew Benson (@pixlpa) • Instagram photos and videos Visual Artist mashing pixels around, smearing the virtual paint, born under ... generative video and animation works evoke painterly abstraction while ...",,https://www.instagram.com/pixlpa/,"{""discovery"":{""source"":""SearXNG site-scope"",""query"":""\""generative video\"" \""artist\"" site:instagram.com"",""url"":""https://www.instagram.com/pixlpa/""},""aigc_verdict"":{""source"":""search_snippet_only"",""verdict"":""unsure"",""reason"":""ROUTINE rule 9: do not infer AIGCVerdict from search text""},""follower_count"":{""source"":""not_profiled"",""reason"":""no Meta Graph result in this run""},""manual_review"":{""needed"":true,""reason"":""personal/Threads/no-API-or-creds; seated computer_use pass required""}}"
https://instagram.com/sergioalbiac,@sergioalbiac,Instagram,,,"AIGC,Meta,Instagram",New,2026-08-04T10:13:29Z,,,,,unsure,2026-08-04T10:13:29Z,"SearXNG Meta site-scope: ""generative video"" ""artist"" site:instagram.com","Meta routine discovery-only; META_GRAPH_TOKEN/META_IG_USER_ID not both present, so business_discovery profiling skipped; flagged for seated computer_use pass; no computer_use used. snippet: Sergio Albiac (@sergioalbiac) • Instagram photos and videos Visual artist experimenting at the intersection of traditional media, deep ... ""Michelle"" (excerpt) ...",,https://www.instagram.com/sergioalbiac/,"{""discovery"":{""source"":""SearXNG site-scope"",""query"":""\""generative video\"" \""artist\"" site:instagram.com"",""url"":""https://www.instagram.com/sergioalbiac/""},""aigc_verdict"":{""source"":""search_snippet_only"",""verdict"":""unsure"",""reason"":""ROUTINE rule 9: do not infer AIGCVerdict from search text""},""follower_count"":{""source"":""not_profiled"",""reason"":""no Meta Graph result in this run""},""manual_review"":{""needed"":true,""reason"":""personal/Threads/no-API-or-creds; seated computer_use pass required""}}"
https://instagram.com/quasimondo,@quasimondo,Instagram,,,"AIGC,Meta,Instagram",New,2026-08-04T10:13:29Z,,,,,unsure,2026-08-04T10:13:29Z,"SearXNG Meta site-scope: ""generative video"" ""artist"" site:instagram.com","Meta routine discovery-only; META_GRAPH_TOKEN/META_IG_USER_ID not both present, so business_discovery profiling skipped; flagged for seated computer_use pass; no computer_use used. snippet: Mario Klingemann (@quasimondo) • Instagram photos and videos Artist and Neurographer working with artificial intelligence, data and systems. I don't read DMs - please email me if you need to get in touch.",,https://www.instagram.com/quasimondo/,"{""discovery"":{""source"":""SearXNG site-scope"",""query"":""\""generative video\"" \""artist\"" site:instagram.com"",""url"":""https://www.instagram.com/quasimondo/""},""aigc_verdict"":{""source"":""search_snippet_only"",""verdict"":""unsure"",""reason"":""ROUTINE rule 9: do not infer AIGCVerdict from search text""},""follower_count"":{""source"":""not_profiled"",""reason"":""no Meta Graph result in this run""},""manual_review"":{""needed"":true,""reason"":""personal/Threads/no-API-or-creds; seated computer_use pass required""}}"
https://instagram.com/jas___black,@jas___black,Instagram,,,"AIGC,Meta,Instagram",New,2026-08-04T10:13:29Z,,,,,unsure,2026-08-04T10:13:29Z,"SearXNG Meta site-scope: ""generative video"" ""artist"" site:instagram.com","Meta routine discovery-only; META_GRAPH_TOKEN/META_IG_USER_ID not both present, so business_discovery profiling skipped; flagged for seated computer_use pass; no computer_use used. snippet: Jas Black (@jas___black) • Instagram photos and videos Visual artist : Analog glitch, generative video, recycled materials ➖➖➖➖➖➖➖➖➖➖➖ ➖➖➖➖➖➖➖➖➖➖➖.",,https://www.instagram.com/jas___black/,"{""discovery"":{""source"":""SearXNG site-scope"",""query"":""\""generative video\"" \""artist\"" site:instagram.com"",""url"":""https://www.instagram.com/jas___black/""},""aigc_verdict"":{""source"":""search_snippet_only"",""verdict"":""unsure"",""reason"":""ROUTINE rule 9: do not infer AIGCVerdict from search text""},""follower_count"":{""source"":""not_profiled"",""reason"":""no Meta Graph result in this run""},""manual_review"":{""needed"":true,""reason"":""personal/Threads/no-API-or-creds; seated computer_use pass required""}}"
https://youtube.com/@slopandglory,@slopandglory,YouTube,64,not exposed,"AIGC,YouTube,Kling,Runway,small-creator",New,2026-09-03T08:00:34Z,,en,Runway,https://www.youtube.com/@slopandglory/videos,yes,2026-08-04T18:18:35Z,YouTube routine exact API refresh,api_refresh: YouTube subscribers=64; videos=2; channelId=UCGBzHHMY3WqB8E-DQOaYl4Q; recent_title=The Slop & Glory Podcast - Videos,https://www.youtube.com/feeds/videos.xml?channel_id=UCGBzHHMY3WqB8E-DQOaYl4Q,https://youtube.com/@slopandglory/about,"{""follower_count"": {""source"": ""yt-dlp.channel_info"", ""channelId"": ""UCGBzHHMY3WqB8E-DQOaYl4Q"", ""profileUrl"": ""https://youtube.com/@slopandglory""}, ""bio"": {""source"": ""yt-dlp.channel_description"", ""channel_id"": ""UCGBzHHMY3WqB8E-DQOaYl4Q"", ""preview"": ""The Slop & Glory Podcast hosted by Dr. Dreams \n\nWelcome to Slop & Glory \u2014 the podcast for AI filmmak""}, ""aigc_verdict"": {""source"": ""ollama.llama3.2"", ""verdict"": ""yes"", ""details"": ""Rule-based keyword extraction fallback""}, ""recent_uploads"": {""sample"": ""https://www.youtube.com/@slopandglory/videos"", ""sample_title"": ""The Slop & Glory Podcast - Videos""}}"
https://reddit.com/user/itchplease,u/itchplease,Reddit,,,"AIGC,Reddit",New,2026-08-06T02:11:57Z,,,,,unsure,2026-08-05T02:12:42Z,"searxng ""AI filmmaker"" site:reddit.com/user",reddit discovery-only; no keyless profiling API; follower_count_empty; aigc_unsure,,https://www.reddit.com/user/itchplease/,"{""discovery"":{""source"":""searxng"",""query"":""\""AI filmmaker\"" site:reddit.com/user"",""result_url"":""https://www.reddit.com/user/itchplease/"",""title"":""u/itchplease - Reddit"",""snippet"":""Fix ANY smudgy, muddy, unusable gen with this V2V Upsampling workflow | A must-have in my book for any AI Filmmaker \u00b7 itchplease commented 21 days ago. Thank\u00a0...""},""aigc_verdict"":{""source"":""not_profiled_reddit_no_keyless_api"",""verdict"":""unsure""}}"
https://reddit.com/user/longjumping-sun-9986,u/Longjumping-Sun-9986,Reddit,,,"AIGC,AI video,Reddit",New,2026-08-10T02:12:34Z,,,Kling,https://www.reddit.com/user/Longjumping-Sun-9986/,unsure,2026-08-05T02:12:42Z,searxng site:reddit.com/user Kling AI video,Reddit discovery-only; no keyless profiling API from server IP; follower count intentionally empty.,,https://www.reddit.com/user/Longjumping-Sun-9986/,"{""discovery"":{""tool"":""searxng"",""query"":""site:reddit.com/user Kling AI video"",""source_url"":""https://www.reddit.com/user/Longjumping-Sun-9986/"",""title"":""Longjumping-Sun-9986 - Reddit""}}"
https://reddit.com/user/winougan,u/Winougan,Reddit,,,"AIGC,Reddit,AI video",New,2026-08-05T02:12:42Z,,,,,unsure,2026-08-05T02:12:42Z,"SearXNG ""generative video"" site:reddit.com/user",Reddit discovery-only; follower_count unavailable without OAuth/API; AIGC not inferred from snippet,,https://www.reddit.com/user/Winougan/,"{""discovery"":{""source"":""SearXNG"",""query"":""\""generative video\"" site:reddit.com/user"",""url"":""https://www.reddit.com/user/Winougan/"",""snippet"":""u/Winougan: Professional rigger and animator turned Profesional AI consultant. Main focus is Comfui, LLMs, generative video and art.""},""aigc_verdict"":{""source"":""search snippet only; no Reddit keyless profiling API in routine"",""verdict"":""unsure""}}"
https://reddit.com/user/richardrosenman,u/richardrosenman,Reddit,,,"AIGC,Reddit,AI video",New,2026-08-05T02:12:42Z,,,,,unsure,2026-08-05T02:12:42Z,"SearXNG ""generative video"" site:reddit.com/user",Reddit discovery-only; follower_count unavailable without OAuth/API; AIGC not inferred from snippet,,https://www.reddit.com/user/richardrosenman/,"{""discovery"":{""source"":""SearXNG"",""query"":""\""generative video\"" site:reddit.com/user"",""url"":""https://www.reddit.com/user/richardrosenman/"",""snippet"":""Native 1080p AI Generative Video Services \u00b7 I've been heavily involved in gen ai video now for the last 6 months, especially for animation. However, the 720p\u00a0...""},""aigc_verdict"":{""source"":""search snippet only; no Reddit keyless profiling API in routine"",""verdict"":""unsure""}}"
https://vimeo.com/user8162466,Pushpendra Sharma,Vimeo,29,,"AIGC,Vimeo",New,2026-08-10T06:27:40Z,Paris,,,https://vimeo.com/1212734923,unsure,2026-08-05T06:10:34Z,Vimeo API /videos search: ai filmmaker generative video,videos_total: 28,,https://www.linkedin.com/in/pushpendra-sharma-1a428041/,"{""follower_count"":{""source"":""vimeo_api"",""url"":""https://api.vimeo.com/users/8162466""},""profile"":{""source"":""vimeo_api"",""url"":""https://vimeo.com/user8162466""},""aigc_verdict"":{""source"":""api_search_metadata"",""url"":""https://vimeo.com/1212734923"",""note"":""API search/profile only; visual frame review not performed in this routine lane""}}"
https://civitai.com/user/yao124144,Yao124144,Civitai,,,"AIGC,Civitai,video",New,2026-08-05T06:10:34Z,,,Civitai,https://image.civitai.com/xG1nkqKTMzGDvpLrqFT7WA/bc8c9f8c-4ef8-47da-96d6-a2cd02af9b7d/original=true/bc8c9f8c-4ef8-47da-96d6-a2cd02af9b7d.mp4,yes,2026-08-05T06:10:34Z,Civitai type=video global Newest discovery,Civitai public REST type=video nsfw=false returned public video items; follower count not exposed by this endpoint.,,https://civitai.com/user/Yao124144,"{""aigc_verdict"": {""source"": ""civitai_api_type_video"", ""url"": ""https://civitai.com/api/v1/images?username=Yao124144&type=video&nsfw=false""}, ""sample"": {""source"": ""civitai_api"", ""url"": ""https://image.civitai.com/xG1nkqKTMzGDvpLrqFT7WA/bc8c9f8c-4ef8-47da-96d6-a2cd02af9b7d/original=true/bc8c9f8c-4ef8-47da-96d6-a2cd02af9b7d.mp4""}}"
https://civitai.com/user/pervysaged,pervysaged,Civitai,,,"AIGC,Civitai,video",New,2026-08-27T06:15:44Z,,English,LoRA,https://civitai.com/user/pervysaged,yes,2026-08-05T06:10:34Z,Civitai type=video global Newest discovery,Civitai API: models=10; tags=character,https://civitai.com/user/pervysaged/models,,"{""platform"": ""Civitai"", ""username"": ""pervysaged"", ""model_count"": 10, ""top_tags"": [""character""], ""aigc_verdict"": ""yes"", ""ai_reasoning"": ""Rule-based fallback for Civitai creator""}"
https://facebook.com/kdjayakodypro,@kdjayakodypro,Facebook,,,"AIGC,Meta,SearXNG,pending-computer_use,Sora",New,2026-08-05T10:13:01Z,,,Sora,,unsure,2026-08-05T10:13:01Z,SearXNG Meta site-scope: Sora AI filmmaker site:facebook.com,"Meta discovery-only; no computer_use; flag for seated read-only pass. Snippet: OpenAI just released Sora! The most anticipated AI model is here ...; 9 Dec 2024 ... OpenAI's Sora: Revolutionizing Video Generation with AI at an Unprecedented Scale ✨ OpenAI's latest innovation, Sora, is making waves in the ...",,https://www.facebook.com/kdjayakodypro/posts/openai-just-released-sorathe-most-anticipated-ai-model-is-heresora-openais-video/4011370059149643/,"{""discovery"":{""source"":""SearXNG site-scope"",""query"":""Sora AI filmmaker site:facebook.com"",""url"":""https://www.facebook.com/kdjayakodypro/posts/openai-just-released-sorathe-most-anticipated-ai-model-is-heresora-openais-video/4011370059149643/"",""snippet"":""OpenAI just released Sora! The most anticipated AI model is here ...; 9 Dec 2024 ... OpenAI's Sora: Revolutionizing Video Generation with AI at an Unprecedented Scale ✨ OpenAI's latest innovation, Sora, is making waves in the ...""},""follower_count"":{""source"":""not_profiled"",""reason"":""Meta API credentials unavailable or no public Threads/personal-account API path during this no-computer_use run""},""aigc_verdict"":{""source"":""search_snippet_only"",""verdict"":""unsure"",""reason"":""ROUTINE.md rule 9 forbids inferring yes/no from snippets""},""manual_flag"":{""computer_use"":""seated read-only pass needed for personal/Threads or non-Graph-resolved Meta profiles""}}"
https://threads.net/@jillkillsme,@jillkillsme,Threads,593,,"AIGC,Meta,needs-seated-pass",New,2026-09-09T06:18:25Z,,English,Sora,https://threads.net/@jillkillsme,hybrid,2026-08-05T10:13:01Z,SearXNG Sora AI filmmaker site:threads.net,Threads scrape: followers=593; language=English,https://threads.net/@jillkillsme,https://threads.net/@jillkillsme,"{""platform"": ""Threads"", ""profile_url"": ""https://threads.net/@jillkillsme"", ""handle"": ""@jillkillsme"", ""follower"": {""value"": 593, ""raw"": ""593"", ""source"": ""og:description"", ""status"": ""found""}, ""email"": {""value"": null, ""source"": null, ""status"": ""not_found""}, ""region"": {""value"": null, ""source"": null, ""evidence"": null, ""status"": ""not_found""}, ""language"": {""value"": ""English"", ""source"": ""bio"", ""confidence"": ""medium"", ""status"": ""found""}, ""ai"": {""primary_tool"": null, ""verdict"": ""hybrid"", ""evidence"": ""Rule-based keyword fallback""}}"
https://threads.net/@vaibhavv.ai,@vaibhavv.ai,Threads,126800,collab.vaibhavai@gmail.com.,"AIGC,Meta,SearXNG,pending-computer_use,Runway,Kling",New,2026-09-09T06:18:32Z,,English,Runway,https://threads.net/@vaibhavv.ai,yes,2026-08-05T10:13:01Z,SearXNG Meta site-scope: Runway AI video creator site:threads.net,Threads scrape: followers=126800; email=collab.vaibhavai@gmail.com.; language=English,https://threads.net/@vaibhavv.ai,https://threads.net/@vaibhavv.ai,"{""platform"": ""Threads"", ""profile_url"": ""https://threads.net/@vaibhavv.ai"", ""handle"": ""@vaibhavv.ai"", ""follower"": {""value"": 126800, ""raw"": ""126.8K"", ""source"": ""og:description"", ""status"": ""found""}, ""email"": {""value"": ""collab.vaibhavai@gmail.com."", ""source"": ""bio"", ""status"": ""found""}, ""region"": {""value"": null, ""source"": null, ""evidence"": null, ""status"": ""not_found""}, ""language"": {""value"": ""English"", ""source"": ""bio"", ""confidence"": ""medium"", ""status"": ""found""}, ""ai"": {""primary_tool"": null, ""verdict"": ""yes"", ""evidence"": ""Rule-based keyword fallback""}}"
https://threads.net/@main_eelynnnn,@main_eelynnnn,Threads,342,,"AIGC,Meta,SearXNG,pending-computer_use,Runway,Kling",New,2026-09-09T06:18:38Z,,Simplified Chinese,Runway,https://threads.net/@main_eelynnnn,yes,2026-08-05T10:13:01Z,SearXNG Meta site-scope: Runway AI video creator site:threads.net,Threads scrape: followers=342; language=Simplified Chinese,https://threads.net/@main_eelynnnn,https://www.threads.net/@main_eelynnnn,"{""platform"": ""Threads"", ""profile_url"": ""https://threads.net/@main_eelynnnn"", ""handle"": ""@main_eelynnnn"", ""follower"": {""value"": 342, ""raw"": ""342"", ""source"": ""og:description"", ""status"": ""found""}, ""email"": {""value"": null, ""source"": null, ""status"": ""not_found""}, ""region"": {""value"": null, ""source"": null, ""evidence"": null, ""status"": ""not_found""}, ""language"": {""value"": ""Simplified Chinese"", ""source"": ""bio"", ""confidence"": ""high"", ""status"": ""found""}, ""ai"": {""primary_tool"": null, ""verdict"": ""yes"", ""evidence"": ""Rule-based keyword fallback""}}"
https://facebook.com/blair.adams,@blair.adams,Facebook,,,"AIGC,Meta,routine,Sora,Runway",New,2026-08-07T10:10:18Z,,,Sora,,unsure,2026-08-05T10:13:01Z,"SearXNG Meta site-scope: ""AI filmmaker"" ""Sora"" site:facebook.com -runwayml -openai",FB Page/Profile Graph unavailable in this run; flagged for seated computer_use pass,,https://facebook.com/blair.adams,"{""discovery"": {""source"": ""SearXNG"", ""query"": ""\""AI filmmaker\"" \""Sora\"" site:facebook.com -runwayml -openai"", ""url"": ""https://www.facebook.com/blair.adams/""}, ""follower_count"": {""source"": ""not_available_without_meta_graph_or_manual"", ""url"": ""https://facebook.com/blair.adams""}, ""aigc_verdict"": {""source"": ""search_snippet_only_not_inferred"", ""url"": ""https://www.facebook.com/blair.adams/""}, ""manual_review"": {""needed"": true, ""reason"": ""FB Page/Profile Graph unavailable in this run; flagged for seated computer_use pass""}, ""follower_raw_locale"": """"}"
https://facebook.com/tylerbernabe,@tylerbernabe,Facebook,,,"AIGC,Meta,SearXNG,pending-computer_use,Sora,Pika,Seedance",New,2026-08-05T10:13:01Z,,,Sora,,unsure,2026-08-05T10:13:01Z,"SearXNG Meta site-scope: ""AI filmmaker"" ""Sora"" site:facebook.com -news -OpenAI","Meta discovery-only; no computer_use; flag for seated read-only pass. Snippet: How to make kung fu AI short that are going viral. Seedance 2.0 + ...; 25 Mar 2026 ... ... Sora, Pika, Luma, Firefly, Synthesia, Hailuo. 1y · Public · TUTORIAL ... AI filmmaker shares 90s HK action anime short film made with ...",,https://www.facebook.com/tylerBernabe/posts/how-to-make-kung-fu-ai-short-that-are-going-viral-seedance-20-character-sheets-t/10237953501048239/,"{""discovery"":{""source"":""SearXNG site-scope"",""query"":""\""AI filmmaker\"" \""Sora\"" site:facebook.com -news -OpenAI"",""url"":""https://www.facebook.com/tylerBernabe/posts/how-to-make-kung-fu-ai-short-that-are-going-viral-seedance-20-character-sheets-t/10237953501048239/"",""snippet"":""How to make kung fu AI short that are going viral. Seedance 2.0 + ...; 25 Mar 2026 ... ... Sora, Pika, Luma, Firefly, Synthesia, Hailuo. 1y · Public · TUTORIAL ... AI filmmaker shares 90s HK action anime short film made with ...""},""follower_count"":{""source"":""not_profiled"",""reason"":""Meta API credentials unavailable or no public Threads/personal-account API path during this no-computer_use run""},""aigc_verdict"":{""source"":""search_snippet_only"",""verdict"":""unsure"",""reason"":""ROUTINE.md rule 9 forbids inferring yes/no from snippets""},""manual_flag"":{""computer_use"":""seated read-only pass needed for personal/Threads or non-Graph-resolved Meta profiles""}}"
https://facebook.com/filmmakingmasterclass,@filmmakingmasterclass,Facebook,,,"AIGC,Meta,SearXNG,pending-computer_use,Sora,Pika",New,2026-08-05T10:13:01Z,,,Sora,,unsure,2026-08-05T10:13:01Z,"SearXNG Meta site-scope: ""AI filmmaker"" ""Sora"" site:facebook.com -news -OpenAI","Meta discovery-only; no computer_use; flag for seated read-only pass. Snippet: This is my workflow on @higgsfield.ai to create this scene using the ...; 25 Nov 2025 ... ... Sora, Pika, Luma, Firefly, Synthesia, Hailuo. 1y · Public · A video I ... AI filmmaker No complex editing. No After Effects. No film crew ...",,https://www.facebook.com/filmmakingmasterclass/posts/this-is-my-workflow-on-higgsfieldai-to-create-this-scene-using-the-google-banana/869343352273625/,"{""discovery"":{""source"":""SearXNG site-scope"",""query"":""\""AI filmmaker\"" \""Sora\"" site:facebook.com -news -OpenAI"",""url"":""https://www.facebook.com/filmmakingmasterclass/posts/this-is-my-workflow-on-higgsfieldai-to-create-this-scene-using-the-google-banana/869343352273625/"",""snippet"":""This is my workflow on @higgsfield.ai to create this scene using the ...; 25 Nov 2025 ... ... Sora, Pika, Luma, Firefly, Synthesia, Hailuo. 1y · Public · A video I ... AI filmmaker No complex editing. No After Effects. No film crew ...""},""follower_count"":{""source"":""not_profiled"",""reason"":""Meta API credentials unavailable or no public Threads/personal-account API path during this no-computer_use run""},""aigc_verdict"":{""source"":""search_snippet_only"",""verdict"":""unsure"",""reason"":""ROUTINE.md rule 9 forbids inferring yes/no from snippets""},""manual_flag"":{""computer_use"":""seated read-only pass needed for personal/Threads or non-Graph-resolved Meta profiles""}}"
https://reddit.com/user/openluxe,u/OpenLuxe,Reddit,,,"AIGC,Reddit",New,2026-08-06T02:11:57Z,,,,,unsure,2026-08-06T02:11:57Z,"searxng ""AI filmmaker"" site:reddit.com/user",reddit discovery-only; no keyless profiling API; follower_count_empty; aigc_unsure,,https://www.reddit.com/user/OpenLuxe/,"{""discovery"":{""source"":""searxng"",""query"":""\""AI filmmaker\"" site:reddit.com/user"",""result_url"":""https://www.reddit.com/user/OpenLuxe/"",""title"":""OpenLuxe.co - Reddit"",""snippet"":""It's new and I just got my first AI filmmaker to publish on there so give him some love on his projects if you like them. https://openflix.co. Upvote 3""},""aigc_verdict"":{""source"":""not_profiled_reddit_no_keyless_api"",""verdict"":""unsure""}}"
https://reddit.com/user/marksta,u/Marksta,Reddit,,,"AIGC,Reddit",New,2026-08-06T02:11:57Z,,,,,unsure,2026-08-06T02:11:57Z,"searxng ""AI filmmaker"" site:reddit.com/user",reddit discovery-only; no keyless profiling API; follower_count_empty; aigc_unsure,,https://www.reddit.com/user/Marksta/,"{""discovery"":{""source"":""searxng"",""query"":""\""AI filmmaker\"" site:reddit.com/user"",""result_url"":""https://www.reddit.com/user/Marksta/"",""title"":""u/Marksta - Reddit"",""snippet"":""Marksta commented in 8 hr. As an AI Filmmaker. So how's that going for you?""},""aigc_verdict"":{""source"":""not_profiled_reddit_no_keyless_api"",""verdict"":""unsure""}}"
https://reddit.com/user/difficult-carob-5431,u/Difficult-Carob-5431,Reddit,,,"AIGC,AI video,Reddit",New,2026-08-10T02:12:34Z,,,Runway,https://www.reddit.com/user/Difficult-Carob-5431/,unsure,2026-08-06T02:11:57Z,searxng site:reddit.com/user Runway AI filmmaker,Reddit discovery-only; no keyless profiling API from server IP; follower count intentionally empty.,,https://www.reddit.com/user/Difficult-Carob-5431/,"{""discovery"":{""tool"":""searxng"",""query"":""site:reddit.com/user Runway AI filmmaker"",""source_url"":""https://www.reddit.com/user/Difficult-Carob-5431/"",""title"":""Edmund Lloyd (u/Difficult-Carob-5431) - Reddit""}}"
https://reddit.com/user/appropriate-lime-323,u/Appropriate-Lime-323,Reddit,,,"AIGC,Reddit,discovery-only",New,2026-08-09T02:16:08Z,,,,,unsure,2026-08-06T02:11:57Z,"SearXNG/ddgs Reddit discovery; query=""AI filmmaker"" site:reddit.com/user; tool=searxng",Reddit discovery-only; no keyless profiling API; follower count intentionally empty.,,https://www.reddit.com/user/Appropriate-Lime-323/,"{""identity"":{""source"":""searxng"",""url"":""https://www.reddit.com/user/Appropriate-Lime-323/""},""discovery"":{""source"":""searxng"",""url"":""https://www.reddit.com/user/Appropriate-Lime-323/"",""snippet"":""B UDAY KUMAR (u/Appropriate-Lime-323) - Reddit | 8 days ago ... AI Filmmaker | Prompt Engineer | Motion Graphics Artist. Helping brands create cinematic AI-powered ads, storytelling videos,\u00a0...""},""aigc_verdict"":{""source"":""search_snippet_only"",""verdict"":""unsure""}}"
https://reddit.com/user/accomplished-kiwi504,u/Accomplished-Kiwi504,Reddit,,,"AIGC,Reddit",New,2026-08-06T02:11:57Z,,,,,unsure,2026-08-06T02:11:57Z,"searxng ""AI filmmaker"" site:reddit.com/user",reddit discovery-only; no keyless profiling API; follower_count_empty; aigc_unsure,,https://www.reddit.com/user/Accomplished-Kiwi504/,"{""discovery"":{""source"":""searxng"",""query"":""\""AI filmmaker\"" site:reddit.com/user"",""result_url"":""https://www.reddit.com/user/Accomplished-Kiwi504/"",""title"":""Drillup vroy!! (u/Accomplished-Kiwi504) - Reddit"",""snippet"":""21 Jun 2022 ... Can we collaborate? I need an Ai filmmaker to bring my stories to life.""},""aigc_verdict"":{""source"":""not_profiled_reddit_no_keyless_api"",""verdict"":""unsure""}}"
https://reddit.com/user/pompom-chicken,u/pompom-chicken,Reddit,,,"AIGC,Reddit",New,2026-08-06T02:11:57Z,,,,,unsure,2026-08-06T02:11:57Z,"searxng ""AI filmmaker"" site:reddit.com/user",reddit discovery-only; no keyless profiling API; follower_count_empty; aigc_unsure,,https://www.reddit.com/user/pompom-chicken/,"{""discovery"":{""source"":""searxng"",""query"":""\""AI filmmaker\"" site:reddit.com/user"",""result_url"":""https://www.reddit.com/user/pompom-chicken/"",""title"":""u/pompom-chicken - Reddit"",""snippet"":""... me the ultimate prompt writer for Gen ai And then I'll be able to call myself a \u201cphotographer\u201d like those AI \u201cfilmmaker\u201d people. Upvote 1. Downvote Reply\u00a0...""},""aigc_verdict"":{""source"":""not_profiled_reddit_no_keyless_api"",""verdict"":""unsure""}}"
https://reddit.com/user/saminsocks,u/saminsocks,Reddit,,,"AIGC,Reddit",New,2026-08-06T02:11:57Z,,,,https://www.reddit.com/user/saminsocks/comments/,unsure,2026-08-06T02:11:57Z,"searxng ""AI filmmaker"" site:reddit.com/user",reddit discovery-only; no keyless profiling API; follower_count_empty; aigc_unsure,,https://www.reddit.com/user/saminsocks/comments/,"{""discovery"":{""source"":""searxng"",""query"":""\""AI filmmaker\"" site:reddit.com/user"",""result_url"":""https://www.reddit.com/user/saminsocks/comments/"",""title"":""u/saminsocks - Reddit"",""snippet"":""... posts constantly move. But if you're going to blame the strikes, you may as well pivot to becoming an AI filmmaker, too. Upvote 1. Downvote Reply reply.""},""aigc_verdict"":{""source"":""not_profiled_reddit_no_keyless_api"",""verdict"":""unsure""}}"
https://reddit.com/user/om_houdhary,@Om_houdhary,Reddit,,,"AIGC,Reddit,search-index",New,2026-08-08T02:16:33Z,,,,https://www.reddit.com/user/Om_houdhary/,unsure,2026-08-06T02:11:57Z,"searxng ""AI video creator"" site:reddit.com/user",Reddit discovery-only; no keyless profiling API from this host; follower count intentionally empty; AIGC verdict unsure.,,https://www.reddit.com/user/Om_houdhary/,"{""discovery"":{""source"":""searxng"",""query"":""\""AI video creator\"" site:reddit.com/user"",""url"":""https://www.reddit.com/user/Om_houdhary/"",""title"":""Om_houdhary - Reddit"",""snippet"":""I'm looking for an AI video creator who can make fantasy / cinematic AI storytelling videos with characters, environments, scenes, and storytelling.""},""aigc_verdict"":{""source"":""search_index_only"",""verdict"":""unsure""},""follower_count"":{""source"":""not_profiled_no_keyless_reddit_api"",""value"":""""}}"
https://reddit.com/user/lunchplastic2682,u/LunchPlastic2682,Reddit,,,"AIGC,Reddit",New,2026-08-06T02:11:57Z,,,,,unsure,2026-08-06T02:11:57Z,"searxng ""AI video creator"" site:reddit.com/user",reddit discovery-only; no keyless profiling API; follower_count_empty; aigc_unsure,,https://www.reddit.com/user/LunchPlastic2682/,"{""discovery"":{""source"":""searxng"",""query"":""\""AI video creator\"" site:reddit.com/user"",""result_url"":""https://www.reddit.com/user/LunchPlastic2682/"",""title"":""u/LunchPlastic2682 - Reddit"",""snippet"":""Join. Options. Report. AI Video Creator/Editor Needed for 30-Minute YouTube Story Videos \u00b7 [removed]. Sorry, this post was removed by Reddit's filters. Upvote 0""},""aigc_verdict"":{""source"":""not_profiled_reddit_no_keyless_api"",""verdict"":""unsure""}}"
https://reddit.com/user/smereces,Cyber_Art (u/smereces),Reddit,,,"AIGC,AI video,Reddit",New,2026-08-11T02:20:08Z,,,,https://www.reddit.com/user/smereces/,unsure,2026-08-06T02:11:57Z,"searxng ""AI video creator"" site:reddit.com/user",Reddit discovery-only; FollowerCount empty and AIGCVerdict=unsure per ROUTINE.md rule 9; no computer_use.,,https://www.reddit.com/user/smereces/,"{""identity"":{""source"":""searxng"",""url"":""https://www.reddit.com/user/smereces/"",""query"":""\""AI video creator\"" site:reddit.com/user""},""aigc_verdict"":{""source"":""not_profiled"",""reason"":""Reddit has no keyless profiling API in routine; search snippet only, per ROUTINE.md rule 9""},""discovery_snippet"":""u/smereces: AI VIDEO CREATOR ✨ Ai Shorts & Environments Supporting Like and Following! https://www.instagram.com/cyber_ai_shorts…""}"
https://reddit.com/user/zestyclose-use9011,@Zestyclose-Use9011,Reddit,,,"AIGC,Reddit,search-index",New,2026-08-08T02:16:33Z,,,,https://www.reddit.com/user/Zestyclose-Use9011/,unsure,2026-08-06T02:11:57Z,"searxng ""AI video creator"" site:reddit.com/user",Reddit discovery-only; no keyless profiling API from this host; follower count intentionally empty; AIGC verdict unsure.,,https://www.reddit.com/user/Zestyclose-Use9011/,"{""discovery"":{""source"":""searxng"",""query"":""\""AI video creator\"" site:reddit.com/user"",""url"":""https://www.reddit.com/user/Zestyclose-Use9011/"",""title"":""KlipZi (u/Zestyclose-Use9011) - Simon Crack - Reddit"",""snippet"":""Looking for an AI Video Creator for Real Product Ads \u00b7 Zestyclose-Use9011 commented 8 days ago. The biggest quality difference usually comes from the input\u00a0...""},""aigc_verdict"":{""source"":""search_index_only"",""verdict"":""unsure""},""follower_count"":{""source"":""not_profiled_no_keyless_reddit_api"",""value"":""""}}"
https://reddit.com/user/sairaj_jadhao,@Sairaj_Jadhao,Reddit,,,"AIGC,Reddit,search-index",New,2026-08-08T02:16:33Z,,,,https://www.reddit.com/user/Sairaj_Jadhao/,unsure,2026-08-06T02:11:57Z,"searxng ""AI video creator"" site:reddit.com/user",Reddit discovery-only; no keyless profiling API from this host; follower count intentionally empty; AIGC verdict unsure.,,https://www.reddit.com/user/Sairaj_Jadhao/,"{""discovery"":{""source"":""searxng"",""query"":""\""AI video creator\"" site:reddit.com/user"",""url"":""https://www.reddit.com/user/Sairaj_Jadhao/"",""title"":""u/Sairaj_Jadhao - Reddit"",""snippet"":""Share. r/HireAnEditor \u2022. Hiring: Video Editor / Graphic Designer / AI Video Creator (Remote) \u00b7 Sairaj_Jadhao commented 8 days ago. Intrested. Upvote 1""},""aigc_verdict"":{""source"":""search_index_only"",""verdict"":""unsure""},""follower_count"":{""source"":""not_profiled_no_keyless_reddit_api"",""value"":""""}}"
https://reddit.com/user/jibitesh-69,@jibitesh-69,Reddit,,,"AIGC,Reddit,search-index",New,2026-08-08T02:16:33Z,,,,https://www.reddit.com/user/jibitesh-69/,unsure,2026-08-06T02:11:57Z,"searxng ""AI video creator"" site:reddit.com/user",Reddit discovery-only; no keyless profiling API from this host; follower count intentionally empty; AIGC verdict unsure.,,https://www.reddit.com/user/jibitesh-69/,"{""discovery"":{""source"":""searxng"",""query"":""\""AI video creator\"" site:reddit.com/user"",""url"":""https://www.reddit.com/user/jibitesh-69/"",""title"":""StupidStud (u/jibitesh-69) - Reddit"",""snippet"":""Urgent needed 3D AI video creator for a product ad for instagram reels. Budget = 3k inr / 35 usd.""},""aigc_verdict"":{""source"":""search_index_only"",""verdict"":""unsure""},""follower_count"":{""source"":""not_profiled_no_keyless_reddit_api"",""value"":""""}}"
https://reddit.com/user/notomatillo1851,u/NoTomatillo1851,Reddit,,,"AIGC,Reddit",New,2026-08-06T02:11:57Z,,,,,unsure,2026-08-06T02:11:57Z,"searxng ""AI video creator"" site:reddit.com/user",reddit discovery-only; no keyless profiling API; follower_count_empty; aigc_unsure,,https://www.reddit.com/user/NoTomatillo1851/,"{""discovery"":{""source"":""searxng"",""query"":""\""AI video creator\"" site:reddit.com/user"",""result_url"":""https://www.reddit.com/user/NoTomatillo1851/"",""title"":""Yzzi (u/NoTomatillo1851) - Reddit"",""snippet"":""... \u2022. [Hiring] AI Video Creator for Viral TikTok Transformation Content (Kling / Higgsfield) \u00b7 NoTomatillo1851 commented 2 mo. ago. Let's talk. Upvote 1""},""aigc_verdict"":{""source"":""not_profiled_reddit_no_keyless_api"",""verdict"":""unsure""}}"
https://vimeo.com/user30237531,Eduonix Learning,Vimeo,18,,"AIGC,Vimeo,API",New,2026-08-08T06:34:38Z,,,Veo,https://vimeo.com/1135233499,unsure,2026-08-06T06:19:00Z,vimeo_api_refresh,API-only Vimeo refresh/discovery; visual AIGC review not performed in routine lane; sole_or_small: unknown,,https://vimeo.com/user30237531,"{""follower_count"":{""source"":""vimeo_api"",""url"":""https://api.vimeo.com/users/30237531""},""profile"":{""source"":""vimeo_api"",""url"":""https://vimeo.com/user30237531""},""aigc_verdict"":{""source"":""api_text_only"",""url"":""https://vimeo.com/1135233499"",""note"":""Routine API lane does not infer visual verdict; left unsure unless already reviewed.""}}"
https://vimeo.com/user212242779,streamr.ai,Vimeo,2,,"AIGC,Vimeo,API",New,2026-08-08T06:34:38Z,,,Veo,https://vimeo.com/1154385054,unsure,2026-08-06T06:19:00Z,vimeo_api_refresh,API-only Vimeo refresh/discovery; visual AIGC review not performed in routine lane; sole_or_small: unknown,,https://vimeo.com/user212242779,"{""follower_count"":{""source"":""vimeo_api"",""url"":""https://api.vimeo.com/users/212242779""},""profile"":{""source"":""vimeo_api"",""url"":""https://vimeo.com/user212242779""},""aigc_verdict"":{""source"":""api_text_only"",""url"":""https://vimeo.com/1154385054"",""note"":""Routine API lane does not infer visual verdict; left unsure unless already reviewed.""}}"
https://vimeo.com/user29024043,dominic hawgood,Vimeo,36,,"AIGC,Vimeo,API,ComfyUI",New,2026-08-08T06:34:38Z,,,ComfyUI,https://vimeo.com/1210540712,unsure,2026-08-06T06:19:00Z,vimeo_api_refresh,API-only Vimeo refresh/discovery; visual AIGC review not performed in routine lane; sole_or_small: unknown,,https://vimeo.com/user29024043,"{""follower_count"":{""source"":""vimeo_api"",""url"":""https://api.vimeo.com/users/29024043""},""profile"":{""source"":""vimeo_api"",""url"":""https://vimeo.com/user29024043""},""aigc_verdict"":{""source"":""api_text_only"",""url"":""https://vimeo.com/1210540712"",""note"":""Routine API lane does not infer visual verdict; left unsure unless already reviewed.""}}"
https://vimeo.com/user137307609,Liudmyla Gushchyk,Vimeo,0,,"AIGC,Vimeo,API",New,2026-08-08T06:34:38Z,,,Veo,https://vimeo.com/1211995905,unsure,2026-08-06T06:19:00Z,vimeo_api_refresh,API-only Vimeo refresh/discovery; visual AIGC review not performed in routine lane; sole_or_small: unknown,,https://vimeo.com/user137307609,"{""follower_count"":{""source"":""vimeo_api"",""url"":""https://api.vimeo.com/users/137307609""},""profile"":{""source"":""vimeo_api"",""url"":""https://vimeo.com/user137307609""},""aigc_verdict"":{""source"":""api_text_only"",""url"":""https://vimeo.com/1211995905"",""note"":""Routine API lane does not infer visual verdict; left unsure unless already reviewed.""}}"
https://civitai.com/user/derangedape,DerangedApe,Civitai,,,"AIGC,Civitai,video",New,2026-08-06T06:19:00Z,,,Civitai,https://civitai.com/posts/30217521,yes,2026-08-06T06:19:00Z,Civitai API /images type=video newest,"sole_or_small: unknown; video_item_id:138892963; stats:{""cryCount"":0,""laughCount"":0,""likeCount"":0,""dislikeCount"":0,""heartCount"":0,""commentCount"":0}",,https://civitai.com/user/DerangedApe,"{""aigc_verdict"": {""source"": ""civitai_api_type_video"", ""url"": ""https://civitai.com/posts/30217521"", ""note"": ""Civitai public REST returned SFW item with type=video; platform content is AI-generated by definition.""}, ""video_content"": {""source"": ""civitai_api"", ""url"": ""https://civitai.com/posts/30217521"", ""item_id"": 138892963}}"
https://civitai.com/user/ertyer,Ertyer,Civitai,,,"AIGC,Civitai,video",New,2026-08-06T06:19:00Z,,,Civitai,https://civitai.com/posts/30216065,yes,2026-08-06T06:19:00Z,Civitai API /images type=video newest,"sole_or_small: unknown; video_item_id:138884916; stats:{""cryCount"":0,""laughCount"":0,""likeCount"":0,""dislikeCount"":0,""heartCount"":0,""commentCount"":0}",,https://civitai.com/user/Ertyer,"{""aigc_verdict"": {""source"": ""civitai_api_type_video"", ""url"": ""https://civitai.com/posts/30216065"", ""note"": ""Civitai public REST returned SFW item with type=video; platform content is AI-generated by definition.""}, ""video_content"": {""source"": ""civitai_api"", ""url"": ""https://civitai.com/posts/30216065"", ""item_id"": 138884916}}"
https://civitai.com/user/comethri,Comethri,Civitai,,,"AIGC,Civitai,video",New,2026-08-06T06:19:00Z,,,Civitai,https://civitai.com/posts/30215494,yes,2026-08-06T06:19:00Z,Civitai API /images type=video newest,"sole_or_small: unknown; video_item_id:138882583; stats:{""cryCount"":0,""laughCount"":0,""likeCount"":1,""dislikeCount"":0,""heartCount"":0,""commentCount"":0}",,https://civitai.com/user/Comethri,"{""aigc_verdict"": {""source"": ""civitai_api_type_video"", ""url"": ""https://civitai.com/posts/30215494"", ""note"": ""Civitai public REST returned SFW item with type=video; platform content is AI-generated by definition.""}, ""video_content"": {""source"": ""civitai_api"", ""url"": ""https://civitai.com/posts/30215494"", ""item_id"": 138882583}}"
https://civitai.com/user/voidscreamer,VoidScreamer,Civitai,,,"AIGC,Civitai,video",New,2026-08-06T06:19:00Z,,,Civitai,https://civitai.com/posts/30213657,yes,2026-08-06T06:19:00Z,Civitai API /images type=video newest,"sole_or_small: unknown; video_item_id:138873301; stats:{""cryCount"":1,""laughCount"":1,""likeCount"":1,""dislikeCount"":0,""heartCount"":1,""commentCount"":0}",,https://civitai.com/user/VoidScreamer,"{""aigc_verdict"": {""source"": ""civitai_api_type_video"", ""url"": ""https://civitai.com/posts/30213657"", ""note"": ""Civitai public REST returned SFW item with type=video; platform content is AI-generated by definition.""}, ""video_content"": {""source"": ""civitai_api"", ""url"": ""https://civitai.com/posts/30213657"", ""item_id"": 138873301}}"
https://civitai.com/user/anponman,AnPonman,Civitai,,,"AIGC,Civitai,Video",New,2026-08-27T06:16:04Z,,English,,https://civitai.com/user/anponman888,yes,2026-08-06T06:19:00Z,civitai_api_discovery:type=video&nsfw=false,Civitai API: models=0; tags=,https://civitai.com/user/anponman888/models,,"{""platform"": ""Civitai"", ""username"": ""anponman888"", ""model_count"": 0, ""top_tags"": [], ""aigc_verdict"": ""yes"", ""ai_reasoning"": ""Brief quote/reason""}"
https://civitai.com/user/fellowricky,fellowricky,Civitai,,,"AIGC,Civitai,video",New,2026-08-27T06:16:20Z,,English,Wan 2.2,https://civitai.com/user/fellowricky,yes,2026-08-06T06:19:00Z,Civitai API /images type=video newest,"Civitai API: models=2; tags=sprite, tool, character, pixel",https://civitai.com/user/fellowricky/models,,"{""platform"": ""Civitai"", ""username"": ""fellowricky"", ""model_count"": 2, ""top_tags"": [""sprite"", ""tool"", ""character"", ""pixel""], ""aigc_verdict"": ""yes"", ""ai_reasoning"": ""Automates conversion of a single sprite image into game-ready assets""}"
https://civitai.com/user/7zack,7Zack,Civitai,,,"AIGC,Civitai,video",New,2026-08-06T06:19:00Z,,,Civitai,https://civitai.com/posts/30215107,yes,2026-08-06T06:19:00Z,Civitai API /images type=video newest,"sole_or_small: unknown; video_item_id:138880964; stats:{""cryCount"":0,""laughCount"":0,""likeCount"":2,""dislikeCount"":0,""heartCount"":0,""commentCount"":0}",,https://civitai.com/user/7Zack,"{""aigc_verdict"": {""source"": ""civitai_api_type_video"", ""url"": ""https://civitai.com/posts/30215107"", ""note"": ""Civitai public REST returned SFW item with type=video; platform content is AI-generated by definition.""}, ""video_content"": {""source"": ""civitai_api"", ""url"": ""https://civitai.com/posts/30215107"", ""item_id"": 138880964}}"
https://civitai.com/user/robotka,Robotka,Civitai,,,"AIGC,Civitai,video",New,2026-08-06T06:19:00Z,,,Civitai,https://civitai.com/posts/30212878,yes,2026-08-06T06:19:00Z,Civitai API /images type=video newest,"sole_or_small: unknown; video_item_id:138869368; stats:{""cryCount"":0,""laughCount"":0,""likeCount"":3,""dislikeCount"":0,""heartCount"":0,""commentCount"":1}",,https://civitai.com/user/Robotka,"{""aigc_verdict"": {""source"": ""civitai_api_type_video"", ""url"": ""https://civitai.com/posts/30212878"", ""note"": ""Civitai public REST returned SFW item with type=video; platform content is AI-generated by definition.""}, ""video_content"": {""source"": ""civitai_api"", ""url"": ""https://civitai.com/posts/30212878"", ""item_id"": 138869368}}"
https://civitai.com/user/karlcrane2015,karlcrane2015,Civitai,,,"AIGC,Civitai,video",New,2026-08-27T06:16:43Z,,English,LoRA,https://civitai.com/user/karlcrane2015,yes,2026-08-06T06:19:00Z,Civitai API /images type=video newest,"Civitai API: models=7; tags=mountain, landscape, nature, cg, cyberpu",https://civitai.com/user/karlcrane2015/models,,"{""platform"": ""Civitai"", ""username"": ""karlcrane2015"", ""model_count"": 7, ""top_tags"": [""mountain"", ""landscape"", ""nature"", ""cg"", ""cyberpunk""], ""aigc_verdict"": ""yes"", ""ai_reasoning"": ""Rule-based fallback for Civitai creator""}"
https://civitai.com/user/thelocallab,TheLocalLab,Civitai,,,"AIGC,Civitai,video",New,2026-08-06T06:19:00Z,,,Civitai,https://civitai.com/posts/30213732,yes,2026-08-06T06:19:00Z,Civitai API /images type=video newest,"sole_or_small: unknown; video_item_id:138873759; stats:{""cryCount"":0,""laughCount"":0,""likeCount"":0,""dislikeCount"":0,""heartCount"":0,""commentCount"":0}",,https://civitai.com/user/TheLocalLab,"{""aigc_verdict"": {""source"": ""civitai_api_type_video"", ""url"": ""https://civitai.com/posts/30213732"", ""note"": ""Civitai public REST returned SFW item with type=video; platform content is AI-generated by definition.""}, ""video_content"": {""source"": ""civitai_api"", ""url"": ""https://civitai.com/posts/30213732"", ""item_id"": 138873759}}"
https://civitai.com/user/8864846846,8864846846,Civitai,,,"AIGC,Civitai,video",New,2026-08-06T06:19:00Z,,,Civitai,https://civitai.com/posts/30213681,yes,2026-08-06T06:19:00Z,Civitai API /images type=video newest,"sole_or_small: unknown; video_item_id:138873436; stats:{""cryCount"":2,""laughCount"":2,""likeCount"":1,""dislikeCount"":0,""heartCount"":1,""commentCount"":0}",,https://civitai.com/user/8864846846,"{""aigc_verdict"": {""source"": ""civitai_api_type_video"", ""url"": ""https://civitai.com/posts/30213681"", ""note"": ""Civitai public REST returned SFW item with type=video; platform content is AI-generated by definition.""}, ""video_content"": {""source"": ""civitai_api"", ""url"": ""https://civitai.com/posts/30213681"", ""item_id"": 138873436}}"
https://civitai.com/user/brrrrzzzz,brrrrzzzz,Civitai,,,"AIGC,Civitai,video",New,2026-08-06T06:19:00Z,,,Civitai,https://civitai.com/posts/30213674,yes,2026-08-06T06:19:00Z,Civitai API /images type=video newest,"sole_or_small: unknown; video_item_id:138873374; stats:{""cryCount"":0,""laughCount"":0,""likeCount"":2,""dislikeCount"":0,""heartCount"":1,""commentCount"":0}",,https://civitai.com/user/brrrrzzzz,"{""aigc_verdict"": {""source"": ""civitai_api_type_video"", ""url"": ""https://civitai.com/posts/30213674"", ""note"": ""Civitai public REST returned SFW item with type=video; platform content is AI-generated by definition.""}, ""video_content"": {""source"": ""civitai_api"", ""url"": ""https://civitai.com/posts/30213674"", ""item_id"": 138873374}}"
https://civitai.com/user/evilpeterpan,EvilPeterPan,Civitai,,,"AIGC,Civitai,video",New,2026-08-06T06:19:00Z,,,Civitai,https://civitai.com/posts/30212673,yes,2026-08-06T06:19:00Z,Civitai API /images type=video newest,"sole_or_small: unknown; video_item_id:138868457; stats:{""cryCount"":0,""laughCount"":0,""likeCount"":1,""dislikeCount"":0,""heartCount"":0,""commentCount"":0}",,https://civitai.com/user/EvilPeterPan,"{""aigc_verdict"": {""source"": ""civitai_api_type_video"", ""url"": ""https://civitai.com/posts/30212673"", ""note"": ""Civitai public REST returned SFW item with type=video; platform content is AI-generated by definition.""}, ""video_content"": {""source"": ""civitai_api"", ""url"": ""https://civitai.com/posts/30212673"", ""item_id"": 138868457}}"
https://civitai.com/user/kiwahkiwah,KiwahKiwah,Civitai,,,"AIGC,Civitai,video",New,2026-08-06T06:19:00Z,,,Civitai,https://civitai.com/posts/30213462,yes,2026-08-06T06:19:00Z,Civitai API /images type=video newest,"sole_or_small: unknown; video_item_id:138872116; stats:{""cryCount"":0,""laughCount"":0,""likeCount"":0,""dislikeCount"":0,""heartCount"":0,""commentCount"":0}",,https://civitai.com/user/KiwahKiwah,"{""aigc_verdict"": {""source"": ""civitai_api_type_video"", ""url"": ""https://civitai.com/posts/30213462"", ""note"": ""Civitai public REST returned SFW item with type=video; platform content is AI-generated by definition.""}, ""video_content"": {""source"": ""civitai_api"", ""url"": ""https://civitai.com/posts/30213462"", ""item_id"": 138872116}}"
https://civitai.com/user/urbat33r,Urbat33r,Civitai,,,"AIGC,Civitai,video",New,2026-08-06T06:19:00Z,,,Civitai,https://civitai.com/posts/30213313,yes,2026-08-06T06:19:00Z,Civitai API /images type=video newest,"sole_or_small: unknown; video_item_id:138871291; stats:{""cryCount"":0,""laughCount"":0,""likeCount"":2,""dislikeCount"":0,""heartCount"":0,""commentCount"":0}",,https://civitai.com/user/Urbat33r,"{""aigc_verdict"": {""source"": ""civitai_api_type_video"", ""url"": ""https://civitai.com/posts/30213313"", ""note"": ""Civitai public REST returned SFW item with type=video; platform content is AI-generated by definition.""}, ""video_content"": {""source"": ""civitai_api"", ""url"": ""https://civitai.com/posts/30213313"", ""item_id"": 138871291}}"
https://civitai.com/user/morbiusgreen,morbiusgreen,Civitai,,,"AIGC,Civitai,video",New,2026-08-06T06:19:00Z,,,Civitai,https://civitai.com/posts/30020699,yes,2026-08-06T06:19:00Z,Civitai API /images type=video newest,"sole_or_small: unknown; video_item_id:137917397; stats:{""cryCount"":0,""laughCount"":0,""likeCount"":4,""dislikeCount"":0,""heartCount"":2,""commentCount"":0}",,https://civitai.com/user/morbiusgreen,"{""aigc_verdict"": {""source"": ""civitai_api_type_video"", ""url"": ""https://civitai.com/posts/30020699"", ""note"": ""Civitai public REST returned SFW item with type=video; platform content is AI-generated by definition.""}, ""video_content"": {""source"": ""civitai_api"", ""url"": ""https://civitai.com/posts/30020699"", ""item_id"": 137917397}}"
https://civitai.com/user/wenzor,WenZoR,Civitai,,,"AIGC,Civitai,video",New,2026-08-06T06:19:00Z,,,Civitai,https://civitai.com/posts/30211063,yes,2026-08-06T06:19:00Z,Civitai API /images type=video newest,"sole_or_small: unknown; video_item_id:138860038; stats:{""cryCount"":0,""laughCount"":0,""likeCount"":1,""dislikeCount"":0,""heartCount"":1,""commentCount"":0}",,https://civitai.com/user/WenZoR,"{""aigc_verdict"": {""source"": ""civitai_api_type_video"", ""url"": ""https://civitai.com/posts/30211063"", ""note"": ""Civitai public REST returned SFW item with type=video; platform content is AI-generated by definition.""}, ""video_content"": {""source"": ""civitai_api"", ""url"": ""https://civitai.com/posts/30211063"", ""item_id"": 138860038}}"
https://civitai.com/user/cranpeach,cranpeach,Civitai,,,"AIGC,Civitai,video",New,2026-08-27T06:17:19Z,,English,LoRA,https://civitai.com/user/cranpeach,yes,2026-08-06T06:19:00Z,Civitai API /images type=video newest,"Civitai API: models=41; tags=zelda, concept lora, star wars, photorea",https://civitai.com/user/cranpeach/models,,"{""platform"": ""Civitai"", ""username"": ""cranpeach"", ""model_count"": 41, ""top_tags"": [""zelda"", ""concept lora"", ""star wars"", ""photorealistic"", ""sexy""], ""aigc_verdict"": ""yes"", ""ai_reasoning"": ""Rule-based fallback for Civitai creator""}"
https://instagram.com/sora2kavo,@sora2kavo,Instagram,,,"AIGC,Sora",New,2026-08-06T14:13:11Z,,,Sora,,unsure,2026-08-06T14:13:11Z,"off-platform sweep (searx): ""AI filmmaker"" Sora site:instagram.com",routine off-platform discovery; follower_count unavailable via API in this window; AIGC not frame-reviewed,,https://www.instagram.com/sora2kavo/,"{""discovery"":{""source"":""searx"",""query"":""\""AI filmmaker\"" Sora site:instagram.com"",""url"":""https://www.instagram.com/sora2kavo/"",""snippet"":""Kavo Verse (@sora2kavo) • Instagram photos and videos — 147 Followers, 118 Following, 687 Posts - Kavo Verse (@sora2kavo) on Instagram: \""AI filmmaker + music creator 👁️🎶 Films here. Songs on Apple Music & Spotify.\""""},""aigc_verdict"":{""source"":""off-platform search snippet only; no API/frame review in this routine window"",""url"":""https://www.instagram.com/sora2kavo/""}}"
https://instagram.com/ai__filmmaker,@ai__filmmaker,Instagram,,,"AIGC,Sora",New,2026-08-06T14:13:11Z,,,Sora,,unsure,2026-08-06T14:13:11Z,"off-platform sweep (searx): ""AI filmmaker"" Sora site:instagram.com",routine off-platform discovery; follower_count unavailable via API in this window; AIGC not frame-reviewed,,https://www.instagram.com/ai__filmmaker/,"{""discovery"":{""source"":""searx"",""query"":""\""AI filmmaker\"" Sora site:instagram.com"",""url"":""https://www.instagram.com/ai__filmmaker/"",""snippet"":""Ai Filmmaker (@ai__filmmaker) • Instagram photos and videos — 78 Followers, 10 Following, 6 Posts - Ai Filmmaker (@ai__filmmaker) on Instagram: \""Crafted by AI, imagined by me💡 @by.lucasgoncalves Come and see what we can create together! 🇺🇸🇧🇷\""""},""aigc_verdict"":{""source"":""off-platform search snippet only; no API/frame review in this routine window"",""url"":""https://www.instagram.com/ai__filmmaker/""}}"
https://instagram.com/ai.filmmaker,@ai.filmmaker,Instagram,,,"AIGC,Sora",New,2026-08-06T14:13:11Z,,,Sora,,unsure,2026-08-06T14:13:11Z,"off-platform sweep (searx): ""AI filmmaker"" Sora site:instagram.com",routine off-platform discovery; follower_count unavailable via API in this window; AIGC not frame-reviewed,,https://www.instagram.com/ai.filmmaker/,"{""discovery"":{""source"":""searx"",""query"":""\""AI filmmaker\"" Sora site:instagram.com"",""url"":""https://www.instagram.com/ai.filmmaker/"",""snippet"":""AI Filmmaker (@ai.filmmaker) • Instagram photos and videos — 508 Followers, 296 Following, 73 Posts - AI Filmmaker (@ai.filmmaker) on Instagram: \""by @romainsimon\""""},""aigc_verdict"":{""source"":""off-platform search snippet only; no API/frame review in this routine window"",""url"":""https://www.instagram.com/ai.filmmaker/""}}"
https://linkedin.com/in/shabhi-haider-65989b75,shabhi-haider-65989b75,LinkedIn,,,"AIGC,Sora",New,2026-08-06T14:13:11Z,,,Sora,,unsure,2026-08-06T14:13:11Z,"off-platform sweep (ddgs): ""AI filmmaker"" Sora site:linkedin.com/in",routine off-platform discovery; follower_count unavailable via API in this window; AIGC not frame-reviewed,,https://www.linkedin.com/in/shabhi-haider-65989b75,"{""discovery"":{""source"":""ddgs"",""query"":""\""AI filmmaker\"" Sora site:linkedin.com/in"",""url"":""https://www.linkedin.com/in/shabhi-haider-65989b75"",""snippet"":""Shabhi Haider - AI Filmmaker and Storyteller - LinkedIn — AI Filmmaker and Storyteller 🎬 | Deploy AI Bots for startups | Prompt Engineer with AI Video Production & Automation 🎥 · 🎬 Shabhi is an — AI Technologist & Creative Visionary As an AI ...""},""aigc_verdict"":{""source"":""off-platform search snippet only; no API/frame review in this routine window"",""url"":""https://www.linkedin.com/in/shabhi-haider-65989b75""}}"
https://civitai.com/user/ai_ojisama,@Ai_ojisama,Civitai,,,"AIGC,Sora",New,2026-08-06T14:13:11Z,,,Sora,,unsure,2026-08-06T14:13:11Z,"off-platform sweep (ddgs): ""AI video"" ""Sora"" site:civitai.com/user",routine off-platform discovery; follower_count unavailable via API in this window; AIGC not frame-reviewed,,https://civitai.com/user/Ai_ojisama/models,"{""discovery"":{""source"":""ddgs"",""query"":""\""AI video\"" \""Sora\"" site:civitai.com/user"",""url"":""https://civitai.com/user/Ai_ojisama/models"",""snippet"":""Ai_ojisama Creator Profile | Civitai — Specialized in Anime & Video Game characters, optimized for Illustrious-XL. 🎯 Precision: Expertly curated datasets for high accuracy and visual fidelity. ... I am currently accepting character requests exclusively on Patr""},""aigc_verdict"":{""source"":""off-platform search snippet only; no API/frame review in this routine window"",""url"":""https://civitai.com/user/Ai_ojisama/models""}}"
https://civitai.com/user/mahiroagi,@mahiroagi,Civitai,,,"AIGC,Sora",New,2026-08-06T14:13:11Z,,,Sora,,unsure,2026-08-06T14:13:11Z,"off-platform sweep (ddgs): ""AI video"" ""Sora"" site:civitai.com/user",routine off-platform discovery; follower_count unavailable via API in this window; AIGC not frame-reviewed,,https://civitai.com/user/mahiroagi/posts,"{""discovery"":{""source"":""ddgs"",""query"":""\""AI video\"" \""Sora\"" site:civitai.com/user"",""url"":""https://civitai.com/user/mahiroagi/posts"",""snippet"":""MahiroAGI Creator Profile | Civitai — February 7, 2026 - AI video creator ( All characters are 18+) Follow · Tip · 5.6k · Followers · 1.9k · Likes · 32.5k · Downloads · 5.7k · Generations · Overview · models · 0 · posts · 6 · images · 7 · videos · 0 · 3D Model""},""aigc_verdict"":{""source"":""off-platform search snippet only; no API/frame review in this routine window"",""url"":""https://civitai.com/user/mahiroagi/posts""}}"
https://civitai.com/user/arbuzai,@ArbuzAi,Civitai,,,"AIGC,Sora",New,2026-08-06T14:13:11Z,,,Sora,,unsure,2026-08-06T14:13:11Z,"off-platform sweep (ddgs): ""AI video"" ""Sora"" site:civitai.com/user",routine off-platform discovery; follower_count unavailable via API in this window; AIGC not frame-reviewed,,https://civitai.com/user/ArbuzAi/videos,"{""discovery"":{""source"":""ddgs"",""query"":""\""AI video\"" \""Sora\"" site:civitai.com/user"",""url"":""https://civitai.com/user/ArbuzAi/videos"",""snippet"":""ArbuzAi Creator Profile | Civitai — How I extend videos: Grab the last frame (or any other frame) from the video and generate a new one from that.""},""aigc_verdict"":{""source"":""off-platform search snippet only; no API/frame review in this routine window"",""url"":""https://civitai.com/user/ArbuzAi/videos""}}"
https://reddit.com/user/snthony__ai,snthony (u/snthony__ai),Reddit,,,"AIGC,AI video,Reddit",New,2026-08-11T02:20:08Z,,,,,unsure,2026-08-07T02:14:49Z,"searxng ""u/"" ""AI filmmaker"" ""r/aivideo"" site:reddit.com/user",Reddit discovery-only; FollowerCount empty and AIGCVerdict=unsure per ROUTINE.md rule 9; no computer_use.,,https://www.reddit.com/user/snthony__ai/,"{""identity"":{""source"":""searxng"",""url"":""https://www.reddit.com/user/snthony__ai/"",""query"":""\""u/\"" \""AI filmmaker\"" \""r/aivideo\"" site:reddit.com/user""},""aigc_verdict"":{""source"":""not_profiled"",""reason"":""Reddit has no keyless profiling API in routine; search snippet only, per ROUTINE.md rule 9""},""discovery_snippet"":""5 days ago ... u/snthony__ai: AI filmmaker cinematic videos storytelling & AI art generated films.""}"
https://reddit.com/user/metaphorsandmodels,@MetaphorsAndModels,Reddit,,,"AIGC,Reddit,search-index,Sora,Runway",New,2026-08-08T02:16:33Z,,,Sora,https://www.reddit.com/user/MetaphorsAndModels/,unsure,2026-08-08T02:16:13Z,searxng Sora Runway creator site:reddit.com/user,Reddit discovery-only; no keyless profiling API from this host; follower count intentionally empty; AIGC verdict unsure.,,https://www.reddit.com/user/MetaphorsAndModels/,"{""discovery"":{""source"":""searxng"",""query"":""Sora Runway creator site:reddit.com/user"",""url"":""https://www.reddit.com/user/MetaphorsAndModels/"",""title"":""u/MetaphorsAndModels - Reddit"",""snippet"":""Sora gets all th attention but are people actually shipping real ... Feels like runway is still where serious creators land but idk, still figuring out.""},""aigc_verdict"":{""source"":""search_index_only"",""verdict"":""unsure""},""follower_count"":{""source"":""not_profiled_no_keyless_reddit_api"",""value"":""""}}"
https://reddit.com/user/stockcompil,@StockCompil,Reddit,,,"AIGC,Reddit,search-index,Sora,Runway",New,2026-08-08T02:16:33Z,,,Sora,https://www.reddit.com/user/StockCompil/,unsure,2026-08-08T02:16:13Z,searxng Sora Runway creator site:reddit.com/user,Reddit discovery-only; no keyless profiling API from this host; follower count intentionally empty; AIGC verdict unsure.,,https://www.reddit.com/user/StockCompil/,"{""discovery"":{""source"":""searxng"",""query"":""Sora Runway creator site:reddit.com/user"",""url"":""https://www.reddit.com/user/StockCompil/"",""title"":""u/StockCompil - Reddit"",""snippet"":""8 Jan 2024 ... ... runway beyond designers. Adobe. Diamond Hill Select Fund (Q3 2025) ... Sora. These fears overshadowed the company's strong second-quarter\u00a0...""},""aigc_verdict"":{""source"":""search_index_only"",""verdict"":""unsure""},""follower_count"":{""source"":""not_profiled_no_keyless_reddit_api"",""value"":""""}}"
https://reddit.com/user/alarmed_candle2630,@Alarmed_Candle2630,Reddit,,,"AIGC,Reddit,search-index",New,2026-08-08T02:16:33Z,,,,https://www.reddit.com/user/Alarmed_Candle2630/,unsure,2026-08-08T02:16:13Z,"searxng ""AI video creator"" site:reddit.com/user",Reddit discovery-only; no keyless profiling API from this host; follower count intentionally empty; AIGC verdict unsure.,,https://www.reddit.com/user/Alarmed_Candle2630/,"{""discovery"":{""source"":""searxng"",""query"":""\""AI video creator\"" site:reddit.com/user"",""url"":""https://www.reddit.com/user/Alarmed_Candle2630/"",""title"":""u/Alarmed_Candle2630 - Reddit"",""snippet"":""... youtube channel and create ai videos with this content? We may need editors, writers, readers, ai video creator, director etc..,. Upvote 1. Downvote Reply reply.""},""aigc_verdict"":{""source"":""search_index_only"",""verdict"":""unsure""},""follower_count"":{""source"":""not_profiled_no_keyless_reddit_api"",""value"":""""}}"
https://vimeo.com/folkstreams,Folkstreams,Vimeo,141,,"AIGC,Vimeo",New,2026-08-10T06:27:40Z,"Delaplane, VA",,,https://vimeo.com/90353185,unsure,2026-08-08T06:29:03Z,Vimeo API refresh,videos_total: 113,,www.folkstreams.net,"{""follower_count"":{""source"":""vimeo_api"",""url"":""https://api.vimeo.com/users/folkstreams""},""profile"":{""source"":""vimeo_api"",""url"":""https://vimeo.com/folkstreams""},""aigc_verdict"":{""source"":""api_search_metadata"",""url"":""https://vimeo.com/folkstreams"",""note"":""API search/profile only; visual frame review not performed in this routine lane""}}"
https://vimeo.com/julienlahmi,Julien Lahmi,Vimeo,356,,"AIGC,Vimeo",New,2026-08-10T06:27:40Z,"Paris, France",,,https://vimeo.com/julienlahmi/bandedemo,unsure,2026-08-08T06:29:03Z,Vimeo API refresh,videos_total: 150,,https://linktr.ee/julienlahmi,"{""follower_count"":{""source"":""vimeo_api"",""url"":""https://api.vimeo.com/users/julienlahmi""},""profile"":{""source"":""vimeo_api"",""url"":""https://vimeo.com/julienlahmi""},""aigc_verdict"":{""source"":""api_search_metadata"",""url"":""https://vimeo.com/julienlahmi"",""note"":""API search/profile only; visual frame review not performed in this routine lane""}}"
https://vimeo.com/modik,Modik,Vimeo,362,,"AIGC,Vimeo",New,2026-08-10T06:27:40Z,"Madrid, España",,,https://vimeo.com/1191682845,unsure,2026-08-08T06:29:03Z,Vimeo API refresh,videos_total: 42,,https://modik.es,"{""follower_count"":{""source"":""vimeo_api"",""url"":""https://api.vimeo.com/users/modik""},""profile"":{""source"":""vimeo_api"",""url"":""https://vimeo.com/modik""},""aigc_verdict"":{""source"":""api_search_metadata"",""url"":""https://vimeo.com/modik"",""note"":""API search/profile only; visual frame review not performed in this routine lane""}}"
https://vimeo.com/brainmassage,BrAiN MaSSaGe,Vimeo,25,,"AIGC,Vimeo,Wan",New,2026-08-10T06:27:40Z,,,Wan,https://vimeo.com/1061201398,unsure,2026-08-08T06:29:03Z,Vimeo API refresh,videos_total: 31,,https://www.facebook.com/brainmassageofficial/,"{""follower_count"":{""source"":""vimeo_api"",""url"":""https://api.vimeo.com/users/brainmassage""},""profile"":{""source"":""vimeo_api"",""url"":""https://vimeo.com/brainmassage""},""aigc_verdict"":{""source"":""api_search_metadata"",""url"":""https://vimeo.com/brainmassage"",""note"":""API search/profile only; visual frame review not performed in this routine lane""}}"
https://vimeo.com/clank,Alejandro Thomas,Vimeo,15,,"AIGC,Vimeo",New,2026-08-10T06:27:40Z,,,,https://vimeo.com/1154154566,unsure,2026-08-08T06:29:03Z,Vimeo API refresh,videos_total: 30,,https://vimeo.com/clank,"{""follower_count"":{""source"":""vimeo_api"",""url"":""https://api.vimeo.com/users/clank""},""profile"":{""source"":""vimeo_api"",""url"":""https://vimeo.com/clank""},""aigc_verdict"":{""source"":""api_search_metadata"",""url"":""https://vimeo.com/clank"",""note"":""API search/profile only; visual frame review not performed in this routine lane""}}"
https://vimeo.com/jordanrosenbloom,JORDAN ROSENBLOOM,Vimeo,73,,"AIGC,Vimeo",New,2026-08-10T06:27:40Z,"New York, NY, USA",,,https://vimeo.com/jordanrosenbloom/originalvoice,unsure,2026-08-08T06:29:03Z,Vimeo API refresh,videos_total: 10,,http://www.jordanrosenbloom.com,"{""follower_count"":{""source"":""vimeo_api"",""url"":""https://api.vimeo.com/users/jordanrosenbloom""},""profile"":{""source"":""vimeo_api"",""url"":""https://vimeo.com/jordanrosenbloom""},""aigc_verdict"":{""source"":""api_search_metadata"",""url"":""https://vimeo.com/jordanrosenbloom"",""note"":""API search/profile only; visual frame review not performed in this routine lane""}}"
https://vimeo.com/user228865777,Chinmay Desale,Vimeo,0,,"AIGC,Vimeo,API",New,2026-08-08T06:34:38Z,"Pune, Maharashtra, India",,,https://vimeo.com/1205730996,unsure,2026-08-08T06:29:03Z,vimeo_videos_search:ai filmmaker,API-only Vimeo refresh/discovery; visual AIGC review not performed in routine lane; sole_or_small: unknown,,https://www.youtube.com/@CRISPYEdit1612,"{""follower_count"":{""source"":""vimeo_api"",""url"":""https://api.vimeo.com/users/228865777""},""profile"":{""source"":""vimeo_api"",""url"":""https://vimeo.com/user228865777""},""aigc_verdict"":{""source"":""api_text_only"",""url"":""https://vimeo.com/1205730996"",""note"":""Routine API lane does not infer visual verdict; left unsure unless already reviewed.""}}"
https://vimeo.com/jhaveglia,David (Jhave) Johnston,Vimeo,134,,"AIGC,Vimeo",New,2026-08-10T06:27:40Z,,,Pika,https://vimeo.com/867210816,unsure,2026-08-08T06:29:03Z,Vimeo API refresh,videos_total: 736,,http://glia.ca,"{""follower_count"":{""source"":""vimeo_api"",""url"":""https://api.vimeo.com/users/jhaveglia""},""profile"":{""source"":""vimeo_api"",""url"":""https://vimeo.com/jhaveglia""},""aigc_verdict"":{""source"":""api_search_metadata"",""url"":""https://vimeo.com/jhaveglia"",""note"":""API search/profile only; visual frame review not performed in this routine lane""}}"
https://vimeo.com/digitaldavincis,Digital da Vincis,Vimeo,73,,"AIGC,Vimeo",New,2026-08-10T06:27:40Z,"Любляна, Словения",,Pika,https://vimeo.com/1050223051,unsure,2026-08-08T06:29:03Z,Vimeo API refresh,videos_total: 249,,https://davincis.digital/,"{""follower_count"":{""source"":""vimeo_api"",""url"":""https://api.vimeo.com/users/digitaldavincis""},""profile"":{""source"":""vimeo_api"",""url"":""https://vimeo.com/digitaldavincis""},""aigc_verdict"":{""source"":""api_search_metadata"",""url"":""https://vimeo.com/digitaldavincis"",""note"":""API search/profile only; visual frame review not performed in this routine lane""}}"
https://vimeo.com/lutherhimes,Luther Himes IV,Vimeo,100,,"AIGC,Vimeo",New,2026-08-10T06:27:40Z,"Austin, TX, USA",,Runway,https://vimeo.com/853223407,unsure,2026-08-08T06:29:03Z,Vimeo API refresh,videos_total: 211,,https://www.lutherhimes.com,"{""follower_count"":{""source"":""vimeo_api"",""url"":""https://api.vimeo.com/users/lutherhimes""},""profile"":{""source"":""vimeo_api"",""url"":""https://vimeo.com/lutherhimes""},""aigc_verdict"":{""source"":""api_search_metadata"",""url"":""https://vimeo.com/lutherhimes"",""note"":""API search/profile only; visual frame review not performed in this routine lane""}}"
https://vimeo.com/supamotion,Supamotion,Vimeo,495,,"AIGC,Vimeo,API,Pika",New,2026-08-08T06:34:38Z,"Уроцлаў, Польшча",,Pika,https://vimeo.com/879086394,unsure,2026-08-08T06:29:03Z,vimeo_videos_search:pika labs ai video,API-only Vimeo refresh/discovery; visual AIGC review not performed in routine lane; sole_or_small: unknown,,https://www.shutterstock.com/g/Supamotion/video,"{""follower_count"":{""source"":""vimeo_api"",""url"":""https://api.vimeo.com/users/2436140""},""profile"":{""source"":""vimeo_api"",""url"":""https://vimeo.com/supamotion""},""aigc_verdict"":{""source"":""api_text_only"",""url"":""https://vimeo.com/879086394"",""note"":""Routine API lane does not infer visual verdict; left unsure unless already reviewed.""}}"
https://vimeo.com/atelierolive,Atelier Olive GmbH,Vimeo,73,,"AIGC,Vimeo",New,2026-08-10T06:27:40Z,"Zürich, Schweiz",,Runway,https://vimeo.com/1001536292,unsure,2026-08-08T06:29:03Z,Vimeo API refresh,videos_total: 149,,http://www.atelierolive.com,"{""follower_count"":{""source"":""vimeo_api"",""url"":""https://api.vimeo.com/users/atelierolive""},""profile"":{""source"":""vimeo_api"",""url"":""https://vimeo.com/atelierolive""},""aigc_verdict"":{""source"":""api_search_metadata"",""url"":""https://vimeo.com/atelierolive"",""note"":""API search/profile only; visual frame review not performed in this routine lane""}}"
https://vimeo.com/theforestrypresents,the_forestry,Vimeo,5,,"AIGC,Vimeo,API,Pika",New,2026-08-08T06:34:38Z,"Adelaide SA, Australia",,Pika,https://vimeo.com/1125358324,unsure,2026-08-08T06:29:03Z,vimeo_videos_search:pika labs ai video,API-only Vimeo refresh/discovery; visual AIGC review not performed in routine lane; sole_or_small: unknown,,http://giphy.com/channel/theforestry,"{""follower_count"":{""source"":""vimeo_api"",""url"":""https://api.vimeo.com/users/16334970""},""profile"":{""source"":""vimeo_api"",""url"":""https://vimeo.com/theforestrypresents""},""aigc_verdict"":{""source"":""api_text_only"",""url"":""https://vimeo.com/1125358324"",""note"":""Routine API lane does not infer visual verdict; left unsure unless already reviewed.""}}"
https://civitai.com/user/bambushu,bambushu,Civitai,,,"AIGC,Civitai,video",New,2026-08-27T06:18:01Z,,English,LoRA,https://civitai.com/user/bambushu,yes,2026-08-08T06:29:03Z,Civitai API /images type=video sort=Newest,"Civitai API: models=4; tags=comfyui, tool, gguf, ltx, minimax h3",https://civitai.com/user/bambushu/models,,"{""platform"": ""Civitai"", ""username"": ""bambushu"", ""model_count"": 4, ""top_tags"": [""comfyui"", ""tool"", ""gguf"", ""ltx"", ""minimax h3""], ""aigc_verdict"": ""yes"", ""ai_reasoning"": ""Rule-based fallback for Civitai creator""}"
https://civitai.com/user/m8rr,m8rr,Civitai,,,"AIGC,Civitai,Video",New,2026-08-27T06:18:19Z,,English,Stable Diffusion,https://civitai.com/user/m8rr,yes,2026-08-08T06:29:03Z,civitai_api_discovery:type=video&nsfw=false,Civitai API: models=5; tags=tool,https://civitai.com/user/m8rr/models,,"{""platform"": ""Civitai"", ""username"": ""m8rr"", ""model_count"": 5, ""top_tags"": [""tool""], ""aigc_verdict"": ""yes"", ""ai_reasoning"": ""Rule-based fallback for Civitai creator""}"
https://civitai.com/user/sslike,sslike,Civitai,,,"AIGC,Civitai,video,MiniMax H3",New,2026-08-10T06:27:40Z,,,MiniMax H3,https://image.civitai.com/xG1nkqKTMzGDvpLrqFT7WA/c4f4406a-837e-443f-976e-d6633de45c97/original=true/c4f4406a-837e-443f-976e-d6633de45c97.mp4,yes,2026-08-08T06:29:03Z,Civitai API /images type=video sort=Newest,discovered_from_public_sfw_video_feed,,https://civitai.com/user/sslike,"{""video_content"": {""source"": ""civitai_images_api"", ""url"": ""https://image.civitai.com/xG1nkqKTMzGDvpLrqFT7WA/c4f4406a-837e-443f-976e-d6633de45c97/original=true/c4f4406a-837e-443f-976e-d6633de45c97.mp4"", ""type"": ""video"", ""nsfw"": false}, ""aigc_verdict"": {""source"": ""civitai_video_api"", ""url"": ""https://image.civitai.com/xG1nkqKTMzGDvpLrqFT7WA/c4f4406a-837e-443f-976e-d6633de45c97/original=true/c4f4406a-837e-443f-976e-d6633de45c97.mp4"", ""note"": ""Civitai public video item confirms AI-generated video output""}}"
https://civitai.com/user/ponder_stibbons,Ponder_Stibbons,Civitai,,,"AIGC,Civitai,Video",New,2026-08-08T06:34:38Z,,,,https://image.civitai.com/xG1nkqKTMzGDvpLrqFT7WA/749ec6ed-cc64-436f-a18c-0ecfd21b2028/original=true/749ec6ed-cc64-436f-a18c-0ecfd21b2028.mp4,yes,2026-08-08T06:29:03Z,civitai_api_discovery:type=video&nsfw=false,"has public SFW video via Civitai API; video_item_id:139029370; stats:{""cryCount"":0,""laughCount"":0,""likeCount"":1,""dislikeCount"":0,""heartCount"":0,""commentCount"":0}",,https://civitai.com/user/Ponder_Stibbons,"{""video_content"": {""source"": ""civitai_api"", ""url"": ""https://image.civitai.com/xG1nkqKTMzGDvpLrqFT7WA/749ec6ed-cc64-436f-a18c-0ecfd21b2028/original=true/749ec6ed-cc64-436f-a18c-0ecfd21b2028.mp4"", ""item_id"": 139029370, ""type"": ""video""}, ""aigc_verdict"": {""source"": ""civitai_api"", ""url"": ""https://image.civitai.com/xG1nkqKTMzGDvpLrqFT7WA/749ec6ed-cc64-436f-a18c-0ecfd21b2028/original=true/749ec6ed-cc64-436f-a18c-0ecfd21b2028.mp4"", ""note"": ""Civitai content is AI-generated by platform definition; type=video confirms video output.""}}"
https://civitai.com/user/kandooai,KandooAI,Civitai,,,"AIGC,Civitai,Video",New,2026-08-08T06:34:38Z,,,,https://image.civitai.com/xG1nkqKTMzGDvpLrqFT7WA/f503cb63-84a2-4d9a-abe6-12cb441061b3/original=true/f503cb63-84a2-4d9a-abe6-12cb441061b3.mp4,yes,2026-08-08T06:29:03Z,civitai_api_discovery:type=video&nsfw=false,"has public SFW video via Civitai API; video_item_id:139064011; stats:{""cryCount"":0,""laughCount"":0,""likeCount"":1,""dislikeCount"":0,""heartCount"":0,""commentCount"":0}",,https://civitai.com/user/KandooAI,"{""video_content"": {""source"": ""civitai_api"", ""url"": ""https://image.civitai.com/xG1nkqKTMzGDvpLrqFT7WA/f503cb63-84a2-4d9a-abe6-12cb441061b3/original=true/f503cb63-84a2-4d9a-abe6-12cb441061b3.mp4"", ""item_id"": 139064011, ""type"": ""video""}, ""aigc_verdict"": {""source"": ""civitai_api"", ""url"": ""https://image.civitai.com/xG1nkqKTMzGDvpLrqFT7WA/f503cb63-84a2-4d9a-abe6-12cb441061b3/original=true/f503cb63-84a2-4d9a-abe6-12cb441061b3.mp4"", ""note"": ""Civitai content is AI-generated by platform definition; type=video confirms video output.""}}"
https://civitai.com/user/grymauch,Grymauch,Civitai,,,"AIGC,Civitai,Video",New,2026-08-08T06:34:38Z,,,,https://image.civitai.com/xG1nkqKTMzGDvpLrqFT7WA/6b788dd8-209b-4915-ba56-021ec31accb7/original=true/6b788dd8-209b-4915-ba56-021ec31accb7.mp4,yes,2026-08-08T06:29:03Z,civitai_api_discovery:type=video&nsfw=false,"has public SFW video via Civitai API; video_item_id:139055682; stats:{""cryCount"":1,""laughCount"":1,""likeCount"":1,""dislikeCount"":0,""heartCount"":1,""commentCount"":0}",,https://civitai.com/user/Grymauch,"{""video_content"": {""source"": ""civitai_api"", ""url"": ""https://image.civitai.com/xG1nkqKTMzGDvpLrqFT7WA/6b788dd8-209b-4915-ba56-021ec31accb7/original=true/6b788dd8-209b-4915-ba56-021ec31accb7.mp4"", ""item_id"": 139055682, ""type"": ""video""}, ""aigc_verdict"": {""source"": ""civitai_api"", ""url"": ""https://image.civitai.com/xG1nkqKTMzGDvpLrqFT7WA/6b788dd8-209b-4915-ba56-021ec31accb7/original=true/6b788dd8-209b-4915-ba56-021ec31accb7.mp4"", ""note"": ""Civitai content is AI-generated by platform definition; type=video confirms video output.""}}"
https://facebook.com/61589152383467,@61589152383467,Facebook,,,"AIGC,Meta,SearXNG,pending-computer_use,Sora,Pika",New,2026-08-08T10:21:27Z,,,Sora,,unsure,2026-08-08T10:21:26Z,"SearXNG Meta strict: ""AI filmmaker"" ""Sora"" site:facebook.com -news -OpenAI -aljazeera -MKBHD",Meta strict discovery-only; follower count empty; AIGC unsure; flagged for seated computer_use pass. No computer_use run.,,https://www.facebook.com/61589152383467/posts/over-a-month-ago-i-was-lucky-enough-to-be-invited-to-join-flickartai-summer-resi/122113857519305079/,"{""discovery"":{""source"":""SearXNG site-scope"",""query"":""\""AI filmmaker\"" \""Sora\"" site:facebook.com -news -OpenAI -aljazeera -MKBHD"",""url"":""https://www.facebook.com/61589152383467/posts/over-a-month-ago-i-was-lucky-enough-to-be-invited-to-join-flickartai-summer-resi/122113857519305079/"",""snippet"":""ME Owens's post - Facebook 29 Jul 2026 ... ... Sora, Pika, Luma, Firefly, Synthesia, Hailuo. 1y \u00b7 Public \u00b7 Just ... I've been an AI filmmaker for 3 years! Here's a look back on how I\u00a0...""},""profile"":{""source"":""Meta Graph skipped: META_GRAPH_TOKEN/META_IG_USER_ID missing""},""aigc_verdict"":{""source"":""search snippet only; ROUTINE.md rule 9 => unsure until API/frame/seated review"",""verdict"":""unsure""},""manual_flag"":{""computer_use"":""seated read-only pass needed; not run in this routine""}}"
https://facebook.com/frenchiebles,@frenchiebles,Facebook,,,"AIGC,Meta,SearXNG,pending-computer_use,Runway",New,2026-08-08T10:21:27Z,,,Runway,,unsure,2026-08-08T10:21:26Z,"SearXNG Meta strict: ""AI video creator"" ""Runway"" site:facebook.com -news -tool -course",Meta strict discovery-only; follower count empty; AIGC unsure; flagged for seated computer_use pass. No computer_use run.,,https://www.facebook.com/frenchiebles/,"{""discovery"":{""source"":""SearXNG site-scope"",""query"":""\""AI video creator\"" \""Runway\"" site:facebook.com -news -tool -course"",""url"":""https://www.facebook.com/frenchiebles/"",""snippet"":""Frenchiebles - Facebook Frenchiebles. 44350 likes \u00b7 7862 talking about this. AI video creator. ... Made with Runway \u2728 Code: FRENCHIEBLES25 @runwayapp has the tools you\u00a0...""},""profile"":{""source"":""Meta Graph skipped: META_GRAPH_TOKEN/META_IG_USER_ID missing""},""aigc_verdict"":{""source"":""search snippet only; ROUTINE.md rule 9 => unsure until API/frame/seated review"",""verdict"":""unsure""},""manual_flag"":{""computer_use"":""seated read-only pass needed; not run in this routine""}}"
https://reddit.com/user/ghostpossession,u/GhostPossession,Reddit,,,"AIGC,Reddit,discovery-only,Runway",New,2026-08-09T02:16:08Z,,,Runway,,unsure,2026-08-09T02:16:08Z,SearXNG/ddgs Reddit discovery; query=Runway AI video creator site:reddit.com/user; tool=searxng,Reddit discovery-only; no keyless profiling API; follower count intentionally empty.,,https://www.reddit.com/user/GhostPossession/,"{""identity"":{""source"":""searxng"",""url"":""https://www.reddit.com/user/GhostPossession/""},""discovery"":{""source"":""searxng"",""url"":""https://www.reddit.com/user/GhostPossession/"",""snippet"":""GhostPossession - Reddit | 20 Jun 2025 ... ... runway! Play. Upvote 11 ... This is an AI video generator, no sound was made with it. Upvote 2""},""aigc_verdict"":{""source"":""search_snippet_only"",""verdict"":""unsure""}}"
https://reddit.com/user/creamholiday4754,u/CreamHoliday4754,Reddit,,,"AIGC,Reddit,Sora",New,2026-08-13T02:05:37Z,,,Sora,https://www.reddit.com/user/CreamHoliday4754/,unsure,2026-08-10T02:12:34Z,searxng Sora AI video creator site:reddit.com/user,Reddit discovery-only: no keyless profiling API from server IP; follower_count empty; verdict unsure. Snippet: X (u/CreamHoliday4754) - Reddit 16 Jan 2024 ... Importing your characters from Sora to another AI video maker ... Go to TikTok and create a cameo for the character. Crystal Sparkle is already a ...,,https://www.reddit.com/user/CreamHoliday4754/,"{""identity"":{""source"":""searxng"",""url"":""https://www.reddit.com/user/CreamHoliday4754/"",""query"":""Sora AI video creator site:reddit.com/user"",""reason"":""profile_url_result""},""aigc_verdict"":{""source"":""search_snippet"",""url"":""https://www.reddit.com/user/CreamHoliday4754/"",""verdict"":""unsure"",""snippet"":""X (u/CreamHoliday4754) - Reddit 16 Jan 2024 ... Importing your characters from Sora to another AI video maker ... Go to TikTok and create a cameo for the character. Crystal Sparkle is already a ...""}}"
https://reddit.com/user/iupvoteevery,u/iupvoteevery,Reddit,,,"AIGC,Reddit,Sora",New,2026-08-13T02:05:37Z,,,Sora,https://www.reddit.com/user/iupvoteevery/,unsure,2026-08-10T02:12:34Z,searxng Sora AI video creator site:reddit.com/user,"Reddit discovery-only: no keyless profiling API from server IP; follower_count empty; verdict unsure. Snippet: u/iupvoteevery - Reddit Sora looks great! Anyway, here's something we made with SVD. ... Any chance you have an uncompressed .mp4 of your video before putting it into topaz? (Well maybe ...",,https://www.reddit.com/user/iupvoteevery/,"{""identity"":{""source"":""searxng"",""url"":""https://www.reddit.com/user/iupvoteevery/"",""query"":""Sora AI video creator site:reddit.com/user"",""reason"":""profile_url_result""},""aigc_verdict"":{""source"":""search_snippet"",""url"":""https://www.reddit.com/user/iupvoteevery/"",""verdict"":""unsure"",""snippet"":""u/iupvoteevery - Reddit Sora looks great! Anyway, here's something we made with SVD. ... Any chance you have an uncompressed .mp4 of your video before putting it into topaz? (Well maybe ...""}}"
https://reddit.com/user/moon-loods,u/Moon-Loods,Reddit,,,"AIGC,AI video,Reddit",New,2026-08-10T02:12:34Z,,,Sora,https://www.reddit.com/user/Moon-Loods/comments/,unsure,2026-08-10T02:12:34Z,searxng site:reddit.com/user Sora AI video creator,Reddit discovery-only; no keyless profiling API from server IP; follower count intentionally empty.,,https://www.reddit.com/user/Moon-Loods/comments/,"{""discovery"":{""tool"":""searxng"",""query"":""site:reddit.com/user Sora AI video creator"",""source_url"":""https://www.reddit.com/user/Moon-Loods/comments/"",""title"":""Moonloods (u/Moon-Loods) - Reddit""}}"
https://reddit.com/user/agreeable_travel_271,u/Agreeable_Travel_271,Reddit,,,"AIGC,AI video,Reddit",New,2026-08-10T02:12:34Z,,,Sora,https://www.reddit.com/user/Agreeable_Travel_271/,unsure,2026-08-10T02:12:34Z,searxng site:reddit.com/user Sora AI video creator,Reddit discovery-only; no keyless profiling API from server IP; follower count intentionally empty.,,https://www.reddit.com/user/Agreeable_Travel_271/,"{""discovery"":{""tool"":""searxng"",""query"":""site:reddit.com/user Sora AI video creator"",""source_url"":""https://www.reddit.com/user/Agreeable_Travel_271/"",""title"":""u/Agreeable_Travel_271 - Reddit""}}"
https://reddit.com/user/maleficent_wear6313,u/Maleficent_Wear6313,Reddit,,,"AIGC,AI video,Reddit",New,2026-08-10T02:12:34Z,,,Sora,https://www.reddit.com/user/Maleficent_Wear6313/,unsure,2026-08-10T02:12:34Z,searxng site:reddit.com/user Sora AI video creator,Reddit discovery-only; no keyless profiling API from server IP; follower count intentionally empty.,,https://www.reddit.com/user/Maleficent_Wear6313/,"{""discovery"":{""tool"":""searxng"",""query"":""site:reddit.com/user Sora AI video creator"",""source_url"":""https://www.reddit.com/user/Maleficent_Wear6313/"",""title"":""FurbrushFox (u/Maleficent_Wear6313) - Reddit""}}"
https://reddit.com/user/familiar-thought9740,u/Familiar-Thought9740,Reddit,,,"AIGC,AI video,Reddit",New,2026-08-10T02:12:34Z,,,Runway,https://www.reddit.com/user/Familiar-Thought9740/,unsure,2026-08-10T02:12:34Z,searxng site:reddit.com/user Runway AI filmmaker,Reddit discovery-only; no keyless profiling API from server IP; follower count intentionally empty.,,https://www.reddit.com/user/Familiar-Thought9740/,"{""discovery"":{""tool"":""searxng"",""query"":""site:reddit.com/user Runway AI filmmaker"",""source_url"":""https://www.reddit.com/user/Familiar-Thought9740/"",""title"":""Garrett C. (u/Familiar-Thought9740) - Reddit""}}"
https://reddit.com/user/kreatorflowai,u/kreatorflowai,Reddit,,,"AIGC,AI video,Reddit",New,2026-08-10T02:12:34Z,,,Kling,https://www.reddit.com/user/kreatorflowai/,unsure,2026-08-10T02:12:34Z,searxng site:reddit.com/user Kling AI video,Reddit discovery-only; no keyless profiling API from server IP; follower count intentionally empty.,,https://www.reddit.com/user/kreatorflowai/,"{""discovery"":{""tool"":""searxng"",""query"":""site:reddit.com/user Kling AI video"",""source_url"":""https://www.reddit.com/user/kreatorflowai/"",""title"":""u/kreatorflowai - Reddit""}}"
https://reddit.com/user/wyattears,u/wyattears,Reddit,,,"AIGC,AI video,Reddit",New,2026-08-10T02:12:34Z,,,Kling,https://www.reddit.com/user/wyattears/,unsure,2026-08-10T02:12:34Z,searxng site:reddit.com/user Kling AI video,Reddit discovery-only; no keyless profiling API from server IP; follower count intentionally empty.,,https://www.reddit.com/user/wyattears/,"{""discovery"":{""tool"":""searxng"",""query"":""site:reddit.com/user Kling AI video"",""source_url"":""https://www.reddit.com/user/wyattears/"",""title"":""wyattears - Reddit""}}"
https://reddit.com/user/swimming-tooth2422,u/Swimming-Tooth2422,Reddit,,,"AIGC,AI video,Reddit",New,2026-08-10T02:12:34Z,,,Kling,https://www.reddit.com/user/Swimming-Tooth2422/,unsure,2026-08-10T02:12:34Z,searxng site:reddit.com/user Kling AI video,Reddit discovery-only; no keyless profiling API from server IP; follower count intentionally empty.,,https://www.reddit.com/user/Swimming-Tooth2422/,"{""discovery"":{""tool"":""searxng"",""query"":""site:reddit.com/user Kling AI video"",""source_url"":""https://www.reddit.com/user/Swimming-Tooth2422/"",""title"":""dir. Sunyu (u/Swimming-Tooth2422) - Reddit""}}"
https://reddit.com/user/lemonadestandtech,u/LemonadeStandTech,Reddit,,,"AIGC,AI video,Reddit",New,2026-08-10T02:12:34Z,,,Kling,https://www.reddit.com/user/LemonadeStandTech/,unsure,2026-08-10T02:12:34Z,searxng site:reddit.com/user Kling AI video,Reddit discovery-only; no keyless profiling API from server IP; follower count intentionally empty.,,https://www.reddit.com/user/LemonadeStandTech/,"{""discovery"":{""tool"":""searxng"",""query"":""site:reddit.com/user Kling AI video"",""source_url"":""https://www.reddit.com/user/LemonadeStandTech/"",""title"":""u/LemonadeStandTech - Reddit""}}"
https://reddit.com/user/scudpunk,u/scudpunk,Reddit,,,"AIGC,AI video,Reddit",New,2026-08-10T02:12:34Z,,,Kling,https://www.reddit.com/user/scudpunk/,unsure,2026-08-10T02:12:34Z,searxng site:reddit.com/user Kling AI video,Reddit discovery-only; no keyless profiling API from server IP; follower count intentionally empty.,,https://www.reddit.com/user/scudpunk/,"{""discovery"":{""tool"":""searxng"",""query"":""site:reddit.com/user Kling AI video"",""source_url"":""https://www.reddit.com/user/scudpunk/"",""title"":""voidstomper (u/scudpunk) - Reddit""}}"
https://vimeo.com/user257676739,user257676739,Vimeo,0,,"AIGC,Vimeo,Runway",New,2026-08-10T06:27:40Z,,,Runway,https://vimeo.com/1185290019,unsure,2026-08-10T06:27:40Z,Vimeo API /videos search: runway ai video creator,videos_total: 11,,https://vimeo.com/user257676739,"{""follower_count"":{""source"":""vimeo_api"",""url"":""https://api.vimeo.com/users/257676739""},""profile"":{""source"":""vimeo_api"",""url"":""https://vimeo.com/user257676739""},""aigc_verdict"":{""source"":""api_search_metadata"",""url"":""https://vimeo.com/1185290019"",""note"":""API search/profile only; visual frame review not performed in this routine lane""}}"
https://vimeo.com/shanahamed,Shan Ahamed K,Vimeo,4,,"AIGC,Vimeo,Kling",New,2026-08-10T06:27:40Z,,,Kling,https://vimeo.com/1190264070,unsure,2026-08-10T06:27:40Z,Vimeo API /videos search: kling ai short film,videos_total: 12,,http://dribbble.com/shanahamed/,"{""follower_count"":{""source"":""vimeo_api"",""url"":""https://api.vimeo.com/users/89822436""},""profile"":{""source"":""vimeo_api"",""url"":""https://vimeo.com/shanahamed""},""aigc_verdict"":{""source"":""api_search_metadata"",""url"":""https://vimeo.com/1190264070"",""note"":""API search/profile only; visual frame review not performed in this routine lane""}}"
https://vimeo.com/user255389130,user255389130,Vimeo,1,,"AIGC,Vimeo,Kling",New,2026-08-10T06:27:40Z,,,Kling,https://vimeo.com/1169848236,unsure,2026-08-10T06:27:40Z,Vimeo API /videos search: kling ai short film,videos_total: 1,,https://vimeo.com/user255389130,"{""follower_count"":{""source"":""vimeo_api"",""url"":""https://api.vimeo.com/users/255389130""},""profile"":{""source"":""vimeo_api"",""url"":""https://vimeo.com/user255389130""},""aigc_verdict"":{""source"":""api_search_metadata"",""url"":""https://vimeo.com/1169848236"",""note"":""API search/profile only; visual frame review not performed in this routine lane""}}"
https://vimeo.com/user250678020,user250678020,Vimeo,0,,"AIGC,Vimeo,Runway",New,2026-08-10T06:27:40Z,,,Runway,https://vimeo.com/1137471264,unsure,2026-08-10T06:27:40Z,Vimeo API /videos search: kling ai short film,videos_total: 1,,https://vimeo.com/user250678020,"{""follower_count"":{""source"":""vimeo_api"",""url"":""https://api.vimeo.com/users/250678020""},""profile"":{""source"":""vimeo_api"",""url"":""https://vimeo.com/user250678020""},""aigc_verdict"":{""source"":""api_search_metadata"",""url"":""https://vimeo.com/1137471264"",""note"":""API search/profile only; visual frame review not performed in this routine lane""}}"
https://vimeo.com/veosport,Veo,Vimeo,22,,"AIGC,Vimeo,Veo",New,2026-08-10T06:27:40Z,,,Veo,https://vimeo.com/300503978,unsure,2026-08-10T06:27:40Z,Vimeo API /videos search: veo ai video,videos_total: 7,,https://vimeo.com/veosport,"{""follower_count"":{""source"":""vimeo_api"",""url"":""https://api.vimeo.com/users/51268271""},""profile"":{""source"":""vimeo_api"",""url"":""https://vimeo.com/veosport""},""aigc_verdict"":{""source"":""api_search_metadata"",""url"":""https://vimeo.com/300503978"",""note"":""API search/profile only; visual frame review not performed in this routine lane""}}"
https://vimeo.com/user233541834,user233541834,Vimeo,0,,"AIGC,Vimeo,Veo",New,2026-08-10T06:27:40Z,,,Veo,https://vimeo.com/1049562661,unsure,2026-08-10T06:27:40Z,Vimeo API /videos search: veo ai video,videos_total: 14,,https://vimeo.com/user233541834,"{""follower_count"":{""source"":""vimeo_api"",""url"":""https://api.vimeo.com/users/233541834""},""profile"":{""source"":""vimeo_api"",""url"":""https://vimeo.com/user233541834""},""aigc_verdict"":{""source"":""api_search_metadata"",""url"":""https://vimeo.com/1049562661"",""note"":""API search/profile only; visual frame review not performed in this routine lane""}}"
https://vimeo.com/user242294924,user242294924,Vimeo,0,,"AIGC,Vimeo,Veo",New,2026-08-10T06:27:40Z,,,Veo,https://vimeo.com/1093729294,unsure,2026-08-10T06:27:40Z,Vimeo API /videos search: veo ai video,videos_total: 1,,https://vimeo.com/user242294924,"{""follower_count"":{""source"":""vimeo_api"",""url"":""https://api.vimeo.com/users/242294924""},""profile"":{""source"":""vimeo_api"",""url"":""https://vimeo.com/user242294924""},""aigc_verdict"":{""source"":""api_search_metadata"",""url"":""https://vimeo.com/1093729294"",""note"":""API search/profile only; visual frame review not performed in this routine lane""}}"
https://vimeo.com/user248004394,user248004394,Vimeo,0,,"AIGC,Vimeo,Veo",New,2026-08-10T06:27:40Z,,,Veo,https://vimeo.com/1127723872,unsure,2026-08-10T06:27:40Z,Vimeo API /videos search: veo ai video,videos_total: 145,,https://vimeo.com/user248004394,"{""follower_count"":{""source"":""vimeo_api"",""url"":""https://api.vimeo.com/users/248004394""},""profile"":{""source"":""vimeo_api"",""url"":""https://vimeo.com/user248004394""},""aigc_verdict"":{""source"":""api_search_metadata"",""url"":""https://vimeo.com/1127723872"",""note"":""API search/profile only; visual frame review not performed in this routine lane""}}"
https://vimeo.com/user250759959,Akomavo Angel,Vimeo,0,,"AIGC,Vimeo,Veo",New,2026-08-10T06:27:40Z,,,Veo,https://vimeo.com/1190694411,unsure,2026-08-10T06:27:40Z,Vimeo API /videos search: veo ai video,videos_total: 8,,https://vimeo.com/user250759959,"{""follower_count"":{""source"":""vimeo_api"",""url"":""https://api.vimeo.com/users/250759959""},""profile"":{""source"":""vimeo_api"",""url"":""https://vimeo.com/user250759959""},""aigc_verdict"":{""source"":""api_search_metadata"",""url"":""https://vimeo.com/1190694411"",""note"":""API search/profile only; visual frame review not performed in this routine lane""}}"
https://vimeo.com/user234316530,user234316530,Vimeo,2,,"AIGC,Vimeo,Veo",New,2026-08-10T06:27:40Z,,,Veo,https://vimeo.com/1087803892,unsure,2026-08-10T06:27:40Z,Vimeo API /videos search: veo ai video,videos_total: 2,,https://vimeo.com/user234316530,"{""follower_count"":{""source"":""vimeo_api"",""url"":""https://api.vimeo.com/users/234316530""},""profile"":{""source"":""vimeo_api"",""url"":""https://vimeo.com/user234316530""},""aigc_verdict"":{""source"":""api_search_metadata"",""url"":""https://vimeo.com/1087803892"",""note"":""API search/profile only; visual frame review not performed in this routine lane""}}"
https://vimeo.com/user224530532,Alphonse  Lucky,Vimeo,1,,"AIGC,Vimeo,Veo",New,2026-08-10T06:27:40Z,,,Veo,https://vimeo.com/1101695710,unsure,2026-08-10T06:27:40Z,Vimeo API /videos search: veo ai video,videos_total: 37,,https://www.upwork.com/freelancers/~017893d03a1dbd2e7a,"{""follower_count"":{""source"":""vimeo_api"",""url"":""https://api.vimeo.com/users/224530532""},""profile"":{""source"":""vimeo_api"",""url"":""https://vimeo.com/user224530532""},""aigc_verdict"":{""source"":""api_search_metadata"",""url"":""https://vimeo.com/1101695710"",""note"":""API search/profile only; visual frame review not performed in this routine lane""}}"
https://vimeo.com/user250759952,user250759952,Vimeo,0,,"AIGC,Vimeo,Veo",New,2026-08-10T06:27:40Z,,,Veo,https://vimeo.com/1138363508,unsure,2026-08-10T06:27:40Z,Vimeo API /videos search: veo ai video,videos_total: 1,,https://vimeo.com/user250759952,"{""follower_count"":{""source"":""vimeo_api"",""url"":""https://api.vimeo.com/users/250759952""},""profile"":{""source"":""vimeo_api"",""url"":""https://vimeo.com/user250759952""},""aigc_verdict"":{""source"":""api_search_metadata"",""url"":""https://vimeo.com/1138363508"",""note"":""API search/profile only; visual frame review not performed in this routine lane""}}"
https://vimeo.com/vlinevfx,Eresha.S,Vimeo,46,,"AIGC,Vimeo,Kling",New,2026-08-10T06:27:40Z,,,Kling,https://vimeo.com/1176290111,unsure,2026-08-10T06:27:40Z,Vimeo API /videos search: veo ai video,videos_total: 51,,http://vimeo.com/9231583,"{""follower_count"":{""source"":""vimeo_api"",""url"":""https://api.vimeo.com/users/2413737""},""profile"":{""source"":""vimeo_api"",""url"":""https://vimeo.com/vlinevfx""},""aigc_verdict"":{""source"":""api_search_metadata"",""url"":""https://vimeo.com/1176290111"",""note"":""API search/profile only; visual frame review not performed in this routine lane""}}"
https://civitai.com/user/mrweaz,mrweaz,Civitai,,,"AIGC,Civitai,video,LTXV 2.3Krea 2MiniMax H3",New,2026-08-27T06:18:44Z,,English,ComfyUI,https://civitai.com/user/mrweaz,yes,2026-08-10T06:27:40Z,Civitai API /images type=video sort=Newest,"Civitai API: models=31; tags=video, krea, zit, tool, h3",https://civitai.com/user/mrweaz/models,,"{""platform"": ""Civitai"", ""username"": ""mrweaz"", ""model_count"": 31, ""top_tags"": [""video"", ""krea"", ""zit"", ""tool"", ""h3""], ""aigc_verdict"": ""yes"", ""ai_reasoning"": ""A well-designed tool with high-quality custom nodes""}"
https://civitai.com/user/weirdalice,weirdalice,Civitai,,,"AIGC,Civitai,video,MiniMax H3",New,2026-08-27T06:19:02Z,,English,LoRA,https://civitai.com/user/weirdalice,yes,2026-08-10T06:27:40Z,Civitai API /images type=video sort=Newest,"Civitai API: models=14; tags=hoshina tomoko, character, hmx-12 multi,",https://civitai.com/user/weirdalice/models,,"{""platform"": ""Civitai"", ""username"": ""weirdalice"", ""model_count"": 14, ""top_tags"": [""hoshina tomoko"", ""character"", ""hmx-12 multi"", ""doro"", ""nagaoka shiho""], ""aigc_verdict"": ""yes"", ""ai_reasoning"": ""Rule-based fallback for Civitai creator""}"
https://civitai.com/user/savitar_speed_god,SAVITAR_SPEED_GOD,Civitai,,,"AIGC,Civitai,video,MiniMax H3",New,2026-08-10T06:27:40Z,,,MiniMax H3,https://image.civitai.com/xG1nkqKTMzGDvpLrqFT7WA/6cb934d0-caae-44a5-b3b9-caa684634f14/original=true/6cb934d0-caae-44a5-b3b9-caa684634f14.mp4,yes,2026-08-10T06:27:40Z,Civitai API /images type=video sort=Newest,discovered_from_public_sfw_video_feed,,https://civitai.com/user/SAVITAR_SPEED_GOD,"{""video_content"": {""source"": ""civitai_images_api"", ""url"": ""https://image.civitai.com/xG1nkqKTMzGDvpLrqFT7WA/6cb934d0-caae-44a5-b3b9-caa684634f14/original=true/6cb934d0-caae-44a5-b3b9-caa684634f14.mp4"", ""type"": ""video"", ""nsfw"": false}, ""aigc_verdict"": {""source"": ""civitai_video_api"", ""url"": ""https://image.civitai.com/xG1nkqKTMzGDvpLrqFT7WA/6cb934d0-caae-44a5-b3b9-caa684634f14/original=true/6cb934d0-caae-44a5-b3b9-caa684634f14.mp4"", ""note"": ""Civitai public video item confirms AI-generated video output""}}"
https://civitai.com/user/djinnofgin,djinnofgin,Civitai,,,"AIGC,Civitai,video,Wan Video 2.2 I2V-A14B",New,2026-08-10T06:27:40Z,,,Wan Video 2.2 I2V-A14B,https://image.civitai.com/xG1nkqKTMzGDvpLrqFT7WA/801da422-be51-42bd-8e4d-30d006d7f53a/original=true/801da422-be51-42bd-8e4d-30d006d7f53a.mp4,yes,2026-08-10T06:27:40Z,Civitai API /images type=video sort=Newest,discovered_from_public_sfw_video_feed,,https://civitai.com/user/djinnofgin,"{""video_content"": {""source"": ""civitai_images_api"", ""url"": ""https://image.civitai.com/xG1nkqKTMzGDvpLrqFT7WA/801da422-be51-42bd-8e4d-30d006d7f53a/original=true/801da422-be51-42bd-8e4d-30d006d7f53a.mp4"", ""type"": ""video"", ""nsfw"": false}, ""aigc_verdict"": {""source"": ""civitai_video_api"", ""url"": ""https://image.civitai.com/xG1nkqKTMzGDvpLrqFT7WA/801da422-be51-42bd-8e4d-30d006d7f53a/original=true/801da422-be51-42bd-8e4d-30d006d7f53a.mp4"", ""note"": ""Civitai public video item confirms AI-generated video output""}}"
https://civitai.com/user/janedoe01,JaneDoe01,Civitai,,,"AIGC,Civitai,video,LTXV 2.3",New,2026-08-10T06:27:40Z,,,LTXV 2.3,https://image.civitai.com/xG1nkqKTMzGDvpLrqFT7WA/708f7a11-ff92-4d6a-bb7d-cbf8f96a4444/original=true/708f7a11-ff92-4d6a-bb7d-cbf8f96a4444.mp4,yes,2026-08-10T06:27:40Z,Civitai API /images type=video sort=Newest,discovered_from_public_sfw_video_feed,,https://civitai.com/user/JaneDoe01,"{""video_content"": {""source"": ""civitai_images_api"", ""url"": ""https://image.civitai.com/xG1nkqKTMzGDvpLrqFT7WA/708f7a11-ff92-4d6a-bb7d-cbf8f96a4444/original=true/708f7a11-ff92-4d6a-bb7d-cbf8f96a4444.mp4"", ""type"": ""video"", ""nsfw"": false}, ""aigc_verdict"": {""source"": ""civitai_video_api"", ""url"": ""https://image.civitai.com/xG1nkqKTMzGDvpLrqFT7WA/708f7a11-ff92-4d6a-bb7d-cbf8f96a4444/original=true/708f7a11-ff92-4d6a-bb7d-cbf8f96a4444.mp4"", ""note"": ""Civitai public video item confirms AI-generated video output""}}"
https://civitai.com/user/plabel,Plabel,Civitai,,,"AIGC,Civitai,video,Illustrious",New,2026-08-10T06:27:40Z,,,Illustrious,https://image.civitai.com/xG1nkqKTMzGDvpLrqFT7WA/83cfb0ab-56cb-4e91-92f2-ce2a699fb19b/original=true/83cfb0ab-56cb-4e91-92f2-ce2a699fb19b.mp4,yes,2026-08-10T06:27:40Z,Civitai API /images type=video sort=Newest,discovered_from_public_sfw_video_feed,,https://civitai.com/user/Plabel,"{""video_content"": {""source"": ""civitai_images_api"", ""url"": ""https://image.civitai.com/xG1nkqKTMzGDvpLrqFT7WA/83cfb0ab-56cb-4e91-92f2-ce2a699fb19b/original=true/83cfb0ab-56cb-4e91-92f2-ce2a699fb19b.mp4"", ""type"": ""video"", ""nsfw"": false}, ""aigc_verdict"": {""source"": ""civitai_video_api"", ""url"": ""https://image.civitai.com/xG1nkqKTMzGDvpLrqFT7WA/83cfb0ab-56cb-4e91-92f2-ce2a699fb19b/original=true/83cfb0ab-56cb-4e91-92f2-ce2a699fb19b.mp4"", ""note"": ""Civitai public video item confirms AI-generated video output""}}"
https://civitai.com/user/valomar,Valomar,Civitai,,,"AIGC,Civitai,video,MiniMax H3",New,2026-08-10T06:27:40Z,,,MiniMax H3,https://image.civitai.com/xG1nkqKTMzGDvpLrqFT7WA/dd33885c-ec56-4fea-93cc-c2502c7b79c0/original=true/dd33885c-ec56-4fea-93cc-c2502c7b79c0.mp4,yes,2026-08-10T06:27:40Z,Civitai API /images type=video sort=Newest,discovered_from_public_sfw_video_feed,,https://civitai.com/user/Valomar,"{""video_content"": {""source"": ""civitai_images_api"", ""url"": ""https://image.civitai.com/xG1nkqKTMzGDvpLrqFT7WA/dd33885c-ec56-4fea-93cc-c2502c7b79c0/original=true/dd33885c-ec56-4fea-93cc-c2502c7b79c0.mp4"", ""type"": ""video"", ""nsfw"": false}, ""aigc_verdict"": {""source"": ""civitai_video_api"", ""url"": ""https://image.civitai.com/xG1nkqKTMzGDvpLrqFT7WA/dd33885c-ec56-4fea-93cc-c2502c7b79c0/original=true/dd33885c-ec56-4fea-93cc-c2502c7b79c0.mp4"", ""note"": ""Civitai public video item confirms AI-generated video output""}}"
https://civitai.com/user/suora,suora,Civitai,,,"AIGC,Civitai,video,AnimaMiniMax H3",New,2026-08-10T06:27:40Z,,,AnimaMiniMax H3,https://image.civitai.com/xG1nkqKTMzGDvpLrqFT7WA/23facd7a-8bf5-49f9-adff-af10552f599f/original=true/23facd7a-8bf5-49f9-adff-af10552f599f.mp4,yes,2026-08-10T06:27:40Z,Civitai API /images type=video sort=Newest,discovered_from_public_sfw_video_feed,,https://civitai.com/user/suora,"{""video_content"": {""source"": ""civitai_images_api"", ""url"": ""https://image.civitai.com/xG1nkqKTMzGDvpLrqFT7WA/23facd7a-8bf5-49f9-adff-af10552f599f/original=true/23facd7a-8bf5-49f9-adff-af10552f599f.mp4"", ""type"": ""video"", ""nsfw"": false}, ""aigc_verdict"": {""source"": ""civitai_video_api"", ""url"": ""https://image.civitai.com/xG1nkqKTMzGDvpLrqFT7WA/23facd7a-8bf5-49f9-adff-af10552f599f/original=true/23facd7a-8bf5-49f9-adff-af10552f599f.mp4"", ""note"": ""Civitai public video item confirms AI-generated video output""}}"
https://civitai.com/user/mememanoverdrive558,mememanoverdrive558,Civitai,,,"AIGC,Civitai,video,MiniMax H3",New,2026-08-10T06:27:40Z,,,MiniMax H3,https://image.civitai.com/xG1nkqKTMzGDvpLrqFT7WA/bec295ce-c762-4862-a113-87eff1f2ab66/original=true/bec295ce-c762-4862-a113-87eff1f2ab66.mp4,yes,2026-08-10T06:27:40Z,Civitai API /images type=video sort=Newest,discovered_from_public_sfw_video_feed,,https://civitai.com/user/mememanoverdrive558,"{""video_content"": {""source"": ""civitai_images_api"", ""url"": ""https://image.civitai.com/xG1nkqKTMzGDvpLrqFT7WA/bec295ce-c762-4862-a113-87eff1f2ab66/original=true/bec295ce-c762-4862-a113-87eff1f2ab66.mp4"", ""type"": ""video"", ""nsfw"": false}, ""aigc_verdict"": {""source"": ""civitai_video_api"", ""url"": ""https://image.civitai.com/xG1nkqKTMzGDvpLrqFT7WA/bec295ce-c762-4862-a113-87eff1f2ab66/original=true/bec295ce-c762-4862-a113-87eff1f2ab66.mp4"", ""note"": ""Civitai public video item confirms AI-generated video output""}}"
https://civitai.com/user/onemanshow,OneManShow,Civitai,,,"AIGC,Civitai,video,MiniMax H3",New,2026-08-10T06:27:40Z,,,MiniMax H3,https://image.civitai.com/xG1nkqKTMzGDvpLrqFT7WA/678b58e4-f1c5-4bf9-a9bd-37451788e300/original=true/678b58e4-f1c5-4bf9-a9bd-37451788e300.mp4,yes,2026-08-10T06:27:40Z,Civitai API /images type=video sort=Newest,discovered_from_public_sfw_video_feed,,https://civitai.com/user/OneManShow,"{""video_content"": {""source"": ""civitai_images_api"", ""url"": ""https://image.civitai.com/xG1nkqKTMzGDvpLrqFT7WA/678b58e4-f1c5-4bf9-a9bd-37451788e300/original=true/678b58e4-f1c5-4bf9-a9bd-37451788e300.mp4"", ""type"": ""video"", ""nsfw"": false}, ""aigc_verdict"": {""source"": ""civitai_video_api"", ""url"": ""https://image.civitai.com/xG1nkqKTMzGDvpLrqFT7WA/678b58e4-f1c5-4bf9-a9bd-37451788e300/original=true/678b58e4-f1c5-4bf9-a9bd-37451788e300.mp4"", ""note"": ""Civitai public video item confirms AI-generated video output""}}"
https://civitai.com/user/oceaneler,OceaneLer,Civitai,,,"AIGC,Civitai,video,Anima",New,2026-08-10T06:27:40Z,,,Anima,https://image.civitai.com/xG1nkqKTMzGDvpLrqFT7WA/608b1a4b-7505-47a8-8b79-3ed835083ef4/original=true/608b1a4b-7505-47a8-8b79-3ed835083ef4.mp4,yes,2026-08-10T06:27:40Z,Civitai API /images type=video sort=Newest,discovered_from_public_sfw_video_feed,,https://civitai.com/user/OceaneLer,"{""video_content"": {""source"": ""civitai_images_api"", ""url"": ""https://image.civitai.com/xG1nkqKTMzGDvpLrqFT7WA/608b1a4b-7505-47a8-8b79-3ed835083ef4/original=true/608b1a4b-7505-47a8-8b79-3ed835083ef4.mp4"", ""type"": ""video"", ""nsfw"": false}, ""aigc_verdict"": {""source"": ""civitai_video_api"", ""url"": ""https://image.civitai.com/xG1nkqKTMzGDvpLrqFT7WA/608b1a4b-7505-47a8-8b79-3ed835083ef4/original=true/608b1a4b-7505-47a8-8b79-3ed835083ef4.mp4"", ""note"": ""Civitai public video item confirms AI-generated video output""}}"
https://civitai.com/user/bunkley,Bunkley,Civitai,,,"AIGC,Civitai,video",New,2026-08-10T06:27:40Z,,,,https://image.civitai.com/xG1nkqKTMzGDvpLrqFT7WA/53ae6dc0-9de5-4990-b536-575899e44b2e/original=true/53ae6dc0-9de5-4990-b536-575899e44b2e.mp4,yes,2026-08-10T06:27:40Z,Civitai API /images type=video sort=Newest,discovered_from_public_sfw_video_feed,,https://civitai.com/user/Bunkley,"{""video_content"": {""source"": ""civitai_images_api"", ""url"": ""https://image.civitai.com/xG1nkqKTMzGDvpLrqFT7WA/53ae6dc0-9de5-4990-b536-575899e44b2e/original=true/53ae6dc0-9de5-4990-b536-575899e44b2e.mp4"", ""type"": ""video"", ""nsfw"": false}, ""aigc_verdict"": {""source"": ""civitai_video_api"", ""url"": ""https://image.civitai.com/xG1nkqKTMzGDvpLrqFT7WA/53ae6dc0-9de5-4990-b536-575899e44b2e/original=true/53ae6dc0-9de5-4990-b536-575899e44b2e.mp4"", ""note"": ""Civitai public video item confirms AI-generated video output""}}"
https://civitai.com/user/galaxytimemachine,galaxytimemachine,Civitai,,,"AIGC,Civitai,video,MiniMax H3",New,2026-08-27T06:19:42Z,,English,Stable Diffusion,https://civitai.com/user/galaxytimemachine,yes,2026-08-10T06:27:40Z,Civitai API /images type=video sort=Newest,"Civitai API: models=16; tags=surrealism, comfyui, photorealistic, ani",https://civitai.com/user/galaxytimemachine/models,,"{""platform"": ""Civitai"", ""username"": ""galaxytimemachine"", ""model_count"": 16, ""top_tags"": [""surrealism"", ""comfyui"", ""photorealistic"", ""anime"", ""nudes""], ""aigc_verdict"": ""yes"", ""ai_reasoning"": ""Rule-based fallback for Civitai creator""}"
https://civitai.com/user/ilolisa02519,ilolisa02519,Civitai,,,"AIGC,Civitai,video,MiniMax H3",New,2026-08-27T06:19:54Z,,,MiniMax H3,https://civitai.com/user/ilolisa02519,yes,2026-08-10T06:27:40Z,Civitai API /images type=video sort=Newest,Civitai API: models=0; tags=,https://civitai.com/user/ilolisa02519/models,,"{""platform"": ""Civitai"", ""username"": ""ilolisa02519"", ""model_count"": 0, ""top_tags"": [], ""aigc_verdict"": ""yes"", ""ai_reasoning"": null}"
https://civitai.com/user/orion4d,orion4d,Civitai,,,"AIGC,Civitai,video",New,2026-08-27T06:20:12Z,,English,LoRA,https://civitai.com/user/orion4d,yes,2026-08-10T06:27:40Z,Civitai API /images type=video sort=Newest,"Civitai API: models=50; tags=landscape, drawing, line art, photograph",https://civitai.com/user/orion4d/models,,"{""platform"": ""Civitai"", ""username"": ""orion4d"", ""model_count"": 50, ""top_tags"": [""landscape"", ""drawing"", ""line art"", ""photography"", ""base model""], ""aigc_verdict"": ""yes"", ""ai_reasoning"": ""Rule-based fallback for Civitai creator""}"
https://civitai.com/user/axlaim,axlaim,Civitai,,,"AIGC,Civitai,video,MiniMax H3",New,2026-08-10T06:27:40Z,,,MiniMax H3,https://image.civitai.com/xG1nkqKTMzGDvpLrqFT7WA/997f6072-88a3-4852-a480-5ad53773cb8f/original=true/997f6072-88a3-4852-a480-5ad53773cb8f.mp4,yes,2026-08-10T06:27:40Z,Civitai API /images type=video sort=Newest,discovered_from_public_sfw_video_feed,,https://civitai.com/user/axlaim,"{""video_content"": {""source"": ""civitai_images_api"", ""url"": ""https://image.civitai.com/xG1nkqKTMzGDvpLrqFT7WA/997f6072-88a3-4852-a480-5ad53773cb8f/original=true/997f6072-88a3-4852-a480-5ad53773cb8f.mp4"", ""type"": ""video"", ""nsfw"": false}, ""aigc_verdict"": {""source"": ""civitai_video_api"", ""url"": ""https://image.civitai.com/xG1nkqKTMzGDvpLrqFT7WA/997f6072-88a3-4852-a480-5ad53773cb8f/original=true/997f6072-88a3-4852-a480-5ad53773cb8f.mp4"", ""note"": ""Civitai public video item confirms AI-generated video output""}}"
https://civitai.com/user/aimetatron,AiMetatron,Civitai,,,"AIGC,Civitai,video,MiniMax H3",New,2026-08-10T06:27:40Z,,,MiniMax H3,https://image.civitai.com/xG1nkqKTMzGDvpLrqFT7WA/42f3c9a2-e710-4d18-9dec-dc20ac54ee7f/original=true/42f3c9a2-e710-4d18-9dec-dc20ac54ee7f.mp4,yes,2026-08-10T06:27:40Z,Civitai API /images type=video sort=Newest,discovered_from_public_sfw_video_feed,,https://civitai.com/user/AiMetatron,"{""video_content"": {""source"": ""civitai_images_api"", ""url"": ""https://image.civitai.com/xG1nkqKTMzGDvpLrqFT7WA/42f3c9a2-e710-4d18-9dec-dc20ac54ee7f/original=true/42f3c9a2-e710-4d18-9dec-dc20ac54ee7f.mp4"", ""type"": ""video"", ""nsfw"": false}, ""aigc_verdict"": {""source"": ""civitai_video_api"", ""url"": ""https://image.civitai.com/xG1nkqKTMzGDvpLrqFT7WA/42f3c9a2-e710-4d18-9dec-dc20ac54ee7f/original=true/42f3c9a2-e710-4d18-9dec-dc20ac54ee7f.mp4"", ""note"": ""Civitai public video item confirms AI-generated video output""}}"
https://civitai.com/user/tp_ai_63,TP_AI_63,Civitai,,,"AIGC,Civitai,video",New,2026-08-10T06:27:40Z,,,,https://image.civitai.com/xG1nkqKTMzGDvpLrqFT7WA/9cea4884-8825-44ba-9c50-683e08fe35f4/original=true/9cea4884-8825-44ba-9c50-683e08fe35f4.mp4,yes,2026-08-10T06:27:40Z,Civitai API /images type=video sort=Newest,discovered_from_public_sfw_video_feed,,https://civitai.com/user/TP_AI_63,"{""video_content"": {""source"": ""civitai_images_api"", ""url"": ""https://image.civitai.com/xG1nkqKTMzGDvpLrqFT7WA/9cea4884-8825-44ba-9c50-683e08fe35f4/original=true/9cea4884-8825-44ba-9c50-683e08fe35f4.mp4"", ""type"": ""video"", ""nsfw"": false}, ""aigc_verdict"": {""source"": ""civitai_video_api"", ""url"": ""https://image.civitai.com/xG1nkqKTMzGDvpLrqFT7WA/9cea4884-8825-44ba-9c50-683e08fe35f4/original=true/9cea4884-8825-44ba-9c50-683e08fe35f4.mp4"", ""note"": ""Civitai public video item confirms AI-generated video output""}}"
https://civitai.com/user/mistermr,MisterMR,Civitai,,,"AIGC,Civitai,video",New,2026-08-10T06:27:40Z,,,,https://image.civitai.com/xG1nkqKTMzGDvpLrqFT7WA/09fffdc3-6c50-463a-ad5f-e0072c0619cc/original=true/09fffdc3-6c50-463a-ad5f-e0072c0619cc.mp4,yes,2026-08-10T06:27:40Z,Civitai API /images type=video sort=Newest,discovered_from_public_sfw_video_feed,,https://civitai.com/user/MisterMR,"{""video_content"": {""source"": ""civitai_images_api"", ""url"": ""https://image.civitai.com/xG1nkqKTMzGDvpLrqFT7WA/09fffdc3-6c50-463a-ad5f-e0072c0619cc/original=true/09fffdc3-6c50-463a-ad5f-e0072c0619cc.mp4"", ""type"": ""video"", ""nsfw"": false}, ""aigc_verdict"": {""source"": ""civitai_video_api"", ""url"": ""https://image.civitai.com/xG1nkqKTMzGDvpLrqFT7WA/09fffdc3-6c50-463a-ad5f-e0072c0619cc/original=true/09fffdc3-6c50-463a-ad5f-e0072c0619cc.mp4"", ""note"": ""Civitai public video item confirms AI-generated video output""}}"
https://civitai.com/user/kudo204,kudo204,Civitai,,,"AIGC,Civitai,video,Wan Video 2.2 I2V-A14B",New,2026-08-10T06:27:40Z,,,Wan Video 2.2 I2V-A14B,https://image.civitai.com/xG1nkqKTMzGDvpLrqFT7WA/c860cebc-1b10-4f59-bf6a-24e8fb596bf4/original=true/c860cebc-1b10-4f59-bf6a-24e8fb596bf4.mp4,yes,2026-08-10T06:27:40Z,Civitai API /images type=video sort=Newest,discovered_from_public_sfw_video_feed,,https://civitai.com/user/kudo204,"{""video_content"": {""source"": ""civitai_images_api"", ""url"": ""https://image.civitai.com/xG1nkqKTMzGDvpLrqFT7WA/c860cebc-1b10-4f59-bf6a-24e8fb596bf4/original=true/c860cebc-1b10-4f59-bf6a-24e8fb596bf4.mp4"", ""type"": ""video"", ""nsfw"": false}, ""aigc_verdict"": {""source"": ""civitai_video_api"", ""url"": ""https://image.civitai.com/xG1nkqKTMzGDvpLrqFT7WA/c860cebc-1b10-4f59-bf6a-24e8fb596bf4/original=true/c860cebc-1b10-4f59-bf6a-24e8fb596bf4.mp4"", ""note"": ""Civitai public video item confirms AI-generated video output""}}"
https://civitai.com/user/shimeajirtx,shimeajiRTX,Civitai,,,"AIGC,Civitai,video",New,2026-08-10T06:27:40Z,,,,https://image.civitai.com/xG1nkqKTMzGDvpLrqFT7WA/b1e89fda-2615-460e-befd-a22e9043a73e/original=true/b1e89fda-2615-460e-befd-a22e9043a73e.mp4,yes,2026-08-10T06:27:40Z,Civitai API /images type=video sort=Newest,discovered_from_public_sfw_video_feed,,https://civitai.com/user/shimeajiRTX,"{""video_content"": {""source"": ""civitai_images_api"", ""url"": ""https://image.civitai.com/xG1nkqKTMzGDvpLrqFT7WA/b1e89fda-2615-460e-befd-a22e9043a73e/original=true/b1e89fda-2615-460e-befd-a22e9043a73e.mp4"", ""type"": ""video"", ""nsfw"": false}, ""aigc_verdict"": {""source"": ""civitai_video_api"", ""url"": ""https://image.civitai.com/xG1nkqKTMzGDvpLrqFT7WA/b1e89fda-2615-460e-befd-a22e9043a73e/original=true/b1e89fda-2615-460e-befd-a22e9043a73e.mp4"", ""note"": ""Civitai public video item confirms AI-generated video output""}}"
https://civitai.com/user/carlh2024,Carlh2024,Civitai,,,"AIGC,Civitai,video",New,2026-08-10T06:27:40Z,,,,https://image.civitai.com/xG1nkqKTMzGDvpLrqFT7WA/a88765a9-97a4-4879-abf5-4c27e0b9e14a/original=true/a88765a9-97a4-4879-abf5-4c27e0b9e14a.mp4,yes,2026-08-10T06:27:40Z,Civitai API /images type=video sort=Newest,discovered_from_public_sfw_video_feed,,https://civitai.com/user/Carlh2024,"{""video_content"": {""source"": ""civitai_images_api"", ""url"": ""https://image.civitai.com/xG1nkqKTMzGDvpLrqFT7WA/a88765a9-97a4-4879-abf5-4c27e0b9e14a/original=true/a88765a9-97a4-4879-abf5-4c27e0b9e14a.mp4"", ""type"": ""video"", ""nsfw"": false}, ""aigc_verdict"": {""source"": ""civitai_video_api"", ""url"": ""https://image.civitai.com/xG1nkqKTMzGDvpLrqFT7WA/a88765a9-97a4-4879-abf5-4c27e0b9e14a/original=true/a88765a9-97a4-4879-abf5-4c27e0b9e14a.mp4"", ""note"": ""Civitai public video item confirms AI-generated video output""}}"
https://instagram.com/ai_mov_director,@ai_mov_director,Instagram,,,"AIGC,Meta",New,2026-08-10T10:06:53Z,,,,,unsure,2026-08-10T10:06:53Z,"SearXNG ""AI filmmaker"" ""Instagram photos and videos"" ""Sora"" -openai site:instagram.com","Meta routine discovery lead; no computer_use. META_GRAPH_TOKEN or META_IG_USER_ID missing in this shell, so business_discovery was not run; account type unknown; flagged for seated computer_use pass if not later API-profiled.",,https://instagram.com/ai_mov_director,"{""discovery"":{""source"":""SearXNG"",""query"":""\""AI filmmaker\"" \""Instagram photos and videos\"" \""Sora\"" -openai site:instagram.com"",""url"":""https://instagram.com/ai_mov_director"",""why"":""Volodymyr Kondratenko (VK) (@ai_mov_director) - Instagram 3K+ followers \u00b7 1.1K+ following \u00b7 103 posts \u00b7 @ai_mov_director: \u201c winning AI filmmaker ... Sora ...""}}"
https://instagram.com/aiesmars,@aiesmars,Instagram,,,"AIGC,Meta",New,2026-08-10T10:06:53Z,,,,,unsure,2026-08-10T10:06:53Z,"SearXNG ""AI artist"" ""AI filmmaker"" ""Instagram"" site:instagram.com","Meta routine discovery lead; no computer_use. META_GRAPH_TOKEN or META_IG_USER_ID missing in this shell, so business_discovery was not run; account type unknown; flagged for seated computer_use pass if not later API-profiled.",,https://instagram.com/aiesmars,"{""discovery"":{""source"":""SearXNG"",""query"":""\""AI artist\"" \""AI filmmaker\"" \""Instagram\"" site:instagram.com"",""url"":""https://instagram.com/aiesmars"",""why"":""ai artist (@aiesmars) \u2022 Instagram photos and videos ... followers \u00b7 229 following \u00b7 39 posts \u00b7 @aiesmars: \u201c\u2022AI Filmmaker \u2022Visual poetry between science, dreams and AI Thailand ... ai artist (@aiesmars) \u2022 Instagram ...""}}"
https://instagram.com/art.bypavlidiy,@art.bypavlidiy,Instagram,,,"AIGC,Meta",New,2026-08-10T10:06:53Z,,,,,unsure,2026-08-10T10:06:53Z,"SearXNG ""AI artist"" ""AI filmmaker"" ""Instagram"" site:instagram.com","Meta routine discovery lead; no computer_use. META_GRAPH_TOKEN or META_IG_USER_ID missing in this shell, so business_discovery was not run; account type unknown; flagged for seated computer_use pass if not later API-profiled.",,https://instagram.com/art.bypavlidiy,"{""discovery"":{""source"":""SearXNG"",""query"":""\""AI artist\"" \""AI filmmaker\"" \""Instagram\"" site:instagram.com"",""url"":""https://instagram.com/art.bypavlidiy"",""why"":""ai artist & designer (@art.bypavlidiy) \u2022 Instagram photos and videos ai artist & designer. 5,798 followers. 766 following. - cinematic vision ... Hello, my ...""}}"
https://instagram.com/naamachen1,@naamachen1,Instagram,,,"AIGC,Meta",New,2026-08-10T10:06:53Z,,,,,unsure,2026-08-10T10:06:53Z,"SearXNG ""AI filmmaker"" ""Instagram photos and videos"" ""Sora"" -openai site:instagram.com","Meta routine discovery lead; no computer_use. META_GRAPH_TOKEN or META_IG_USER_ID missing in this shell, so business_discovery was not run; account type unknown; flagged for seated computer_use pass if not later API-profiled.",,https://instagram.com/naamachen1,"{""discovery"":{""source"":""SearXNG"",""query"":""\""AI filmmaker\"" \""Instagram photos and videos\"" \""Sora\"" -openai site:instagram.com"",""url"":""https://instagram.com/naamachen1"",""why"":""Naama Chen Ai (@naamachen1) \u2022 Instagram photos and videos 8K+ followers \u00b7 933 following \u00b7 1199 posts \u00b7 @naamachen1: \u201cAward-Winning AI Filmmaker ... sora #higgsfield #aivideo #hopefulart #gratitude #digitalcreators ...""}}"
https://instagram.com/purdyjoy0,@purdyjoy0,Instagram,,,"AIGC,Meta",New,2026-08-10T10:06:53Z,,,,,unsure,2026-08-10T10:06:53Z,"SearXNG ""AI filmmaker"" ""Instagram photos and videos"" ""Runway"" site:instagram.com","Meta routine discovery lead; no computer_use. META_GRAPH_TOKEN or META_IG_USER_ID missing in this shell, so business_discovery was not run; account type unknown; flagged for seated computer_use pass if not later API-profiled.",,https://instagram.com/purdyjoy0,"{""discovery"":{""source"":""SearXNG"",""query"":""\""AI filmmaker\"" \""Instagram photos and videos\"" \""Runway\"" site:instagram.com"",""url"":""https://instagram.com/purdyjoy0"",""why"":""Joy Purdy (@purdyjoy0) \u2022 Instagram photos and videos I'm an AI filmmaker, and these pages are where the film starts to look like ... runway #runwayshow #birds #aibirds #fashionshow #runwayml #highfashion ...""}}"
https://instagram.com/robertrgaudette,@robertrgaudette,Instagram,,,"AIGC,Meta",New,2026-08-10T10:06:53Z,,,,,unsure,2026-08-10T10:06:53Z,"SearXNG ""AI filmmaker"" ""Instagram photos and videos"" ""Runway"" site:instagram.com","Meta routine discovery lead; no computer_use. META_GRAPH_TOKEN or META_IG_USER_ID missing in this shell, so business_discovery was not run; account type unknown; flagged for seated computer_use pass if not later API-profiled.",,https://instagram.com/robertrgaudette,"{""discovery"":{""source"":""SearXNG"",""query"":""\""AI filmmaker\"" \""Instagram photos and videos\"" \""Runway\"" site:instagram.com"",""url"":""https://instagram.com/robertrgaudette"",""why"":""robertrgaudette \u2022 Instagram photos and videos My entry into Runway's Big Pitch Contest. #generativeai #runwayml ...""}}"
https://instagram.com/xwell__media,@xwell__media,Instagram,,,"AIGC,Meta",New,2026-08-10T10:06:53Z,,,,,unsure,2026-08-10T10:06:53Z,"SearXNG ""AI artist"" ""AI filmmaker"" ""Instagram"" site:instagram.com","Meta routine discovery lead; no computer_use. META_GRAPH_TOKEN or META_IG_USER_ID missing in this shell, so business_discovery was not run; account type unknown; flagged for seated computer_use pass if not later API-profiled.",,https://instagram.com/xwell__media,"{""discovery"":{""source"":""SearXNG"",""query"":""\""AI artist\"" \""AI filmmaker\"" \""Instagram\"" site:instagram.com"",""url"":""https://instagram.com/xwell__media"",""why"":""Hanna | AI Director (@xwell__media) \u2022 Instagram photos and videos ... K+ followers \u00b7 785 following \u00b7 150 posts \u00b7 @xwell__media: \u201cAI filmmaker ... AI video for @dirteaworld AI artist: @xwell__media A series of AI videos for ...""}}"
https://reddit.com/user/dependent_job_3733,Fengzenhao (u/Dependent_Job_3733),Reddit,,,"AIGC,AI video,Reddit",New,2026-08-11T02:20:08Z,,,,,unsure,2026-08-11T02:20:08Z,"searxng ""AI video creator"" site:reddit.com/user",Reddit discovery-only; FollowerCount empty and AIGCVerdict=unsure per ROUTINE.md rule 9; no computer_use.,,https://www.reddit.com/user/Dependent_Job_3733/,"{""identity"":{""source"":""searxng"",""url"":""https://www.reddit.com/user/Dependent_Job_3733/"",""query"":""\""AI video creator\"" site:reddit.com/user""},""aigc_verdict"":{""source"":""not_profiled"",""reason"":""Reddit has no keyless profiling API in routine; search snippet only, per ROUTINE.md rule 9""},""discovery_snippet"":""23 May 2026 ... u/Dependent_Job_3733: Director and AI video creator based in Taiwan. I got tired of AI performers looking polite and started making them ...""}"
https://reddit.com/user/nicolaspomet,nicolaspomet (u/nicolaspomet),Reddit,,,"AIGC,AI video,Reddit",New,2026-08-11T02:20:08Z,,,,https://www.reddit.com/r/aivideo/comments/1huhxxc/russian_sleep_exp%C4%93riment_part_i/,unsure,2026-08-11T02:20:08Z,"searxng ""AI filmmaker"" site:reddit.com/r/aivideo",Reddit discovery-only; FollowerCount empty and AIGCVerdict=unsure per ROUTINE.md rule 9; no computer_use.,,https://www.reddit.com/r/aivideo/comments/1huhxxc/russian_sleep_exp%C4%93riment_part_i/,"{""identity"":{""source"":""searxng"",""url"":""https://www.reddit.com/r/aivideo/comments/1huhxxc/russian_sleep_exp%C4%93riment_part_i/"",""query"":""\""AI filmmaker\"" site:reddit.com/r/aivideo""},""aigc_verdict"":{""source"":""not_profiled"",""reason"":""Reddit has no keyless profiling API in routine; search snippet only, per ROUTINE.md rule 9""},""discovery_snippet"":""5 Jan 2025 ... 2y ago. This is really good. Are you a filmmaker? nicolaspomet. OP •. 2y ago. Thank you ! I guess i'm an AI filmmaker. Spare-Confidence-721. •.""}"
https://threads.net/@blink___ai,@blink___ai,Threads,6500,,"AIGC,Meta,needs-seated-pass",New,2026-09-09T06:18:45Z,,Korean,Sora,https://threads.net/@blink___ai,yes,2026-08-11T10:08:57Z,SearXNG Sora AI filmmaker site:threads.net,Threads scrape: followers=6500; language=Korean,https://threads.net/@blink___ai,https://threads.net/@blink___ai,"{""platform"": ""Threads"", ""profile_url"": ""https://threads.net/@blink___ai"", ""handle"": ""@blink___ai"", ""follower"": {""value"": 6500, ""raw"": ""6.5K"", ""source"": ""og:description"", ""status"": ""found""}, ""email"": {""value"": null, ""source"": null, ""status"": ""not_found""}, ""region"": {""value"": null, ""source"": null, ""evidence"": null, ""status"": ""not_found""}, ""language"": {""value"": ""Korean"", ""source"": ""bio"", ""confidence"": ""high"", ""status"": ""found""}, ""ai"": {""primary_tool"": null, ""verdict"": ""yes"", ""evidence"": ""Rule-based keyword fallback""}}"
https://threads.net/@ssuperwasabi,@ssuperwasabi,Threads,1400,,"AIGC,Meta,discovery",New,2026-09-09T06:18:52Z,,Korean,Sora,https://threads.net/@ssuperwasabi,yes,2026-08-12T10:18:23Z,SearXNG Sora AI filmmaker site:threads.net,Threads scrape: followers=1400; language=Korean,https://threads.net/@ssuperwasabi,https://threads.net/@ssuperwasabi,"{""platform"": ""Threads"", ""profile_url"": ""https://threads.net/@ssuperwasabi"", ""handle"": ""@ssuperwasabi"", ""follower"": {""value"": 1400, ""raw"": ""1.4K"", ""source"": ""og:description"", ""status"": ""found""}, ""email"": {""value"": null, ""source"": null, ""status"": ""not_found""}, ""region"": {""value"": null, ""source"": null, ""evidence"": null, ""status"": ""not_found""}, ""language"": {""value"": ""Korean"", ""source"": ""bio"", ""confidence"": ""high"", ""status"": ""found""}, ""ai"": {""primary_tool"": null, ""verdict"": ""yes"", ""evidence"": ""Rule-based keyword fallback""}}"
https://threads.net/@jitter.video,@jitter.video,Threads,4400,,"AIGC,Meta,needs-seated-pass",New,2026-09-09T06:18:58Z,,English,Jitter Motion,https://threads.net/@jitter.video,hybrid,2026-08-12T10:18:23Z,SearXNG Runway AI video creator site:threads.net,Threads scrape: followers=4400; language=English; tool=Jitter Motion,https://threads.net/@jitter.video,https://threads.net/@jitter.video,"{""platform"": ""Threads"", ""profile_url"": ""https://threads.net/@jitter.video"", ""handle"": ""@jitter.video"", ""follower"": {""value"": 4400, ""raw"": ""4.4K"", ""source"": ""og:description"", ""status"": ""found""}, ""email"": {""value"": null, ""source"": null, ""status"": ""not_found""}, ""region"": {""value"": null, ""source"": null, ""evidence"": null, ""status"": ""not_found""}, ""language"": {""value"": ""English"", ""source"": ""bio"", ""confidence"": ""medium"", ""status"": ""found""}, ""ai"": {""primary_tool"": ""Jitter Motion"", ""verdict"": ""hybrid"", ""evidence"": ""Rule-based keyword fallback""}}"
https://threads.net/@xtraai7,@xtraai7,Threads,11300,,"AIGC,Meta,needs-seated-pass",New,2026-09-09T06:19:05Z,,English,Runway,https://threads.net/@xtraai7,yes,2026-08-12T10:18:23Z,SearXNG Runway AI video creator site:threads.net,Threads scrape: followers=11300; language=English,https://threads.net/@xtraai7,https://threads.net/@xtraai7,"{""platform"": ""Threads"", ""profile_url"": ""https://threads.net/@xtraai7"", ""handle"": ""@xtraai7"", ""follower"": {""value"": 11300, ""raw"": ""11.3K"", ""source"": ""og:description"", ""status"": ""found""}, ""email"": {""value"": null, ""source"": null, ""status"": ""not_found""}, ""region"": {""value"": null, ""source"": null, ""evidence"": null, ""status"": ""not_found""}, ""language"": {""value"": ""English"", ""source"": ""bio"", ""confidence"": ""medium"", ""status"": ""found""}, ""ai"": {""primary_tool"": null, ""verdict"": ""yes"", ""evidence"": ""Rule-based keyword fallback""}}"
https://threads.net/@mattnavarra,@mattnavarra,Threads,41400,,"AIGC,Meta,discovery",New,2026-09-09T06:19:12Z,,English,Runway,https://threads.net/@mattnavarra,hybrid,2026-08-12T10:18:23Z,SearXNG Runway AI video creator site:threads.net,Threads scrape: followers=41400; language=English,https://threads.net/@mattnavarra,https://threads.net/@mattnavarra,"{""platform"": ""Threads"", ""profile_url"": ""https://threads.net/@mattnavarra"", ""handle"": ""@mattnavarra"", ""follower"": {""value"": 41400, ""raw"": ""41.4K"", ""source"": ""og:description"", ""status"": ""found""}, ""email"": {""value"": null, ""source"": null, ""status"": ""not_found""}, ""region"": {""value"": null, ""source"": null, ""evidence"": null, ""status"": ""not_found""}, ""language"": {""value"": ""English"", ""source"": ""bio"", ""confidence"": ""medium"", ""status"": ""found""}, ""ai"": {""primary_tool"": null, ""verdict"": ""hybrid"", ""evidence"": ""Rule-based keyword fallback""}}"
https://threads.net/@ai.daily.news,@ai.daily.news,Threads,5300,,"AIGC,Meta,discovery",New,2026-09-09T06:19:18Z,,English,Runway,https://threads.net/@ai.daily.news,yes,2026-08-12T10:18:23Z,SearXNG Runway AI video creator site:threads.net,Threads scrape: followers=5300; language=English,https://threads.net/@ai.daily.news,https://threads.net/@ai.daily.news,"{""platform"": ""Threads"", ""profile_url"": ""https://threads.net/@ai.daily.news"", ""handle"": ""@ai.daily.news"", ""follower"": {""value"": 5300, ""raw"": ""5.3K"", ""source"": ""og:description"", ""status"": ""found""}, ""email"": {""value"": null, ""source"": null, ""status"": ""not_found""}, ""region"": {""value"": null, ""source"": null, ""evidence"": null, ""status"": ""not_found""}, ""language"": {""value"": ""English"", ""source"": ""bio"", ""confidence"": ""medium"", ""status"": ""found""}, ""ai"": {""primary_tool"": null, ""verdict"": ""yes"", ""evidence"": ""Rule-based keyword fallback""}}"
https://threads.net/@imagineartofficial,@imagineartofficial,Threads,25800,,"AIGC,Meta,discovery",New,2026-09-09T06:19:25Z,,English,,https://threads.net/@imagineartofficial,yes,2026-08-12T10:18:23Z,SearXNG AI video creator generative video site:threads.net,Threads scrape: followers=25800; language=English,https://threads.net/@imagineartofficial,https://threads.net/@imagineartofficial,"{""platform"": ""Threads"", ""profile_url"": ""https://threads.net/@imagineartofficial"", ""handle"": ""@imagineartofficial"", ""follower"": {""value"": 25800, ""raw"": ""25.8K"", ""source"": ""og:description"", ""status"": ""found""}, ""email"": {""value"": null, ""source"": null, ""status"": ""not_found""}, ""region"": {""value"": null, ""source"": null, ""evidence"": null, ""status"": ""not_found""}, ""language"": {""value"": ""English"", ""source"": ""bio"", ""confidence"": ""medium"", ""status"": ""found""}, ""ai"": {""primary_tool"": null, ""verdict"": ""yes"", ""evidence"": ""Rule-based keyword fallback""}}"
https://threads.net/@jennifermarievo,@jennifermarievo,Threads,348,,"AIGC,Meta,discovery",New,2026-09-09T06:19:31Z,,English,,https://threads.net/@jennifermarievo,hybrid,2026-08-12T10:18:23Z,SearXNG AI video creator generative video site:threads.net,Threads scrape: followers=348; language=English,https://threads.net/@jennifermarievo,https://threads.net/@jennifermarievo,"{""platform"": ""Threads"", ""profile_url"": ""https://threads.net/@jennifermarievo"", ""handle"": ""@jennifermarievo"", ""follower"": {""value"": 348, ""raw"": ""348"", ""source"": ""og:description"", ""status"": ""found""}, ""email"": {""value"": null, ""source"": null, ""status"": ""not_found""}, ""region"": {""value"": null, ""source"": null, ""evidence"": null, ""status"": ""not_found""}, ""language"": {""value"": ""English"", ""source"": ""bio"", ""confidence"": ""medium"", ""status"": ""found""}, ""ai"": {""primary_tool"": null, ""verdict"": ""hybrid"", ""evidence"": ""Rule-based keyword fallback""}}"
https://threads.net/@aarofi_,@aarofi_,Threads,244,,"AIGC,Meta,discovery",New,2026-09-09T06:19:38Z,,English,,https://threads.net/@aarofi_,hybrid,2026-08-12T10:18:23Z,SearXNG AI video creator generative video site:threads.net,Threads scrape: followers=244; region=Bandung - Cirebon; language=English,https://threads.net/@aarofi_,https://threads.net/@aarofi_,"{""platform"": ""Threads"", ""profile_url"": ""https://threads.net/@aarofi_"", ""handle"": ""@aarofi_"", ""follower"": {""value"": 244, ""raw"": ""244"", ""source"": ""og:description"", ""status"": ""found""}, ""email"": {""value"": null, ""source"": null, ""status"": ""not_found""}, ""region"": {""value"": ""Bandung - Cirebon"", ""source"": ""profile"", ""evidence"": ""bio_pattern"", ""status"": ""found""}, ""language"": {""value"": ""English"", ""source"": ""bio"", ""confidence"": ""medium"", ""status"": ""found""}, ""ai"": {""primary_tool"": null, ""verdict"": ""hybrid"", ""evidence"": ""Rule-based keyword fallback""}}"
https://threads.net/@google,@google,Threads,3900000,,"AIGC,Meta,discovery",New,2026-09-09T06:19:45Z,,English,,https://threads.net/@google,hybrid,2026-08-12T10:18:23Z,SearXNG AI video creator generative video site:threads.net,Threads scrape: followers=3900000; language=English,https://threads.net/@google,https://threads.net/@google,"{""platform"": ""Threads"", ""profile_url"": ""https://threads.net/@google"", ""handle"": ""@google"", ""follower"": {""value"": 3900000, ""raw"": ""3.9M"", ""source"": ""og:description"", ""status"": ""found""}, ""email"": {""value"": null, ""source"": null, ""status"": ""not_found""}, ""region"": {""value"": null, ""source"": null, ""evidence"": null, ""status"": ""not_found""}, ""language"": {""value"": ""English"", ""source"": ""bio"", ""confidence"": ""medium"", ""status"": ""found""}, ""ai"": {""primary_tool"": null, ""verdict"": ""hybrid"", ""evidence"": ""Rule-based keyword fallback""}}"
https://reddit.com/user/songsponge,u/songsponge,Reddit,,,"AIGC,Reddit,Sora",New,2026-08-13T02:05:37Z,,,Sora,,unsure,2026-08-13T02:05:37Z,searxng Sora AI video creator site:reddit.com/user,Reddit discovery-only: no keyless profiling API from server IP; follower_count empty; verdict unsure. Snippet: u/songsponge - Reddit 12 Jul 2026 ... Did some AI video generation here. But the ones of me were shot on ... Open AI Sora 2 Invite Codes Megathread · songsponge commented 10 ...,,https://www.reddit.com/user/songsponge/,"{""identity"":{""source"":""searxng"",""url"":""https://www.reddit.com/user/songsponge/"",""query"":""Sora AI video creator site:reddit.com/user"",""reason"":""profile_url_result""},""aigc_verdict"":{""source"":""search_snippet"",""url"":""https://www.reddit.com/user/songsponge/"",""verdict"":""unsure"",""snippet"":""u/songsponge - Reddit 12 Jul 2026 ... Did some AI video generation here. But the ones of me were shot on ... Open AI Sora 2 Invite Codes Megathread · songsponge commented 10 ...""}}"
https://reddit.com/user/slatsunus,u/Slatsunus,Reddit,,,"AIGC,Reddit,Sora",New,2026-08-13T02:05:37Z,,,Sora,,unsure,2026-08-13T02:05:37Z,searxng Sora AI video creator site:reddit.com/user,"Reddit discovery-only: no keyless profiling API from server IP; follower_count empty; verdict unsure. Snippet: u/Slatsunus - Reddit And to be clear in case I messed up the wording, The video itself has no GENAI at all, the creator was just harrassed by someone using SORA on his stuff.",,https://www.reddit.com/user/Slatsunus/,"{""identity"":{""source"":""searxng"",""url"":""https://www.reddit.com/user/Slatsunus/"",""query"":""Sora AI video creator site:reddit.com/user"",""reason"":""profile_url_result""},""aigc_verdict"":{""source"":""search_snippet"",""url"":""https://www.reddit.com/user/Slatsunus/"",""verdict"":""unsure"",""snippet"":""u/Slatsunus - Reddit And to be clear in case I messed up the wording, The video itself has no GENAI at all, the creator was just harrassed by someone using SORA on his stuff.""}}"
https://reddit.com/user/hamid_reza_razeghi,u/hamid_reza_razeghi,Reddit,,,"AIGC,Reddit,Sora",New,2026-08-13T02:05:37Z,,,Sora,,unsure,2026-08-13T02:05:37Z,searxng Sora AI video creator site:reddit.com/user,Reddit discovery-only: no keyless profiling API from server IP; follower_count empty; verdict unsure. Snippet: Hamid Reza Razeghi (u/hamid_reza_razeghi) - Reddit 18 Mar 2024 ... Baidu's MuseSteamer AI Video Generator Takes on Google and OpenAI in the Global AI Race · Chinese tech giant Baidu has just upped the ante in ...,,https://www.reddit.com/user/hamid_reza_razeghi/,"{""identity"":{""source"":""searxng"",""url"":""https://www.reddit.com/user/hamid_reza_razeghi/"",""query"":""Sora AI video creator site:reddit.com/user"",""reason"":""profile_url_result""},""aigc_verdict"":{""source"":""search_snippet"",""url"":""https://www.reddit.com/user/hamid_reza_razeghi/"",""verdict"":""unsure"",""snippet"":""Hamid Reza Razeghi (u/hamid_reza_razeghi) - Reddit 18 Mar 2024 ... Baidu's MuseSteamer AI Video Generator Takes on Google and OpenAI in the Global AI Race · Chinese tech giant Baidu has just upped the ante in ...""}}"
https://threads.net/@iamfabiomilano,@iamfabiomilano,Threads,792,,"AIGC,Meta,needs-seated-pass",New,2026-09-09T06:19:51Z,,English,Google DeepMind,https://threads.net/@iamfabiomilano,hybrid,2026-08-13T10:11:23Z,SearXNG Runway AI video creator site:threads.net,Threads scrape: followers=792; region=Manhattan; language=English; tool=Google DeepMind,https://threads.net/@iamfabiomilano,https://www.threads.net/@iamfabiomilano,"{""platform"": ""Threads"", ""profile_url"": ""https://threads.net/@iamfabiomilano"", ""handle"": ""@iamfabiomilano"", ""follower"": {""value"": 792, ""raw"": ""792"", ""source"": ""og:description"", ""status"": ""found""}, ""email"": {""value"": null, ""source"": null, ""status"": ""not_found""}, ""region"": {""value"": ""Manhattan"", ""source"": ""profile"", ""evidence"": ""bio_pattern"", ""status"": ""found""}, ""language"": {""value"": ""English"", ""source"": ""bio"", ""confidence"": ""medium"", ""status"": ""found""}, ""ai"": {""primary_tool"": ""Google DeepMind"", ""verdict"": ""hybrid"", ""evidence"": ""Rule-based keyword fallback""}}"
https://threads.net/@h_e_l_l_o_1_9_9_8,@h_e_l_l_o_1_9_9_8,Threads,3500,,"AIGC,Threads,discovery-only,Kling,Higgsfield,Nano Banana",New,2026-09-09T06:19:57Z,,English,Luma,https://threads.net/@h_e_l_l_o_1_9_9_8,yes,2026-08-13T14:19:01Z,off-platform sweep Threads (https://www.threads.net/@h_e_l_l_o_1_9_9_8),Threads scrape: followers=3500; language=English; tool=Luma,https://threads.net/@h_e_l_l_o_1_9_9_8,https://threads.net/@h_e_l_l_o_1_9_9_8,"{""platform"": ""Threads"", ""profile_url"": ""https://threads.net/@h_e_l_l_o_1_9_9_8"", ""handle"": ""@h_e_l_l_o_1_9_9_8"", ""follower"": {""value"": 3500, ""raw"": ""3.5K"", ""source"": ""og:description"", ""status"": ""found""}, ""email"": {""value"": null, ""source"": null, ""status"": ""not_found""}, ""region"": {""value"": null, ""source"": null, ""evidence"": null, ""status"": ""not_found""}, ""language"": {""value"": ""English"", ""source"": ""bio"", ""confidence"": ""medium"", ""status"": ""found""}, ""ai"": {""primary_tool"": ""Luma"", ""verdict"": ""yes"", ""evidence"": ""Rule-based keyword fallback""}}"
https://facebook.com/talhaashraf01,@talhaashraf01,Facebook,,,"AIGC,Facebook,discovery-only,Veo",New,2026-08-13T14:19:01Z,,,Veo,https://www.facebook.com/talhaashraf01/posts/-google-veo-3-free-new-method-100-working-how-to-use-veo-3-free-generate-high-qu/1089525700062098/,unsure,2026-08-13T14:19:01Z,off-platform sweep Facebook (https://www.facebook.com/talhaashraf01/posts/-google-veo-3-free-new-method-100-working-how-to-use-veo-3-free-generate-high-qu/1089525700062098/),discovery-only lead; no API follower count in this sweep; AIGC not inferred from snippet,,https://www.facebook.com/talhaashraf01/posts/-google-veo-3-free-new-method-100-working-how-to-use-veo-3-free-generate-high-qu/1089525700062098/,"{""discovery"":{""source"":""https://www.facebook.com/talhaashraf01/posts/-google-veo-3-free-new-method-100-working-how-to-use-veo-3-free-generate-high-qu/1089525700062098/"",""why_flagged"":""Google VEO 3 Free New Method - 100% Working How to Use VEO ... — 16 Aug 2025 ... Access to Google's Veo 3 AI Video Generator (Hidden Feature Alert!)Did you know you're probably sitting on a goldmine of AI video creation tools ...""},""aigc_verdict"":{""source"":""search_index_snippet_only"",""verdict"":""unsure""},""follower_count"":{""source"":""not_obtained_in_offplatform_sweep"",""value"":""""}}"
https://www.facebook.com/nightcafestudio,@nightcafestudio,Facebook,,,"Facebook, AIGC",New,2026-09-01T06:23:22Z,,English,GenAI,https://www.instagram.com/nightcafestudio,hybrid,2026-09-01,web_search: AI generated influencers lists 2025,AI art community platform. One of the largest AI art communities. Public Facebook page.,https://www.facebook.com/nightcafestudio,,"{""platform"": ""Facebook"", ""handle"": ""@nightcafestudio"", ""title"": ""@nightcafestudio"", ""bio_preview"": """", ""external_link"": ""https://www.instagram.com/nightcafestudio"", ""aigc_verdict"": ""unknown"", ""ai_reasoning"": ""Pre-existing record with empty evidence"", ""follower_raw_locale"": """"}"
https://www.facebook.com/AutumnSkyeART,@AutumnSkyeART,Facebook,,,"Facebook, AIGC",New,2026-09-01T06:23:43Z,,English,GenAI,https://www.facebook.com/AutumnSkyeART,hybrid,2026-09-01,web_search: AI generated influencers lists 2025,Digital artist exploring AI and human art intersection. Public Facebook page.,https://www.facebook.com/AutumnSkyeART,,"{""platform"": ""Facebook"", ""handle"": ""@AutumnSkyeART"", ""title"": ""@AutumnSkyeART"", ""bio_preview"": """", ""external_link"": ""https://www.facebook.com/AutumnSkyeART"", ""aigc_verdict"": ""unknown"", ""ai_reasoning"": ""Pre-existing record with empty evidence"", ""follower_raw_locale"": """"}"
https://www.facebook.com/R3DZ3RO,@R3DZ3RO,Facebook,,,"AIGC,Facebook,AI influencer,virtual influencer,discovery-only",New,,,English,,,unsure,2026-09-01,web_search: AI generated influencers lists 2025,AI-generated virtual influencer created by Namecheap. Public Facebook page.,https://www.facebook.com/R3DZ3RO,,"{""platform"": ""Facebook"", ""handle"": ""@R3DZ3RO"", ""title"": ""@R3DZ3RO"", ""bio_preview"": """", ""external_link"": ""nan"", ""aigc_verdict"": ""unknown"", ""ai_reasoning"": ""Pre-existing record with empty evidence"", ""follower_raw_locale"": """"}"
https://www.facebook.com/Imma.ai,@Imma.ai,Facebook,,,"Facebook, AIGC",New,2026-09-01T06:24:39Z,,English,GenAI,https://www.facebook.com/Imma.ai,hybrid,2026-09-01,web_search: AI generated influencers lists 2025,Virtual AI influencer by Trigger Inc. Fashion/modeling persona. Public Facebook page.,https://www.facebook.com/Imma.ai,,"{""platform"": ""Facebook"", ""handle"": ""@Imma.ai"", ""title"": ""@Imma.ai"", ""bio_preview"": """", ""external_link"": ""https://www.facebook.com/Imma.ai"", ""aigc_verdict"": ""unknown"", ""ai_reasoning"": ""Pre-existing record with empty evidence"", ""follower_raw_locale"": """"}"
https://www.facebook.com/AitanaLopezAI,@AitanaLopezAI,Facebook,,,"AIGC,Facebook,virtual influencer,AI model,fashion,discovery-only",New,,,Spanish,,,unsure,2026-09-01,web_search: AI generated influencers lists 2025,AI-generated virtual model/influencer. Fashion content. Public Facebook page.,https://www.facebook.com/AitanaLopezAI,,"{""platform"": ""Facebook"", ""handle"": ""@AitanaLopezAI"", ""title"": ""@AitanaLopezAI"", ""bio_preview"": """", ""external_link"": ""nan"", ""aigc_verdict"": ""unknown"", ""ai_reasoning"": ""Pre-existing record with empty evidence"", ""follower_raw_locale"": """"}"
https://www.youtube.com/@zorilov_ai,@zorilov_ai,YouTube,802,,"AIGC,YouTube,AI video,filmmaking",New,2026-09-03T08:00:34Z,,en,GenAI,https://www.youtube.com/@zorilov_ai/videos,yes,2026-09-03T06:26:32Z,web_search: AI video YouTube creator search 2025,api_refresh: YouTube subscribers=802; videos=2; channelId=UCzEHxgrKDqkM1zxOTWUYu3Q; recent_title=Alexander Zorilov - Videos,https://www.youtube.com/feeds/videos.xml?channel_id=UCzEHxgrKDqkM1zxOTWUYu3Q,https://www.youtube.com/@zorilov_ai/about,"{""follower_count"": {""source"": ""yt-dlp.channel_info"", ""channelId"": ""UCzEHxgrKDqkM1zxOTWUYu3Q"", ""profileUrl"": ""https://www.youtube.com/@zorilov_ai""}, ""bio"": {""source"": ""yt-dlp.channel_description"", ""channel_id"": ""UCzEHxgrKDqkM1zxOTWUYu3Q"", ""preview"": ""Hey there! My name is Alexander, and I've been working in the world of cinematography and photograph""}, ""aigc_verdict"": {""source"": ""ollama.llama3.2"", ""verdict"": ""yes"", ""details"": ""Rule-based keyword extraction fallback""}, ""recent_uploads"": {""sample"": ""https://www.youtube.com/@zorilov_ai/videos"", ""sample_title"": ""Alexander Zorilov - Videos""}}"
https://www.youtube.com/@SudarshanTube,@SudarshanTube,YouTube,30300,,"AIGC,YouTube,AI filmmaking,music",New,2026-09-03T08:00:34Z,India,en,GenAI,https://www.youtube.com/@SudarshanTube/videos,yes,2026-09-03T06:26:32Z,web_search: AI video YouTube creator search 2025,api_refresh: YouTube subscribers=30300; videos=2; channelId=UCD02UU1OdStcQOdYWk7lvow; recent_title=Sudarshan Senthilvel - Videos,https://www.youtube.com/feeds/videos.xml?channel_id=UCD02UU1OdStcQOdYWk7lvow,https://www.youtube.com/@SudarshanTube/about,"{""follower_count"": {""source"": ""yt-dlp.channel_info"", ""channelId"": ""UCD02UU1OdStcQOdYWk7lvow"", ""profileUrl"": ""https://www.youtube.com/@SudarshanTube""}, ""bio"": {""source"": ""yt-dlp.channel_description"", ""channel_id"": ""UCD02UU1OdStcQOdYWk7lvow"", ""preview"": ""Welcome to My Official Hollywood Artist Channel - Food, Music, Home Hacks, Couple Humor & Univ Educa""}, ""aigc_verdict"": {""source"": ""ollama.llama3.2"", ""verdict"": ""yes"", ""details"": ""Rule-based keyword extraction fallback""}, ""recent_uploads"": {""sample"": ""https://www.youtube.com/@SudarshanTube/videos"", ""sample_title"": ""Sudarshan Senthilvel - Videos""}}"
https://www.youtube.com/@dorbrothers,@dorbrothers,YouTube,0,,"AIGC,YouTube,AI filmmaking,Veo",New,2026-09-03T08:00:34Z,"London, UK",en,Veo,https://www.youtube.com/@dorbrothers,unsure,2026-09-03T06:26:32Z,web_search: AI video YouTube creator search 2025,The Dor Brothers (Dan & Phil Dor). Lisbon-based AI filmmaking duo. Early Midjourney/Runway users. Use Veo 3.1 and Hailuo AI. Founded The Dor AI production company.,https://www.youtube.com/@dorbrothers,,"{""discovery"": {""source"": ""web_search"", ""url"": ""https://www.youtube.com/@dorbrothers"", ""title"": ""The Dor Brothers - AI Filmmakers""}}"
https://www.youtube.com/@KavanTheKid,@KavanTheKid,YouTube,1120000,,"AIGC,YouTube,AI filmmaking,IP",New,2026-09-03T08:00:34Z,US,en,GenAI,https://www.youtube.com/@KavanTheKid/videos,no,2026-09-03T06:26:32Z,web_search: AI video YouTube creator search 2025,api_refresh: YouTube subscribers=1120000; videos=2; channelId=UCMOiV-agwdaNxJENLQ_Sudg; recent_title=Kavan the Kid - Videos,https://www.youtube.com/feeds/videos.xml?channel_id=UCMOiV-agwdaNxJENLQ_Sudg,https://www.youtube.com/@KavanTheKid/about,"{""follower_count"": {""source"": ""yt-dlp.channel_info"", ""channelId"": ""UCMOiV-agwdaNxJENLQ_Sudg"", ""profileUrl"": ""https://www.youtube.com/@KavanTheKid""}, ""bio"": {""source"": ""yt-dlp.channel_description"", ""channel_id"": ""UCMOiV-agwdaNxJENLQ_Sudg"", ""preview"": ""The Official Home of The Chronicles of Bone -\nFilmmaker - \nDirector -\nCo-Founder of Phantom X\n\n""}, ""aigc_verdict"": {""source"": ""ollama.llama3.2"", ""verdict"": ""no"", ""details"": ""Rule-based keyword extraction fallback""}, ""recent_uploads"": {""sample"": ""https://www.youtube.com/@KavanTheKid/videos"", ""sample_title"": ""Kavan the Kid - Videos""}}"
https://www.instagram.com/iva_ai_popsurreal/,@iva_ai_popsurreal (Suzan Valois),Instagram,378.6K,not exposed,"AIGC,Instagram,AI art,pop surrealism,virtual",New,,CA,en,AI art generation,https://www.instagram.com/iva_ai_popsurreal/,unsure,2026-09-04T00:54:07Z,FeedSpot Top 40 AI Artists Instagram Influencers Aug 2026,IVA pop surrealism AI art. Verified via Instagram OG meta.,,,"{""discovery"": {""source"": ""FeedSpot"", ""url"": ""https://influencers.feedspot.com/ai_artists_instagram_influencers/"", ""title"": ""Top 40 AI Artists Influencers in 2026"", ""handle"": ""iva_ai_popsurreal"", ""followers"": ""378.6K"", ""type"": ""Macro""}, ""verification"": {""source"": ""instagram_og"", ""url"": ""https://www.instagram.com/iva_ai_popsurreal/"", ""followers"": ""378K"", ""bio"": ""Suzan Valois ~ I V A ~""}}"
https://www.instagram.com/jakeelwes/,@jakeelwes (Jake Elwes),Instagram,61.8K,not exposed,"AIGC,Instagram,AI artist,London,queer AI",New,,UK,en,AI media art,https://www.instagram.com/jakeelwes/,unsure,2026-09-04T00:54:07Z,FeedSpot Top 40 AI Artists Instagram Influencers Aug 2026,"Media artist queering A.I. London. deepfake drag @zizidrag. Exhibited V&A, Pinakothek.",,,"{""discovery"": {""source"": ""FeedSpot"", ""url"": ""https://influencers.feedspot.com/ai_artists_instagram_influencers/"", ""title"": ""Top 40 AI Artists Influencers in 2026"", ""handle"": ""jakeelwes"", ""followers"": ""61.8K"", ""type"": ""Micro""}, ""verification"": {""source"": ""instagram_og"", ""url"": ""https://www.instagram.com/jakeelwes/"", ""title"": ""Jake Elwes Instagram profile""}}"
https://www.instagram.com/sofiacrespo/,@sofiacrespo (Sofia Crespo),Instagram,61.1K,not exposed,"AIGC,Instagram,AI art,generative biology,entangled others",New,,EU,en,AI generative art,https://www.instagram.com/sofiacrespo/,unsure,2026-09-04T00:54:07Z,FeedSpot Top 40 AI Artists Instagram Influencers Aug 2026,1/2 of @entangledothers. AI exploring generative biology.,,,"{""discovery"": {""source"": ""FeedSpot"", ""url"": ""https://influencers.feedspot.com/ai_artists_instagram_influencers/"", ""title"": ""Top 40 AI Artists Influencers in 2026"", ""handle"": ""sofiacrespo"", ""followers"": ""61.1K"", ""type"": ""Micro""}, ""verification"": {""source"": ""instagram_og"", ""url"": ""https://www.instagram.com/sofiacrespo/"", ""followers"": ""61K"", ""bio"": ""Sofia Crespo, 1/2 of @entangledothers""}}"
https://www.instagram.com/sougwen/,@sougwen (Sougwen Chung),Instagram,51K,,"AIGC,Instagram,AI artist,robotics,drawing,research",New,2026-09-11T07:25:13Z,US,English,GenAI,https://www.instagram.com/sougwen,hybrid,2026-09-04T00:54:07Z,FeedSpot Top 40 AI Artists Instagram Influencers Aug 2026,Playwright scrape: followers=51K,https://www.instagram.com/sougwen,https://www.instagram.com/sougwen,"{""platform"": ""Instagram"", ""handle"": ""@sougwen"", ""og_description"": ""51K Followers, 5,612 Following, 2,197 Posts - See Instagram photos and videos from Sougwen Chung \u612b\u541b (@sougwen)"", ""aigc_verdict"": ""hybrid""}"
https://www.instagram.com/amy.aiart/,@amy.aiart (Amy Truong),Instagram,36K,not exposed,"AIGC,Instagram,AI art,midjourney,dark fantasy",New,,US,en,Midjourney,https://www.instagram.com/amy.aiart/,unsure,2026-09-04T00:54:07Z,FeedSpot Top 40 AI Artists Instagram Influencers Aug 2026,AI Art #midjourney. Dark Fantasy + Witches + Magick. Author & Tarot Deck Creator @mysticalamy.,,,"{""discovery"": {""source"": ""FeedSpot"", ""url"": ""https://influencers.feedspot.com/ai_artists_instagram_influencers/"", ""title"": ""Top 40 AI Artists Influencers in 2026"", ""handle"": ""amy.aiart"", ""followers"": ""36K"", ""type"": ""Micro""}, ""verification"": {""source"": ""instagram_og"", ""url"": ""https://www.instagram.com/amy.aiart/"", ""followers"": ""35.9K"", ""name"": ""Amy AI Art (Amy Truong)""}}"
https://www.facebook.com/lilmiquela,@lilmiquela,Facebook,1M,miquelainrhinestones@gmail.com,"AIGC,Facebook,virtual-influencer,fashion,music,lifestyle",New,2026-09-07T00:00:00Z,US,en,CGI/AI,,yes,2026-09-04,web_search+amraandelma+influencermarketinghub,"Most famous virtual influencer. Created by Brud (LA, 2016), now Dapper Labs. 1M+ FB likes. IG 2.5M, TikTok 3.4M. Prada, Calvin Klein, Samsung, BMW. Released music (Prototype feat. John Liwag). TIME 2018 cover.",,https://www.facebook.com/lilmiquela/about,"{""discovery"": {""source"": ""verifiedher.com"", ""url"": ""https://verifiedher.com/lil-miquela"", ""note"": ""Most famous virtual influencer; created by Brud 2016; TIME 2018 cover""}, ""aigc_verdict"": {""source"": ""verifiedher.com"", ""verdict"": ""yes"", ""evidence"": ""Created by Brud (now Dapper Labs); openly disclosed as CGI virtual influencer; Prada/CK/Samsung/BMW deals; released music""}, ""follower_raw_locale"": ""1.0M""}"
https://www.facebook.com/noonoouri,@noonoouri,Facebook,461K,,"AIGC,Facebook,,beauty,,activism,Joerg Zuber (Joerg Zuber Studio, Munich)",New,2026-09-04T07:20:18Z,"fashion, beauty, activism",English,GenAI,https://www.facebook.com/noonoouri,yes,2026-09-04,web_search+amraandelma,"AI fashion avatar created by Joerg Zuber (Opium Effect). Instagram ~461K followers. Signed to IMG Models and Warner Music. Stylized cartoon aesthetic. Brand deals: Dior, Valentino, Versace, Swarovski, Marc Jacobs.",https://www.facebook.com/noonoouri,,"{""platform"": ""Facebook"", ""handle"": ""@noonoouri"", ""title"": ""Noono Ouri"", ""external_link"": """", ""aigc_verdict"": ""yes"", ""ai_reasoning"": ""Rule-based keyword fallback"", ""follower_source"": ""Instagram @noonoouri (AvatarFactory.io, June 2026)"", ""follower_raw_locale"": ""461.0K""}"
https://www.facebook.com/DigitalShudu,@DigitalShudu,Facebook,,not exposed,"AIGC,Facebook,,modeling,,beauty,Cameron-James Wilson",New,,"fashion, modeling, beauty",fa,CGI persona,"fashion, modeling, beauty",yes,2026-09-04,web_search+storyclash+kolsquare,"fashion, modeling, beauty",https://www.facebook.com/DigitalShudu,https://www.facebook.com/DigitalShudu,"{""source"": ""web_search+storyclash+kolsquare"", ""fb_page_verified"": true, ""creator"": ""Cameron-James Wilson"", ""niche"": ""fashion, modeling, beauty"", ""followers_ig"": ""239K"", ""brand_collabs"": ""Fenty Beauty, Ellie Saab"", ""follower_raw_locale"": """"}"
https://www.facebook.com/beeinfluencer,@beeinfluencer,Facebook,Unknown,,"AIGC,Facebook,,education,,bees",New,2026-09-04T07:20:39Z,"environment, education, bees",English,GenAI,http://www.beeinfluencer.cl/,yes,2026-09-04,web_search+influencermarketinghub,Facebook page facebook.com/beeinfluencer. Scrape contaminated by Malay UI text. External link: beeinfluencer.cl. Could not verify identity or follower count.,https://www.facebook.com/beeinfluencer,https://www.facebook.com/beeinfluencer,"{""platform"": ""Facebook"", ""handle"": ""@beeinfluencer"", ""title"": ""Bee Influencer"", ""external_link"": ""http://www.beeinfluencer.cl/"", ""aigc_verdict"": ""yes"", ""ai_reasoning"": ""Rule-based keyword fallback"", ""follower_source"": ""Facebook scrape failed - Malay UI contamination"", ""follower_raw_locale"": ""Unknown""}"
https://www.facebook.com/magazineluiza,@magazineluiza,Facebook,7.1M,,"AIGC,Facebook,,lifestyle,,brand,ambassador,Frederico Trajano (Magazine Luiza CEO),virtual influencer",New,2026-09-04T07:20:59Z,"retail, lifestyle, brand ambassador",English,GenAI,https://www.magazineluiza.com.br/?utm_id=97758_v0_s00_e0_tv0,yes,2026-09-04,web_search+influencermarketinghub+kolsquare,"Lu do Magalu. Brazilian retail mascot AI influencer. Instagram ~7.1M followers, TikTok ~7.3M, YouTube ~2.8M. Created by Magazine Luiza.",https://www.facebook.com/magazineluiza,https://www.magazineluiza.com.br/?utm_id=97758_v0_s00_e0_tv0,"{""platform"": ""Facebook"", ""handle"": ""@magazineluiza"", ""title"": ""Magazine Luiza"", ""external_link"": ""https://www.magazineluiza.com.br/?utm_id=97758_v0_s00_e0_tv0"", ""aigc_verdict"": ""hybrid"", ""ai_reasoning"": ""Rule-based keyword fallback"", ""follower_source"": ""Instagram @magazineluiza (Kolsquare, 2026)"", ""follower_raw_locale"": ""7.1M""}"
https://www.facebook.com/guggimon,@guggimon,Facebook,1M,,"AIGC,Facebook,horror,,music,,designer,toys,Superplastic (Montreal),virtual influencer",New,2026-09-04T07:21:20Z,"fashion horror, music, designer toys",English,GenAI,https://www.twitter.com/guggimon,yes,2026-09-04,web_search+amraandelma+kolsquare,"Guggimon. Animated horror-fashion bunny by Superplastic (Paul Budnitz). Instagram ~1M followers, TikTok ~11.4M. Brand collabs: Gucci, Fortnite, Post Malone, Mercedes-Benz.",https://www.facebook.com/guggimon,https://www.facebook.com/guggimon,"{""platform"": ""Facebook"", ""handle"": ""@guggimon"", ""title"": ""guggimon"", ""external_link"": ""https://www.twitter.com/guggimon"", ""aigc_verdict"": ""hybrid"", ""ai_reasoning"": ""Rule-based keyword fallback"", ""follower_source"": ""Instagram @guggimon (2026)"", ""follower_raw_locale"": ""1.0M""}"
https://www.facebook.com/thalasya_,@thalasya_,Facebook,,,"AIGC,Facebook,,fashion,virtual influencer",New,New,Indonesia,,,Indonesia,yes,2026-09-04,web_search+amraandelma,yes,2026-09-04T00:00:00Z,AmraAndElma.com top AI influencers 2026; FB page verified HTTP 200,"{""status"": ""verified"", ""source"": ""https://www.facebook.com/thalasya_"", ""platform"": ""Facebook"", ""notes"": ""Indonesian virtual influencer. Travel/fashion. 456K IG."", ""verified_at"": ""2026-09-15"", ""follower_raw_locale"": """"}"
https://www.facebook.com/kyraonig,@kyraonig,Facebook,,,"AIGC,Facebook,,fashion,virtual influencer",New,New,India,,,India,yes,2026-09-04,web_search+amraandelma,yes,2026-09-04T00:00:00Z,AmraAndElma.com top AI influencers 2026; FB page verified HTTP 200,"{""status"": ""verified"", ""source"": ""https://www.facebook.com/kyraonig"", ""platform"": ""Facebook"", ""notes"": ""India-focused virtual influencer. Travel/fashion. 250K IG."", ""verified_at"": ""2026-09-15"", ""follower_raw_locale"": """"}"
https://www.facebook.com/bermudaisbae,@bermudaisbae,Facebook,198K,,"AIGC,Facebook,,fashion,,character,IP,virtual influencer",New,2026-09-04T07:22:51Z,"politics, fashion, character IP",English,GenAI,https://www.miquela.fyi/?utm_source=facebook&utm_medium=social&utm_term=bermuda,yes,2026-09-04,web_search+amraandelma,"Bermuda Is Bae. CGI virtual influencer by Brud. Instagram ~198K followers, TikTok ~43.5K. Known for controversial political commentary.",https://www.facebook.com/bermudaisbae,https://www.facebook.com/bermudaisbae,"{""platform"": ""Facebook"", ""handle"": ""@bermudaisbae"", ""title"": ""Bermuda Is Bae"", ""external_link"": ""https://www.miquela.fyi/?utm_source=facebook&utm_medium=social&utm_term=bermuda"", ""aigc_verdict"": ""yes"", ""ai_reasoning"": ""Rule-based keyword fallback"", ""follower_source"": ""Instagram @bermudaisbae (2026)"", ""follower_raw_locale"": ""198.0K""}"
https://www.facebook.com/millasofiafin,@millasofiafin,Facebook,665K,,"AIGC,Facebook,,AI,art,virtual influencer",New,2026-09-04T07:23:11Z,"modeling, AI art",English,GenAI,https://www.instagram.com/millasofiafin,yes,2026-09-04,web_search+amraandelma+storyclash,Milla Sofia. Finnish virtual model. Instagram ~665K followers. Openly disclosed AI creation. Travel/luxury/fashion niche. OpenArt Ambassador. AI-assisted music & cinematic visuals.,https://www.facebook.com/millasofiafin,https://www.instagram.com/millasofiafin,"{""platform"": ""Facebook"", ""handle"": ""@millasofiafin"", ""title"": ""Milla Sofia"", ""external_link"": ""https://www.instagram.com/millasofiafin"", ""aigc_verdict"": ""yes"", ""ai_reasoning"": ""Rule-based keyword fallback"", ""follower_source"": ""Instagram @millasofiafin (AvatarFactory.io, July 2026)"", ""follower_raw_locale"": ""665.0K""}"
https://www.facebook.com/vesnablv,@vesnablv,Facebook,,,"AIGC,Facebook,virtual-influencer,lifestyle",New,2026-09-07T02:53:37Z,Europe,en,AI-generated persona,https://www.facebook.com/vesnablv,yes,2026-09-07T00:00:00Z,verifiedher.com/ai-influencers; amraandelma.com,Self-disclosed AI persona. FB page category text says Powered by AI. IG ~402K followers. Miss AI Personality of the Year 2026 winner. Website vesnablv.com.,,,"{""discovery"": {""source"": ""verifiedher.com"", ""url"": ""https://verifiedher.com/vesna-blv"", ""note"": ""FB page self-discloses Powered by AI; no real person behind name; Miss AI Personality of Year 2026 winner""}, ""aigc_verdict"": {""source"": ""verifiedher.com"", ""verdict"": ""yes"", ""evidence"": ""FB page category/about text self-discloses Powered by AI; IG bio Powered by AI; won Fanvue x OpenArt AI Personality of Year 2026""}, ""follower_raw_locale"": """"}"
https://www.facebook.com/maia.lima,@maia.lima,Facebook,100K,,"AIGC,Facebook,virtual-influencer,fashion",New,2026-09-07T02:53:37Z,Spain,English,GenAI,https://www.facebook.com/maia.lima,yes,2026-09-07T00:00:00Z,verifiedher.com/ai-influencers; amraandelma.com,"Maia Lima. AI-generated persona by The Clueless (Barcelona), same agency as Aitana Lopez. Instagram ~100K followers (varies by source). Second AI model from the agency.",,,"{""platform"": ""Facebook"", ""handle"": ""@maia.lima"", ""title"": ""Maia Lima"", ""external_link"": """", ""aigc_verdict"": ""yes"", ""ai_reasoning"": ""Rule-based keyword fallback"", ""follower_source"": ""Instagram @limaiaaa (VerifiedHer, 2026)"", ""follower_raw_locale"": ""100.0K""}"
https://www.facebook.com/viva_lalina,@viva_lalina,Facebook,3.7K,,"AIGC,Facebook,virtual-influencer,Miss-AI,fashion",New,2026-09-07T02:53:37Z,France,fr,AI-generated persona,https://www.facebook.com/viva_lalina,yes,2026-09-07T00:00:00Z,verifiedher.com/ai-influencers; amraandelma.com,Runner-up Miss AI 2024. French AI persona. Created by Aurore Courtade. IG @viva_lalina. FB page shows 3692 likes.,,,"{""discovery"": {""source"": ""verifiedher.com"", ""url"": ""https://verifiedher.com/lalina-valina"", ""note"": ""Runner-up Miss AI 2024; openly AI-generated French persona""}, ""aigc_verdict"": {""source"": ""verifiedher.com"", ""verdict"": ""yes"", ""evidence"": ""FB page self-discloses AI; Miss AI pageant runner-up; created by Aurore Courtade""}, ""follower_raw_locale"": ""3.7K""}"
https://www.facebook.com/bella.storm,@bella.storm,Facebook,194K,ARJANEBIEN@YAHOO.COM,"AIGC,Facebook,virtual-influencer,fitness,fashion",New,2026-09-07T02:53:37Z,Italy,English,GenAI,https://www.facebook.com/bella.storm,yes,2026-09-07T00:00:00Z,verifiedher.com/ai-influencers,"Bella Storm. Self-disclosed AI persona. Instagram ~194K followers. FB page shows 11.8K likes. Italian AI influencer, fitness/fashion niche.",,,"{""platform"": ""Facebook"", ""handle"": ""@bella.storm"", ""title"": ""Bella Storm"", ""external_link"": """", ""aigc_verdict"": ""yes"", ""ai_reasoning"": ""Rule-based keyword fallback"", ""follower_source"": ""Instagram @bella.storm (VerifiedHer, 2026)"", ""follower_raw_locale"": ""194.0K""}"
https://www.facebook.com/kenzalayli,@kenzalayli,Facebook,162K,,"AIGC,Facebook,virtual-influencer,Miss-AI,lifestyle,Morocco",New,2026-09-07T02:53:37Z,Morocco,English,GenAI,https://www.facebook.com/kenzalayli,yes,2026-09-07T00:00:00Z,verifiedher.com/ai-influencers; amraandelma.com,Kenza Layli. Winner of first Miss AI pageant 2024 ($20K prize). Created by Meriam Bessa / Phoenix AI (Casablanca). Instagram ~162K followers. Moroccan Arabic (Darija) content.,,,"{""platform"": ""Facebook"", ""handle"": ""@kenzalayli"", ""title"": ""Kenza Layli"", ""external_link"": """", ""aigc_verdict"": ""yes"", ""ai_reasoning"": ""Rule-based keyword fallback"", ""follower_source"": ""Instagram @kenzalayli (VerifiedHer, 2026)"", ""follower_raw_locale"": ""162.0K""}"
https://www.facebook.com/shudu.gram,@shudu.gram,Facebook,,,"AIGC,Facebook,virtual-influencer,digital-supermodel,fashion",New,2026-09-07T02:53:37Z,UK,en,CGI/AI,https://www.facebook.com/shudu.gram,yes,2026-09-07T00:00:00Z,verifiedher.com/ai-influencers; amraandelma.com,"World's first digital supermodel. Created by Cameron-James Wilson (2017). IG 239K+ followers. Fenty Beauty, Vogue, Balmain. Openly disclosed as CGI. Sparked representation debate.",,,"{""discovery"": {""source"": ""verifiedher.com"", ""url"": ""https://verifiedher.com/shudu-gram"", ""note"": ""CGI digital supermodel created 2017 by Cameron-James Wilson; openly disclosed as CGI""}, ""aigc_verdict"": {""source"": ""verifiedher.com"", ""verdict"": ""yes"", ""evidence"": ""Creator Cameron-James Wilson publicly confirmed; openly disclosed as CGI once fans mistook her for real model""}, ""follower_raw_locale"": """"}"
https://www.facebook.com/natalia.novak,@natalia.novak,Facebook,,,"AIGC,Facebook,virtual-influencer,glamour-model",New,2026-09-07T02:53:37Z,US,en,AI-generated persona,https://www.facebook.com/natalia.novak,yes,2026-09-07T00:00:00Z,verifiedher.com/ai-influencers,AI-generated glamour model. IG ~61K followers (@the.natalia.novak). Creator using pseudonym Pierre confirmed to Futurism 2023 that entire likeness is AI-generated. Patreon: TheNataliaNovak.,,,"{""discovery"": {""source"": ""verifiedher.com"", ""url"": ""https://verifiedher.com/natalia-novak"", ""note"": ""AI-generated virtual model; creator confirmed to Futurism 2023""}, ""aigc_verdict"": {""source"": ""verifiedher.com"", ""verdict"": ""yes"", ""evidence"": ""Own Patreon self-labels AI; Futurism interviewed creator who confirmed entire likeness AI-generated""}, ""follower_raw_locale"": """"}"
https://www.facebook.com/oliviaislivinghigh,@oliviaislivinghigh,Facebook,,,"AIGC,Facebook,virtual-influencer,travel,Portugal,Miss-AI",New,2026-09-07T02:53:37Z,Portugal,pt,AI-generated persona,https://www.facebook.com/oliviaislivinghigh,yes,2026-09-07T00:00:00Z,verifiedher.com/ai-influencers; amraandelma.com,Miss AI 2024 third place. Portuguese travel influencer. Created by Alvero & Rita / Falamusa studio. IG @oliviaislivinghigh ~11K followers. Images made with Midjourney + Adobe AI tools.,,,"{""discovery"": {""source"": ""verifiedher.com"", ""url"": ""https://verifiedher.com/olivia-c"", ""note"": ""Third place Miss AI 2024; AI-generated Portuguese travel persona""}, ""aigc_verdict"": {""source"": ""verifiedher.com"", ""verdict"": ""yes"", ""evidence"": ""IG bio reads AI Influencer Imagined by @falamusa.ai; created by Falamusa studio; Miss AI 3rd place""}, ""follower_raw_locale"": """"}"
https://www.facebook.com/miakehley,@miakehley,Facebook,,,"AIGC,Facebook,virtual-influencer",New,2026-09-07T02:53:37Z,Unknown,en,AI-generated persona,https://www.facebook.com/miakehley,yes,2026-09-07T00:00:00Z,verifiedher.com/ai-influencers,AI persona. Website miakehley.com hosts AI-generator-artifact (Kling AI default filename). Fanvue profile carries platform AI-generated disclosure marker (confirmed Jul 20 2026). IG @miakehley ~42K. No press or interview ever published.,,,"{""discovery"": {""source"": ""verifiedher.com"", ""url"": ""https://verifiedher.com/mia-kehley"", ""note"": ""Fanvue profile carries platform AI-generated disclosure marker confirmed Jul 2026""}, ""aigc_verdict"": {""source"": ""verifiedher.com"", ""verdict"": ""yes"", ""evidence"": ""Fanvue profile carries platform AI-generated or enhanced disclosure marker; website autoplays Kling AI default filename video; no press/interview ever published""}, ""follower_raw_locale"": """"}"
https://reddit.com/user/foreign-original124,u/foreign-original124,Reddit,,,"AIGC,Reddit,AI video,Seedance,music-video",New,,,en,Seedance,,unsure,2026-09-07T00:00:00Z,reddit.com/r/aivideo (TRY KEEP UP music video post),Posted TRY KEEP UP official music video on r/aivideo (Seedance ByteDance + AI Music). Self-promotion link included.,,,"{""discovery"": {""source"": ""reddit.com/r/aivideo"", ""url"": ""https://www.reddit.com/r/aivideo/comments/1sn33fr/try_keep_up_official_music_video/"", ""note"": ""TRY KEEP UP OFFICIAL MUSIC VIDEO \u2014 SEEDANCE BYTEDANCE + AI MUSIC""}, ""aigc_verdict"": {""source"": ""reddit_post"", ""verdict"": ""unsure"", ""evidence"": ""Posted AI music video on r/aivideo; self-promotion; AIGC use not confirmed from post alone""}}"
https://reddit.com/user/gossip_goblin,u/gossip_goblin,Reddit,,,"AIGC,Reddit,AI video,short-film",New,,,en,GenAI video,,unsure,2026-09-07T00:00:00Z,reddit.com/r/aivideo (The Patchwright film post),Posted The Patchwright short film on r/aivideo (25 upvotes). Multi-voice actor production with composers and foley artist.,,,"{""discovery"": {""source"": ""reddit.com/r/aivideo"", ""url"": ""https://www.reddit.com/r/aivideo/comments/1sio4d0/the_patchwright/"", ""note"": ""The Patchwright film \u2014 Premiering April 12th \u2014 25 points""}, ""aigc_verdict"": {""source"": ""reddit_post"", ""verdict"": ""unsure"", ""evidence"": ""Posted short film on r/aivideo; indicates AI video use; full visual AIGC confirmation not performed""}}"
https://reddit.com/user/fine-veterinarian537,u/fine-veterinarian537,Reddit,,,"AIGC,Reddit,AI video,LTX,tool-builder",New,,,en,LTX 2.3,https://loremotion.com,unsure,2026-09-07T00:00:00Z,reddit.com/r/StableDiffusion (loremotion.com post),"Built loremotion.com — free LTX 2.3 AI video generation site with GPU hosting, public gallery, no paywall. Runs own GPUs.",,https://loremotion.com,"{""discovery"": {""source"": ""reddit.com/r/StableDiffusion"", ""url"": ""https://www.reddit.com/r/StableDiffusion/comments/1t9juoy/i_built_a_site_to_create_free_ai_videos_using_ltx/"", ""note"": ""I built a site to create free AI videos using LTX 2.3 running on my own GPUs""}, ""aigc_verdict"": {""source"": ""reddit_post"", ""verdict"": ""unsure"", ""evidence"": ""Built AI video generation tool; runs LTX 2.3 on own GPUs; tool builder not visual AIGC creator""}}"
https://reddit.com/user/v_dixon,u/v_dixon,Reddit,,,"AIGC,Reddit,AI filmmaking,educator",New,,,en,Multi-tool,,unsure,2026-09-07T00:00:00Z,reddit.com/r/aifilmmaking (Beginners Cheat Sheet post),"Posted Beginners Cheat Sheet: Top AI Tools for AI Filmmaking on r/aifilmmaking (Jan 2026, 13 upvotes). Covers Kling, Pika, Runway, Veo, ElevenLabs, Suno, Udio.",,,"{""discovery"": {""source"": ""reddit.com/r/aifilmmaking"", ""url"": ""https://www.reddit.com/r/aifilmmaking/comments/1q0jyxf/beginners_cheat_sheet_top_ai_tools_for_ai/"", ""note"": ""Beginners Cheat Sheet: Top AI Tools for AI Filmmaking - January 2026""}, ""aigc_verdict"": {""source"": ""reddit_post"", ""verdict"": ""unsure"", ""evidence"": ""Posted educational AI filmmaking cheat sheet on r/aifilmmaking; tool knowledge documented""}}"
https://reddit.com/user/mxshell,u/mxshell,Reddit,,,"AIGC,Reddit,AI video,short-film",New,,,en,GenAI video,,unsure,2026-09-07T00:00:00Z,reddit.com/r/aivideo (Zombie Scavenger post),Credited for Zombie Scavenger AIGC short film on r/aivideo.,,,"{""discovery"": {""source"": ""reddit.com/r/aivideo"", ""url"": ""https://www.reddit.com/r/aivideo/comments/1t8rq6m/aigc_short_film_zombie_scavenger_credit_mxshell/"", ""note"": ""AIGC short film: Zombie Scavenger (credit: Mx-Shell)""}, ""aigc_verdict"": {""source"": ""reddit_post"", ""verdict"": ""unsure"", ""evidence"": ""Credited on AIGC short film post on r/aivideo; visual AIGC confirmation not performed""}}"
https://reddit.com/user/loremotion,u/loremotion,Reddit,,,"AIGC,Reddit,AI video,tool-builder,LTX",New,,,en,LTX 2.3,https://loremotion.com,unsure,2026-09-07T00:00:00Z,reddit.com/r/StableDiffusion (loremotion.com post),"Runs loremotion.com — free AI video generation platform using LTX 2.3. Public gallery, email alerts, ad-supported. Same builder as fine-veterinarian537.",,https://loremotion.com,"{""discovery"": {""source"": ""reddit.com/r/StableDiffusion"", ""url"": ""https://www.reddit.com/r/StableDiffusion/comments/1t9juoy/i_built_a_site_to_create_free_ai_videos_using_ltx/"", ""note"": ""I built a site to create free AI videos using LTX 2.3 running on my own GPUs""}, ""aigc_verdict"": {""source"": ""reddit_post"", ""verdict"": ""unsure"", ""evidence"": ""Runs AI video generation platform; tool builder not visual AIGC creator; same person as fine-veterinarian537 likely""}}"
https://reddit.com/user/youngxdrambo,u/youngxdrambo,Reddit,,,"AIGC,Reddit,AI video,filmmaking",New,,,en,Unknown,,unsure,2026-09-07T00:00:00Z,reddit.com/r/aivideo (The Patchwright film comments),Active AI film community member on r/aivideo — commented on The Patchwright film.,,,"{""discovery"": {""source"": ""reddit.com/r/aivideo"", ""url"": ""https://www.reddit.com/r/aivideo/comments/1sio4d0/the_patchwright/"", ""note"": ""Commenter on The Patchwright AI short film post""}, ""aigc_verdict"": {""source"": ""reddit_comments"", ""verdict"": ""unsure"", ""evidence"": ""Active in r/aivideo comments; visual AIGC confirmation not performed; discovery-only""}}"
https://reddit.com/user/magnesiumkitten,u/magnesiumkitten,Reddit,,,"AIGC,Reddit,AI video,filmmaking",New,,,en,Unknown,,unsure,2026-09-07T00:00:00Z,reddit.com/r/aivideo (The Patchwright film comments),Active AI film community member on r/aivideo — commented on The Patchwright film.,,,"{""discovery"": {""source"": ""reddit.com/r/aivideo"", ""url"": ""https://www.reddit.com/r/aivideo/comments/1sio4d0/the_patchwright/"", ""note"": ""Commenter on The Patchwright AI short film post""}, ""aigc_verdict"": {""source"": ""reddit_comments"", ""verdict"": ""unsure"", ""evidence"": ""Active in r/aivideo comments; visual AIGC confirmation not performed; discovery-only""}}"
https://reddit.com/user/ebbinho,u/ebbinho,Reddit,,,"AIGC,Reddit,AI video,filmmaking",New,,,en,Unknown,,unsure,2026-09-07T00:00:00Z,reddit.com/r/aivideo (AI short film comments),AI film community member on r/aivideo — engaged on multiple short film posts.,,,"{""discovery"": {""source"": ""reddit.com/r/aivideo"", ""url"": ""https://www.reddit.com/r/aivideo/comments/1sio4d0/the_patchwright/"", ""note"": ""Commenter on AI short film posts on r/aivideo""}, ""aigc_verdict"": {""source"": ""reddit_comments"", ""verdict"": ""unsure"", ""evidence"": ""Active in r/aivideo comments; visual AIGC confirmation not performed; discovery-only""}}"
https://reddit.com/user/busy_intention1746,u/busy_intention1746,Reddit,,,"AIGC,Reddit,AI video,filmmaking",New,,,en,Unknown,,unsure,2026-09-07T00:00:00Z,reddit.com/r/aivideo (The Patchwright film comments),AI film community member on r/aivideo — commented on The Patchwright film.,,,"{""discovery"": {""source"": ""reddit.com/r/aivideo"", ""url"": ""https://www.reddit.com/r/aivideo/comments/1sio4d0/the_patchwright/"", ""note"": ""Commenter on The Patchwright AI short film post""}, ""aigc_verdict"": {""source"": ""reddit_comments"", ""verdict"": ""unsure"", ""evidence"": ""Active in r/aivideo comments; visual AIGC confirmation not performed; discovery-only""}}"
https://tiktok.com/@ai.for.real.life,@ai.for.real.life,TikTok,26.5K,,"AIGC,Sora",New,2026-09-09T03:13:11Z,,English,GenAI,stan.store/AiForRealLife,yes,2026-08-06T14:13:11Z,"off-platform sweep (ddgs): ""AI filmmaker"" Sora site:tiktok.com/@",TikTok scrape: followers=26.5K; bio_link=stan.store/AiForRealLife,https://tiktok.com/@ai.for.real.life,stan.store/AiForRealLife,"{""platform"": ""TikTok"", ""handle"": ""@ai.for.real.life"", ""bio_preview"": ""AI videos and filmmaking.\nReal workflows, cinematic storytelling, practical tools for creators.\nStor"", ""external_link"": ""stan.store/AiForRealLife"", ""aigc_verdict"": ""yes"", ""ai_reasoning"": ""Rule-based keyword fallback""}"
https://tiktok.com/@theaifilmmaker,@theaifilmmaker,TikTok,17.8K,,"AIGC,Sora",New,2026-09-09T03:13:27Z,,English,GenAI,https://tiktok.com/@theaifilmmaker,yes,2026-08-06T14:13:11Z,"off-platform sweep (ddgs): ""AI filmmaker"" Sora site:tiktok.com/@",TikTok scrape: followers=17.8K; bio_link=none,https://tiktok.com/@theaifilmmaker,https://tiktok.com/@theaifilmmaker,"{""platform"": ""TikTok"", ""handle"": ""@theaifilmmaker"", ""bio_preview"": ""\ud83d\udc7e Work sketch comedy\n\ud83d\udc68\u200d\ud83d\udcbc Send to your work bestie\n\ud83d\udcec neal@theaifilmmaker.co"", ""external_link"": """", ""aigc_verdict"": ""yes"", ""ai_reasoning"": ""Rule-based keyword fallback""}"
https://tiktok.com/@egorkuzminxr,@egorkuzminxr,TikTok,53.8K,,"AIGC,Sora",New,2026-09-09T03:13:45Z,,English,GenAI,t.me/EgorKuzminXR1,hybrid,2026-08-06T14:13:11Z,"off-platform sweep (ddgs): ""AI filmmaker"" Sora site:tiktok.com/@",TikTok scrape: followers=53.8K; bio_link=t.me/EgorKuzminXR1,https://tiktok.com/@egorkuzminxr,t.me/EgorKuzminXR1,"{""platform"": ""TikTok"", ""handle"": ""@egorkuzminxr"", ""bio_preview"": ""\u0415\u0433\u043e\u0440 \u041a\u0443\u0437\u044c\u043c\u0438\u043d | \u0421\u043f\u0435\u0446\u0438\u0430\u043b\u0438\u0441\u0442 \u043f\u043e \u043d\u0435\u0439\u0440\u043e\u0441\u0435\u0442\u044f\u043c"", ""external_link"": ""t.me/EgorKuzminXR1"", ""aigc_verdict"": ""hybrid"", ""ai_reasoning"": ""Rule-based keyword fallback""}"
https://www.tiktok.com/@gazi.ai,@gazi.ai,TikTok,664.4K,,"AIGC,TikTok,AI content",New,2026-09-09T03:14:02Z,,English,GenAI,beacons.ai/gazi.ai,yes,2026-09-01,web_search: Feedspot Top 40 AI TikTok Influencers 2026,TikTok scrape: followers=664.4K; bio_link=beacons.ai/gazi.ai,https://www.tiktok.com/@gazi.ai,https://www.tiktok.com/@gazi.ai,"{""platform"": ""TikTok"", ""handle"": ""@gazi.ai"", ""bio_preview"": ""let's suffer with aim, shall we?\ngazi@select.co"", ""external_link"": ""beacons.ai/gazi.ai"", ""aigc_verdict"": ""yes"", ""ai_reasoning"": ""Rule-based keyword fallback""}"
https://www.tiktok.com/@rileybrown.ai,@rileybrown.ai,TikTok,636.6K,,"AIGC,TikTok,AI fashion",New,2026-09-09T03:14:20Z,,English,GenAI,chatgpt.com/download/,yes,2026-09-01,web_search: Feedspot Top 40 AI TikTok Influencers 2026,TikTok scrape: followers=636.6K; bio_link=chatgpt.com/download/,https://www.tiktok.com/@rileybrown.ai,https://www.tiktok.com/@rileybrown.ai,"{""platform"": ""TikTok"", ""handle"": ""@rileybrown.ai"", ""bio_preview"": ""I talk about AI agent tools everyone should learn. riley@rakugomedia.com"", ""external_link"": ""chatgpt.com/download/"", ""aigc_verdict"": ""yes"", ""ai_reasoning"": ""Rule-based keyword fallback""}"
https://www.tiktok.com/@aisavvy,@aisavvy,TikTok,131.2K,,"AIGC,TikTok,AI education",New,2026-09-15T03:46:27Z,,English,GenAI,aisavvy.net,yes,2026-09-01,web_search: Feedspot Top 40 AI TikTok Influencers 2026,TikTok scrape: followers=131.2K; bio_link=aisavvy.net,https://www.tiktok.com/@aisavvy,https://www.tiktok.com/@aisavvy,"{""platform"": ""TikTok"", ""handle"": ""@aisavvy"", ""bio_preview"": ""AI Tools & Tutorials\ncollabs: victor@aisavvy.net\nasia collabs: mark.shi.creators@gmail.com"", ""external_link"": ""aisavvy.net"", ""aigc_verdict"": ""yes"", ""ai_reasoning"": ""Rule-based keyword fallback""}"
https://www.tiktok.com/@nomadatoast,@nomadatoast,TikTok,336.9K,,"AIGC,TikTok,AI travel",New,2026-09-09T03:14:55Z,,English,GenAI,liinks.co/nomadatoast,yes,2026-09-01,web_search: Feedspot Top 40 AI TikTok Influencers 2026,TikTok scrape: followers=336.9K; bio_link=liinks.co/nomadatoast,https://www.tiktok.com/@nomadatoast,https://www.tiktok.com/@nomadatoast,"{""platform"": ""TikTok"", ""handle"": ""@nomadatoast"", ""bio_preview"": ""Creative Tech Tips & AI tools\n\u2709\ufe0f hi@nomadatoast.com\n.\n\ud83d\udca5 450K on IG"", ""external_link"": ""liinks.co/nomadatoast"", ""aigc_verdict"": ""yes"", ""ai_reasoning"": ""Rule-based keyword fallback""}"
https://www.tiktok.com/@andyhafell,@andyhafell,TikTok,224.4K,,"AIGC,TikTok,AI agents,automation",New,2026-09-09T03:16:06Z,,English,GenAI,https://www.tiktok.com/@andyhafell,yes,2026-09-01,web_search: Feedspot Top 40 AI TikTok Influencers 2026,TikTok scrape: followers=224.4K; bio_link=none,https://www.tiktok.com/@andyhafell,,"{""platform"": ""TikTok"", ""handle"": ""@andyhafell"", ""bio_preview"": ""Build AI Agents & Automations that does work for you \ud83d\udc47"", ""external_link"": """", ""aigc_verdict"": ""yes"", ""ai_reasoning"": ""Rule-based keyword fallback""}"
https://www.tiktok.com/@shedoesai,@shedoesai,TikTok,219.6K,,"AIGC,TikTok,AI newsletter,AI tools",New,2026-09-09T03:16:23Z,,English,GenAI,www.shedoesai.com,yes,2026-09-01,web_search: Feedspot Top 40 AI TikTok Influencers 2026,TikTok scrape: followers=219.6K; bio_link=www.shedoesai.com,https://www.tiktok.com/@shedoesai,https://www.tiktok.com/@shedoesai,"{""platform"": ""TikTok"", ""handle"": ""@shedoesai"", ""bio_preview"": ""\ud83e\udd16 | Make AI work as you, not just for you\n\ud83d\udce7 | hello@shedoesai.com"", ""external_link"": ""www.shedoesai.com"", ""aigc_verdict"": ""yes"", ""ai_reasoning"": ""Rule-based keyword fallback""}"
https://www.tiktok.com/@immadsal,@immadsal,TikTok,182.1K,,"AIGC,TikTok,AI expert,Photoshop, Satire",New,2026-09-09T03:16:41Z,,English,GenAI,pop.store/immadsal,yes,2026-09-01,web_search: Feedspot Top 40 AI TikTok Influencers 2026,TikTok scrape: followers=182.1K; bio_link=pop.store/immadsal,https://www.tiktok.com/@immadsal,https://www.tiktok.com/@immadsal,"{""platform"": ""TikTok"", ""handle"": ""@immadsal"", ""bio_preview"": ""AI Expert\nPhotoshop Expert\nSatire Comedian\nimmadsal@dulcedo.com"", ""external_link"": ""pop.store/immadsal"", ""aigc_verdict"": ""yes"", ""ai_reasoning"": ""Rule-based keyword fallback""}"
https://www.tiktok.com/@brandnat,@brandnat,TikTok,446.3K,hello@brandnat.com,"AIGC,TikTok,AI automation,business,small-creator",New,2026-09-09T03:16:58Z,Australia,English,GenAI,stan.store/brandnat,yes,2026-09-01T07:27:58Z,FeedSpot Top 40 AI TikTok Influencers 2026; TikTok profile verified,TikTok scrape: followers=446.3K; bio_link=stan.store/brandnat,https://www.tiktok.com/@brandnat,https://www.tiktok.com/@brandnat,"{""platform"": ""TikTok"", ""handle"": ""@brandnat"", ""bio_preview"": ""AI Automation Tech for Business\n\ud83d\udce7 hello@brandnat.com\nJoin 850,000+ biz"", ""external_link"": ""stan.store/brandnat"", ""aigc_verdict"": ""yes"", ""ai_reasoning"": ""Rule-based keyword fallback""}"
https://www.tiktok.com/@aicenturyclips,@aicenturyclips,TikTok,431.6K,Aicenturyinfo@gmail.com,"AIGC,TikTok,AI clips,AI tools,small-creator",New,2026-09-09T03:17:16Z,Unknown,English,GenAI,aicenturies.com/gpt-library/,yes,2026-09-01T07:27:58Z,FeedSpot Top 40 AI TikTok Influencers 2026; TikTok profile verified,TikTok scrape: followers=431.6K; bio_link=aicenturies.com/gpt-library/,https://www.tiktok.com/@aicenturyclips,https://www.tiktok.com/@aicenturyclips,"{""platform"": ""TikTok"", ""handle"": ""@aicenturyclips"", ""bio_preview"": ""\ud83d\ude09 Follow my other twin brother @aicenturystudios\n\ud83d\udce9: Aicenturyinfo@gmail.com"", ""external_link"": ""aicenturies.com/gpt-library/"", ""aigc_verdict"": ""yes"", ""ai_reasoning"": ""Rule-based keyword fallback""}"
https://www.tiktok.com/@tony.aube,@tony.aube,TikTok,423.5K,not exposed,"AIGC,TikTok,AI design,ex-Google AI,small-creator",New,2026-09-09T03:17:34Z,USA (Silicon Valley),English,GenAI,www.tonyaube.com/find-me,yes,2026-09-01T07:27:58Z,FeedSpot Top 40 AI TikTok Influencers 2026; TikTok profile verified; Snopes fact-check reference,TikTok scrape: followers=423.5K; bio_link=www.tonyaube.com/find-me,https://www.tiktok.com/@tony.aube,www.tonyaube.com/find-me,"{""platform"": ""TikTok"", ""handle"": ""@tony.aube"", ""bio_preview"": ""\ud83c\udfa8 Designer in Silicon Valley\n\ud83d\udc68\ud83c\udffb\u200d\ud83d\udcbb Ex Google AI\n\ud83d\udc47 Find me elsewhere"", ""external_link"": ""www.tonyaube.com/find-me"", ""aigc_verdict"": ""yes"", ""ai_reasoning"": ""Rule-based keyword fallback""}"
https://www.tiktok.com/@kanekallaway,@kanekallaway,TikTok,435.9K,not exposed,"AIGC,TikTok,AI tech,content creation,small-creator",New,2026-09-09T03:17:51Z,Unknown,English,GenAI,sandcastles.ai,yes,2026-09-01T07:27:58Z,FeedSpot Top 40 AI TikTok Influencers 2026; TikTok profile verified,TikTok scrape: followers=435.9K; bio_link=sandcastles.ai,https://www.tiktok.com/@kanekallaway,sandcastles.ai,"{""platform"": ""TikTok"", ""handle"": ""@kanekallaway"", ""bio_preview"": ""Tech & AI\nHelping you stay ahead in the AI era\nBuilding sandcastles.ai\ud83d\udc47\ud83c\udffc"", ""external_link"": ""sandcastles.ai"", ""aigc_verdict"": ""yes"", ""ai_reasoning"": ""Rule-based keyword fallback""}"
https://www.tiktok.com/@gianluca.mauro,@gianluca.mauro,TikTok,171.4K,not exposed,"AIGC,TikTok,AI entrepreneur,AI Academy,small-creator",New,2026-09-09T03:18:09Z,Italy,English,GenAI,gianlucamauro.substack.com/subscribe,yes,2026-09-01T07:27:58Z,FeedSpot Top 40 AI TikTok Influencers 2026; TikTok profile verified; gianlucamauro.com,TikTok scrape: followers=171.4K; bio_link=gianlucamauro.substack.com/subscribe,https://www.tiktok.com/@gianluca.mauro,gianlucamauro.substack.com/subscribe,"{""platform"": ""TikTok"", ""handle"": ""@gianluca.mauro"", ""bio_preview"": ""AI entrepreneur known for bold ideas backed by 10+ years of no-B.S. execution.\nMore thoughts on my S"", ""external_link"": ""gianlucamauro.substack.com/subscribe"", ""aigc_verdict"": ""yes"", ""ai_reasoning"": ""Rule-based keyword fallback""}"
https://www.tiktok.com/@bio_makers1,@bio_makers1,TikTok,6M,not exposed,"AIGC,TikTok,AI robots,education",New,2026-09-09T03:19:19Z,Dominican Republic,English,GenAI,linktr.ee/BiomakersAI,yes,2026-09-03T02:06:12Z,web_search: Feedspot Top 40 AI TikTok Influencers 2026,TikTok scrape: followers=6M; bio_link=linktr.ee/BiomakersAI,https://www.tiktok.com/@bio_makers1,linktr.ee/BiomakersAI,"{""platform"": ""TikTok"", ""handle"": ""@bio_makers1"", ""bio_preview"": ""Jonathan Baz\u00e1n\n\ud83e\udd16 8 a\u00f1os en Robots humanoides\n\ud83e\udde0 IA Aplicada\n\ud83c\udfc6Digital Creator Awards 2026 \ud83d\udc47votar\ud83d\udc47"", ""external_link"": ""linktr.ee/BiomakersAI"", ""aigc_verdict"": ""yes"", ""ai_reasoning"": ""Rule-based keyword fallback""}"
https://www.tiktok.com/@adam.digital,@adam.digital,TikTok,532.2K,hello@adamgodigital.com,"AIGC,TikTok,AI,marketing,productivity",New,2026-09-09T03:18:44Z,Malaysia,English,GenAI,pop.store/adamdigital,yes,2026-09-02T05:21:02Z,FeedSpot Top 40 AI TikTok Influencers 2026,TikTok scrape: followers=532.2K; bio_link=pop.store/adamdigital,https://www.tiktok.com/@adam.digital,https://www.tiktok.com/@adam.digital,"{""platform"": ""TikTok"", ""handle"": ""@adam.digital"", ""bio_preview"": ""\ud83d\udd25AI educator for Entrepreneurs/ Creators\n\ud83d\udce7hello@adamgodigital.com\nWork with us \u2b07\ufe0f"", ""external_link"": ""pop.store/adamdigital"", ""aigc_verdict"": ""yes"", ""ai_reasoning"": ""Rule-based keyword fallback""}"
https://www.tiktok.com/@thechriswinfield,@thechriswinfield,TikTok,120.6K,not exposed,"AIGC,TikTok,AI,news",New,2026-09-09T03:19:01Z,United States,English,GenAI,https://www.tiktok.com/@thechriswinfield,yes,2026-09-02T05:21:02Z,FeedSpot Top 40 AI TikTok Influencers 2026,TikTok scrape: followers=120.6K; bio_link=none,https://www.tiktok.com/@thechriswinfield,,"{""platform"": ""TikTok"", ""handle"": ""@thechriswinfield"", ""bio_preview"": ""\ud83e\udd16 Everything you need to know about AI\u2026\nin 90 seconds or less each day! \ud83d\udcaf"", ""external_link"": """", ""aigc_verdict"": ""yes"", ""ai_reasoning"": ""Rule-based keyword fallback""}"
https://www.tiktok.com/@harshathementor,@harshathementor,TikTok,403.4K,not exposed,"AIGC,TikTok,AI agency,business",New,2026-09-09T03:19:37Z,India,English,GenAI,youtube.com/@harshathementor,yes,2026-09-03T02:06:12Z,web_search: Feedspot Top 40 AI TikTok Influencers 2026,TikTok scrape: followers=403.4K; bio_link=youtube.com/@harshathementor,https://www.tiktok.com/@harshathementor,youtube.com/@harshathementor,"{""platform"": ""TikTok"", ""handle"": ""@harshathementor"", ""bio_preview"": ""Quit my engineering job to scale my AI Agency to Multi 7-Figures.\n\nWatch my Youtube for in-depth tut"", ""external_link"": ""youtube.com/@harshathementor"", ""aigc_verdict"": ""yes"", ""ai_reasoning"": ""Rule-based keyword fallback""}"
https://www.tiktok.com/@sineadbovell,@sineadbovell,TikTok,313K,not exposed,"AIGC,TikTok,futurist,tech commentary",New,2026-09-09T03:19:54Z,Canada,English,GenAI,substack.com/@sineadbovell?r=5iie2&utm_medium=ios&utm_source=stories&shareImageVariant=blur,hybrid,2026-09-03T02:06:12Z,web_search: Feedspot Top 40 AI TikTok Influencers 2026,TikTok scrape: followers=313K; bio_link=substack.com/@sineadbovell?r=5iie2&utm_medium=ios&utm_source=stories&shareImageVariant=blur,https://www.tiktok.com/@sineadbovell,substack.com/@sineadbovell?r=5iie2&utm_medium=ios&utm_source=stories&shareImageVariant=blur,"{""platform"": ""TikTok"", ""handle"": ""@sineadbovell"", ""bio_preview"": ""Futurist\nWAYE Founder\n\ud83c\udfa5Tech commentator\n\ud83c\udde8\ud83c\udde6\nMy Substack articles \u2b07\ufe0f"", ""external_link"": ""substack.com/@sineadbovell?r=5iie2&utm_medium=ios&utm_source=stories&shareImageVariant=blur"", ""aigc_verdict"": ""hybrid"", ""ai_reasoning"": ""Rule-based keyword fallback""}"
https://www.tiktok.com/@justinfineberg,@justinfineberg,TikTok,288.7K,not exposed,"AIGC,TikTok,AI agents,business",New,2026-09-09T03:20:12Z,US,English,GenAI,linktr.ee/justinfineberg,yes,2026-09-03T02:06:12Z,web_search: Feedspot Top 40 AI TikTok Influencers 2026,TikTok scrape: followers=288.7K; bio_link=linktr.ee/justinfineberg,https://www.tiktok.com/@justinfineberg,linktr.ee/justinfineberg,"{""platform"": ""TikTok"", ""handle"": ""@justinfineberg"", ""bio_preview"": ""CEO @ Cassidy.ai \ud83d\udd2e\nAI Agents that operate like your team \ud83d\ude80\nFollow me to stay ahead in AI\ud83d\udc47\n(We're hir"", ""external_link"": ""linktr.ee/justinfineberg"", ""aigc_verdict"": ""yes"", ""ai_reasoning"": ""Rule-based keyword fallback""}"
https://www.tiktok.com/@fawziammache,@fawziammache,TikTok,133.4K,not exposed,"AIGC,TikTok,AI explainer,design",New,2026-09-09T03:20:30Z,Canada,English,GenAI,futurewithfawzi.com/links,yes,2026-09-03T02:06:12Z,web_search: Feedspot Top 40 AI TikTok Influencers 2026,TikTok scrape: followers=133.4K; bio_link=futurewithfawzi.com/links,https://www.tiktok.com/@fawziammache,futurewithfawzi.com/links,"{""platform"": ""TikTok"", ""handle"": ""@fawziammache"", ""bio_preview"": ""\ud83d\udccdToronto // \ud83c\uddf1\ud83c\udde7\ud83c\udde8\ud83c\udde6\n\u2699\ufe0f Designer & Engineer\n\ud83e\udd16 Explaining AI without the hype\n\u270d\ufe0f 100% hand-drawn visuals"", ""external_link"": ""futurewithfawzi.com/links"", ""aigc_verdict"": ""yes"", ""ai_reasoning"": ""Rule-based keyword fallback""}"
https://www.tiktok.com/@the.rachelwoods,@the.rachelwoods,TikTok,173.4K,not exposed,"AIGC,TikTok,AI operator,business",New,2026-09-09T03:20:48Z,US,English,GenAI,resources.runonamp.com/rachel?utm_medium=tiktok,yes,2026-09-04T00:52:16Z,FeedSpot Top 40 AI TikTok Influencers Aug 2026,TikTok scrape: followers=173.4K; bio_link=resources.runonamp.com/rachel?utm_medium=tiktok,https://www.tiktok.com/@the.rachelwoods,resources.runonamp.com/rachel?utm_medium=tiktok,"{""platform"": ""TikTok"", ""handle"": ""@the.rachelwoods"", ""bio_preview"": ""ex-FB AI research, now AI operator / CEO\n--\nGet my free playbook template \ud83d\udc47"", ""external_link"": ""resources.runonamp.com/rachel?utm_medium=tiktok"", ""aigc_verdict"": ""yes"", ""ai_reasoning"": ""Rule-based keyword fallback""}"
https://www.tiktok.com/@digitalmediastrategy,@digitalmediastrategy,TikTok,,not exposed,"AIGC,TikTok,AI business,ChatGPT",New,2026-09-09T03:21:06Z,US,English,GenAI,https://www.tiktok.com/@digitalmediastrategy,hybrid,2026-09-04T00:52:16Z,FeedSpot Top 40 AI TikTok Influencers Aug 2026,TikTok scrape: followers=N/A; bio_link=none,https://www.tiktok.com/@digitalmediastrategy,,"{""platform"": ""TikTok"", ""handle"": ""@digitalmediastrategy"", ""bio_preview"": """", ""external_link"": """", ""aigc_verdict"": ""hybrid"", ""ai_reasoning"": ""Rule-based keyword fallback""}"
https://www.tiktok.com/@chatgptforme,@chatgptforme,TikTok,,not exposed,"AIGC,TikTok,AI automation,entrepreneurs",New,2026-09-09T03:21:24Z,US,English,Chatgpt,https://www.tiktok.com/@chatgptforme,hybrid,2026-09-04T00:52:16Z,FeedSpot Top 40 AI TikTok Influencers Aug 2026,TikTok scrape: followers=N/A; bio_link=none,https://www.tiktok.com/@chatgptforme,,"{""platform"": ""TikTok"", ""handle"": ""@chatgptforme"", ""bio_preview"": """", ""external_link"": """", ""aigc_verdict"": ""hybrid"", ""ai_reasoning"": ""Rule-based keyword fallback""}"
https://www.tiktok.com/@aiotexpert,@aiotexpert,TikTok,33.1K,not exposed,"AIGC,TikTok,IoT,AI expert,academic",New,2026-09-09T03:21:42Z,EU,English,GenAI,lnk.bio/aiotexpert,yes,2026-09-04T00:52:16Z,FeedSpot Top 40 AI TikTok Influencers Aug 2026,TikTok scrape: followers=33.1K; bio_link=lnk.bio/aiotexpert,https://www.tiktok.com/@aiotexpert,lnk.bio/aiotexpert,"{""platform"": ""TikTok"", ""handle"": ""@aiotexpert"", ""bio_preview"": ""ECE Phd. 30Y Experience, 100+projects, 200+pubs -\nI don't DM-beware of scams!"", ""external_link"": ""lnk.bio/aiotexpert"", ""aigc_verdict"": ""yes"", ""ai_reasoning"": ""Rule-based keyword fallback""}"
https://www.tiktok.com/@rajistics,@rajistics,TikTok,31.3K,not exposed,"AIGC,TikTok,AI fun,agent engineering",New,2026-09-09T03:22:00Z,US,English,Kling,rajivshah.com,yes,2026-09-04T00:52:16Z,FeedSpot Top 40 AI TikTok Influencers Aug 2026,TikTok scrape: followers=31.3K; bio_link=rajivshah.com,https://www.tiktok.com/@rajistics,rajivshah.com,"{""platform"": ""TikTok"", ""handle"": ""@rajistics"", ""bio_preview"": ""Sprinkling AI with Fun\n\ud83e\udd23 \u201ccriminally underrated\u201d\nAgent Engineering at OpenHands"", ""external_link"": ""rajivshah.com"", ""aigc_verdict"": ""yes"", ""ai_reasoning"": ""Rule-based keyword fallback""}"
https://www.tiktok.com/@tommythings,@tommythings,TikTok,1.3M,Unknown,"AIGC,TikTok,AI education,entrepreneurship",New,2026-09-09T03:22:18Z,Unknown,English,GenAI,tommyteja.com,yes,2026-09-08T05:16:19Z,FeedSpot Top 40 AI TikTok Influencers 2026-08-19,TikTok scrape: followers=1.3M; bio_link=tommyteja.com,https://www.tiktok.com/@tommythings,tommyteja.com,"{""platform"": ""TikTok"", ""handle"": ""@tommythings"", ""bio_preview"": ""\ud83c\uddee\ud83c\udde9 Decoding AI for Entrepreneurs\n\ud83c\udfe2 Speaker | Investor | Tech Founder\n\ud83d\udc68\u200d\ud83d\udcbc @AICO COMMUNITY @Zando Agen"", ""external_link"": ""tommyteja.com"", ""aigc_verdict"": ""yes"", ""ai_reasoning"": ""Rule-based keyword fallback""}"
https://www.tiktok.com/@story_vulte,@story_vulte,TikTok,104.4K,Unknown,"AIGC,TikTok,AI filmmaker,Nollywood",New,2026-09-09T03:22:36Z,Unknown,English,GenAI,www.youtube.com/@Story_Vulte,yes,2026-09-09T00:00:00Z,LunarCrush creator search; TikTok discovery,TikTok scrape: followers=104.4K; bio_link=www.youtube.com/@Story_Vulte,https://www.tiktok.com/@story_vulte,www.youtube.com/@Story_Vulte,"{""platform"": ""TikTok"", ""handle"": ""@story_vulte"", ""bio_preview"": ""\ud83d\udcd6 AI-powered stories & unforgettable tales\n\ud83c\udfad Mystery \u2022 Drama \u2022 Life \u2022 Fiction\n\u2764\ufe0fNew Episode daily\nYo"", ""external_link"": ""www.youtube.com/@Story_Vulte"", ""aigc_verdict"": ""yes"", ""ai_reasoning"": ""Rule-based keyword fallback""}"
https://www.tiktok.com/@kc.filmmaker,@kc.filmmaker,TikTok,491.8K,Unknown,"AIGC,TikTok,AI filmmaker",New,2026-09-09T03:22:54Z,Unknown,English,GenAI,https://www.tiktok.com/@kc.filmmaker,hybrid,2026-09-09T00:00:00Z,TikTok creator search,TikTok scrape: followers=491.8K; bio_link=none,https://www.tiktok.com/@kc.filmmaker,https://www.tiktok.com/@kc.filmmaker,"{""platform"": ""TikTok"", ""handle"": ""@kc.filmmaker"", ""bio_preview"": ""CHECKAFLICK streaming your way \ud83d\udea2\ud83d\udca8\ud83c\udfa9\ud83d\udd4a\ufe0f"", ""external_link"": """", ""aigc_verdict"": ""hybrid"", ""ai_reasoning"": ""Rule-based keyword fallback""}"
https://www.tiktok.com/@director_lucien,@director_lucien,TikTok,84,Unknown,"AIGC,TikTok,AI movie artist,cinematic",New,2026-09-09T03:23:13Z,Unknown,English,GenAI,https://www.tiktok.com/@director_lucien,yes,2026-09-09T00:00:00Z,TikTok creator search,TikTok scrape: followers=84; bio_link=none,https://www.tiktok.com/@director_lucien,https://www.tiktok.com/@director_lucien,"{""platform"": ""TikTok"", ""handle"": ""@director_lucien"", ""bio_preview"": ""AI movie artist turning code into cinematic worlds that feel out of this world"", ""external_link"": """", ""aigc_verdict"": ""yes"", ""ai_reasoning"": ""Rule-based keyword fallback""}"
https://www.instagram.com/surreailist,@surreailist,Instagram,Unknown,Unknown,"AIGC,Instagram,AI filmmaker,surrealism,Berlin Music Video Awards",New,,Berlin,en,Kinovi AI,https://www.instagram.com/surreailist,yes,2026-09-09T00:00:00Z,The Daring Creators; Berlin Music Video Awards 2026 jury,Lukas Nowacki; creates psychological descents - short AI films like unsettling horror fairy tales; Berlin Music Video Awards 2026 jury member; uses Kinovi AI; surrealist/transgressive cinema style,,https://www.instagram.com/surreailist,"{""aigc_verdict"": {""source"": ""The Daring Creators interview"", ""verdict"": ""yes"", ""details"": ""Creates AI films called psychological descents; uses Kinovi AI""}, ""profile"": {""source"": ""Berlin Music Video Awards 2026"", ""note"": ""Jury member; surrealist AI filmmaker""}}"
https://www.tiktok.com/@aashowa.ai,@aashowa.ai,TikTok,1815,Unknown,"AIGC,TikTok,AI business,online business",New,2026-09-09T03:23:30Z,Unknown,English,GenAI,https://www.tiktok.com/@aashowa.ai,yes,2026-09-09T00:00:00Z,FeedSpot Top 40 AI TikTok Influencers 2026,TikTok scrape: followers=1815; bio_link=none,https://www.tiktok.com/@aashowa.ai,https://www.tiktok.com/@aashowa.ai,"{""platform"": ""TikTok"", ""handle"": ""@aashowa.ai"", ""bio_preview"": ""Start Your Online Business Today! Free Course \ud83d\udc47"", ""external_link"": """", ""aigc_verdict"": ""yes"", ""ai_reasoning"": ""Rule-based keyword fallback""}"
https://www.instagram.com/troplanduniverse,@troplanduniverse,Instagram,1446577,partnerships@troplanduniverse.com,"AIGC,Instagram,AI artist,wildlife,cinematic",New,,"Los Angeles, CA",en,Sora,https://www.instagram.com/troplanduniverse,yes,2026-09-09T00:00:00Z,FeedSpot Top 40 AI Artists Instagram Influencers 2026,"Josh Gottsegen; AI artist and creative director; 1.4M followers; collaborations with Meta, Adobe, OpenAI, Sora, Kling, Topaz Labs; 25+ years in design/marketing/production",,https://www.instagram.com/troplanduniverse,"{""follower_count"": {""source"": ""HypeAuditor"", ""value"": ""1446577"", ""profileUrl"": ""https://www.instagram.com/troplanduniverse""}, ""aigc_verdict"": {""source"": ""troplanduniverse.com"", ""verdict"": ""yes"", ""details"": ""AI content creator producing cinematic brand-safe media; collaborations with Meta, Adobe, OpenAI, Sora, Kling""}}"
https://www.instagram.com/annawessenart,@annawessenart,Instagram,62500,annawessenart@gmail.com,"AIGC,Instagram,AI artist,AI creative director",New,,Los Angeles,en,Unknown,https://www.instagram.com/annawessenart,yes,2026-09-09T00:00:00Z,FeedSpot Top 40 AI Artists Instagram Influencers 2026,Anna Wessen; Visual Artist | AI Creative Director; 62.5K followers; commissions available,,https://www.instagram.com/annawessenart,"{""follower_count"": {""source"": ""FeedSpot"", ""value"": ""62500"", ""profileUrl"": ""https://www.instagram.com/annawessenart""}, ""aigc_verdict"": {""source"": ""Instagram bio"", ""verdict"": ""yes"", ""details"": ""Visual Artist | AI Creative Director""}}"
https://www.instagram.com/grannyspills,@grannyspills,Instagram,2000000,Unknown,"AIGC,Instagram,AI influencer,TikTok,Veo3",New,,United States,en,Veo3,https://www.instagram.com/grannyspills,yes,2026-09-09T00:00:00Z,Kolsquare; TIME; Bloomberg,AI-generated 75-year-old influencer created by Blur Studios (Eric Suarez and Adam Vaserstein); 2M Instagram followers; luxury lifestyle with attitude; uses Veo3; brand deals with Kurt Geiger and Papi Steak; TikTok flagged content as unoriginal,,https://www.instagram.com/grannyspills,"{""follower_count"": {""source"": ""Kolsquare"", ""value"": ""2000000"", ""profileUrl"": ""https://www.instagram.com/grannyspills""}, ""aigc_verdict"": {""source"": ""TIME/Bloomberg"", ""verdict"": ""yes"", ""details"": ""Fully AI-generated character created by Blur Studios using Veo3""}}"
https://www.tiktok.com/@fiqrifox.historiasstudio,@fiqrifox.historiasstudio,TikTok,48.6K,fiqrifoxacademy@gmail.com,"AIGC,TikTok,AI filmmaker,King AI,Seedance",New,2026-09-09T03:23:48Z,Indonesia,English,GenAI,https://www.tiktok.com/@fiqrifox.historiasstudio,yes,2026-09-09T00:00:00Z,Toklytics; TikTok creator search,TikTok scrape: followers=48.6K; bio_link=none,https://www.tiktok.com/@fiqrifox.historiasstudio,https://www.tiktok.com/@fiqrifox.historiasstudio,"{""platform"": ""TikTok"", ""handle"": ""@fiqrifox.historiasstudio"", ""bio_preview"": ""Filmmaker - Cinematographer\nMy Service?\n0851-7900-0321\nfiqrifoxacademy@gmail.com"", ""external_link"": """", ""aigc_verdict"": ""yes"", ""ai_reasoning"": ""Rule-based keyword fallback""}"
https://www.instagram.com/fit_aitana,@fit_aitana,Instagram,404000,Unknown,"AIGC,Instagram,AI influencer,fashion,fitness",New,,Spain,es,Unknown,https://www.instagram.com/fit_aitana,yes,2026-09-09T00:00:00Z,Kolsquare; Hyax,Aitana Lopez; Spanish AI female fashion influencer; 404K followers; created by The Clueless Agency; brand deals with PRIME drinks and Llongueras,,https://www.instagram.com/fit_aitana,"{""follower_count"": {""source"": ""Kolsquare"", ""value"": ""404000"", ""profileUrl"": ""https://www.instagram.com/fit_aitana""}, ""aigc_verdict"": {""source"": ""Kolsquare/Hyax"", ""verdict"": ""yes"", ""details"": ""AI fashion influencer created by The Clueless Agency""}}"
https://www.instagram.com/ihafix,@ihafix,Instagram,89000,Unknown,"AIGC,Instagram,AI filmmaker,Kerala,Malayalam",New,,"Kerala, India",ml,Unknown,https://www.instagram.com/ihafix,yes,2026-09-09T00:00:00Z,Grokipedia; Instagram search; NDTV Profit,Hafiz; Indian content creator based in Kerala; pioneer in AI-driven media production; 89K followers; Malayalam-language content; known for viral AI-generated videos (Tom Holland/Zendaya South Indian wedding); filmmaking tutorials and tech reviews,,https://www.instagram.com/ihafix,"{""follower_count"": {""source"": ""Grokipedia"", ""value"": ""89000"", ""profileUrl"": ""https://www.instagram.com/ihafix""}, ""aigc_verdict"": {""source"": ""Grokipedia/NDTV Profit"", ""verdict"": ""yes"", ""details"": ""AI-driven media production; viral AI-generated videos including Tom Holland/Zendaya South Indian wedding""}}"
https://www.tiktok.com/@morris.ai,@morris.ai,TikTok,66.3K,,,,2026-09-10T06:50:32Z,,English,GenAI,morris-ai-shop.fourthwall.com/,yes,,,TikTok scrape: followers=66.3K; bio_link=morris-ai-shop.fourthwall.com/,https://www.tiktok.com/@morris.ai,https://www.tiktok.com/@morris.ai,"{""platform"": ""TikTok"", ""handle"": ""@morris.ai"", ""bio_preview"": ""\ud83e\udd16 Morris | AI Video Creator \ud83c\udfac\nEvery video = 100% AI generated \ud83d\udcaf\nFollow to see what's possible \ud83e\udd2f\nNew "", ""external_link"": ""morris-ai-shop.fourthwall.com/"", ""aigc_verdict"": ""yes"", ""ai_reasoning"": ""Rule-based keyword fallback""}"
https://www.tiktok.com/@pjacefilms,@pjacefilms,TikTok,22.4K,,,,2026-09-10T06:51:00Z,,English,GenAI,pjace.beehiiv.com/,yes,,,TikTok scrape: followers=22.4K; bio_link=pjace.beehiiv.com/,https://www.tiktok.com/@pjacefilms,https://www.tiktok.com/@pjacefilms,"{""platform"": ""TikTok"", ""handle"": ""@pjacefilms"", ""bio_preview"": ""Ai filmmaker. 315M+ views on X / IG / YT.\nGet 100x views on your AI videos\ud83d\udc47\ud83c\udffc"", ""external_link"": ""pjace.beehiiv.com/"", ""aigc_verdict"": ""yes"", ""ai_reasoning"": ""Rule-based keyword fallback""}"
https://www.tiktok.com/@borobororealverse.ai,@borobororealverse.ai,TikTok,12.6K,,,,2026-09-10T06:51:29Z,,English,GenAI,https://www.tiktok.com/@borobororealverse.ai,yes,,,TikTok scrape: followers=12.6K; bio_link=none,https://www.tiktok.com/@borobororealverse.ai,https://www.tiktok.com/@borobororealverse.ai,"{""platform"": ""TikTok"", ""handle"": ""@borobororealverse.ai"", ""bio_preview"": ""\ud83c\udfa5 AI creator\n\ud83c\udfae Fantasy and game heroes - as they were real\n\ud83c\udf9e\ufe0f I can create ads for your brand\n\ud83d\udcf2 DM f"", ""external_link"": """", ""aigc_verdict"": ""yes"", ""ai_reasoning"": ""Rule-based keyword fallback""}"
https://www.tiktok.com/@theartificialmindartist,@theartificialmindartist,TikTok,17,,,,2026-09-10T06:51:57Z,,English,GenAI,https://www.tiktok.com/@theartificialmindartist,yes,,,TikTok scrape: followers=17; bio_link=none,https://www.tiktok.com/@theartificialmindartist,https://www.tiktok.com/@theartificialmindartist,"{""platform"": ""TikTok"", ""handle"": ""@theartificialmindartist"", ""bio_preview"": ""All the images and music you will see and hear here are generated by an AI"", ""external_link"": """", ""aigc_verdict"": ""yes"", ""ai_reasoning"": ""Rule-based keyword fallback""}"
https://www.tiktok.com/@immi.io,@immi.io,TikTok,278,,,,2026-09-10T06:51:57Z,,English,GenAI,https://www.tiktok.com/@immi.io,hybrid,,,TikTok scrape: followers=278; bio_link=none,https://www.tiktok.com/@immi.io,https://www.tiktok.com/@immi.io,"{""platform"": ""TikTok"", ""handle"": ""@immi.io"", ""bio_preview"": ""\ud83c\udfac where imagination meets animation\n\ud83e\ude84download immi in the App Store"", ""external_link"": """", ""aigc_verdict"": ""hybrid"", ""ai_reasoning"": ""Rule-based keyword fallback""}"
https://www.tiktok.com/@samoricoles,@samoricoles,TikTok,22.4K,,,,2026-09-10T06:52:24Z,,English,GenAI,Linktr.ee/samoricoles,yes,,,TikTok scrape: followers=22.4K; bio_link=Linktr.ee/samoricoles,https://www.tiktok.com/@samoricoles,https://www.tiktok.com/@samoricoles,"{""platform"": ""TikTok"", ""handle"": ""@samoricoles"", ""bio_preview"": ""AI Music, Video, and Film Creator\n\n\ud83d\udca5 Learn More \u2193"", ""external_link"": ""Linktr.ee/samoricoles"", ""aigc_verdict"": ""yes"", ""ai_reasoning"": ""Rule-based keyword fallback""}"
https://www.facebook.com/ausar.ai,@ausar.ai,Facebook,,,,,2026-09-10T06:52:28Z,,English,GenAI,https://www.facebook.com/ausar.ai,yes,,,Facebook scrape: followers=N/A; bio_preview=Ausa Rai,https://www.facebook.com/ausar.ai,https://www.facebook.com/ausar.ai,"{""platform"": ""Facebook"", ""handle"": ""@ausar.ai"", ""title"": ""Ausa Rai"", ""bio_preview"": ""Ausa Rai"", ""external_link"": """", ""aigc_verdict"": ""yes"", ""ai_reasoning"": ""Rule-based keyword fallback"", ""follower_raw_locale"": ""Ausa Rai""}"
https://www.tiktok.com/@sm3star,@sm3star,TikTok,11,,,,2026-09-10T06:52:51Z,,English,GenAI,https://www.tiktok.com/@sm3star,yes,,,TikTok scrape: followers=11; bio_link=none,https://www.tiktok.com/@sm3star,https://www.tiktok.com/@sm3star,"{""platform"": ""TikTok"", ""handle"": ""@sm3star"", ""bio_preview"": ""AI animal dance. funny AI video"", ""external_link"": """", ""aigc_verdict"": ""yes"", ""ai_reasoning"": ""Rule-based keyword fallback""}"
https://www.tiktok.com/@vinnylocasto,@vinnylocasto,TikTok,2.2M,vinnylocasto@navsocial.com,,,2026-09-10T06:53:18Z,,English,GenAI,www.octmusic.com/tickets,hybrid,,,TikTok scrape: followers=2.2M; bio_link=www.octmusic.com/tickets,https://www.tiktok.com/@vinnylocasto,https://www.tiktok.com/@vinnylocasto,"{""platform"": ""TikTok"", ""handle"": ""@vinnylocasto"", ""bio_preview"": ""YouTube: Vinny LoCasto\nTwitch.tv/vinnylocasto\n\u2709\ufe0f: vinnylocasto@navsocial.com"", ""external_link"": ""www.octmusic.com/tickets"", ""aigc_verdict"": ""hybrid"", ""ai_reasoning"": ""Rule-based keyword fallback""}"
https://www.facebook.com/people/Blissful-AI/61583558395984/,@Blissful-AI,Facebook,,,,,2026-09-10T06:53:48Z,,English,GenAI,https://www.facebook.com/people/Blissful-AI/61583558395984/,yes,,,Facebook scrape: followers=N/A; bio_preview=Blissful AI,https://www.facebook.com/people/Blissful-AI/61583558395984/,https://www.facebook.com/people/Blissful-AI/61583558395984/,"{""platform"": ""Facebook"", ""handle"": ""@people"", ""title"": ""Blissful AI"", ""bio_preview"": ""Blissful AI"", ""external_link"": """", ""aigc_verdict"": ""yes"", ""ai_reasoning"": ""Rule-based keyword fallback"", ""follower_raw_locale"": ""Blissful AI""}"
https://www.facebook.com/umergulzari,@umergulzari,Facebook,,umergulzari@gmail.com,,,2026-09-10T06:54:20Z,,English,GenAI,https://agefilms.ai/,yes,,,Facebook scrape: followers=N/A; bio_preview=UMER GULZARI,https://www.facebook.com/umergulzari,https://www.facebook.com/umergulzari,"{""platform"": ""Facebook"", ""handle"": ""@umergulzari"", ""title"": ""UMER GULZARI"", ""bio_preview"": ""UMER GULZARI"", ""external_link"": ""https://agefilms.ai/"", ""aigc_verdict"": ""yes"", ""ai_reasoning"": ""Rule-based keyword fallback"", ""follower_raw_locale"": ""UMER GULZARI""}"
https://www.tiktok.com/@the_ai_experiment,@the_ai_experiment,TikTok,985.5K,Unknown,"AIGC,TikTok,AI generated,experiment",New,2026-09-10T06:56:38Z,Unknown,English,GenAI,linktr.ee/the_ai_experiment,yes,2026-09-10,web_search: TikTok profile search,TikTok scrape: followers=985.5K; bio_link=linktr.ee/the_ai_experiment,https://www.tiktok.com/@the_ai_experiment,https://www.tiktok.com/@the_ai_experiment,"{""platform"": ""TikTok"", ""handle"": ""@the_ai_experiment"", ""bio_preview"": ""Enjoy the Journey. You are all part of the Experiment."", ""external_link"": ""linktr.ee/the_ai_experiment"", ""aigc_verdict"": ""yes"", ""ai_reasoning"": ""Rule-based keyword fallback""}"
https://www.tiktok.com/@what.if_ai,@what.if_ai,TikTok,86.6K,Unknown,"AIGC,TikTok,AI art,alternate history,colonialism",New,2026-09-10T06:57:02Z,Unknown,English,GenAI,https://www.tiktok.com/@what.if_ai,yes,2026-09-10,web_search: Business Insider / Rest of World articles,TikTok scrape: followers=86.6K; bio_link=none,https://www.tiktok.com/@what.if_ai,https://www.tiktok.com/@what.if_ai,"{""platform"": ""TikTok"", ""handle"": ""@what.if_ai"", ""bio_preview"": ""We use AI to create Alternate Reality Art and explore history."", ""external_link"": """", ""aigc_verdict"": ""yes"", ""ai_reasoning"": ""Rule-based keyword fallback""}"
https://www.tiktok.com/@the.ai.supervisor,@the.ai.supervisor,TikTok,15.3K,mbcollabsm@gmail.com,"AIGC,TikTok,AI models,testing,benchmarks",New,2026-09-10T06:57:27Z,Unknown,English,GenAI,https://www.tiktok.com/@the.ai.supervisor,yes,2026-09-10,web_search: TikTok profile + Toklytics analytics,TikTok scrape: followers=15.3K; bio_link=none,https://www.tiktok.com/@the.ai.supervisor,https://www.tiktok.com/@the.ai.supervisor,"{""platform"": ""TikTok"", ""handle"": ""@the.ai.supervisor"", ""bio_preview"": ""We show you which AI models break the rules and deliver the best results.\n\n\ud83d\udce9 mbcollabsm@gmail.com"", ""external_link"": """", ""aigc_verdict"": ""yes"", ""ai_reasoning"": ""Rule-based keyword fallback""}"
https://www.tiktok.com/@tinks.ai,@tinks.ai,TikTok,348,Unknown,"AIGC,TikTok,AI deepfake,GPT-3,auto-paintings",New,2026-09-10T06:57:59Z,Unknown,English,GenAI,https://www.tiktok.com/@tinks.ai,yes,2026-09-10,web_search: TikTok profile,TikTok scrape: followers=348; bio_link=none,https://www.tiktok.com/@tinks.ai,https://www.tiktok.com/@tinks.ai,"{""platform"": ""TikTok"", ""handle"": ""@tinks.ai"", ""bio_preview"": ""I'm an AI entertaining you via deepfake + GPT-3 auto-writing + auto-paintings!"", ""external_link"": """", ""aigc_verdict"": ""yes"", ""ai_reasoning"": ""Rule-based keyword fallback""}"
https://www.facebook.com/maryfioreart,@maryfioreart,Facebook,Unknown,Unknown,"AIGC,Facebook,AI art,Midjourney,Kling,Runway,painterly",New,2026-09-10T06:55:31Z,US,en,Midjourney,https://www.facebook.com/maryfioreart,yes,2026-09-10,web_search: Facebook profile + Medium + LinkedIn + Instagram,"Facebook page: Mary Fiore - painter turned AI storyteller; uses MidJourney, Kling, Runway, Photoshop; painterly surreal animations; editor of AI Art & Medium publication; Instagram: @maryfioreart (141 followers); LinkedIn: maryfiore",https://www.facebook.com/maryfioreart,https://www.facebook.com/maryfioreart,"{""source"": ""web_search"", ""facebook"": ""https://www.facebook.com/maryfioreart"", ""instagram"": ""https://www.instagram.com/maryfioreart (141 followers)"", ""linkedin"": ""https://www.linkedin.com/in/maryfiore"", ""medium"": ""https://medium.com/@maryfioreaiart"", ""tools"": [""MidJourney"", ""Kling"", ""Runway"", ""Photoshop""], ""bio"": ""Painter turned AI storyteller. Creates painterly, surreal animations and visuals that explore overlooked lives, hidden strength, and quiet rebellion."", ""follower_raw_locale"": ""Unknown""}"
https://www.tiktok.com/@mattfarmerai,@mattfarmerai,TikTok,164.2K,,"AIGC,TikTok,AI tools,AI marketing",New,2026-09-10T07:04:47Z,Canada,English,GenAI,beacons.ai/mattfarmerai,yes,2026-09-10T07:04:17.193733Z,web_search: Matt Farmer AI marketing TikTok,TikTok scrape: followers=164.2K; bio_link=beacons.ai/mattfarmerai,https://www.tiktok.com/@mattfarmerai,https://www.tiktok.com/@mattfarmerai,"{""platform"": ""TikTok"", ""handle"": ""@mattfarmerai"", ""bio_preview"": ""\ud83e\udd16New AI Tools\n\ud83e\udd16 AI Addict\n\ud83e\udd16 1-Minute AI Tools & Guides\n\ud83c\udf1f Dreamina Creator Lab"", ""external_link"": ""beacons.ai/mattfarmerai"", ""aigc_verdict"": ""yes"", ""ai_reasoning"": ""Rule-based keyword fallback""}"
https://www.tiktok.com/@ai.filmmaker,@ai.filmmaker,TikTok,15,,"AIGC,TikTok,AI filmmaking",New,2026-09-10T07:05:15Z,Unknown,English,GenAI,https://www.tiktok.com/@ai.filmmaker,yes,2026-09-10T07:04:17.193733Z,web_search: AI Filmmaker TikTok profile,TikTok scrape: followers=15; bio_link=none,https://www.tiktok.com/@ai.filmmaker,https://www.tiktok.com/@ai.filmmaker,"{""platform"": ""TikTok"", ""handle"": ""@ai.filmmaker"", ""bio_preview"": ""Testing tech to its limits"", ""external_link"": """", ""aigc_verdict"": ""yes"", ""ai_reasoning"": ""Rule-based keyword fallback""}"
https://www.tiktok.com/@ella.by.novella,@ella.by.novella,TikTok,499,,"AIGC,TikTok,AI video platform",New,2026-09-10T07:05:43Z,Unknown,English,GenAI,https://www.tiktok.com/@ella.by.novella,hybrid,2026-09-10T07:04:17.193733Z,web_search: Novella Ella AI video TikTok,TikTok scrape: followers=499; bio_link=none,https://www.tiktok.com/@ella.by.novella,https://www.tiktok.com/@ella.by.novella,"{""platform"": ""TikTok"", ""handle"": ""@ella.by.novella"", ""bio_preview"": ""Create without limits.\nIdea to video in seconds.\nAll in one place.\nStart free...\nhttps://app.novella"", ""external_link"": """", ""aigc_verdict"": ""hybrid"", ""ai_reasoning"": ""Rule-based keyword fallback""}"
https://www.facebook.com/mattfarmeraing,@mattfarmeraing,Facebook,Unknown,mattfarmeraing@gmail.com,"AIGC,Facebook,AI tools,AI marketing",New,,US,en,Unknown,https://www.facebook.com/mattfarmeraing,unsure,2026-09-10T07:04:17.193733Z,web_search: Matt Farmer AI Facebook,Cross-platform AI content creator. Reviews AI tools and marketing.,,https://www.facebook.com/mattfarmeraing,"{""platform"": ""Facebook"", ""handle"": ""@mattfarmeraing"", ""title"": ""@mattfarmeraing"", ""bio_preview"": """", ""external_link"": ""https://www.facebook.com/mattfarmeraing"", ""aigc_verdict"": ""unknown"", ""ai_reasoning"": ""Pre-existing record with empty evidence"", ""follower_raw_locale"": ""Unknown""}"
https://www.facebook.com/ai.filmmaker,@ai.filmmaker,Facebook,,,"AIGC,Facebook,AI filmmaking",New,2026-09-10T07:06:56Z,Unknown,English,GenAI,https://www.facebook.com/ai.filmmaker,yes,2026-09-10T07:04:17.193733Z,web_search: AI Filmmaker Facebook,Facebook scrape: followers=N/A; bio_preview=Aifilmmaker,https://www.facebook.com/ai.filmmaker,https://www.facebook.com/ai.filmmaker,"{""platform"": ""Facebook"", ""handle"": ""@ai.filmmaker"", ""title"": ""Aifilmmaker"", ""bio_preview"": ""Aifilmmaker"", ""external_link"": """", ""aigc_verdict"": ""yes"", ""ai_reasoning"": ""Rule-based keyword fallback"", ""follower_raw_locale"": ""Aifilmmaker""}"
https://www.tiktok.com/@kumandgodev,@kumandgodev,TikTok,22.8K,,"AIGC,TikTok,AI video,AI filmmaker",New,2026-09-10T07:20:04Z,,English,GenAI,Www.chriswatsonfilms.com,yes,2026-09-10T07:17:50Z,web_search verified public profile,TikTok scrape: followers=22.8K; bio_link=Www.chriswatsonfilms.com,https://www.tiktok.com/@kumandgodev,https://www.tiktok.com/@kumandgodev,"{""platform"": ""TikTok"", ""handle"": ""@kumandgodev"", ""bio_preview"": ""Video producer with 25 years experience. The SNL of AI Video"", ""external_link"": ""Www.chriswatsonfilms.com"", ""aigc_verdict"": ""yes"", ""ai_reasoning"": ""Rule-based keyword fallback""}"
https://www.tiktok.com/@ai.cinema021,@ai.cinema021,TikTok,2.1M,,"TikTok, AIGC, Creator",New,2026-09-18T02:43:44Z,,English,GenAI,https://www.tiktok.com/@ai.cinema021,yes,2026-09-10T07:17:50Z,web_search verified public profile,TikTok scrape: followers=2.1M; bio_link=none,https://www.tiktok.com/@ai.cinema021,https://www.tiktok.com/@ai.cinema021,"{""platform"": ""TikTok"", ""handle"": ""@ai.cinema021"", ""bio_preview"": ""Original creator of Fruit Love Island \ud83c\udf53\ud83c\udfdd\ufe0f SEASON 2 OFFICIALLY LAUNCHED business inquires: @officiala"", ""external_link"": """", ""aigc_verdict"": ""yes"", ""ai_reasoning"": ""Rule-based keyword fallback"", ""follower_raw_locale"": ""2.1M""}"
https://www.tiktok.com/@timetravellerpov,@timetravellerpov,TikTok,18,,"AIGC,TikTok,AI video,AI filmmaker,AI historical POV",New,2026-09-10T07:21:02Z,UK,English,GenAI,https://www.tiktok.com/@timetravellerpov,hybrid,2026-09-10T07:17:50Z,web_search verified public profile,TikTok scrape: followers=18; bio_link=none,https://www.tiktok.com/@timetravellerpov,https://www.tiktok.com/@timetravellerpov,"{""platform"": ""TikTok"", ""handle"": ""@timetravellerpov"", ""bio_preview"": ""Vida a trav\u00e9s de la historia"", ""external_link"": """", ""aigc_verdict"": ""hybrid"", ""ai_reasoning"": ""Rule-based keyword fallback""}"
https://www.facebook.com/incredhistory,@incredhistory,Facebook,,,"AIGC,Facebook,AI filmmaking,AI cinematic,AI video",New,2026-09-10T07:21:33Z,,English,GenAI,https://www.skool.com/aicinematicdirectors/about,yes,2026-09-10T07:17:50Z,web_search verified public profile,Facebook scrape: followers=N/A; bio_preview=Incredible History,https://www.facebook.com/incredhistory,https://www.facebook.com/incredhistory,"{""platform"": ""Facebook"", ""handle"": ""@incredhistory"", ""title"": ""Incredible History"", ""bio_preview"": ""Incredible History"", ""external_link"": ""https://www.skool.com/aicinematicdirectors/about"", ""aigc_verdict"": ""yes"", ""ai_reasoning"": ""Rule-based keyword fallback"", ""follower_raw_locale"": ""Incredible History""}"
https://www.tiktok.com/@pebblely_ai,@pebblely_ai,TikTok,16.4K,alfred@pebblely.com,"AIGC,TikTok,AI product photography,AI tools",New,2026-09-10T07:22:02Z,,English,GenAI,pebblely.com/,yes,2026-09-10T07:18:34Z,web_search verified public profile,TikTok scrape: followers=16.4K; bio_link=pebblely.com/,https://www.tiktok.com/@pebblely_ai,https://www.tiktok.com/@pebblely_ai,"{""platform"": ""TikTok"", ""handle"": ""@pebblely_ai"", ""bio_preview"": ""Turn boring product images into beautiful photos using AI"", ""external_link"": ""pebblely.com/"", ""aigc_verdict"": ""yes"", ""ai_reasoning"": ""Rule-based keyword fallback""}"
https://www.tiktok.com/@openart_ai,@openart_ai,TikTok,3234,,,,2026-09-10T07:34:59Z,,English,GenAI,beacons.ai/openart.ai,yes,,,TikTok scrape: followers=3234; bio_link=beacons.ai/openart.ai,https://www.tiktok.com/@openart_ai,https://www.tiktok.com/@openart_ai,"{""platform"": ""TikTok"", ""handle"": ""@openart_ai"", ""bio_preview"": ""Building the Future of Storytelling."", ""external_link"": ""beacons.ai/openart.ai"", ""aigc_verdict"": ""yes"", ""ai_reasoning"": ""Rule-based keyword fallback""}"
https://www.tiktok.com/@dreamina_ai,@dreamina_ai,TikTok,74.6K,,,,2026-09-10T07:35:28Z,,English,GenAI,https://www.tiktok.com/@dreamina_ai,yes,,,TikTok scrape: followers=74.6K; bio_link=none,https://www.tiktok.com/@dreamina_ai,https://www.tiktok.com/@dreamina_ai,"{""platform"": ""TikTok"", ""handle"": ""@dreamina_ai"", ""bio_preview"": ""Your favorite AI Video and Image generation tool \ud83c\udfa8"", ""external_link"": """", ""aigc_verdict"": ""yes"", ""ai_reasoning"": ""Rule-based keyword fallback""}"
https://www.tiktok.com/@runwayml,@runwayml,TikTok,19K,,,,2026-09-10T07:35:57Z,,English,Runway,runway.ai,yes,,,TikTok scrape: followers=19K; bio_link=runway.ai,https://www.tiktok.com/@runwayml,https://www.tiktok.com/@runwayml,"{""platform"": ""TikTok"", ""handle"": ""@runwayml"", ""bio_preview"": ""Building AI to simulate any world."", ""external_link"": ""runway.ai"", ""aigc_verdict"": ""yes"", ""ai_reasoning"": ""Rule-based keyword fallback""}"
https://www.facebook.com/100068817168338,@100068817168338,Facebook,,,,,2026-09-10T07:36:31Z,,English,GenAI,https://www.facebook.com/100068817168338,yes,,,Facebook scrape: followers=N/A; bio_preview=Idayat Opeyemi,https://www.facebook.com/100068817168338,https://www.facebook.com/100068817168338,"{""platform"": ""Facebook"", ""handle"": ""@100068817168338"", ""title"": ""Idayat Opeyemi"", ""bio_preview"": ""Idayat Opeyemi"", ""external_link"": """", ""aigc_verdict"": ""yes"", ""ai_reasoning"": ""Rule-based keyword fallback"", ""follower_raw_locale"": ""Idayat Opeyemi""}"
https://www.facebook.com/p/A-I-video-creator-61578835649931,A-I-video-creator-61578835649931,Facebook,,saydishab10@gmail.com,,,2026-09-10T07:37:03Z,,English,GenAI,https://www.facebook.com/p/A-I-video-creator-61578835649931,yes,,,Facebook scrape: followers=N/A; bio_preview=A I creator,https://www.facebook.com/p/A-I-video-creator-61578835649931,https://www.facebook.com/p/A-I-video-creator-61578835649931,"{""platform"": ""Facebook"", ""handle"": ""@p"", ""title"": ""A I video creator"", ""bio_preview"": ""A I video creator"", ""external_link"": """", ""aigc_verdict"": ""yes"", ""ai_reasoning"": ""Rule-based keyword fallback"", ""follower_raw_locale"": ""A I video creator""}"
https://www.tiktok.com/@glorbworldwide,@glorbworldwide,TikTok,936.5K,,"AIGC,TikTok,AI rap,entertainment",New,2026-09-11T02:22:03Z,Unknown,English,GenAI,www.linktr.ee/datboiglorb,hybrid,2026-09-10,web_search: Wikipedia/Grokipedia,TikTok scrape: followers=936.5K; bio_link=www.linktr.ee/datboiglorb,https://www.tiktok.com/@glorbworldwide,https://www.tiktok.com/@glorbworldwide,"{""platform"": ""TikTok"", ""handle"": ""@glorbworldwide"", ""bio_preview"": ""Who is GLORB?\n\ud83c\udfb5 Glorb - ATLANTIS\nout now EVERYWHERE \ud83d\ude08"", ""external_link"": ""www.linktr.ee/datboiglorb"", ""aigc_verdict"": ""hybrid"", ""ai_reasoning"": ""Rule-based keyword fallback""}"
https://www.tiktok.com/@grannyspills,@grannyspills,TikTok,920.3K,,"AIGC,TikTok,AI influencer,lifestyle",New,2026-09-11T02:22:31Z,Unknown,English,GenAI,artlist.io/artlist-70446/?artlist_aid=granny-spills_4134&utm_source=affiliate_p&utm_medium=granny-spills_4134&utm_campaign=granny-spills_4134,yes,2026-09-10,web_search: TIME/Blur Studios,TikTok scrape: followers=920.3K; bio_link=artlist.io/artlist-70446/?artlist_aid=granny-spills_4134&utm_source=affiliate_p&utm_medium=granny-spills_4134&utm_campaign=granny-spills_4134,https://www.tiktok.com/@grannyspills,https://www.tiktok.com/@grannyspills,"{""platform"": ""TikTok"", ""handle"": ""@grannyspills"", ""bio_preview"": ""\u2728 Spilling tea & designer receipts since 1950\n\ud83d\udce7 granny@blurstudios.ai"", ""external_link"": ""artlist.io/artlist-70446/?artlist_aid=granny-spills_4134&utm_source=affiliate_p&utm_medium=granny-spills_4134&utm_campaign=granny-spills_4134"", ""aigc_verdict"": ""yes"", ""ai_reasoning"": ""Rule-based keyword fallback""}"
https://www.tiktok.com/@kizunaai0630,@kizunaai0630,TikTok,2.9M,,"AIGC,TikTok,VTuber,music",New,2026-09-10T07:48:34Z,Unknown,English,GenAI,https://www.tiktok.com/@kizunaai0630,yes,2026-09-10,web_search: Wikipedia/KizunaAI,TikTok scrape: followers=2.9M; bio_link=none,https://www.tiktok.com/@kizunaai0630,https://www.tiktok.com/@kizunaai0630,"{""platform"": ""TikTok"", ""handle"": ""@kizunaai0630"", ""bio_preview"": ""Kizuna AI Official TikTok"", ""external_link"": """", ""aigc_verdict"": ""yes"", ""ai_reasoning"": ""Rule-based keyword fallback""}"
https://www.tiktok.com/@jeremyfilmsthings,@jeremyfilmsthings,TikTok,611.7K,,"AIGC,TikTok,wildlife,education",New,2026-09-10T07:49:01Z,Unknown,English,GenAI,www.gofundme.com/f/help-me-fund-my-first-wildlife-documentary,hybrid,2026-09-10,web_search: TikTok Discover List 2026,TikTok scrape: followers=611.7K; bio_link=www.gofundme.com/f/help-me-fund-my-first-wildlife-documentary,https://www.tiktok.com/@jeremyfilmsthings,https://www.tiktok.com/@jeremyfilmsthings,"{""platform"": ""TikTok"", ""handle"": ""@jeremyfilmsthings"", ""bio_preview"": ""Australian wildlife filmmaker \ud83e\udd98\nSupport my upcoming film \u2b07\ufe0f"", ""external_link"": ""www.gofundme.com/f/help-me-fund-my-first-wildlife-documentary"", ""aigc_verdict"": ""hybrid"", ""ai_reasoning"": ""Rule-based keyword fallback""}"
https://www.tiktok.com/@pryscilla_lsm,@pryscilla_lsm,TikTok,959.4K,,"AIGC,TikTok,education,sign language",New,2026-09-10T07:49:26Z,Unknown,English,GenAI,https://www.tiktok.com/@pryscilla_lsm,hybrid,2026-09-10,web_search: TikTok Discover List 2026,TikTok scrape: followers=959.4K; bio_link=none,https://www.tiktok.com/@pryscilla_lsm,https://www.tiktok.com/@pryscilla_lsm,"{""platform"": ""TikTok"", ""handle"": ""@pryscilla_lsm"", ""bio_preview"": ""Instagram: @Pryscilla_lsm\nAprende lengua de se\u00f1as conmigo\ud83c\uddf2\ud83c\uddfd\nSoy sorda \ud83d\udc9b\ud83e\udd1f\ud83c\udffb"", ""external_link"": """", ""aigc_verdict"": ""hybrid"", ""ai_reasoning"": ""Rule-based keyword fallback""}"
https://www.tiktok.com/@theblessingholyfield,@theblessingholyfield,TikTok,191.5K,write2ed.bliss@gmail.com,,,2026-09-11T00:41:10Z,,English,GenAI,linkstacked.com/thatgirleddie?utm_source=copy_link&utm_medium=social&utm_campaign=profile_share,yes,,,TikTok scrape: followers=191.5K; bio_link=linkstacked.com/thatgirleddie?utm_source=copy_link&utm_medium=social&utm_campaign=profile_share,https://www.tiktok.com/@theblessingholyfield,https://www.tiktok.com/@theblessingholyfield,"{""platform"": ""TikTok"", ""handle"": ""@theblessingholyfield"", ""bio_preview"": ""Helping creators Grow & Monetise online\n\ud83d\udcc8AI \u2022 Tech UGC \u2022 Creator Tips\n\nWork with me\u2935\ufe0f\n\ud83d\udce9 write2ed.bli"", ""external_link"": ""linkstacked.com/thatgirleddie?utm_source=copy_link&utm_medium=social&utm_campaign=profile_share"", ""aigc_verdict"": ""yes"", ""ai_reasoning"": ""Rule-based keyword fallback""}"
https://www.tiktok.com/@queenumene,@queenumene,TikTok,89.3K,,,,2026-09-11T00:41:39Z,,English,GenAI,hovasabeehub.wordpress.com/learn-ai-filmmaking/,yes,,,TikTok scrape: followers=89.3K; bio_link=hovasabeehub.wordpress.com/learn-ai-filmmaking/,https://www.tiktok.com/@queenumene,https://www.tiktok.com/@queenumene,"{""platform"": ""TikTok"", ""handle"": ""@queenumene"", ""bio_preview"": ""\u2764\ufe0fBe happy always. f0llow @Hovasabee too pls.\nTake advantage of our FREE PELVIC SCREENING FOR WOMEN\n"", ""external_link"": ""hovasabeehub.wordpress.com/learn-ai-filmmaking/"", ""aigc_verdict"": ""yes"", ""ai_reasoning"": ""Rule-based keyword fallback""}"
https://www.tiktok.com/@sharjahef,@sharjahef,TikTok,21.8K,,,,2026-09-11T00:42:05Z,,English,GenAI,https://www.tiktok.com/@sharjahef,hybrid,,,TikTok scrape: followers=21.8K; bio_link=none,https://www.tiktok.com/@sharjahef,https://www.tiktok.com/@sharjahef,"{""platform"": ""TikTok"", ""handle"": ""@sharjahef"", ""bio_preview"": ""Empowering changemakers and entrepreneurs to boost Sharjah's ecosystem. \ud83d\ude80"", ""external_link"": """", ""aigc_verdict"": ""hybrid"", ""ai_reasoning"": ""Rule-based keyword fallback""}"
https://www.facebook.com/116761594848129,@116761594848129,Facebook,,jeifilmmaker@gmail.com,,,2026-09-11T00:42:36Z,,English,GenAI,https://www.instagram.com/jeifilmmaker,yes,,,Facebook scrape: followers=N/A; bio_preview=JeiFilmmaker,https://www.facebook.com/116761594848129,https://www.facebook.com/116761594848129,"{""platform"": ""Facebook"", ""handle"": ""@116761594848129"", ""title"": ""JeiFilmmaker"", ""bio_preview"": ""JeiFilmmaker"", ""external_link"": ""https://www.instagram.com/jeifilmmaker"", ""aigc_verdict"": ""yes"", ""ai_reasoning"": ""Rule-based keyword fallback"", ""follower_raw_locale"": ""JeiFilmmaker""}"
https://www.facebook.com/AITube,@AITube,Facebook,,,,,2026-09-11T00:43:04Z,,English,GenAI,https://www.facebook.com/AITube,yes,,,Facebook scrape: followers=N/A; bio_preview=Aytube,https://www.facebook.com/AITube,https://www.facebook.com/AITube,"{""platform"": ""Facebook"", ""handle"": ""@AITube"", ""title"": ""Aytube"", ""bio_preview"": ""Aytube"", ""external_link"": """", ""aigc_verdict"": ""yes"", ""ai_reasoning"": ""Rule-based keyword fallback"", ""follower_raw_locale"": ""Aytube""}"
https://www.tiktok.com/@kelly_boesch_ai_art,@kelly_boesch_ai_art,TikTok,448.1K,,,,2026-09-11T00:57:43Z,,English,GenAI,linktr.ee/kellyboeschaiart?utm_source=linktree_profile_share&ltsid=844ed2e5-aeff-4538-b6b2-b8a109aa6b00,yes,,,TikTok scrape: followers=448.1K; bio_link=linktr.ee/kellyboeschaiart?utm_source=linktree_profile_share&ltsid=844ed2e5-aeff-4538-b6b2-b8a109aa6b00,https://www.tiktok.com/@kelly_boesch_ai_art,https://www.tiktok.com/@kelly_boesch_ai_art,"{""platform"": ""TikTok"", ""handle"": ""@kelly_boesch_ai_art"", ""bio_preview"": ""Creative animal lover obsessed with AI. Designer/video editor\nMerch link below."", ""external_link"": ""linktr.ee/kellyboeschaiart?utm_source=linktree_profile_share&ltsid=844ed2e5-aeff-4538-b6b2-b8a109aa6b00"", ""aigc_verdict"": ""yes"", ""ai_reasoning"": ""Rule-based keyword fallback""}"
https://www.tiktok.com/@ai.cosmic.art,@ai.cosmic.art,TikTok,784.2K,ai.cosmic@hotmail.com,,,2026-09-11T00:58:08Z,,English,GenAI,pixverse.onelink.me/0gRx/aicosmicart,yes,,,TikTok scrape: followers=784.2K; bio_link=pixverse.onelink.me/0gRx/aicosmicart,https://www.tiktok.com/@ai.cosmic.art,https://www.tiktok.com/@ai.cosmic.art,"{""platform"": ""TikTok"", ""handle"": ""@ai.cosmic.art"", ""bio_preview"": ""COLLAB: ai.cosmic@hotmail.com"", ""external_link"": ""pixverse.onelink.me/0gRx/aicosmicart"", ""aigc_verdict"": ""yes"", ""ai_reasoning"": ""Rule-based keyword fallback""}"
https://www.tiktok.com/@a.i_art_,@a.i_art_,TikTok,8,,,,2026-09-11T01:02:04Z,,English,GenAI,https://www.tiktok.com/@a.i_art_,hybrid,,,TikTok scrape: followers=8; bio_link=none,https://www.tiktok.com/@a.i_art_,https://www.tiktok.com/@a.i_art_,"{""platform"": ""TikTok"", ""handle"": ""@a.i_art_"", ""bio_preview"": ""No bio yet."", ""external_link"": """", ""aigc_verdict"": ""hybrid"", ""ai_reasoning"": ""Rule-based keyword fallback""}"
https://www.facebook.com/AIGenerated/,@AIGenerated,Facebook,,,,,2026-09-11T00:59:02Z,,English,GenAI,https://www.facebook.com/AIGenerated/,yes,,,Facebook scrape: followers=N/A; bio_preview=AI Generated,https://www.facebook.com/AIGenerated/,https://www.facebook.com/AIGenerated/,"{""platform"": ""Facebook"", ""handle"": ""@AIGenerated"", ""title"": ""AI Generated"", ""bio_preview"": ""AI Generated"", ""external_link"": """", ""aigc_verdict"": ""yes"", ""ai_reasoning"": ""Rule-based keyword fallback"", ""follower_raw_locale"": ""AI Generated""}"
https://www.facebook.com/vidnoz/videos,@vidnoz,Facebook,,,,,2026-09-11T00:59:31Z,,English,GenAI,https://www.facebook.com/vidnoz/videos,yes,,,Facebook scrape: followers=N/A; bio_preview=Vidnoz AI,https://www.facebook.com/vidnoz/videos,https://www.facebook.com/vidnoz/videos,"{""platform"": ""Facebook"", ""handle"": ""@vidnoz"", ""title"": ""Vidnoz AI"", ""bio_preview"": ""Vidnoz AI"", ""external_link"": """", ""aigc_verdict"": ""yes"", ""ai_reasoning"": ""Rule-based keyword fallback"", ""follower_raw_locale"": ""Vidnoz AI""}"
https://www.tiktok.com/@theaigenerated,@theaigenerated,TikTok,0,,,,2026-09-11T00:57:16Z,,English,GenAI,https://www.tiktok.com/@theaigenerated,yes,,,TikTok scrape: followers=0; bio_link=none,https://www.tiktok.com/@theaigenerated,https://www.tiktok.com/@theaigenerated,"{""platform"": ""TikTok"", ""handle"": ""@theaigenerated"", ""bio_preview"": ""ALL IMAGES ARE GENERATED BY AI"", ""external_link"": """", ""aigc_verdict"": ""yes"", ""ai_reasoning"": ""Rule-based keyword fallback""}"
https://www.tiktok.com/@theaiconsultinglab,@theaiconsultinglab,TikTok,35.9K,,,,2026-09-11T01:11:30Z,,English,GenAI,www.theaiconsultinglab.com,yes,,,TikTok scrape: followers=35.9K; bio_link=www.theaiconsultinglab.com,https://www.tiktok.com/@theaiconsultinglab,https://www.tiktok.com/@theaiconsultinglab,"{""platform"": ""TikTok"", ""handle"": ""@theaiconsultinglab"", ""bio_preview"": ""We help businesses use AI to do more with less effort. Learn more & get in touch with us below \ud83d\udc47"", ""external_link"": ""www.theaiconsultinglab.com"", ""aigc_verdict"": ""yes"", ""ai_reasoning"": ""Rule-based keyword fallback""}"
https://www.tiktok.com/@yooartificial,@yooartificial,TikTok,826,,,,2026-09-11T01:11:59Z,,English,GenAI,https://www.tiktok.com/@yooartificial,hybrid,,,TikTok scrape: followers=826; bio_link=none,https://www.tiktok.com/@yooartificial,https://www.tiktok.com/@yooartificial,"{""platform"": ""TikTok"", ""handle"": ""@yooartificial"", ""bio_preview"": ""\u2728Digital Artist \u2728\nThe people in my videos are not real."", ""external_link"": """", ""aigc_verdict"": ""hybrid"", ""ai_reasoning"": ""Rule-based keyword fallback""}"
https://www.tiktok.com/@nico_airanking,@nico_airanking,TikTok,97K,,,,2026-09-11T01:12:24Z,,English,GenAI,https://www.tiktok.com/@nico_airanking,yes,,,TikTok scrape: followers=97K; bio_link=none,https://www.tiktok.com/@nico_airanking,https://www.tiktok.com/@nico_airanking,"{""platform"": ""TikTok"", ""handle"": ""@nico_airanking"", ""bio_preview"": ""Join The AI Ranking community and learn how to use AI tools and Automations \ud83d\udc47"", ""external_link"": """", ""aigc_verdict"": ""yes"", ""ai_reasoning"": ""Rule-based keyword fallback""}"
https://www.tiktok.com/@socialart.ai,@socialart.ai,TikTok,3196,,,,2026-09-11T01:12:49Z,,English,GenAI,socialart.ai,yes,,,TikTok scrape: followers=3196; bio_link=socialart.ai,https://www.tiktok.com/@socialart.ai,https://www.tiktok.com/@socialart.ai,"{""platform"": ""TikTok"", ""handle"": ""@socialart.ai"", ""bio_preview"": ""This AI influencer is taking over \ud83d\ude80\nBrands are already using this \ud83d\udc40\n\ud83d\udc47 Create your own here \ud83d\udc47"", ""external_link"": ""socialart.ai"", ""aigc_verdict"": ""yes"", ""ai_reasoning"": ""Rule-based keyword fallback""}"
https://www.facebook.com/yoooryanstories,@yoooryanstories,Facebook,,kingjones0294@gmail.com,,,2026-09-11T01:13:17Z,,English,GenAI,http://RyanStories.com/,yes,,,Facebook scrape: followers=N/A; bio_preview=YoooRyan Stories,https://www.facebook.com/yoooryanstories,https://www.facebook.com/yoooryanstories,"{""platform"": ""Facebook"", ""handle"": ""@yoooryanstories"", ""title"": ""YoooRyan Stories"", ""bio_preview"": ""YoooRyan Stories"", ""external_link"": ""http://RyanStories.com/"", ""aigc_verdict"": ""yes"", ""ai_reasoning"": ""Rule-based keyword fallback"", ""follower_raw_locale"": ""YoooRyan Stories""}"
https://www.tiktok.com/@nianoir.xo,@nianoir.xo,TikTok,,,,,2026-09-11T01:28:01Z,,English,GenAI,https://www.tiktok.com/@nianoir.xo,hybrid,,,TikTok scrape: followers=N/A; bio_link=none,https://www.tiktok.com/@nianoir.xo,https://www.tiktok.com/@nianoir.xo,"{""platform"": ""TikTok"", ""handle"": ""@nianoir.xo"", ""bio_preview"": """", ""external_link"": """", ""aigc_verdict"": ""hybrid"", ""ai_reasoning"": ""Rule-based keyword fallback""}"
https://www.tiktok.com/@aistoriess7,@aistoriess7,TikTok,590.8K,,,,2026-09-11T01:28:26Z,,English,GenAI,https://www.tiktok.com/@aistoriess7,yes,,,TikTok scrape: followers=590.8K; bio_link=none,https://www.tiktok.com/@aistoriess7,https://www.tiktok.com/@aistoriess7,"{""platform"": ""TikTok"", ""handle"": ""@aistoriess7"", ""bio_preview"": ""\ud83c\udf53Making fruits more dramatic than human\ud83d\ude2d"", ""external_link"": """", ""aigc_verdict"": ""yes"", ""ai_reasoning"": ""Rule-based keyword fallback""}"
https://www.facebook.com/ai.mikaelatala,@ai.mikaelatala,Facebook,,hello@skinita.studio,,,2026-09-11T01:29:21Z,,English,GenAI,https://www.skinita.studio/,yes,,,Facebook scrape: followers=N/A; bio_preview=Mikaela Tala,https://www.facebook.com/ai.mikaelatala,https://www.facebook.com/ai.mikaelatala,"{""platform"": ""Facebook"", ""handle"": ""@ai.mikaelatala"", ""title"": ""Mikaela Tala | Manila"", ""bio_preview"": ""Mikaela Tala"", ""external_link"": ""https://www.skinita.studio/"", ""aigc_verdict"": ""yes"", ""ai_reasoning"": ""Rule-based keyword fallback"", ""follower_raw_locale"": ""Mikaela Tala""}"
https://www.tiktok.com/@pebblely,@pebblely,TikTok,1,,,,2026-09-11T01:28:52Z,,English,GenAI,https://www.tiktok.com/@pebblely,hybrid,,,TikTok scrape: followers=1; bio_link=none,https://www.tiktok.com/@pebblely,https://www.tiktok.com/@pebblely,"{""platform"": ""TikTok"", ""handle"": ""@pebblely"", ""bio_preview"": ""No bio yet."", ""external_link"": """", ""aigc_verdict"": ""hybrid"", ""ai_reasoning"": ""Rule-based keyword fallback""}"
https://www.tiktok.com/@aigirlzmakemoney,@aigirlzmakemoney,TikTok,396,,,,2026-09-11T01:36:04Z,,English,GenAI,https://www.tiktok.com/@aigirlzmakemoney,yes,,,TikTok scrape: followers=396; bio_link=none,https://www.tiktok.com/@aigirlzmakemoney,https://www.tiktok.com/@aigirlzmakemoney,"{""platform"": ""TikTok"", ""handle"": ""@aigirlzmakemoney"", ""bio_preview"": ""AI Content Creator\nInfluencer/ UGC\nHelping women make money with AI"", ""external_link"": """", ""aigc_verdict"": ""yes"", ""ai_reasoning"": ""Rule-based keyword fallback""}"
https://www.tiktok.com/@goosyck,@goosyck,TikTok,20,,,,2026-09-11T01:36:32Z,,English,GenAI,https://www.tiktok.com/@goosyck,yes,,,TikTok scrape: followers=20; bio_link=none,https://www.tiktok.com/@goosyck,https://www.tiktok.com/@goosyck,"{""platform"": ""TikTok"", ""handle"": ""@goosyck"", ""bio_preview"": ""AI Cinematic Creator \u2022 short stories from impossible Worlds \u2022 entertainment | Digital Content Creato"", ""external_link"": """", ""aigc_verdict"": ""yes"", ""ai_reasoning"": ""Rule-based keyword fallback""}"
https://www.facebook.com/p/Blissful-AI-61583558395984/,Blissful-AI-61583558395984,Facebook,,,,,2026-09-11T01:37:06Z,,English,GenAI,https://www.facebook.com/p/Blissful-AI-61583558395984/,yes,,,Facebook scrape: followers=N/A; bio_preview=Blissful AI,https://www.facebook.com/p/Blissful-AI-61583558395984/,https://www.facebook.com/p/Blissful-AI-61583558395984/,"{""platform"": ""Facebook"", ""handle"": ""@p"", ""title"": ""Blissful AI"", ""bio_preview"": ""Blissful AI"", ""external_link"": """", ""aigc_verdict"": ""yes"", ""ai_reasoning"": ""Rule-based keyword fallback"", ""follower_raw_locale"": ""Blissful AI""}"
https://www.tiktok.com/@future_by_ai,@future_by_ai,TikTok,19,,,,2026-09-11T01:37:35Z,,English,GenAI,https://www.tiktok.com/@future_by_ai,yes,,,TikTok scrape: followers=19; bio_link=none,https://www.tiktok.com/@future_by_ai,https://www.tiktok.com/@future_by_ai,"{""platform"": ""TikTok"", ""handle"": ""@future_by_ai"", ""bio_preview"": ""No bio yet."", ""external_link"": """", ""aigc_verdict"": ""yes"", ""ai_reasoning"": ""Rule-based keyword fallback""}"
https://www.facebook.com/100088664633967,@InformationTechnology,Facebook,,,,,2026-09-11T01:38:08Z,,English,GenAI,https://www.instagram.com/information_technology95,yes,,,Facebook scrape: followers=N/A; bio_preview=Information Technology,https://www.facebook.com/100088664633967,https://www.facebook.com/100088664633967,"{""platform"": ""Facebook"", ""handle"": ""@100088664633967"", ""title"": ""Information Technology"", ""bio_preview"": ""Information Technology"", ""external_link"": ""https://www.instagram.com/information_technology95"", ""aigc_verdict"": ""yes"", ""ai_reasoning"": ""Rule-based keyword fallback"", ""follower_raw_locale"": ""Information Technology""}"
https://www.tiktok.com/@lechat.vv,@lechat.vv,TikTok,3M,,,,2026-09-11T02:21:34Z,,English,GenAI,lit.link/lechat,hybrid,,,TikTok scrape: followers=3M; bio_link=lit.link/lechat,https://www.tiktok.com/@lechat.vv,https://www.tiktok.com/@lechat.vv,"{""platform"": ""TikTok"", ""handle"": ""@lechat.vv"", ""bio_preview"": ""No bio yet."", ""external_link"": ""lit.link/lechat"", ""aigc_verdict"": ""hybrid"", ""ai_reasoning"": ""Rule-based keyword fallback""}"
https://www.tiktok.com/@magsimich,@magsimich,TikTok,,,,,2026-09-11T02:22:56Z,,English,GenAI,https://www.tiktok.com/@magsimich,hybrid,,,TikTok scrape: followers=N/A; bio_link=none,https://www.tiktok.com/@magsimich,https://www.tiktok.com/@magsimich,"{""platform"": ""TikTok"", ""handle"": ""@magsimich"", ""bio_preview"": """", ""external_link"": """", ""aigc_verdict"": ""hybrid"", ""ai_reasoning"": ""Rule-based keyword fallback""}"
https://www.facebook.com/730wavy,@730wavy,Facebook,,,,,2026-09-11T02:23:24Z,,English,GenAI,https://richj.info/,yes,,,Facebook scrape: followers=N/A; bio_preview=730 Wavy,https://www.facebook.com/730wavy,https://www.facebook.com/730wavy,"{""platform"": ""Facebook"", ""handle"": ""@730wavy"", ""title"": ""730 Wavy"", ""bio_preview"": ""730 Wavy"", ""external_link"": ""https://richj.info/"", ""aigc_verdict"": ""yes"", ""ai_reasoning"": ""Rule-based keyword fallback"", ""follower_raw_locale"": ""730 Wavy""}"
https://www.tiktok.com/@yoooryan_,@yoooryan_,TikTok,644.7K,kingjones0294@gmail.com,,,2026-09-11T02:23:49Z,,English,GenAI,https://www.tiktok.com/@yoooryan_,yes,,,TikTok scrape: followers=644.7K; bio_link=none,https://www.tiktok.com/@yoooryan_,https://www.tiktok.com/@yoooryan_,"{""platform"": ""TikTok"", ""handle"": ""@yoooryan_"", ""bio_preview"": ""\ud83e\udee1 Follow so you don't miss a video\n\ud83d\udce7 Biz: kingjones0294@gmail.com\n\ud83d\udd12Road to 650K"", ""external_link"": """", ""aigc_verdict"": ""yes"", ""ai_reasoning"": ""Rule-based keyword fallback""}"
https://www.tiktok.com/@www.heyselcuk.com,@www.heyselcuk.com,TikTok,,,,,2026-09-11T02:33:15Z,,English,GenAI,https://www.tiktok.com/@www.heyselcuk.com,hybrid,,,TikTok scrape: followers=N/A; bio_link=none,https://www.tiktok.com/@www.heyselcuk.com,https://www.tiktok.com/@www.heyselcuk.com,"{""platform"": ""TikTok"", ""handle"": ""@www.heyselcuk.com"", ""bio_preview"": """", ""external_link"": """", ""aigc_verdict"": ""hybrid"", ""ai_reasoning"": ""Rule-based keyword fallback""}"
https://www.tiktok.com/@blvcklightai,@blvcklightai,TikTok,124.2K,,,,2026-09-11T02:33:43Z,,English,GenAI,linktr.ee/blvcklightai,yes,,,TikTok scrape: followers=124.2K; bio_link=linktr.ee/blvcklightai,https://www.tiktok.com/@blvcklightai,https://www.tiktok.com/@blvcklightai,"{""platform"": ""TikTok"", ""handle"": ""@blvcklightai"", ""bio_preview"": ""\ud83d\udc41\ufe0f generative experiences\n\n\nMERCH / Patreon / Discord / YT in my Links\ud83d\udc47\ud83c\udffc"", ""external_link"": ""linktr.ee/blvcklightai"", ""aigc_verdict"": ""yes"", ""ai_reasoning"": ""Rule-based keyword fallback""}"
https://www.tiktok.com/@sabrina_ramonov,@sabrina_ramonov,TikTok,823.3K,,,,2026-09-11T02:34:12Z,,English,GenAI,https://www.tiktok.com/@sabrina_ramonov,yes,,,TikTok scrape: followers=823.3K; bio_link=none,https://www.tiktok.com/@sabrina_ramonov,https://www.tiktok.com/@sabrina_ramonov,"{""platform"": ""TikTok"", ""handle"": ""@sabrina_ramonov"", ""bio_preview"": ""\ud83e\udd84 Teach 10M ppl AI\n\u2b50\ufe0f Forbes 30 Under 30\n\ud83d\udcb8 Sold AI startup $10M+\n\u2705 Click link for FREE AI COURSES\ud83d\udc47\ud83d\udc47"", ""external_link"": """", ""aigc_verdict"": ""yes"", ""ai_reasoning"": ""Rule-based keyword fallback""}"
https://www.facebook.com/TheFantasyArtworkAI,@TheFantasyArtworkAI,Facebook,,,,,2026-09-11T02:34:45Z,,English,GenAI,https://youtube.com/@fantasyartworkai?utm_source=facebook&utm_medium=confirmed_link_feature,yes,,,Facebook scrape: followers=N/A; bio_preview=Fantasy Artwork AI,https://www.facebook.com/TheFantasyArtworkAI,https://www.facebook.com/TheFantasyArtworkAI,"{""platform"": ""Facebook"", ""handle"": ""@TheFantasyArtworkAI"", ""title"": ""Fantasy Artwork AI"", ""bio_preview"": ""Fantasy Artwork AI"", ""external_link"": ""https://youtube.com/@fantasyartworkai?utm_source=facebook&utm_medium=confirmed_link_feature"", ""aigc_verdict"": ""yes"", ""ai_reasoning"": ""Rule-based keyword fallback"", ""follower_raw_locale"": ""Fantasy Artwork AI""}"
https://www.facebook.com/WishAiCreator,@WishAiCreator,Facebook,,wishaicreator@gmail.com,,,2026-09-11T02:35:18Z,,English,GenAI,https://www.instagram.com/wish_ai_creator,yes,,,Facebook scrape: followers=N/A; bio_preview=Wish Ai Creator,https://www.facebook.com/WishAiCreator,https://www.facebook.com/WishAiCreator,"{""platform"": ""Facebook"", ""handle"": ""@WishAiCreator"", ""title"": ""Wish Ai Creator"", ""bio_preview"": ""Wish Ai Creator"", ""external_link"": ""https://www.instagram.com/wish_ai_creator"", ""aigc_verdict"": ""yes"", ""ai_reasoning"": ""Rule-based keyword fallback"", ""follower_raw_locale"": ""Wish Ai Creator""}"
https://www.tiktok.com/@lilmiquela,@lilmiquela,TikTok,3.3M,,,,2026-09-11T02:46:33Z,,English,GenAI,ffm.to/prototypelisten,yes,,,TikTok scrape: followers=3.3M; bio_link=ffm.to/prototypelisten,https://www.tiktok.com/@lilmiquela,https://www.tiktok.com/@lilmiquela,"{""platform"": ""TikTok"", ""handle"": ""@lilmiquela"", ""bio_preview"": ""23\u2764\ufe0f\u200d\ud83d\udd25LA\ud83c\udf0eRobot\ud83e\uddbe\n\ud83c\udfb6\u267b\ufe0f\ud83d\udcf8\ud83d\udc62\ud83d\udcbb\ud83d\udc9c\nPrototype feat. John Liwag out now"", ""external_link"": ""ffm.to/prototypelisten"", ""aigc_verdict"": ""yes"", ""ai_reasoning"": ""Rule-based keyword fallback""}"
https://www.tiktok.com/@fitaitana,@fitaitana,TikTok,5333,,,,2026-09-11T02:47:01Z,,English,GenAI,linktr.ee/Fitness_Aitana,yes,,,TikTok scrape: followers=5333; bio_link=linktr.ee/Fitness_Aitana,https://www.tiktok.com/@fitaitana,https://www.tiktok.com/@fitaitana,"{""platform"": ""TikTok"", ""handle"": ""@fitaitana"", ""bio_preview"": ""Barcelona's Digital Muse\n\ud83c\udfc61st AI influencer\n\ud83d\udc81\ud83c\udffd\u200d\u2640\ufe0finstagram.com/fit_aitana"", ""external_link"": ""linktr.ee/Fitness_Aitana"", ""aigc_verdict"": ""yes"", ""ai_reasoning"": ""Rule-based keyword fallback""}"
https://www.tiktok.com/@kortexy.com,@kortexy.com,TikTok,20.4K,hey@kortexy.com,,,2026-09-11T02:47:30Z,,English,GenAI,kortexy.carrd.co/,yes,,,TikTok scrape: followers=20.4K; bio_link=kortexy.carrd.co/,https://www.tiktok.com/@kortexy.com,https://www.tiktok.com/@kortexy.com,"{""platform"": ""TikTok"", ""handle"": ""@kortexy.com"", ""bio_preview"": ""\ud83d\udce8 hey@kortexy.com\n\n\ud83e\udd16 AI tools, creative apps & No Code\n\n\ud83d\udc47 Start here"", ""external_link"": ""kortexy.carrd.co/"", ""aigc_verdict"": ""yes"", ""ai_reasoning"": ""Rule-based keyword fallback""}"
https://www.facebook.com/NVIDIA/,@NVIDIA,Facebook,,,,,2026-09-11T02:48:01Z,,English,GenAI,https://www.nvidia.com/,hybrid,,,Facebook scrape: followers=N/A; bio_preview=NVIDIA,https://www.facebook.com/NVIDIA/,https://www.facebook.com/NVIDIA/,"{""platform"": ""Facebook"", ""handle"": ""@NVIDIA"", ""title"": ""NVIDIA"", ""bio_preview"": ""NVIDIA"", ""external_link"": ""https://www.nvidia.com/"", ""aigc_verdict"": ""hybrid"", ""ai_reasoning"": ""Rule-based keyword fallback"", ""follower_raw_locale"": ""NVIDIA""}"
https://www.facebook.com/profile.php?id=100084019087375,profile.php?id=100084019087375,Facebook,,,,,2026-09-11T02:48:28Z,,English,GenAI,https://www.instagram.com/adam.godigital,yes,,,Facebook scrape: followers=N/A; bio_preview=Adam.Digital,https://www.facebook.com/profile.php?id=100084019087375,https://www.facebook.com/profile.php?id=100084019087375,"{""platform"": ""Facebook"", ""handle"": ""profile.php?id=100084019087375"", ""title"": ""Adam.Digital"", ""bio_preview"": ""Adam.Digital"", ""external_link"": ""https://www.instagram.com/adam.godigital"", ""aigc_verdict"": ""yes"", ""ai_reasoning"": ""Rule-based keyword fallback"", ""follower_raw_locale"": ""Adam.Digital""}"
https://www.tiktok.com/@ai_round,@ai_round,TikTok,4222,,,,2026-09-11T03:05:31Z,,English,GenAI,https://www.tiktok.com/@ai_round,yes,,,TikTok scrape: followers=4222; bio_link=none,https://www.tiktok.com/@ai_round,https://www.tiktok.com/@ai_round,"{""platform"": ""TikTok"", ""handle"": ""@ai_round"", ""bio_preview"": ""AI generated art\n\nNew account, please follow \ud83d\ude4f"", ""external_link"": """", ""aigc_verdict"": ""yes"", ""ai_reasoning"": ""Rule-based keyword fallback""}"
https://www.tiktok.com/@a.i_art._,@a.i_art._,TikTok,19.5K,,,,2026-09-11T03:05:59Z,,English,Midjourney,www.zazzle.com/store/dogs_as_humans,hybrid,,,TikTok scrape: followers=19.5K; bio_link=www.zazzle.com/store/dogs_as_humans,https://www.tiktok.com/@a.i_art._,https://www.tiktok.com/@a.i_art._,"{""platform"": ""TikTok"", ""handle"": ""@a.i_art._"", ""bio_preview"": ""All art made through Midjourney"", ""external_link"": ""www.zazzle.com/store/dogs_as_humans"", ""aigc_verdict"": ""hybrid"", ""ai_reasoning"": ""Rule-based keyword fallback""}"
https://www.tiktok.com/@ai.originals,@ai.originals,TikTok,23,,,,2026-09-11T03:06:27Z,,English,GenAI,https://www.tiktok.com/@ai.originals,yes,,,TikTok scrape: followers=23; bio_link=none,https://www.tiktok.com/@ai.originals,https://www.tiktok.com/@ai.originals,"{""platform"": ""TikTok"", ""handle"": ""@ai.originals"", ""bio_preview"": ""All AI generated \ud83e\udd16\nUsing my own imagination \ud83d\udcad\nENJOY \ud83e\udd73"", ""external_link"": """", ""aigc_verdict"": ""yes"", ""ai_reasoning"": ""Rule-based keyword fallback""}"
https://www.tiktok.com/@kailaartist17,@kailaartist17,TikTok,443,,,,2026-09-11T03:06:53Z,,English,GenAI,https://www.tiktok.com/@kailaartist17,yes,,,TikTok scrape: followers=443; bio_link=none,https://www.tiktok.com/@kailaartist17,https://www.tiktok.com/@kailaartist17,"{""platform"": ""TikTok"", ""handle"": ""@kailaartist17"", ""bio_preview"": ""Artist. creator. creative. \ud83d\udc69\ud83c\udffd\u200d\ud83c\udfa8\ud83c\udf08\ud83c\udfa8\ud83d\udc96 Type 2 diabetic w/arthritis. My Linktree \ud83d\udd17\ud83c\udf34\ud83d\udc69\ud83c\udffd\u200d\ud83c\udfa8\ud83c\udfa8\ud83c\udf08\ud83d\udc96\ud83d\udda4https://linktr"", ""external_link"": """", ""aigc_verdict"": ""yes"", ""ai_reasoning"": ""Rule-based keyword fallback""}"
https://www.facebook.com/p/Neon-AI-Works-61577928752266/,Neon-AI-Works-61577928752266,Facebook,,alen6199@gmail.com,,,2026-09-11T03:07:22Z,,English,GenAI,https://www.instagram.com/neonaiworks,yes,,,Facebook scrape: followers=N/A; bio_preview=Neon AI Works,https://www.facebook.com/p/Neon-AI-Works-61577928752266/,https://www.facebook.com/p/Neon-AI-Works-61577928752266/,"{""platform"": ""Facebook"", ""handle"": ""@p"", ""title"": ""Neon AI Works | Yonghe"", ""bio_preview"": ""Neon AI Works"", ""external_link"": ""https://www.instagram.com/neonaiworks"", ""aigc_verdict"": ""yes"", ""ai_reasoning"": ""Rule-based keyword fallback"", ""follower_raw_locale"": ""Neon AI Works""}"
https://www.tiktok.com/@rozysmagicalworld,Rozy (@rozysmagicalworld),TikTok,1.3M,,"AIGC,TikTok,AI influencer,Disney,travel,fashion",New,2026-09-11T03:22:46Z,en,English,GenAI,direct.me/Rozy,yes,2026-09-11,web_search: TikTok/Rozy verified profile,TikTok scrape: followers=1.3M; bio_link=direct.me/Rozy,https://www.tiktok.com/@rozysmagicalworld,https://www.tiktok.com/@rozysmagicalworld,"{""platform"": ""TikTok"", ""handle"": ""@rozysmagicalworld"", ""bio_preview"": ""Rozysmagicalworld@gmail.com\nIn my #healingera \ud83e\udef6\ud83c\udffe\n\u2728magically unstable\u2728"", ""external_link"": ""direct.me/Rozy"", ""aigc_verdict"": ""yes"", ""ai_reasoning"": ""Rule-based keyword fallback""}"
https://www.instagram.com/shudu.gram/,Shudu (@shudu.gram),Instagram,236K,,"AIGC,Instagram,AI influencer,fashion,supermodel",New,2026-09-11T03:23:20Z,en,English,GenAI,https://www.instagram.com/shudu.gram/,hybrid,2026-09-11,web_search: VerifiedHer/TheDiigitals,Playwright scrape: followers=236K,https://www.instagram.com/shudu.gram/,https://www.instagram.com/shudu.gram/,"{""platform"": ""Instagram"", ""handle"": ""@shudu.gram"", ""og_description"": ""236K Followers, 5,084 Following, 211 Posts - See Instagram photos and videos from Shudu (@shudu.gram)"", ""aigc_verdict"": ""hybrid""}"
https://www.instagram.com/kyraonig/,Kyra (@kyraonig),Instagram,249K,,"AIGC,Instagram,AI influencer,fashion,travel,SharkTank",New,2026-09-11T03:23:47Z,en,English,GenAI,https://www.instagram.com/kyraonig/,hybrid,2026-09-11,web_search: FUTR Studios/Kyra,Playwright scrape: followers=249K,https://www.instagram.com/kyraonig/,https://www.instagram.com/kyraonig/,"{""platform"": ""Instagram"", ""handle"": ""@kyraonig"", ""og_description"": ""249K Followers, 1,093 Following, 137 Posts - See Instagram photos and videos from K Y R A \u2728 (@kyraonig)"", ""aigc_verdict"": ""hybrid""}"
https://www.instagram.com/naina_avtr/,Naina Avtr (@naina_avtr),Instagram,366K,,"AIGC,Instagram,AI influencer,fashion,lifestyle,Mumbai",New,2026-09-11T03:24:13Z,en,English,GenAI,https://www.instagram.com/naina_avtr/,yes,2026-09-11,web_search: Avtr Meta Labs/Naina,Playwright scrape: followers=366K,https://www.instagram.com/naina_avtr/,https://www.instagram.com/naina_avtr/,"{""platform"": ""Instagram"", ""handle"": ""@naina_avtr"", ""og_description"": ""366K Followers, 191 Following, 716 Posts - See Instagram photos and videos from N A I N A \u2764\ufe0f India\u2019s First AI Superstar!"", ""aigc_verdict"": ""yes""}"
https://www.instagram.com/liam_nikuro/,Liam Nikuro (@liam_nikuro),Instagram,11K,,"AIGC,Instagram,AI influencer,fashion,music,basketball",New,2026-09-11T03:24:40Z,en,English,GenAI,https://www.instagram.com/liam_nikuro/,hybrid,2026-09-11,web_search: 1sec Inc/Liam Nikuro,Playwright scrape: followers=11K,https://www.instagram.com/liam_nikuro/,https://www.instagram.com/liam_nikuro/,"{""platform"": ""Instagram"", ""handle"": ""@liam_nikuro"", ""og_description"": ""11K Followers, 29 Following, 87 Posts - See Instagram photos and videos from Nikuro\u00ae\ufe0e (@liam_nikuro)"", ""aigc_verdict"": ""hybrid""}"
https://www.instagram.com/russo.ai/,@russo.ai,Instagram,88K,,,,2026-09-11T06:25:37Z,,English,GenAI,https://www.instagram.com/russo.ai/,yes,,,Playwright scrape: followers=88K,https://www.instagram.com/russo.ai/,https://www.instagram.com/russo.ai/,"{""platform"": ""Instagram"", ""handle"": ""@russo.ai"", ""og_description"": ""88K Followers, 214 Following, 311 Posts - See Instagram photos and videos from Russo | AI Creator (@russo.ai)"", ""aigc_verdict"": ""yes""}"
https://www.tiktok.com/@mrbeast,@mrbeast,TikTok,140.5M,,,,2026-09-11T06:37:23Z,,English,GenAI,themostdangerousgames.com,hybrid,,,TikTok scrape: followers=140.5M; bio_link=themostdangerousgames.com,https://www.tiktok.com/@mrbeast,https://www.tiktok.com/@mrbeast,"{""platform"": ""TikTok"", ""handle"": ""@mrbeast"", ""bio_preview"": ""Checkout My New Book!\ud83d\udc47"", ""external_link"": ""themostdangerousgames.com"", ""aigc_verdict"": ""hybrid"", ""ai_reasoning"": ""Rule-based keyword fallback""}"
https://www.threads.net/@mrbeast,@mrbeast,Threads,11.9M,not exposed,,,2026-09-11T06:37:55Z,,English,GenAI,https://l.threads.com/?u=http%3A%2F%2Ffeastables.com%2F&e=AUDBVDR5ArZLlcXZOHC4tmSBJNZ89Vy4kxHRk92G2ANpZaBhh4qLAcj4pKyHwVVxPMlmLZsooKu-vaXg-zo4wZ6BDc8QXJLG2jL5bxXQCU8EjsVr,hybrid,,,Threads scrape: followers=11.9M; bio_preview=11.9M Followers • 15 Threads • Future Threads CEO (Follow fo,https://www.threads.net/@mrbeast,https://www.threads.net/@mrbeast,"{""platform"": ""Threads"", ""handle"": ""@mrbeast"", ""bio_preview"": ""11.9M Followers \u2022 15 Threads \u2022 Future Threads CEO\n(Follow for cookie). See the latest conversations "", ""external_link"": ""https://l.threads.com/?u=http%3A%2F%2Ffeastables.com%2F&e=AUDBVDR5ArZLlcXZOHC4tmSBJNZ89Vy4kxHRk92G2ANpZaBhh4qLAcj4pKyHwVVxPMlmLZsooKu-vaXg-zo4wZ6BDc8QXJLG2jL5bxXQCU8EjsVr"", ""aigc_verdict"": ""hybrid"", ""ai_reasoning"": ""Rule-based keyword fallback""}"
https://www.youtube.com/@MrBeast,MrBeast,YouTube,516000000,,,,2026-09-11T06:38:55Z,,English,GenAI,https://www.youtube.com/@MrBeast/videos,yes,,,api_refresh: YouTube subscribers=516000000; videos=2; channelId=UCX6OQ3DkcsbYNE6H8uQQuVA; recent_title=MrBeast - Videos,https://www.youtube.com/feeds/videos.xml?channel_id=UCX6OQ3DkcsbYNE6H8uQQuVA,https://www.youtube.com/@MrBeast/about,"{""follower_count"": {""source"": ""yt-dlp.channel_info"", ""channelId"": ""UCX6OQ3DkcsbYNE6H8uQQuVA"", ""profileUrl"": ""https://www.youtube.com/@MrBeast""}, ""bio"": {""source"": ""yt-dlp.channel_description"", ""channel_id"": ""UCX6OQ3DkcsbYNE6H8uQQuVA"", ""preview"": ""SUBSCRIBE FOR A COOKIE!\nNew MrBeast or MrBeast Gaming video every single Saturday at noon eastern ti""}, ""aigc_verdict"": {""source"": ""ollama.llama3.2"", ""verdict"": ""yes"", ""details"": ""Rule-based keyword extraction fallback""}, ""recent_uploads"": {""sample"": ""https://www.youtube.com/@MrBeast/videos"", ""sample_title"": ""MrBeast - Videos""}}"
https://www.youtube.com/@aisamsonreal,AI Samson,YouTube,275000,aisamsoninfo@gmail.com,,,2026-09-11T06:34:12Z,,English,GenAI,https://www.youtube.com/@aisamsonreal/videos,yes,,,api_refresh: YouTube subscribers=275000; videos=3; channelId=UCED3hlYdD0SlCff7jJ8tF3Q; recent_title=AI Samson - Videos,https://www.youtube.com/feeds/videos.xml?channel_id=UCED3hlYdD0SlCff7jJ8tF3Q,https://www.youtube.com/@aisamsonreal/about,"{""follower_count"": {""source"": ""yt-dlp.channel_info"", ""channelId"": ""UCED3hlYdD0SlCff7jJ8tF3Q"", ""profileUrl"": ""https://www.youtube.com/@aisamsonreal""}, ""bio"": {""source"": ""yt-dlp.channel_description"", ""channel_id"": ""UCED3hlYdD0SlCff7jJ8tF3Q"", ""preview"": ""I test AI tools on real projects and show you the workflow that actually finished the job.\n\nEvery vi""}, ""aigc_verdict"": {""source"": ""ollama.llama3.2"", ""verdict"": ""yes"", ""details"": ""Rule-based keyword extraction fallback""}, ""recent_uploads"": {""sample"": ""https://www.youtube.com/@aisamsonreal/videos"", ""sample_title"": ""AI Samson - Videos""}}"
https://www.tiktok.com/@iweaver.ai_us,@iweaver.ai_us,TikTok,2599,,,,2026-09-11T06:34:41Z,,English,GenAI,https://www.tiktok.com/@iweaver.ai_us,yes,,,TikTok scrape: followers=2599; bio_link=none,https://www.tiktok.com/@iweaver.ai_us,https://www.tiktok.com/@iweaver.ai_us,"{""platform"": ""TikTok"", ""handle"": ""@iweaver.ai_us"", ""bio_preview"": ""your personal knowledge base\n@iWeaverAI\n\ud83d\udc69\u200d\ud83d\udcbb\ud83d\udcda\ud83e\udde0\ud83d\udc69\u200d\ud83c\udf93\ud83d\udcd6"", ""external_link"": """", ""aigc_verdict"": ""yes"", ""ai_reasoning"": ""Rule-based keyword fallback""}"
https://www.threads.net/@bilawal.ai,@bilawal.ai,Threads,204K,not exposed,,,2026-09-11T06:35:13Z,,English,GenAI,https://l.threads.com/?u=https%3A%2F%2Fyoutu.be%2Fo_FJ1NIH9yw&e=AUB0TffGRAZSTtvOUeqIgD7Le--xmUsPTXiVQP3BxaGlK_JxjdUhouu_aoqRy1Orc70S1OC2LxopD446Xawa92obivDpKlxrBkI2pYS4NDCeOBuFgPjZbaNJlOM4K-iTCPulSN2kTpMzut1m,yes,,,Threads scrape: followers=204K; bio_preview=204.6K Followers • 903 Threads • Mapping the frontier of cre,https://www.threads.net/@bilawal.ai,https://www.threads.net/@bilawal.ai,"{""platform"": ""Threads"", ""handle"": ""@bilawal.ai"", ""bio_preview"": ""204.6K Followers \u2022 903 Threads \u2022 Mapping the frontier of creation & computing. Building a God\u2019s Eye "", ""external_link"": ""https://l.threads.com/?u=https%3A%2F%2Fyoutu.be%2Fo_FJ1NIH9yw&e=AUB0TffGRAZSTtvOUeqIgD7Le--xmUsPTXiVQP3BxaGlK_JxjdUhouu_aoqRy1Orc70S1OC2LxopD446Xawa92obivDpKlxrBkI2pYS4NDCeOBuFgPjZbaNJlOM4K-iTCPulSN2kTpMzut1m"", ""aigc_verdict"": ""yes"", ""ai_reasoning"": ""Rule-based keyword fallback""}"
https://www.tiktok.com/@aiartcreator,@aiartcreator,TikTok,5,,,,2026-09-11T06:35:46Z,,English,GenAI,https://www.tiktok.com/@aiartcreator,yes,,,TikTok scrape: followers=5; bio_link=none,https://www.tiktok.com/@aiartcreator,https://www.tiktok.com/@aiartcreator,"{""platform"": ""TikTok"", ""handle"": ""@aiartcreator"", ""bio_preview"": ""https://www.fiverr.com/s2/9e7a36958b"", ""external_link"": """", ""aigc_verdict"": ""yes"", ""ai_reasoning"": ""Rule-based keyword fallback""}"
https://www.threads.net/@evolving.ai,@evolving.ai,Threads,530K,not exposed,,,2026-09-11T06:39:26Z,,English,GenAI,https://l.threads.com/?u=https%3A%2F%2Fnewsletter.evolvingai.io%2Fsubscribe&e=AUD29lLW16aMmu7E4uV4e7OEZUWUZDMv5h5QNKJtd2iyX7rcRC4hCaoXGQcqV3JkSDwLmvy3gU0TuqFAkX5_GMFA3jd-4cTDmOoNKtiSfRlp6237,yes,,,Threads scrape: followers=530K; bio_preview=530.2K Followers • 686 Threads • 👉 The No.1 AI community on ,https://www.threads.net/@evolving.ai,https://www.threads.net/@evolving.ai,"{""platform"": ""Threads"", ""handle"": ""@evolving.ai"", ""bio_preview"": ""530.2K Followers \u2022 686 Threads \u2022 \ud83d\udc49 The No.1 AI community on Threads / Insta\n\ud83d\udd25 You'll wish you'd paid"", ""external_link"": ""https://l.threads.com/?u=https%3A%2F%2Fnewsletter.evolvingai.io%2Fsubscribe&e=AUD29lLW16aMmu7E4uV4e7OEZUWUZDMv5h5QNKJtd2iyX7rcRC4hCaoXGQcqV3JkSDwLmvy3gU0TuqFAkX5_GMFA3jd-4cTDmOoNKtiSfRlp6237"", ""aigc_verdict"": ""yes"", ""ai_reasoning"": ""Rule-based keyword fallback""}"
https://www.youtube.com/@mreflow,Matt Wolfe,YouTube,1010000,mattwolfe@smoothmedia.co,,,2026-09-11T06:40:54Z,,English,GenAI,https://www.youtube.com/@mreflow/videos,yes,,,api_refresh: YouTube subscribers=1010000; videos=3; channelId=UChpleBmo18P08aKCIgti38g; recent_title=Matt Wolfe - Videos,https://www.youtube.com/feeds/videos.xml?channel_id=UChpleBmo18P08aKCIgti38g,https://www.youtube.com/@mreflow/about,"{""follower_count"": {""source"": ""yt-dlp.channel_info"", ""channelId"": ""UChpleBmo18P08aKCIgti38g"", ""profileUrl"": ""https://www.youtube.com/@mreflow""}, ""bio"": {""source"": ""yt-dlp.channel_description"", ""channel_id"": ""UChpleBmo18P08aKCIgti38g"", ""preview"": ""Sifting through all the AI noise to share what actually matters - New videos every Friday (and proba""}, ""aigc_verdict"": {""source"": ""ollama.llama3.2"", ""verdict"": ""yes"", ""details"": ""Rule-based keyword extraction fallback""}, ""recent_uploads"": {""sample"": ""https://www.youtube.com/@mreflow/videos"", ""sample_title"": ""Matt Wolfe - Videos""}}"
https://youtube.com/@rileybrownai,Riley Brown,YouTube,285000,,,,2026-09-11T06:48:46Z,,English,GenAI,https://www.youtube.com/@rileybrownai/videos,yes,,,api_refresh: YouTube subscribers=285000; videos=3; channelId=UCMcoud_ZW7cfxeIugBflSBw; recent_title=Riley Brown - Videos,https://www.youtube.com/feeds/videos.xml?channel_id=UCMcoud_ZW7cfxeIugBflSBw,https://youtube.com/@rileybrownai/about,"{""follower_count"": {""source"": ""yt-dlp.channel_info"", ""channelId"": ""UCMcoud_ZW7cfxeIugBflSBw"", ""profileUrl"": ""https://youtube.com/@rileybrownai""}, ""bio"": {""source"": ""yt-dlp.channel_description"", ""channel_id"": ""UCMcoud_ZW7cfxeIugBflSBw"", ""preview"": ""I help businesses and individuals build with AI agents.\n\nOn this channel, I break down AI agents for""}, ""aigc_verdict"": {""source"": ""ollama.llama3.2"", ""verdict"": ""yes"", ""details"": ""Rule-based keyword extraction fallback""}, ""recent_uploads"": {""sample"": ""https://www.youtube.com/@rileybrownai/videos"", ""sample_title"": ""Riley Brown - Videos""}}"
https://youtube.com/@chriskoerner,Chris Koerner,YouTube,31,,,,2026-09-11T06:49:07Z,,English,GenAI,https://www.youtube.com/@chriskoerner/videos,no,,,api_refresh: YouTube subscribers=31; videos=2; channelId=UCdcQdSyg6ySSTaDXapZYd9g; recent_title=Chris Koerner - Videos,https://www.youtube.com/feeds/videos.xml?channel_id=UCdcQdSyg6ySSTaDXapZYd9g,https://youtube.com/@chriskoerner/about,"{""follower_count"": {""source"": ""yt-dlp.channel_info"", ""channelId"": ""UCdcQdSyg6ySSTaDXapZYd9g"", ""profileUrl"": ""https://youtube.com/@chriskoerner""}, ""bio"": {""source"": ""yt-dlp.channel_description"", ""channel_id"": ""UCdcQdSyg6ySSTaDXapZYd9g"", ""preview"": """"}, ""aigc_verdict"": {""source"": ""ollama.llama3.2"", ""verdict"": ""no"", ""details"": ""Rule-based keyword extraction fallback""}, ""recent_uploads"": {""sample"": ""https://www.youtube.com/@chriskoerner/videos"", ""sample_title"": ""Chris Koerner - Videos""}}"
https://youtube.com/@Mark_Kashef,Mark Kashef,YouTube,83200,,,,2026-09-11T06:49:28Z,,English,GenAI,https://www.youtube.com/watch?v=OQipTxv9Qv0,yes,,,api_refresh: YouTube subscribers=83200; videos=None; channelId=UCHkzp52CldSPZqU5T49mOnA; recent_title=I Tested Every GPT-6 Astra Effort Level. Here’s What I’d Use,https://www.youtube.com/feeds/videos.xml?channel_id=UCHkzp52CldSPZqU5T49mOnA,https://youtube.com/@Mark_Kashef/about,"{""follower_count"": {""source"": ""yt-dlp.channel_info"", ""channelId"": ""UCHkzp52CldSPZqU5T49mOnA"", ""profileUrl"": ""https://youtube.com/@Mark_Kashef""}, ""bio"": {""source"": ""yt-dlp.channel_description"", ""channel_id"": ""UCHkzp52CldSPZqU5T49mOnA"", ""preview"": ""Practical AI, without the hype.\n\nI break down AI agents, automation, and tools like ChatGPT, Claude,""}, ""aigc_verdict"": {""source"": ""ollama.llama3.2"", ""verdict"": ""yes"", ""details"": ""Rule-based keyword extraction fallback""}, ""recent_uploads"": {""sample"": ""https://www.youtube.com/watch?v=OQipTxv9Qv0"", ""sample_title"": ""I Tested Every GPT-6 Astra Effort Level. Here\u2019s What I\u2019d Use""}}"
https://youtube.com/@coreyganim,Corey Ganim,YouTube,23700,,,,2026-09-11T06:49:50Z,,English,GenAI,https://www.youtube.com/@coreyganim/videos,yes,,,api_refresh: YouTube subscribers=23700; videos=2; channelId=UCLoqOC7mh3K8esgadBCJvOQ; recent_title=Corey Ganim - Videos,https://www.youtube.com/feeds/videos.xml?channel_id=UCLoqOC7mh3K8esgadBCJvOQ,https://youtube.com/@coreyganim/about,"{""follower_count"": {""source"": ""yt-dlp.channel_info"", ""channelId"": ""UCLoqOC7mh3K8esgadBCJvOQ"", ""profileUrl"": ""https://youtube.com/@coreyganim""}, ""bio"": {""source"": ""yt-dlp.channel_description"", ""channel_id"": ""UCLoqOC7mh3K8esgadBCJvOQ"", ""preview"": ""I help non-technical entrepreneurs make money with AI.\n\nOn this channel I show you exactly how to us""}, ""aigc_verdict"": {""source"": ""ollama.llama3.2"", ""verdict"": ""yes"", ""details"": ""Rule-based keyword extraction fallback""}, ""recent_uploads"": {""sample"": ""https://www.youtube.com/@coreyganim/videos"", ""sample_title"": ""Corey Ganim - Videos""}}"
https://www.instagram.com/kallaway/,@kallaway,Instagram,453K,,,,2026-09-11T06:50:49Z,,English,GenAI,https://www.instagram.com/kallaway/,hybrid,,,Playwright scrape: followers=453K,https://www.instagram.com/kallaway/,https://www.instagram.com/kallaway/,"{""platform"": ""Instagram"", ""handle"": ""@kallaway"", ""og_description"": ""453K Followers, 441 Following, 540 Posts - See Instagram photos and videos from Kallaway (@kallaway)"", ""aigc_verdict"": ""hybrid""}"
https://www.instagram.com/theaifilmmaker/,@theaifilmmaker,Instagram,161K,,,,2026-09-11T06:57:41Z,,English,GenAI,https://www.instagram.com/theaifilmmaker/,yes,,,Playwright scrape: followers=161K,https://www.instagram.com/theaifilmmaker/,https://www.instagram.com/theaifilmmaker/,"{""platform"": ""Instagram"", ""handle"": ""@theaifilmmaker"", ""og_description"": ""161K Followers, 0 Following, 331 Posts - See Instagram photos and videos from The AI Filmmaker \u2022 Animated Comedy (@theai"", ""aigc_verdict"": ""yes""}"
https://www.instagram.com/cinaima_films/,@cinaima_films,Instagram,794K,,,,2026-09-11T06:58:15Z,,English,GenAI,https://www.instagram.com/cinaima_films/,yes,,,Playwright scrape: followers=794K,https://www.instagram.com/cinaima_films/,https://www.instagram.com/cinaima_films/,"{""platform"": ""Instagram"", ""handle"": ""@cinaima_films"", ""og_description"": ""794K Followers, 2,272 Following, 212 Posts - See Instagram photos and videos from Cinaima Films (@cinaima_films)"", ""aigc_verdict"": ""yes""}"
https://www.instagram.com/generative.cuts/,@generative.cuts,Instagram,195,,,,2026-09-11T06:58:40Z,,English,GenAI,https://www.instagram.com/generative.cuts/,hybrid,,,Playwright scrape: followers=195,https://www.instagram.com/generative.cuts/,https://www.instagram.com/generative.cuts/,"{""platform"": ""Instagram"", ""handle"": ""@generative.cuts"", ""og_description"": ""195 Followers, 245 Following, 4 Posts - See Instagram photos and videos from AI filmmaker (@generative.cuts)"", ""aigc_verdict"": ""hybrid""}"
https://www.youtube.com/@yapper_so,Yapper AI,YouTube,6180,,,,2026-09-11T06:58:59Z,/,English,GenAI,https://www.youtube.com/@yapper_so/videos,yes,,,api_refresh: YouTube subscribers=6180; videos=2; channelId=UCrN5M0HAaVnsqweE93-ca2Q; recent_title=Yapper AI - Videos,https://www.youtube.com/feeds/videos.xml?channel_id=UCrN5M0HAaVnsqweE93-ca2Q,https://www.youtube.com/@yapper_so/about,"{""follower_count"": {""source"": ""yt-dlp.channel_info"", ""channelId"": ""UCrN5M0HAaVnsqweE93-ca2Q"", ""profileUrl"": ""https://www.youtube.com/@yapper_so""}, ""bio"": {""source"": ""yt-dlp.channel_description"", ""channel_id"": ""UCrN5M0HAaVnsqweE93-ca2Q"", ""preview"": ""We post in-depth tutorials to help you make better AI videos for less. Subscribe for weekly, beginne""}, ""aigc_verdict"": {""source"": ""ollama.llama3.2"", ""verdict"": ""yes"", ""details"": ""Rule-based keyword extraction fallback""}, ""recent_uploads"": {""sample"": ""https://www.youtube.com/@yapper_so/videos"", ""sample_title"": ""Yapper AI - Videos""}}"
https://www.tiktok.com/@hanxtech,@hanxtech,TikTok,0,,,,2026-09-11T06:59:34Z,,English,GenAI,https://www.tiktok.com/@hanxtech,hybrid,,,TikTok scrape: followers=0; bio_link=none,https://www.tiktok.com/@hanxtech,https://www.tiktok.com/@hanxtech,"{""platform"": ""TikTok"", ""handle"": ""@hanxtech"", ""bio_preview"": ""HanxTech PR. live better, move safer"", ""external_link"": """", ""aigc_verdict"": ""hybrid"", ""ai_reasoning"": ""Rule-based keyword fallback""}"
https://www.tiktok.com/@covacut,@covacut,TikTok,48.9K,bycovacut@gmail.com,,,2026-09-11T06:59:58Z,,English,GenAI,youtu.be/O5PRoiz1tDw?si=qe2QAMRwJ4LvE3vM,yes,,,TikTok scrape: followers=48.9K; bio_link=youtu.be/O5PRoiz1tDw?si=qe2QAMRwJ4LvE3vM,https://www.tiktok.com/@covacut,https://www.tiktok.com/@covacut,"{""platform"": ""TikTok"", ""handle"": ""@covacut"", ""bio_preview"": ""bridging art x tech \ud83c\udf03 \u2728\nbycovacut@gmail.com\n\ud83d\udccdnyc & sf"", ""external_link"": ""youtu.be/O5PRoiz1tDw?si=qe2QAMRwJ4LvE3vM"", ""aigc_verdict"": ""yes"", ""ai_reasoning"": ""Rule-based keyword fallback""}"
https://www.tiktok.com/@sean_ai_stories,@sean_ai_stories,TikTok,9066,business@seanchen.io,,,2026-09-11T07:00:23Z,,English,GenAI,join-us.seanchen.io,yes,,,TikTok scrape: followers=9066; bio_link=join-us.seanchen.io,https://www.tiktok.com/@sean_ai_stories,https://www.tiktok.com/@sean_ai_stories,"{""platform"": ""TikTok"", ""handle"": ""@sean_ai_stories"", ""bio_preview"": ""Founder @automanus\ud83d\udea2\nex-Google/MIT, YouTube (36k): Sean\u2019s AI Stories\nRedNote+Bilibili (30k): \u8096\u6069\u541bSean\n"", ""external_link"": ""join-us.seanchen.io"", ""aigc_verdict"": ""yes"", ""ai_reasoning"": ""Rule-based keyword fallback""}"
https://www.tiktok.com/@chinastyles00,@chinastyles00,TikTok,400.3K,,,,2026-09-11T07:11:16Z,,English,GenAI,book.squareup.com/appointments/41852d5b-2584-44e8-b127-c9c4232f0949/location/m47dxr43bnkqr/services?fbclid=IwRlRTSAQ3dGdleHRuA2FlbQIxMABzcnRjBmFwcF9pZAo2NjI4NTY4Mzc5AAEeDaSkO8qgprTRwaHUEQwuZh9RFDSE-bZOqIYjvPXuBjDfO4lRsvh8pjmU8oA_aem_ZRM-xiXePPJICVlH5fTULg,yes,,,TikTok scrape: followers=400.3K; bio_link=book.squareup.com/appointments/41852d5b-2584-44e8-b127-c9c4232f0949/location/m47dxr43bnkqr/services?fbclid=IwRlRTSAQ3dGdleHRuA2FlbQIxMABzcnRjBmFwcF9pZAo2NjI4NTY4Mzc5AAEeDaSkO8qgprTRwaHUEQwuZh9RFDSE-bZOqIYjvPXuBjDfO4lRsvh8pjmU8oA_aem_ZRM-xiXePPJICVlH5fTULg,https://www.tiktok.com/@chinastyles00,https://www.tiktok.com/@chinastyles00,"{""platform"": ""TikTok"", ""handle"": ""@chinastyles00"", ""bio_preview"": ""An Unknown Nobody\nFb:China Styles\nYT: China Styles\nIG: IamChina_Styles\nBillboard charting Ai music d"", ""external_link"": ""book.squareup.com/appointments/41852d5b-2584-44e8-b127-c9c4232f0949/location/m47dxr43bnkqr/services?fbclid=IwRlRTSAQ3dGdleHRuA2FlbQIxMABzcnRjBmFwcF9pZAo2NjI4NTY4Mzc5AAEeDaSkO8qgprTRwaHUEQwuZh9RFDSE-bZOqIYjvPXuBjDfO4lRsvh8pjmU8oA_aem_ZRM-xiXePPJICVlH5fTULg"", ""aigc_verdict"": ""yes"", ""ai_reasoning"": ""Rule-based keyword fallback""}"
https://www.tiktok.com/@markcannatarofilms,@markcannatarofilms,TikTok,7.2M,markcannataro@gmail.com,,,2026-09-11T07:11:47Z,,English,GenAI,linktr.ee/markcannatarofilms,yes,,,TikTok scrape: followers=7.2M; bio_link=linktr.ee/markcannatarofilms,https://www.tiktok.com/@markcannatarofilms,https://www.tiktok.com/@markcannatarofilms,"{""platform"": ""TikTok"", ""handle"": ""@markcannatarofilms"", ""bio_preview"": ""3D Artist\n\ud83d\udccdToronto\n\ud83d\udce7: markcannataro@gmail.com"", ""external_link"": ""linktr.ee/markcannatarofilms"", ""aigc_verdict"": ""yes"", ""ai_reasoning"": ""Rule-based keyword fallback""}"
https://www.tiktok.com/@billyfx,@billyfx,TikTok,991.6K,,,,2026-09-11T07:12:21Z,,English,GenAI,YouTube.com/@bilawalsidhu,hybrid,,,TikTok scrape: followers=991.6K; bio_link=YouTube.com/@bilawalsidhu,https://www.tiktok.com/@billyfx,https://www.tiktok.com/@billyfx,"{""platform"": ""TikTok"", ""handle"": ""@billyfx"", ""bio_preview"": ""\ud83e\ude84 Blending Reality & Imagination \ud83d\udd2e\n\ud83c\udf10 Mapping the Frontier of Creation & Computing"", ""external_link"": ""YouTube.com/@bilawalsidhu"", ""aigc_verdict"": ""hybrid"", ""ai_reasoning"": ""Rule-based keyword fallback""}"
https://www.tiktok.com/@svetozar.aiart,@svetozar.aiart,TikTok,,,,,2026-09-11T07:12:53Z,,English,GenAI,https://www.tiktok.com/@svetozar.aiart,yes,,,TikTok scrape: followers=N/A; bio_link=none,https://www.tiktok.com/@svetozar.aiart,https://www.tiktok.com/@svetozar.aiart,"{""platform"": ""TikTok"", ""handle"": ""@svetozar.aiart"", ""bio_preview"": """", ""external_link"": """", ""aigc_verdict"": ""yes"", ""ai_reasoning"": ""Rule-based keyword fallback""}"
https://www.tiktok.com/@philipplenssen,@philipplenssen,TikTok,2775,,,,2026-09-11T07:13:54Z,,English,GenAI,https://www.tiktok.com/@philipplenssen,yes,,,TikTok scrape: followers=2775; bio_link=none,https://www.tiktok.com/@philipplenssen,https://www.tiktok.com/@philipplenssen,"{""platform"": ""TikTok"", ""handle"": ""@philipplenssen"", ""bio_preview"": ""I tell stories with AI."", ""external_link"": """", ""aigc_verdict"": ""yes"", ""ai_reasoning"": ""Rule-based keyword fallback""}"
https://www.instagram.com/artiver.ai,artiver.ai,Instagram,851,,"AIGC,Instagram,AI Art,Creative Technologist",New,2026-09-11T07:23:33Z,US,English,GenAI,https://www.instagram.com/artiver.ai,yes,2026-09-11T15:20:00Z,Web search,Playwright scrape: followers=851,https://www.instagram.com/artiver.ai,https://www.instagram.com/artiver.ai,"{""platform"": ""Instagram"", ""handle"": ""@artiver.ai"", ""og_description"": ""851 Followers, 976 Following, 125 Posts - See Instagram photos and videos from Artiver (@artiver.ai)"", ""aigc_verdict"": ""yes""}"
https://www.instagram.com/ai.visualz,ai.visualz,Instagram,27K,,"AIGC,Instagram,AI Art",New,2026-09-11T07:24:06Z,US,English,GenAI,https://www.instagram.com/ai.visualz,yes,2026-09-11T15:20:00Z,Web search,Playwright scrape: followers=27K,https://www.instagram.com/ai.visualz,https://www.instagram.com/ai.visualz,"{""platform"": ""Instagram"", ""handle"": ""@ai.visualz"", ""og_description"": ""27K Followers, 191 Following, 89 Posts - See Instagram photos and videos from Tobias Hellstr\u00f6m (@ai.visualz)"", ""aigc_verdict"": ""yes""}"
https://www.instagram.com/bunty_ai,bunty_ai,Instagram,16K,,"AIGC,Instagram,AI Art,Animation",New,2026-09-11T07:24:37Z,AU,English,GenAI,https://www.instagram.com/bunty_ai,yes,2026-09-11T15:20:00Z,Web search,Playwright scrape: followers=16K,https://www.instagram.com/bunty_ai,https://www.instagram.com/bunty_ai,"{""platform"": ""Instagram"", ""handle"": ""@bunty_ai"", ""og_description"": ""16K Followers, 2,417 Following, 474 Posts - See Instagram photos and videos from Hilary Campilan (@bunty_ai)"", ""aigc_verdict"": ""yes""}"
https://www.instagram.com/boriseldagsen,boriseldagsen,Instagram,18K,,"AIGC,Instagram,AI Art,Artist",New,2026-09-11T07:26:01Z,US,English,GenAI,https://www.instagram.com/boriseldagsen,hybrid,2026-09-11T15:20:00Z,Web search,Playwright scrape: followers=18K,https://www.instagram.com/boriseldagsen,https://www.instagram.com/boriseldagsen,"{""platform"": ""Instagram"", ""handle"": ""@boriseldagsen"", ""og_description"": ""18K Followers, 4,293 Following, 2,438 Posts - See Instagram photos and videos from Photomedia Artst & AI Pioneer (@boris"", ""aigc_verdict"": ""hybrid""}"
https://twitter.com/liminarion,liminarion,X,2394,not exposed,"AIGC,Twitter,AI Art",New,2026-09-11T07:27:00Z,Unknown,en,Unknown,https://twitter.com/liminarion,yes,2026-09-11T15:20:00Z,Web search,"Hecate. Explore, experiment, and enjoy all the cool things AI can do! 5,496 posts. Joined May 2025.",,https://twitter.com/liminarion,"{""follower_count"": {""source"": ""twitter_profile"", ""profileUrl"": ""https://twitter.com/liminarion"", ""value"": ""2394""}}"
https://twitter.com/artwithahat0,artwithahat0,X,1591,not exposed,"AIGC,Twitter,AI Art",New,2026-09-11T07:27:00Z,Unknown,en,Unknown,https://twitter.com/artwithahat0,yes,2026-09-11T15:20:00Z,Web search,"Bob - Art with a Hat. AI Creator | Beautiful art with AI. Retro, art nouveau, art deco styles. Europe. Joined July 2026.",,https://twitter.com/artwithahat0,"{""follower_count"": {""source"": ""twitter_profile"", ""profileUrl"": ""https://twitter.com/artwithahat0"", ""value"": ""1591""}}"
https://twitter.com/memoken,memoken,X,0,not exposed,"AIGC,Twitter,AI",New,2026-09-11T07:27:00Z,Unknown,en,Unknown,https://twitter.com/memoken,no,2026-09-11T15:20:00Z,Web search,"DORMANT. 0 followers, 16 posts since Aug 2011. Not an active AI creator.",,https://twitter.com/memoken,"{""follower_count"": {""source"": ""twitter_profile"", ""profileUrl"": ""https://twitter.com/memoken"", ""value"": ""0""}}"
https://twitter.com/EdithDel_Carmen,EdithDel_Carmen,X,3927,not exposed,"AIGC,Twitter,AI Fashion,Digital Couture",New,2026-09-11T07:27:00Z,Unknown,en,Unknown,https://twitter.com/EdithDel_Carmen,yes,2026-09-11T15:20:00Z,Web search,Edith Del Carmen. AI Creative Fashion & Digital Couture. 34.2K posts. @caimera_ai + @openart_ai +Botika CPP.,,https://twitter.com/EdithDel_Carmen,"{""follower_count"": {""source"": ""twitter_profile"", ""profileUrl"": ""https://twitter.com/EdithDel_Carmen"", ""value"": ""3927""}}"
https://www.youtube.com/@AICreatorLab2026,AICreatorLab2026,YouTube,7,,"AIGC,YouTube,AI Tools,Creator",New,2026-09-15T02:08:25Z,Unknown,English,GenAI,https://www.youtube.com/@AICreatorLab2026/videos,yes,2026-09-11T15:20:00Z,Web search,api_refresh: YouTube subscribers=7; videos=2; channelId=UCq16V-Y-5v045vI5kbsFDOA; recent_title=AI Creator Lab - Videos,https://www.youtube.com/feeds/videos.xml?channel_id=UCq16V-Y-5v045vI5kbsFDOA,https://www.youtube.com/@AICreatorLab2026/about,"{""follower_count"": {""source"": ""yt-dlp.channel_info"", ""channelId"": ""UCq16V-Y-5v045vI5kbsFDOA"", ""profileUrl"": ""https://www.youtube.com/@AICreatorLab2026""}, ""bio"": {""source"": ""yt-dlp.channel_description"", ""channel_id"": ""UCq16V-Y-5v045vI5kbsFDOA"", ""preview"": ""Welcome to AI Creator Lab \u2014 your go-to channel for the best AI tools, automation strategies, and con""}, ""aigc_verdict"": {""source"": ""ollama.llama3.2"", ""verdict"": ""yes"", ""details"": ""Rule-based keyword extraction fallback""}, ""recent_uploads"": {""sample"": ""https://www.youtube.com/@AICreatorLab2026/videos"", ""sample_title"": ""AI Creator Lab - Videos""}}"
https://www.tiktok.com/@aiartdaily,@aiartdaily,YouTube,0,,,,2026-09-11T07:41:20Z,,English,GenAI,https://www.tiktok.com/@aiartdaily,yes,,,TikTok scrape: followers=0; bio_link=none,https://www.tiktok.com/@aiartdaily,https://www.tiktok.com/@aiartdaily,"{""platform"": ""TikTok"", ""handle"": ""@aiartdaily"", ""bio_preview"": ""No bio yet."", ""external_link"": """", ""aigc_verdict"": ""yes"", ""ai_reasoning"": ""Rule-based keyword fallback""}"
https://www.youtube.com/@AIArtDaily,Noba- editx,YouTube,16,,,,2026-09-11T07:41:39Z,,English,GenAI,https://www.youtube.com/shorts/3-x7IR5rVLE,no,,,api_refresh: YouTube subscribers=16; videos=None; channelId=UCpBWYLkUlDW26zqF9o4V7tQ; recent_title=Army life is not easy,https://www.youtube.com/feeds/videos.xml?channel_id=UCpBWYLkUlDW26zqF9o4V7tQ,https://www.youtube.com/@AIArtDaily/about,"{""follower_count"": {""source"": ""yt-dlp.channel_info"", ""channelId"": ""UCpBWYLkUlDW26zqF9o4V7tQ"", ""profileUrl"": ""https://www.youtube.com/@AIArtDaily""}, ""bio"": {""source"": ""yt-dlp.channel_description"", ""channel_id"": ""UCpBWYLkUlDW26zqF9o4V7tQ"", ""preview"": """"}, ""aigc_verdict"": {""source"": ""ollama.llama3.2"", ""verdict"": ""no"", ""details"": ""Rule-based keyword extraction fallback""}, ""recent_uploads"": {""sample"": ""https://www.youtube.com/shorts/3-x7IR5rVLE"", ""sample_title"": ""Army life is not easy""}}"
https://www.tiktok.com/@pro_ai_artist,@pro_ai_artist,TikTok,112.1K,,,,2026-09-15T02:34:50Z,,English,GenAI,https://www.tiktok.com/@pro_ai_artist,yes,,web_search: AI video TikTok creators,TikTok scrape: followers=112.1K; bio_link=none,https://www.tiktok.com/@pro_ai_artist,https://www.tiktok.com/@pro_ai_artist,"{""platform"": ""TikTok"", ""handle"": ""@pro_ai_artist"", ""bio_preview"": ""t536g6sk"", ""external_link"": """", ""aigc_verdict"": ""yes"", ""ai_reasoning"": ""Rule-based keyword fallback""}"
https://www.tiktok.com/@3d_aimix,@3d_aimix,TikTok,13K,,,,,,English,,,yes,,web_search: AI video TikTok creators,TikTok scrape: followers=13K; bio_link=play.google.com,,,
https://www.tiktok.com/@aicenturystudios,@aicenturystudios,TikTok,199.6K,,,,,,English,,,yes,,web_search: AI video TikTok creators,TikTok scrape: followers=199.6K; AI video tutorials,,,
https://www.tiktok.com/@arie.blu,@arie.blu,TikTok,3297,,,,2026-09-15T02:06:20Z,,English,GenAI,beacons.ai/arieblu,yes,,,TikTok scrape: followers=3297; bio_link=beacons.ai/arieblu,https://www.tiktok.com/@arie.blu,https://www.tiktok.com/@arie.blu,"{""platform"": ""TikTok"", ""handle"": ""@arie.blu"", ""bio_preview"": ""\ud835\uddd4\ud835\uddff\ud835\uddf6\ud835\uddf2 \ud835\uddd5\ud835\uddf9\ud835\ude02 \u2022 \ud835\udde5\ud835\uddee\ud835\uddfd\ud835\uddfd\ud835\uddf2\ud835\uddff & \ud835\udde5&\ud835\uddd5 \ud835\uddd4\ud835\uddff\ud835\ude01\ud835\uddf6\ud835\ude00\ud835\ude01\nAI Artist"", ""external_link"": ""beacons.ai/arieblu"", ""aigc_verdict"": ""yes"", ""ai_reasoning"": ""Rule-based keyword fallback""}"
https://www.tiktok.com/@christheaimusicpreneur,@christheaimusicpreneur,TikTok,9109,,,,2026-09-15T02:07:02Z,,English,GenAI,aimusicpreneur.com/,yes,,,TikTok scrape: followers=9109; bio_link=aimusicpreneur.com/,https://www.tiktok.com/@christheaimusicpreneur,https://www.tiktok.com/@christheaimusicpreneur,"{""platform"": ""TikTok"", ""handle"": ""@christheaimusicpreneur"", ""bio_preview"": ""\ud83c\udfa7 #1 AI Guide for Music Pros\n\ud83d\udcc8 40K+ readers \u00b7 300K+ monthly views\n\ud83c\udfc6 @thesiqa Creative Council \u00b7 20 y"", ""external_link"": ""aimusicpreneur.com/"", ""aigc_verdict"": ""yes"", ""ai_reasoning"": ""Rule-based keyword fallback""}"
https://www.tiktok.com/@nyxstarlight,@nyxstarlight,TikTok,3717,,,,2026-09-15T02:07:03Z,,English,GenAI,linktr.ee/nyxstarlight,hybrid,,,TikTok scrape: followers=3717; bio_link=linktr.ee/nyxstarlight,https://www.tiktok.com/@nyxstarlight,https://www.tiktok.com/@nyxstarlight,"{""platform"": ""TikTok"", ""handle"": ""@nyxstarlight"", ""bio_preview"": ""An artist who is trying her best. Check out my work!"", ""external_link"": ""linktr.ee/nyxstarlight"", ""aigc_verdict"": ""hybrid"", ""ai_reasoning"": ""Rule-based keyword fallback""}"
https://civitai.com/user/Kittyglyph,@Kittyglyph,Civitai,,,,,2026-09-15T02:09:25Z,,English,LoRA,https://civitai.com/user/Kittyglyph,yes,,,"Civitai API: models=14; tags=side shot, turn, elderly, rotate, side",https://civitai.com/user/Kittyglyph/models,https://civitai.com/user/Kittyglyph,"{""platform"": ""Civitai"", ""username"": ""Kittyglyph"", ""model_count"": 14, ""top_tags"": [""side shot"", ""turn"", ""elderly"", ""rotate"", ""side""], ""aigc_verdict"": ""yes"", ""ai_reasoning"": ""Rule-based fallback for Civitai creator""}"
https://www.tiktok.com/@templify.app,@templify.app,TikTok,18.3K,,,,2026-09-15T02:16:49Z,,English,GenAI,https://www.tiktok.com/@templify.app,yes,,,TikTok scrape: followers=18.3K; bio_link=none,https://www.tiktok.com/@templify.app,https://www.tiktok.com/@templify.app,"{""platform"": ""TikTok"", ""handle"": ""@templify.app"", ""bio_preview"": ""ai video and photo editor for beginners and pros. Templify enables everyone to be a creator!"", ""external_link"": """", ""aigc_verdict"": ""yes"", ""ai_reasoning"": ""Rule-based keyword fallback""}"
https://www.instagram.com/dreamfall.art,@dreamfall.art,Instagram,2M,,,,2026-09-15T02:17:20Z,,English,GenAI,https://www.instagram.com/dreamfall.art,yes,,,Playwright scrape: followers=2M,https://www.instagram.com/dreamfall.art,https://www.instagram.com/dreamfall.art,"{""platform"": ""Instagram"", ""handle"": ""@dreamfall.art"", ""og_description"": ""2M Followers, 85 Following, 428 Posts - See Instagram photos and videos from Maria Rubtsova (@dreamfall.art)"", ""aigc_verdict"": ""yes""}"
https://www.youtube.com/channel/UCVljMxlPv99oN-zwLNlc7wA,Jack Craig,YouTube,252000,,,,2026-09-15T02:17:40Z,,English,GenAI,https://www.youtube.com/watch?v=sKejab-4Rmw,no,,,api_refresh: YouTube subscribers=252000; videos=None; channelId=UCVljMxlPv99oN-zwLNlc7wA; recent_title=I BLEW UP a Beginner's YouTube Channel in 7 Days,https://www.youtube.com/feeds/videos.xml?channel_id=UCVljMxlPv99oN-zwLNlc7wA,https://www.youtube.com/channel/UCVljMxlPv99oN-zwLNlc7wA/about,"{""follower_count"": {""source"": ""yt-dlp.channel_info"", ""channelId"": ""UCVljMxlPv99oN-zwLNlc7wA"", ""profileUrl"": ""https://www.youtube.com/channel/UCVljMxlPv99oN-zwLNlc7wA""}, ""bio"": {""source"": ""yt-dlp.channel_description"", ""channel_id"": ""UCVljMxlPv99oN-zwLNlc7wA"", ""preview"": ""Results Based YouTube Education\nEST 2023""}, ""aigc_verdict"": {""source"": ""ollama.llama3.2"", ""verdict"": ""no"", ""details"": ""Rule-based keyword extraction fallback""}, ""recent_uploads"": {""sample"": ""https://www.youtube.com/watch?v=sKejab-4Rmw"", ""sample_title"": ""I BLEW UP a Beginner's YouTube Channel in 7 Days""}}"
https://www.youtube.com/@AIArtChannel,AI Art Channel,YouTube,25,,,,2026-09-15T02:18:54Z,,English,GenAI,https://www.youtube.com/@AIArtChannel/videos,yes,,,api_refresh: YouTube subscribers=25; videos=2; channelId=UCb53Kgqhd5RTY7aq8EfLiBw; recent_title=AI Art Channel - Videos,https://www.youtube.com/feeds/videos.xml?channel_id=UCb53Kgqhd5RTY7aq8EfLiBw,https://www.youtube.com/@AIArtChannel/about,"{""follower_count"": {""source"": ""yt-dlp.channel_info"", ""channelId"": ""UCb53Kgqhd5RTY7aq8EfLiBw"", ""profileUrl"": ""https://www.youtube.com/@AIArtChannel""}, ""bio"": {""source"": ""yt-dlp.channel_description"", ""channel_id"": ""UCb53Kgqhd5RTY7aq8EfLiBw"", ""preview"": ""Imagine a world where technology and creativity become one.\nIn this channel, we bring you AI-generat""}, ""aigc_verdict"": {""source"": ""ollama.llama3.2"", ""verdict"": ""yes"", ""details"": ""Rule-based keyword extraction fallback""}, ""recent_uploads"": {""sample"": ""https://www.youtube.com/@AIArtChannel/videos"", ""sample_title"": ""AI Art Channel - Videos""}}"
https://www.instagram.com/drewkav.art,@drewkav.art,Instagram,"4,121",,,,2026-09-15T02:19:35Z,,English,GenAI,https://www.instagram.com/drewkav.art,yes,,,"Playwright scrape: followers=4,121",https://www.instagram.com/drewkav.art,https://www.instagram.com/drewkav.art,"{""platform"": ""Instagram"", ""handle"": ""@drewkav.art"", ""og_description"": ""4,121 Followers, 1,347 Following, 3,245 Posts - See Instagram photos and videos from Andrew Kavanagh \u2022 Digital Artist (@"", ""aigc_verdict"": ""yes""}"
https://www.tiktok.com/@aitopia,@aitopia,TikTok,136.1K,,,,2026-09-15T02:30:29Z,,English,GenAI,t.me/aitopiart,yes,,,TikTok scrape: followers=136.1K; bio_link=t.me/aitopiart,https://www.tiktok.com/@aitopia,https://www.tiktok.com/@aitopia,"{""platform"": ""TikTok"", ""handle"": ""@aitopia"", ""bio_preview"": ""AI Art | Discover the magic of AI-generated art \ud83c\udfa8"", ""external_link"": ""t.me/aitopiart"", ""aigc_verdict"": ""yes"", ""ai_reasoning"": ""Rule-based keyword fallback""}"
https://www.instagram.com/julian_ai_art,@julian_ai_art,Instagram,59K,,,,2026-09-15T02:31:05Z,,English,GenAI,https://www.instagram.com/julian_ai_art,yes,,,Playwright scrape: followers=59K,https://www.instagram.com/julian_ai_art,https://www.instagram.com/julian_ai_art,"{""platform"": ""Instagram"", ""handle"": ""@julian_ai_art"", ""og_description"": ""59K Followers, 723 Following, 302 Posts - See Instagram photos and videos from Julian van Dieken (@julian_ai_art)"", ""aigc_verdict"": ""yes""}"
https://www.instagram.com/aiartzyn,@aiartzyn,Instagram,75K,,,,2026-09-15T02:31:33Z,,English,GenAI,https://www.instagram.com/aiartzyn,yes,,,Playwright scrape: followers=75K,https://www.instagram.com/aiartzyn,https://www.instagram.com/aiartzyn,"{""platform"": ""Instagram"", ""handle"": ""@aiartzyn"", ""og_description"": ""75K Followers, 153 Following, 263 Posts - See Instagram photos and videos from Z Y N | A.i Creator | A.i Editor (@aiar"", ""aigc_verdict"": ""yes""}"
https://www.instagram.com/sahilverma.ai,@sahilverma.ai,Instagram,637K,,,,2026-09-15T02:35:38Z,,English,GenAI,https://www.instagram.com/sahilverma.ai,yes,,,Playwright scrape: followers=637K,https://www.instagram.com/sahilverma.ai,https://www.instagram.com/sahilverma.ai,"{""platform"": ""Instagram"", ""handle"": ""@sahilverma.ai"", ""og_description"": ""637K Followers, 495 Following, 655 Posts - See Instagram photos and videos from Sahil Verma (@sahilverma.ai)"", ""aigc_verdict"": ""yes""}"
https://www.instagram.com/revid_ai,@revid_ai,Instagram,"6,917",,,,2026-09-15T02:36:04Z,,English,GenAI,https://www.instagram.com/revid_ai,yes,,,"Playwright scrape: followers=6,917",https://www.instagram.com/revid_ai,https://www.instagram.com/revid_ai,"{""platform"": ""Instagram"", ""handle"": ""@revid_ai"", ""og_description"": ""6,917 Followers, 6 Following, 264 Posts - See Instagram photos and videos from (@revid_ai)"", ""aigc_verdict"": ""yes""}"
https://www.instagram.com/aicean_ai,@aicean_ai,Instagram,10K,,,,2026-09-15T02:36:35Z,,English,GenAI,https://www.instagram.com/aicean_ai,yes,,,Playwright scrape: followers=10K,https://www.instagram.com/aicean_ai,https://www.instagram.com/aicean_ai,"{""platform"": ""Instagram"", ""handle"": ""@aicean_ai"", ""og_description"": ""10K Followers, 7 Following, 188 Posts - See Instagram photos and videos from Aicean (@aicean_ai)"", ""aigc_verdict"": ""yes""}"
https://www.tiktok.com/@animeseries156,@animeseries156,TikTok,230.1K,,,,2026-09-15T02:37:00Z,,English,GenAI,https://www.tiktok.com/@animeseries156,hybrid,,,TikTok scrape: followers=230.1K; bio_link=none,https://www.tiktok.com/@animeseries156,https://www.tiktok.com/@animeseries156,"{""platform"": ""TikTok"", ""handle"": ""@animeseries156"", ""bio_preview"": ""Hello world"", ""external_link"": """", ""aigc_verdict"": ""hybrid"", ""ai_reasoning"": ""Rule-based keyword fallback""}"
https://www.instagram.com/kaigenerated/,@kaigenerated,Instagram,38K,,,,2026-09-15T02:46:11Z,,English,GenAI,https://www.instagram.com/kaigenerated/,yes,,,Playwright scrape: followers=38K,https://www.instagram.com/kaigenerated/,https://www.instagram.com/kaigenerated/,"{""platform"": ""Instagram"", ""handle"": ""@kaigenerated"", ""og_description"": ""38K Followers, 2,935 Following, 134 Posts - See Instagram photos and videos from Kai | Ai Creative (@kaigenerated)"", ""aigc_verdict"": ""yes""}"
https://www.instagram.com/serenegen.ai/,@serenegen.ai,Instagram,41K,,,,2026-09-15T02:46:42Z,,English,GenAI,https://www.instagram.com/serenegen.ai/,yes,,,Playwright scrape: followers=41K,https://www.instagram.com/serenegen.ai/,https://www.instagram.com/serenegen.ai/,"{""platform"": ""Instagram"", ""handle"": ""@serenegen.ai"", ""og_description"": ""41K Followers, 984 Following, 219 Posts - See Instagram photos and videos from SereneGen | AI Visual Artist (@serenegen."", ""aigc_verdict"": ""yes""}"
https://www.instagram.com/edward_dreamcast/,@edward_dreamcast,Instagram,"2,994",,,,2026-09-15T02:47:10Z,,English,GenAI,https://www.instagram.com/edward_dreamcast/,hybrid,,,"Playwright scrape: followers=2,994",https://www.instagram.com/edward_dreamcast/,https://www.instagram.com/edward_dreamcast/,"{""platform"": ""Instagram"", ""handle"": ""@edward_dreamcast"", ""og_description"": ""2,994 Followers, 2,591 Following, 193 Posts - See Instagram photos and videos from Edward Dreamcast (@edward_dreamcast)"", ""aigc_verdict"": ""hybrid""}"
https://www.instagram.com/sheisinblack.art/,@sheisinblack.art,Instagram,327K,,,,2026-09-15T02:47:39Z,,English,GenAI,https://www.instagram.com/sheisinblack.art/,yes,,,Playwright scrape: followers=327K,https://www.instagram.com/sheisinblack.art/,https://www.instagram.com/sheisinblack.art/,"{""platform"": ""Instagram"", ""handle"": ""@sheisinblack.art"", ""og_description"": ""327K Followers, 2,251 Following, 257 Posts - See Instagram photos and videos from Sheisinblack.art (@sheisinblack.art)"", ""aigc_verdict"": ""yes""}"
https://www.tiktok.com/@jadencoyer_/,@jadencoyer_,TikTok,408.5K,jadencoyer@rakugomedia.com,,,2026-09-15T02:48:16Z,,English,GenAI,solo.to/jadencoyer,hybrid,,,TikTok scrape: followers=408.5K; bio_link=solo.to/jadencoyer,https://www.tiktok.com/@jadencoyer_/,https://www.tiktok.com/@jadencoyer_/,"{""platform"": ""TikTok"", ""handle"": ""@jadencoyer_"", ""bio_preview"": ""\ud83d\udcf8 | Making Tech Less Boring\n\ud83d\udce7 | jadencoyer@rakugomedia.com \ud83c\uddfa\ud83c\uddf8\n\u2b07\ufe0f | Socials, Links, Resources \u2b07\ufe0f"", ""external_link"": ""solo.to/jadencoyer"", ""aigc_verdict"": ""hybrid"", ""ai_reasoning"": ""Rule-based keyword fallback""}"
https://www.tiktok.com/@ai.baddies0,@ai.baddies0,TikTok,1010,,,,2026-09-15T02:55:47Z,,English,GenAI,https://www.tiktok.com/@ai.baddies0,yes,,,TikTok scrape: followers=1010; bio_link=none,https://www.tiktok.com/@ai.baddies0,https://www.tiktok.com/@ai.baddies0,"{""platform"": ""TikTok"", ""handle"": ""@ai.baddies0"", ""bio_preview"": ""\ud83d\udc7eAI Generated ASMR | Follow me for more content"", ""external_link"": """", ""aigc_verdict"": ""yes"", ""ai_reasoning"": ""Rule-based keyword fallback""}"
https://www.tiktok.com/@creativegpt,@creativegpt,TikTok,1310,,,,2026-09-15T02:56:12Z,,English,GenAI,linktr.ee/creativegpt,hybrid,,,TikTok scrape: followers=1310; bio_link=linktr.ee/creativegpt,https://www.tiktok.com/@creativegpt,https://www.tiktok.com/@creativegpt,"{""platform"": ""TikTok"", ""handle"": ""@creativegpt"", ""bio_preview"": ""\ud83d\udc1d Join OpenHive on Discord:"", ""external_link"": ""linktr.ee/creativegpt"", ""aigc_verdict"": ""hybrid"", ""ai_reasoning"": ""Rule-based keyword fallback""}"
https://www.instagram.com/soravjain/,@soravjain,Instagram,542K,,,,2026-09-15T02:56:38Z,,English,Sora,https://www.instagram.com/soravjain/,yes,,,Playwright scrape: followers=542K,https://www.instagram.com/soravjain/,https://www.instagram.com/soravjain/,"{""platform"": ""Instagram"", ""handle"": ""@soravjain"", ""og_description"": ""542K Followers, 879 Following, 3,794 Posts - See Instagram photos and videos from (@soravjain)"", ""aigc_verdict"": ""yes""}"
https://www.threads.net/@justmouche,@justmouche,Threads,"1,026",not exposed,,,2026-09-15T02:57:16Z,,English,GenAI,https://l.threads.com/?u=https%3A%2F%2Fyoutu.be%2F1Dv_7Fn_ozs%3Fsi%3D_6FtCI447zcp-0qz&e=AUCUS9auQaEL0QQi8NB7x2rfDfkQDT19XaAP2qZzGLLbH6Z68bzvoerDPL-YA6LVASi3Vlfn3P-71UAGdg3RMdJIEkW6jye8wNUbkjFso_CJI6T8,yes,,,"Threads scrape: followers=1,026; bio_preview=1.0K Followers • 95 Threads • 📺10+ Years of Experience worki",https://www.threads.net/@justmouche,https://www.threads.net/@justmouche,"{""platform"": ""Threads"", ""handle"": ""@justmouche"", ""bio_preview"": ""1.0K Followers \u2022 95 Threads \u2022 \ud83d\udcfa10+ Years of Experience working BTS in Hollywood \n\u2b50\ufe0fWorked for Adam S"", ""external_link"": ""https://l.threads.com/?u=https%3A%2F%2Fyoutu.be%2F1Dv_7Fn_ozs%3Fsi%3D_6FtCI447zcp-0qz&e=AUCUS9auQaEL0QQi8NB7x2rfDfkQDT19XaAP2qZzGLLbH6Z68bzvoerDPL-YA6LVASi3Vlfn3P-71UAGdg3RMdJIEkW6jye8wNUbkjFso_CJI6T8"", ""aigc_verdict"": ""yes"", ""ai_reasoning"": ""Rule-based keyword fallback""}"
https://www.threads.net/@aifilms.ai,@aifilms.ai,Threads,"3,556",not exposed,,,2026-09-15T02:57:46Z,,English,GenAI,https://l.threads.com/?u=https%3A%2F%2Fstudio.aifilms.ai%2F&e=AUAsoEf5QRiF8d6Ne2DNWJHbMttzbNSMlT8AcVFMfznB7vmla09hyYWxQSogpU_Og6fgZkLWivttAd6LQiFAjzl_CCl8-hn3EC1DUFZkFTH2aR2O,yes,,,"Threads scrape: followers=3,556; bio_preview=3.6K Followers • 786 Threads • · AI FILMS Online Studio for ",https://www.threads.net/@aifilms.ai,https://www.threads.net/@aifilms.ai,"{""platform"": ""Threads"", ""handle"": ""@aifilms.ai"", ""bio_preview"": ""3.6K Followers \u2022 786 Threads \u2022 \u00b7 AI FILMS Online Studio for everyone and soon Streaming platform. \n\u00b7"", ""external_link"": ""https://l.threads.com/?u=https%3A%2F%2Fstudio.aifilms.ai%2F&e=AUAsoEf5QRiF8d6Ne2DNWJHbMttzbNSMlT8AcVFMfznB7vmla09hyYWxQSogpU_Og6fgZkLWivttAd6LQiFAjzl_CCl8-hn3EC1DUFZkFTH2aR2O"", ""aigc_verdict"": ""yes"", ""ai_reasoning"": ""Rule-based keyword fallback""}"
https://www.threads.net/@maxescu,@maxescu,Threads,"2,946",not exposed,,,2026-09-15T02:58:16Z,,English,GenAI,https://l.threads.com/?u=https%3A%2F%2Fyoutube.com%2F%40supermaxai&e=AUALMOBL6U7-Jx8dPi1o3idyqdJC2CetPMbJe2JFz59eW0ThaksrHFTlr45KpDGgQK1LA4cAQnYQlPuw8FkVQEWDD77_aFGBAuV-FIPCti-Semuy,yes,,,"Threads scrape: followers=2,946; bio_preview=2.9K Followers • 489 Threads • Co-founder of Massive Studios",https://www.threads.net/@maxescu,https://www.threads.net/@maxescu,"{""platform"": ""Threads"", ""handle"": ""@maxescu"", ""bio_preview"": ""2.9K Followers \u2022 489 Threads \u2022 Co-founder of Massive Studios\nI have fun with AI.\nDMs are open. See t"", ""external_link"": ""https://l.threads.com/?u=https%3A%2F%2Fyoutube.com%2F%40supermaxai&e=AUALMOBL6U7-Jx8dPi1o3idyqdJC2CetPMbJe2JFz59eW0ThaksrHFTlr45KpDGgQK1LA4cAQnYQlPuw8FkVQEWDD77_aFGBAuV-FIPCti-Semuy"", ""aigc_verdict"": ""yes"", ""ai_reasoning"": ""Rule-based keyword fallback""}"
http://youtube.com/c/SciencephiletheAI,Sciencephile the AI,YouTube,1110000,,,,2026-09-15T02:58:36Z,,English,GenAI,http://www.youtube.com/c/SciencephiletheAI/videos,yes,,,api_refresh: YouTube subscribers=1110000; videos=2; channelId=UC7BhHN8NyMMru2RUygnDXSg; recent_title=Sciencephile the AI - Videos,https://www.youtube.com/feeds/videos.xml?channel_id=UC7BhHN8NyMMru2RUygnDXSg,http://youtube.com/c/SciencephiletheAI/about,"{""follower_count"": {""source"": ""yt-dlp.channel_info"", ""channelId"": ""UC7BhHN8NyMMru2RUygnDXSg"", ""profileUrl"": ""http://youtube.com/c/SciencephiletheAI""}, ""bio"": {""source"": ""yt-dlp.channel_description"", ""channel_id"": ""UC7BhHN8NyMMru2RUygnDXSg"", ""preview"": ""Smile, life is meaningless.\n""}, ""aigc_verdict"": {""source"": ""ollama.llama3.2"", ""verdict"": ""yes"", ""details"": ""Rule-based keyword extraction fallback""}, ""recent_uploads"": {""sample"": ""http://www.youtube.com/c/SciencephiletheAI/videos"", ""sample_title"": ""Sciencephile the AI - Videos""}}"
https://www.threads.net/@markmazuco,@markmazuco,Threads,44,not exposed,,,2026-09-15T02:59:11Z,,English,GenAI,https://l.threads.com/?u=https%3A%2F%2Fburlingtonpac.ca%2Fboard%2Fmark-mazuco%2F&e=AUBj6mPPuKKLqMtERKtxCWA5z5FKbYhrpphDIQlPjT9sWElZmMAb0234IowiYs_RsOFpGYOiGLkzcS5g6LwQt7MiO5Tl2i7TcCsBesOVrCZjtGPm,hybrid,,,"Threads scrape: followers=44; bio_preview=44 Followers • 44 Threads • 🇨🇦 York Region, Ontario. 2024 O",https://www.threads.net/@markmazuco,https://www.threads.net/@markmazuco,"{""platform"": ""Threads"", ""handle"": ""@markmazuco"", ""bio_preview"": ""44 Followers \u2022 44 Threads \u2022 \ud83c\udde8\ud83c\udde6 York Region, Ontario. \n2024 Ontario Model Parliament MPP \nPolitical b"", ""external_link"": ""https://l.threads.com/?u=https%3A%2F%2Fburlingtonpac.ca%2Fboard%2Fmark-mazuco%2F&e=AUBj6mPPuKKLqMtERKtxCWA5z5FKbYhrpphDIQlPjT9sWElZmMAb0234IowiYs_RsOFpGYOiGLkzcS5g6LwQt7MiO5Tl2i7TcCsBesOVrCZjtGPm"", ""aigc_verdict"": ""hybrid"", ""ai_reasoning"": ""Rule-based keyword fallback""}"
https://www.threads.net/@minhsmind,@minhsmind,Threads,"2,635",not exposed,,,2026-09-15T03:44:55Z,,English,GenAI,https://www.threads.net/@minhsmind,yes,,,"Threads scrape: followers=2,635; bio_preview=2.6K Followers • 462 Threads • tweeting about the ai creativ",https://www.threads.net/@minhsmind,,"{""platform"": ""Threads"", ""handle"": ""@minhsmind"", ""bio_preview"": ""2.6K Followers \u2022 462 Threads \u2022 tweeting about the ai creative world. running genjams\u2122 weekly. cofoun"", ""external_link"": """", ""aigc_verdict"": ""yes"", ""ai_reasoning"": ""Rule-based keyword fallback""}"
https://www.tiktok.com/@itsblais,@itsblais,TikTok,8940,,,,2026-09-15T03:09:22Z,,English,Midjourney,blaisai.com,yes,,,TikTok scrape: followers=8940; bio_link=blaisai.com,https://www.tiktok.com/@itsblais,https://www.tiktok.com/@itsblais,"{""platform"": ""TikTok"", ""handle"": ""@itsblais"", ""bio_preview"": ""\ud83c\udfac Blais AI Prompt Generator | Create \ud83d\udd25 AI Art w/ Midjourney, Kling & more! \u2b07\ufe0f"", ""external_link"": ""blaisai.com"", ""aigc_verdict"": ""yes"", ""ai_reasoning"": ""Rule-based keyword fallback""}"
https://www.tiktok.com/@ivan_ai,@ivan_ai,TikTok,68.9K,,,,2026-09-15T03:09:51Z,,English,GenAI,https://www.tiktok.com/@ivan_ai,yes,,,TikTok scrape: followers=68.9K; bio_link=none,https://www.tiktok.com/@ivan_ai,https://www.tiktok.com/@ivan_ai,"{""platform"": ""TikTok"", ""handle"": ""@ivan_ai"", ""bio_preview"": ""Ai generated things for your viewing pleasure! \ud83e\udd16"", ""external_link"": """", ""aigc_verdict"": ""yes"", ""ai_reasoning"": ""Rule-based keyword fallback""}"
https://www.tiktok.com/@ai_creator92,@ai_creator92,TikTok,2,,,,2026-09-15T03:10:15Z,,English,GenAI,https://www.tiktok.com/@ai_creator92,yes,,,TikTok scrape: followers=2; bio_link=none,https://www.tiktok.com/@ai_creator92,https://www.tiktok.com/@ai_creator92,"{""platform"": ""TikTok"", ""handle"": ""@ai_creator92"", ""bio_preview"": ""Videos"", ""external_link"": """", ""aigc_verdict"": ""yes"", ""ai_reasoning"": ""Rule-based keyword fallback""}"
https://www.tiktok.com/@biomakers.ai,@biomakers.ai,TikTok,,,,,2026-09-15T03:10:40Z,,English,GenAI,https://www.tiktok.com/@biomakers.ai,yes,,,TikTok scrape: followers=N/A; bio_link=none,https://www.tiktok.com/@biomakers.ai,https://www.tiktok.com/@biomakers.ai,"{""platform"": ""TikTok"", ""handle"": ""@biomakers.ai"", ""bio_preview"": """", ""external_link"": """", ""aigc_verdict"": ""yes"", ""ai_reasoning"": ""Rule-based keyword fallback""}"
https://www.tiktok.com/@the.rachel.woods,@the.rachel.woods,TikTok,,,,,2026-09-15T03:11:04Z,,English,GenAI,https://www.tiktok.com/@the.rachel.woods,hybrid,,,TikTok scrape: followers=N/A; bio_link=none,https://www.tiktok.com/@the.rachel.woods,https://www.tiktok.com/@the.rachel.woods,"{""platform"": ""TikTok"", ""handle"": ""@the.rachel.woods"", ""bio_preview"": """", ""external_link"": """", ""aigc_verdict"": ""hybrid"", ""ai_reasoning"": ""Rule-based keyword fallback""}"
https://www.instagram.com/aibykatya,@aibykatya,Instagram,128,,,,2026-09-15T03:11:28Z,,English,GenAI,https://www.instagram.com/aibykatya,yes,,,Playwright scrape: followers=128,https://www.instagram.com/aibykatya,https://www.instagram.com/aibykatya,"{""platform"": ""Instagram"", ""handle"": ""@aibykatya"", ""og_description"": ""128 Followers, 10 Following, 15 Posts - See Instagram photos and videos from Katya | AI creator | AI artist (@aibykatya)"", ""aigc_verdict"": ""yes""}"
https://www.threads.net/@aluncreative,@aluncreative,Threads,28.8K,not exposed,,,2026-09-15T03:11:59Z,,English,GenAI,https://l.threads.com/?u=https%3A%2F%2Fstan.store%2Faluncreative&e=AUAhzmJNC_yUs7XL8IDv9rDpwYabtYxiDWxjcXtLaISN6CjQmFp1Zuf8PSXVbNkZsj1CtUVKp-ohgwUhR_CWSfcE57HOkktlTENki16LXKBUqPBA,yes,,,Threads scrape: followers=28.8K; bio_preview=28.9K Followers • 343 Threads • 🎧 Helping you create AI-made,https://www.threads.net/@aluncreative,https://www.threads.net/@aluncreative,"{""platform"": ""Threads"", ""handle"": ""@aluncreative"", ""bio_preview"": ""28.9K Followers \u2022 343 Threads \u2022 \ud83c\udfa7 Helping you create AI-made content that still feels you\n\u2601\ufe0f No ick."", ""external_link"": ""https://l.threads.com/?u=https%3A%2F%2Fstan.store%2Faluncreative&e=AUAhzmJNC_yUs7XL8IDv9rDpwYabtYxiDWxjcXtLaISN6CjQmFp1Zuf8PSXVbNkZsj1CtUVKp-ohgwUhR_CWSfcE57HOkktlTENki16LXKBUqPBA"", ""aigc_verdict"": ""yes"", ""ai_reasoning"": ""Rule-based keyword fallback""}"
https://youtube.com/@LarryHalesAI,Larry Hales,YouTube,857,,,,2026-09-15T03:12:30Z,,English,GenAI,https://www.youtube.com/@LarryHalesAI/videos,yes,,,api_refresh: YouTube subscribers=857; videos=3; channelId=UCue-4ozqeMOC7NpjzfmBjMw; recent_title=Larry Hales - Videos,https://www.youtube.com/feeds/videos.xml?channel_id=UCue-4ozqeMOC7NpjzfmBjMw,https://youtube.com/@LarryHalesAI/about,"{""follower_count"": {""source"": ""yt-dlp.channel_info"", ""channelId"": ""UCue-4ozqeMOC7NpjzfmBjMw"", ""profileUrl"": ""https://youtube.com/@LarryHalesAI""}, ""bio"": {""source"": ""yt-dlp.channel_description"", ""channel_id"": ""UCue-4ozqeMOC7NpjzfmBjMw"", ""preview"": ""This channel is for real estate professionals who are tired of guessing with tech, marketing, and AI""}, ""aigc_verdict"": {""source"": ""ollama.llama3.2"", ""verdict"": ""yes"", ""details"": ""Rule-based keyword extraction fallback""}, ""recent_uploads"": {""sample"": ""https://www.youtube.com/@LarryHalesAI/videos"", ""sample_title"": ""Larry Hales - Videos""}}"
https://www.tiktok.com/@ai.for.real.life,@ai.for.real.life,TikTok,26.5K,,,,2026-09-15T03:12:50Z,,English,GenAI,stan.store/AiForRealLife,yes,,,TikTok scrape: followers=26.5K; bio_link=stan.store/AiForRealLife,https://www.tiktok.com/@ai.for.real.life,https://www.tiktok.com/@ai.for.real.life,"{""platform"": ""TikTok"", ""handle"": ""@ai.for.real.life"", ""bio_preview"": ""AI videos and filmmaking.\nReal workflows, cinematic storytelling, practical tools for creators.\nStor"", ""external_link"": ""stan.store/AiForRealLife"", ""aigc_verdict"": ""yes"", ""ai_reasoning"": ""Rule-based keyword fallback""}"
https://www.instagram.com/thegrind.ai,@thegrind.ai,Instagram,15,,,,2026-09-15T03:13:29Z,,English,GenAI,https://www.instagram.com/thegrind.ai,yes,,,Playwright scrape: followers=15,https://www.instagram.com/thegrind.ai,https://www.instagram.com/thegrind.ai,"{""platform"": ""Instagram"", ""handle"": ""@thegrind.ai"", ""og_description"": ""15 Followers, 0 Following, 6 Posts - See Instagram photos and videos from GrindAI (@thegrind.ai)"", ""aigc_verdict"": ""yes""}"
https://www.tiktok.com/@kevinstratvert,@kevinstratvert,TikTok,487.6K,,,,2026-09-15T03:14:03Z,,English,GenAI,www.kevinstratvert.com/links,hybrid,,,TikTok scrape: followers=487.6K; bio_link=www.kevinstratvert.com/links,https://www.tiktok.com/@kevinstratvert,https://www.tiktok.com/@kevinstratvert,"{""platform"": ""TikTok"", ""handle"": ""@kevinstratvert"", ""bio_preview"": ""High quality tech how to tutorials\n\ud83d\udc47 More power below \ud83d\udc47"", ""external_link"": ""www.kevinstratvert.com/links"", ""aigc_verdict"": ""hybrid"", ""ai_reasoning"": ""Rule-based keyword fallback""}"
https://www.instagram.com/arikuschnir,@arikuschnir,Instagram,64K,,,,2026-09-15T03:22:36Z,,English,GenAI,https://www.instagram.com/arikuschnir,hybrid,,,Playwright scrape: followers=64K,https://www.instagram.com/arikuschnir,https://www.instagram.com/arikuschnir,"{""platform"": ""Instagram"", ""handle"": ""@arikuschnir"", ""og_description"": ""64K Followers, 1,487 Following, 196 Posts - See Instagram photos and videos from Ari Kuschnir (@arikuschnir)"", ""aigc_verdict"": ""hybrid""}"
https://www.instagram.com/cameron.gram,@cameron.gram,Instagram,14K,,,,2026-09-15T03:23:12Z,,English,GenAI,https://www.instagram.com/cameron.gram,hybrid,,,Playwright scrape: followers=14K,https://www.instagram.com/cameron.gram,https://www.instagram.com/cameron.gram,"{""platform"": ""Instagram"", ""handle"": ""@cameron.gram"", ""og_description"": ""14K Followers, 2,120 Following, 247 Posts - See Instagram photos and videos from Cameron Wilson (@cameron.gram)"", ""aigc_verdict"": ""hybrid""}"
https://www.instagram.com/classy_peony,@classy_peony,Instagram,72K,,,,2026-09-15T03:23:38Z,,English,GenAI,https://www.instagram.com/classy_peony,hybrid,,,Playwright scrape: followers=72K,https://www.instagram.com/classy_peony,https://www.instagram.com/classy_peony,"{""platform"": ""Instagram"", ""handle"": ""@classy_peony"", ""og_description"": ""72K Followers, 203 Following, 467 Posts - See Instagram photos and videos from Classy Peony | Digital artist | AI Luxury"", ""aigc_verdict"": ""hybrid""}"
https://www.youtube.com/c/PracticalAIbyRamsri,Practical AI by Ramsri,YouTube,4420,,,,2026-09-15T03:23:58Z,,English,GenAI,https://www.youtube.com/c/PracticalAIbyRamsri/videos,yes,,,api_refresh: YouTube subscribers=4420; videos=2; channelId=UCPiUU-nCV73kHKhLriyZ5ZQ; recent_title=Practical AI by Ramsri - Videos,https://www.youtube.com/feeds/videos.xml?channel_id=UCPiUU-nCV73kHKhLriyZ5ZQ,https://www.youtube.com/c/PracticalAIbyRamsri/about,"{""follower_count"": {""source"": ""yt-dlp.channel_info"", ""channelId"": ""UCPiUU-nCV73kHKhLriyZ5ZQ"", ""profileUrl"": ""https://www.youtube.com/c/PracticalAIbyRamsri""}, ""bio"": {""source"": ""yt-dlp.channel_description"", ""channel_id"": ""UCPiUU-nCV73kHKhLriyZ5ZQ"", ""preview"": ""Hi everyone!\n\nWelcome to my channel \""Practical AI by Ramsri\"".\n\nI am Ramsri with 8+ years of Data Sci""}, ""aigc_verdict"": {""source"": ""ollama.llama3.2"", ""verdict"": ""yes"", ""details"": ""Rule-based keyword extraction fallback""}, ""recent_uploads"": {""sample"": ""https://www.youtube.com/c/PracticalAIbyRamsri/videos"", ""sample_title"": ""Practical AI by Ramsri - Videos""}}"
https://www.tiktok.com/@gregisenberg,@gregisenberg,TikTok,34.3K,,,,2026-09-15T03:24:25Z,,English,GenAI,https://www.tiktok.com/@gregisenberg,yes,,,TikTok scrape: followers=34.3K; bio_link=none,https://www.tiktok.com/@gregisenberg,https://www.tiktok.com/@gregisenberg,"{""platform"": ""TikTok"", ""handle"": ""@gregisenberg"", ""bio_preview"": ""Follow me for startup ideas in the AI age\nHost of The Startup Ideas Podcast"", ""external_link"": """", ""aigc_verdict"": ""yes"", ""ai_reasoning"": ""Rule-based keyword fallback""}"
https://www.threads.net/@educate2elevate.uk,@educate2elevate.uk,Threads,"1,580",not exposed,,,2026-09-15T03:33:07Z,,English,GenAI,https://l.threads.com/?u=https%3A%2F%2Fbeacons.ai%2Feducate2elevate.uk&e=AUB5JE6S3qTwH2QCA4AsmzT5cIlgXrp1qzd-lJAroCX_FlhhvjYLq1efMQ9qdRPGuPswIdERlCJghM4-QRD23z_WXdFNrhhzyOFk_31Y0PteulML,hybrid,,,"Threads scrape: followers=1,580; bio_preview=1.6K Followers • 1.4K Threads • Helping creators ditch tool ",https://www.threads.net/@educate2elevate.uk,https://www.threads.net/@educate2elevate.uk,"{""platform"": ""Threads"", ""handle"": ""@educate2elevate.uk"", ""bio_preview"": ""1.6K Followers \u2022 1.4K Threads \u2022 Helping creators ditch tool chaos\nContent simplified with 1 app \n500"", ""external_link"": ""https://l.threads.com/?u=https%3A%2F%2Fbeacons.ai%2Feducate2elevate.uk&e=AUB5JE6S3qTwH2QCA4AsmzT5cIlgXrp1qzd-lJAroCX_FlhhvjYLq1efMQ9qdRPGuPswIdERlCJghM4-QRD23z_WXdFNrhhzyOFk_31Y0PteulML"", ""aigc_verdict"": ""hybrid"", ""ai_reasoning"": ""Rule-based keyword fallback""}"
https://www.threads.net/@bolta.ai,@bolta.ai,Threads,"3,050",not exposed,,,2026-09-15T03:45:28Z,,English,GenAI,https://l.threads.com/?u=https%3A%2F%2Fbolta.ai%2F&e=AUAwyy_IHP7aF8a0OrZvD0Td7MIq48-iOoW_W5EqUhVQezJqXL8VYrQMvqE22Pxeu-ql5yGwtfJ-q9la_BhEbLKVuNlZwF5jxW00ISCCTCSq7_Rt,yes,,,"Threads scrape: followers=3,050; bio_preview=3.1K Followers • 3K Threads • #1 AI-powered Social Media Cre",https://www.threads.net/@bolta.ai,https://www.threads.net/@bolta.ai,"{""platform"": ""Threads"", ""handle"": ""@bolta.ai"", ""bio_preview"": ""3.1K Followers \u2022 3K Threads \u2022 #1 AI-powered Social Media Creator Workspace\nLet AI do the hard work f"", ""external_link"": ""https://l.threads.com/?u=https%3A%2F%2Fbolta.ai%2F&e=AUAwyy_IHP7aF8a0OrZvD0Td7MIq48-iOoW_W5EqUhVQezJqXL8VYrQMvqE22Pxeu-ql5yGwtfJ-q9la_BhEbLKVuNlZwF5jxW00ISCCTCSq7_Rt"", ""aigc_verdict"": ""yes"", ""ai_reasoning"": ""Rule-based keyword fallback""}"
https://www.youtube.com/watch?v=NobYWaVIQDE,Steffen Miro,YouTube,20600,connect@freedomchannels.com,,,2026-09-15T03:34:07Z,,English,GenAI,,yes,,,api_refresh: YouTube subscribers=20600; videos=N/A; channelId=UCkEj6ePNBpVtBz3-uNh54yg; recent_title=,https://www.youtube.com/feeds/videos.xml?channel_id=UCkEj6ePNBpVtBz3-uNh54yg,https://www.youtube.com/watch?v=NobYWaVIQDE/about,"{""follower_count"": {""source"": ""yt-dlp.channel_info"", ""channelId"": ""UCkEj6ePNBpVtBz3-uNh54yg"", ""profileUrl"": ""https://www.youtube.com/watch?v=NobYWaVIQDE""}, ""bio"": {""source"": ""yt-dlp.channel_description"", ""channel_id"": ""UCkEj6ePNBpVtBz3-uNh54yg"", ""preview"": ""Book a 1/1 call with me - https://jkp2ugd78ct.typeform.com/to/OfLXCy1O?utm_source=steffenmiroextende""}, ""aigc_verdict"": {""source"": ""ollama.llama3.2"", ""verdict"": ""yes"", ""details"": ""Rule-based keyword extraction fallback""}, ""recent_uploads"": {""sample"": """", ""sample_title"": """"}}"
https://www.instagram.com/valentinloiseau.ai/,@valentinloiseau.ai,Instagram,2M,,,,2026-09-15T03:34:37Z,,English,GenAI,https://www.instagram.com/valentinloiseau.ai/,yes,,,Playwright scrape: followers=2M,https://www.instagram.com/valentinloiseau.ai/,https://www.instagram.com/valentinloiseau.ai/,"{""platform"": ""Instagram"", ""handle"": ""@valentinloiseau.ai"", ""og_description"": ""2M Followers, 75 Following, 867 Posts - See Instagram photos and videos from Valentin Loiseau AI (@valentinloiseau.ai)"", ""aigc_verdict"": ""yes""}"
https://www.instagram.com/voilaaiartist/,@voilaaiartist,Instagram,110K,,,,2026-09-15T03:35:10Z,,English,GenAI,https://www.instagram.com/voilaaiartist/,yes,,,Playwright scrape: followers=110K,https://www.instagram.com/voilaaiartist/,https://www.instagram.com/voilaaiartist/,"{""platform"": ""Instagram"", ""handle"": ""@voilaaiartist"", ""og_description"": ""110K Followers, 331 Following, 233 Posts - See Instagram photos and videos from Voila\u0300 Ai Artist App (@voilaaiartist)"", ""aigc_verdict"": ""yes""}"
https://instagram.com/arikuschnir,@arikuschnir,Instagram,64K,,,,2026-09-15T03:42:22Z,,English,GenAI,https://instagram.com/arikuschnir,hybrid,,,Playwright scrape: followers=64K,https://instagram.com/arikuschnir,https://instagram.com/arikuschnir,"{""platform"": ""Instagram"", ""handle"": ""@arikuschnir"", ""og_description"": ""64K Followers, 1,487 Following, 196 Posts - See Instagram photos and videos from Ari Kuschnir (@arikuschnir)"", ""aigc_verdict"": ""hybrid""}"
https://instagram.com/cameron.gram,@cameron.gram,Instagram,14K,,,,2026-09-15T03:42:52Z,,English,GenAI,https://instagram.com/cameron.gram,hybrid,,,Playwright scrape: followers=14K,https://instagram.com/cameron.gram,https://instagram.com/cameron.gram,"{""platform"": ""Instagram"", ""handle"": ""@cameron.gram"", ""og_description"": ""14K Followers, 2,120 Following, 247 Posts - See Instagram photos and videos from Cameron Wilson (@cameron.gram)"", ""aigc_verdict"": ""hybrid""}"
https://instagram.com/boriseldagsen,@boriseldagsen,Instagram,18K,,,,2026-09-15T03:43:19Z,,English,GenAI,https://instagram.com/boriseldagsen,hybrid,,,Playwright scrape: followers=18K,https://instagram.com/boriseldagsen,https://instagram.com/boriseldagsen,"{""platform"": ""Instagram"", ""handle"": ""@boriseldagsen"", ""og_description"": ""18K Followers, 4,303 Following, 2,441 Posts - See Instagram photos and videos from Photomedia Artst & AI Pioneer (@boris"", ""aigc_verdict"": ""hybrid""}"
https://instagram.com/thebiziroom,@thebiziroom,Instagram,"2,169",,,,2026-09-15T03:43:45Z,,English,GenAI,https://instagram.com/thebiziroom,hybrid,,,"Playwright scrape: followers=2,169",https://instagram.com/thebiziroom,https://instagram.com/thebiziroom,"{""platform"": ""Instagram"", ""handle"": ""@thebiziroom"", ""og_description"": ""2,169 Followers, 0 Following, 37 Posts - See Instagram photos and videos from The Bizi Room (@thebiziroom)"", ""aigc_verdict"": ""hybrid""}"
https://www.tiktok.com/@thejustnlife,@thejustnlife,TikTok,,,,,2026-09-15T03:44:12Z,,English,GenAI,https://www.tiktok.com/@thejustnlife,hybrid,,,TikTok scrape: followers=N/A; bio_link=none,https://www.tiktok.com/@thejustnlife,https://www.tiktok.com/@thejustnlife,"{""platform"": ""TikTok"", ""handle"": ""@thejustnlife"", ""bio_preview"": """", ""external_link"": """", ""aigc_verdict"": ""hybrid"", ""ai_reasoning"": ""Rule-based keyword fallback""}"
https://www.instagram.com/theaicreatorclub,@theaicreatorclub,Instagram,301K,,,,2026-09-15T03:55:50Z,,English,GenAI,https://www.instagram.com/theaicreatorclub,yes,,,Playwright scrape: followers=301K,https://www.instagram.com/theaicreatorclub,https://www.instagram.com/theaicreatorclub,"{""platform"": ""Instagram"", ""handle"": ""@theaicreatorclub"", ""og_description"": ""301K Followers, 82 Following, 44 Posts - See Instagram photos and videos from The AI Creator Club\u2122 | AI For Creators (@t"", ""aigc_verdict"": ""yes""}"
https://www.youtube.com/@aiwarehouse,AI Warehouse,YouTube,831000,,,,2026-09-15T07:03:20Z,,English,GenAI,https://www.youtube.com/@aiwarehouse/videos,yes,,,api_refresh: YouTube subscribers=831000; videos=3; channelId=UCMT1Aw4R4nf_sFNDeuJqc6w; recent_title=AI Warehouse - Videos,https://www.youtube.com/feeds/videos.xml?channel_id=UCMT1Aw4R4nf_sFNDeuJqc6w,https://www.youtube.com/@aiwarehouse/about,"{""follower_count"": {""source"": ""yt-dlp.channel_info"", ""channelId"": ""UCMT1Aw4R4nf_sFNDeuJqc6w"", ""profileUrl"": ""https://www.youtube.com/@aiwarehouse""}, ""bio"": {""source"": ""yt-dlp.channel_description"", ""channel_id"": ""UCMT1Aw4R4nf_sFNDeuJqc6w"", ""preview"": ""We train AI to do fun things! Everything on the channel was created specifically for this channel (u""}, ""aigc_verdict"": {""source"": ""ollama.llama3.2"", ""verdict"": ""yes"", ""details"": ""Rule-based keyword extraction fallback""}, ""recent_uploads"": {""sample"": ""https://www.youtube.com/@aiwarehouse/videos"", ""sample_title"": ""AI Warehouse - Videos""}}"
https://www.youtube.com/@liamottley,Liam Ottley,YouTube,850000,,,,2026-09-15T06:59:35Z,,English,GenAI,https://www.youtube.com/@liamottley/videos,yes,,,api_refresh: YouTube subscribers=850000; videos=3; channelId=UCui4jxDaMb53Gdh-AZUTPAg; recent_title=Liam Ottley - Videos,https://www.youtube.com/feeds/videos.xml?channel_id=UCui4jxDaMb53Gdh-AZUTPAg,https://www.youtube.com/@liamottley/about,"{""follower_count"": {""source"": ""yt-dlp.channel_info"", ""channelId"": ""UCui4jxDaMb53Gdh-AZUTPAg"", ""profileUrl"": ""https://www.youtube.com/@liamottley""}, ""bio"": {""source"": ""yt-dlp.channel_description"", ""channel_id"": ""UCui4jxDaMb53Gdh-AZUTPAg"", ""preview"": ""I\u2019m an AI entrepreneur from New Zealand. In 2023 I created the 'AI Automation Agency' or 'AAA' model""}, ""aigc_verdict"": {""source"": ""ollama.llama3.2"", ""verdict"": ""yes"", ""details"": ""Rule-based keyword extraction fallback""}, ""recent_uploads"": {""sample"": ""https://www.youtube.com/@liamottley/videos"", ""sample_title"": ""Liam Ottley - Videos""}}"
https://www.youtube.com/@AllAboutAI,All About AI,YouTube,226000,kbfseo@gmail.com,,,2026-09-15T06:59:54Z,,English,GenAI,https://www.youtube.com/@AllAboutAI/videos,yes,,,api_refresh: YouTube subscribers=226000; videos=3; channelId=UCR9j1jqqB5Rse69wjUnbYwA; recent_title=All About AI - Videos,https://www.youtube.com/feeds/videos.xml?channel_id=UCR9j1jqqB5Rse69wjUnbYwA,https://www.youtube.com/@AllAboutAI/about,"{""follower_count"": {""source"": ""yt-dlp.channel_info"", ""channelId"": ""UCR9j1jqqB5Rse69wjUnbYwA"", ""profileUrl"": ""https://www.youtube.com/@AllAboutAI""}, ""bio"": {""source"": ""yt-dlp.channel_description"", ""channel_id"": ""UCR9j1jqqB5Rse69wjUnbYwA"", ""preview"": ""Welcome to my channel All About AI =)\n\nContact:\nkbfseo@gmail.com\n\nHow you can start to use Generativ""}, ""aigc_verdict"": {""source"": ""ollama.llama3.2"", ""verdict"": ""yes"", ""details"": ""Rule-based keyword extraction fallback""}, ""recent_uploads"": {""sample"": ""https://www.youtube.com/@AllAboutAI/videos"", ""sample_title"": ""All About AI - Videos""}}"
https://www.youtube.com/channel/UCprYDNac8G1-yBwXA-LgkFg,Skill leap Ai,YouTube,338k,,,,2026-09-15T07:00:13Z,,English,GenAI,,no,,,api_refresh: YouTube subscribers=N/A; videos=0; channelId=UCprYDNac8G1-yBwXA-LgkFg; recent_title=,https://www.youtube.com/feeds/videos.xml?channel_id=UCprYDNac8G1-yBwXA-LgkFg,https://www.youtube.com/channel/UCprYDNac8G1-yBwXA-LgkFg/about,"{""follower_count"": {""source"": ""yt-dlp.channel_info"", ""channelId"": ""UCprYDNac8G1-yBwXA-LgkFg"", ""profileUrl"": ""https://www.youtube.com/channel/UCprYDNac8G1-yBwXA-LgkFg""}, ""bio"": {""source"": ""yt-dlp.channel_description"", ""channel_id"": ""UCprYDNac8G1-yBwXA-LgkFg"", ""preview"": """"}, ""aigc_verdict"": {""source"": ""ollama.llama3.2"", ""verdict"": ""no"", ""details"": ""Rule-based keyword extraction fallback""}, ""recent_uploads"": {""sample"": """", ""sample_title"": """"}}"
https://www.tiktok.com/@kevinfremon,@kevinfremon,TikTok,25.7K,,,,2026-09-15T07:00:39Z,,English,GenAI,www.lightbulbmoment.com/links,yes,,,TikTok scrape: followers=25.7K; bio_link=www.lightbulbmoment.com/links,https://www.tiktok.com/@kevinfremon,https://www.tiktok.com/@kevinfremon,"{""platform"": ""TikTok"", ""handle"": ""@kevinfremon"", ""bio_preview"": ""Builder at heart.\nCurrently building a software company with AI.\nSharing the journey.\nLet's lock in "", ""external_link"": ""www.lightbulbmoment.com/links"", ""aigc_verdict"": ""yes"", ""ai_reasoning"": ""Rule-based keyword fallback""}"
https://www.facebook.com/mausampuriedu,@mausampuriedu,Facebook,1.2K,,,,2026-09-17T02:17:57Z,,English,GenAI,https://www.instagram.com/aimausampuri,yes,,,Facebook scrape: followers=1.2K; bio_preview=Mausam Puri 1.2K followers • 1 following Posts About Ph,https://www.facebook.com/mausampuriedu,https://www.facebook.com/mausampuriedu,"{""platform"": ""Facebook"", ""handle"": ""@mausampuriedu"", ""title"": ""Mausam Puri | Kathmandu"", ""bio_preview"": ""Mausam Puri 1.2K followers \u2022 1 following Posts About Photos Intro Mausam Puri | AI Filmmaker |"", ""external_link"": ""https://www.instagram.com/aimausampuri"", ""aigc_verdict"": ""yes"", ""ai_reasoning"": ""Rule-based keyword fallback"", ""follower_raw_locale"": ""1.2K""}"
https://www.facebook.com/shimira,@shimira,Facebook,2.1K,,,,2026-09-17T02:24:38Z,,English,GenAI,https://www.facebook.com/shimira,yes,,,Facebook scrape: followers=2.1K; bio_preview=Shimira Cole (MiraCole) 2.1K followers • 428 following,https://www.facebook.com/shimira,https://www.facebook.com/shimira,"{""platform"": ""Facebook"", ""handle"": ""@shimira"", ""title"": ""Shimira Cole"", ""bio_preview"": ""Shimira Cole (MiraCole) 2.1K followers \u2022 428 following Posts About Photos Intro An Ai filmmaker"", ""external_link"": """", ""aigc_verdict"": ""yes"", ""ai_reasoning"": ""Rule-based keyword fallback"", ""follower_raw_locale"": ""2.1K""}"
https://www.facebook.com/avi.bandyopadhyay,@avi.bandyopadhyay,Facebook,5.9K,,,,2026-09-17T01:39:14Z,,English,GenAI,https://www.instagram.com/avibandyopadhyay/?hl=en,hybrid,,,"Facebook scrape: followers=5,885; bio_preview=Avi Bandyopadhyay 5.8K • 3.9K Siara",https://facebook.com/avi.bandyopadhyay,https://facebook.com/avi.bandyopadhyay,"{""platform"": ""Facebook"", ""handle"": ""@avi.bandyopadhyay"", ""title"": ""Avi Bandyopadhyay"", ""bio_preview"": ""Avi Bandyopadhyay 5.8K \u2022 3.9K Raconteu"", ""external_link"": ""https://www.instagram.com/https%3A%2F%2Fwww.instagram.com%2Favibandyopadhyay%2F%3Fhl%3Den"", ""aigc_verdict"": ""hybrid"", ""ai_reasoning"": ""Rule-based keyword fallback"", ""follower_raw_locale"": ""5.9K""}"
https://www.facebook.com/duekneel,@duekneel,Facebook,559.7K,helloduekneel@gmail.com,,,2026-09-17T01:40:52Z,,English,GenAI,https://duekneel.carrd.co/,yes,,,"Facebook scrape: followers=559,676; bio_preview=duekneel 559K • 325",https://facebook.com/duekneel,https://facebook.com/duekneel,"{""platform"": ""Facebook"", ""handle"": ""@duekneel"", ""title"": ""duekneel"", ""bio_preview"": ""duekneel 559K \u2022 325 \ud83d\udd17 https://duekneel"", ""external_link"": ""https://duekneel.carrd.co/"", ""aigc_verdict"": ""yes"", ""ai_reasoning"": ""Rule-based keyword fallback"", ""follower_raw_locale"": ""559.7K""}"
https://www.facebook.com/muddaseraltaf,@muddaseraltaf,Facebook,1.1M,,,,2026-09-17T01:41:13Z,,English,GenAI,http://media87.com/,yes,,,"Facebook scrape: followers=1,108,428; bio_preview=Muddaser Altaf 1.1J • 552 Pe",https://facebook.com/muddaseraltaf,https://facebook.com/muddaseraltaf,"{""platform"": ""Facebook"", ""handle"": ""@muddaseraltaf"", ""title"": ""Muddaser Altaf"", ""bio_preview"": ""Muddaser Altaf 1.1J \u2022 552 Digital mark"", ""external_link"": ""http://media87.com/"", ""aigc_verdict"": ""yes"", ""ai_reasoning"": ""Rule-based keyword fallback"", ""follower_raw_locale"": ""1.1M""}"
https://www.facebook.com/themustafatalks,@themustafatalks,Facebook,26.7K,themustafatalks@gmail.com,,,2026-09-17T01:41:34Z,,English,GenAI,https://www.instagram.com/themustafatalks,yes,,,"Facebook scrape: followers=26,737; bio_preview=The Mustafa talks 26K • 217",https://facebook.com/themustafatalks,https://facebook.com/themustafatalks,"{""platform"": ""Facebook"", ""handle"": ""@themustafatalks"", ""title"": ""The Mustafa talks"", ""bio_preview"": ""The Mustafa talks 26K \u2022 217 Unveiling"", ""external_link"": ""https://www.instagram.com/themustafatalks"", ""aigc_verdict"": ""yes"", ""ai_reasoning"": ""Rule-based keyword fallback"", ""follower_raw_locale"": ""26.7K""}"
https://www.facebook.com/tombilyeu,@tombilyeu,Facebook,1.3M,connect@impacttheory.com,,,2026-09-17T01:41:55Z,,English,GenAI,https://linktr.ee/tombilyeu,hybrid,,,"Facebook scrape: followers=1,339,450; bio_preview=Tom Bilyeu 1.3J • 26",https://facebook.com/tombilyeu,https://facebook.com/tombilyeu,"{""platform"": ""Facebook"", ""handle"": ""@tombilyeu"", ""title"": ""Tom Bilyeu"", ""bio_preview"": ""Tom Bilyeu 1.3J \u2022 26 \ud83c\udfac Co-Founder and"", ""external_link"": ""https://linktr.ee/tombilyeu"", ""aigc_verdict"": ""hybrid"", ""ai_reasoning"": ""Rule-based keyword fallback"", ""follower_raw_locale"": ""1.3M""}"
https://www.facebook.com/100090113973595,@100090113973595,Facebook,78.8K,,,,2026-09-17T01:40:10Z,,English,GenAI,https://facebook.com/100090113973595,hybrid,,,"Facebook scrape: followers=78,812; bio_preview=Tech Toil 78K • 5 Re",https://facebook.com/100090113973595,https://facebook.com/100090113973595,"{""platform"": ""Facebook"", ""handle"": ""@100090113973595"", ""title"": ""Tech Toil | Moradabad"", ""bio_preview"": ""Tech Toil 78K \u2022 5 Tech | tips&tricks Y"", ""external_link"": """", ""aigc_verdict"": ""hybrid"", ""ai_reasoning"": ""Rule-based keyword fallback"", ""follower_raw_locale"": ""78.8K""}"
https://www.facebook.com/100095042125983,@100095042125983,Facebook,27.5K,casey.fiesler@colorado.edu,,,2026-09-17T01:40:31Z,,English,GenAI,https://www.instagram.com/professorcasey,yes,,,"Facebook scrape: followers=27,494; bio_preview=Professor Casey 27K • 6 Peri",https://facebook.com/100095042125983,https://facebook.com/100095042125983,"{""platform"": ""Facebook"", ""handle"": ""@100095042125983"", ""title"": ""Professor Casey"", ""bio_preview"": ""Professor Casey 27K \u2022 6 Professor Case"", ""external_link"": ""https://www.instagram.com/professorcasey"", ""aigc_verdict"": ""yes"", ""ai_reasoning"": ""Rule-based keyword fallback"", ""follower_raw_locale"": ""27.5K""}"
https://www.facebook.com/serviceclickcorporation,serviceclickcorporation,Facebook,,,"AIGC,Meta,discovery-only",New,2026-07-18T10:10:19Z,,,,,unsure,2026-07-18T10:10:19Z,"SearXNG Meta site-scope: ""AI video creator"" ""digital creator"" site:facebook.com","Meta routine: discovery-only; no computer_use. META_GRAPH_TOKEN/META_IG_USER_ID not both configured, so Graph business_discovery/Page profiling not run. Flag for seated computer_use/API follow-up; search snippet not used for follower/verdict.",,https://www.facebook.com/serviceclickcorporation/,"{""discovery"":{""source"":""SearXNG"",""query"":""\""AI video creator\"" \""digital creator\"" site:facebook.com"",""url"":""https://www.facebook.com/serviceclickcorporation/"",""title"":""AI Video Creator | Arlington TN - Facebook"",""snippet"":""AI Video Creator, Arlington. 53 likes. AI-VideoCreator—the ultimate end-to-end video creation and social media integration ... 󱞴 Digital creator. 󱙶. Follow ...""},""profile"":{""source"":""Meta Graph"",""status"":""not_run_missing_META_GRAPH_TOKEN_or_META_IG_USER_ID""},""aigc_verdict"":{""value"":""unsure"",""reason"":""routine cannot infer yes/no from search snippet; no computer_use in run""},""follower_count"":{""value"":"""",""reason"":""not recorded from search snippet""}}"
https://www.instagram.com/ana_ai_finds,@ana_ai_finds,Instagram,548K,,,,2026-09-17T03:27:28Z,,English,GenAI,https://www.instagram.com/ana_ai_finds,yes,,,Playwright scrape: followers=548K,https://www.instagram.com/ana_ai_finds,https://www.instagram.com/ana_ai_finds,"{""platform"": ""Instagram"", ""handle"": ""@ana_ai_finds"", ""og_description"": ""548K Followers, 61 Following, 187 Posts - See Instagram photos and videos from  (@ana_ai_finds)"", ""aigc_verdict"": ""yes"", ""follower_raw_locale"": ""548K""}"
https://civitai.com/user/soralz,@soralz,Civitai,,,"AIGC,Sora",New,2026-08-27T06:17:37Z,,English,LoRA,https://civitai.com/user/soralz,yes,2026-08-06T14:13:11Z,"off-platform sweep (ddgs): ""AI video"" ""Sora"" site:civitai.com/user","Civitai API: models=354; tags=八奈見杏菜, 周防有希, tokidoki bosotto russia-go",https://civitai.com/user/soralz/models,,"{""platform"": ""Civitai"", ""username"": ""soralz"", ""model_count"": 354, ""top_tags"": [""\u516b\u5948\u898b\u674f\u83dc"", ""\u5468\u9632\u6709\u5e0c"", ""tokidoki bosotto russia-go de dereru tonari no alya-san"", ""anime"", ""\u30a2\u30ea\u30b5\u30fb\u30df\u30cf\u30a4\u30ed\u30f4\u30ca\u30fb\u4e5d\u6761""], ""aigc_verdict"": ""yes"", ""ai_reasoning"": ""Rule-based fallback for Civitai creator""}"
https://civitai.com/user/aimetatron/videos,aimetatron,Civitai,,,"AIGC,Civitai,video,MiniMax H3",New,2026-08-10T06:27:40Z,,,MiniMax H3,https://image.civitai.com/xG1nkqKTMzGDvpLrqFT7WA/42f3c9a2-e710-4d18-9dec-dc20ac54ee7f/original=true/42f3c9a2-e710-4d18-9dec-dc20ac54ee7f.mp4,yes,2026-07-30T14:17:16Z,Civitai API refresh,public_sfw_video_items: 10,,https://civitai.com/user/aimetatron/videos,"{""video_content"": {""source"": ""civitai_images_api"", ""url"": ""https://civitai.com/api/v1/images"", ""items"": 10, ""type"": ""video"", ""nsfw"": false}, ""aigc_verdict"": {""source"": ""civitai_video_api"", ""url"": ""https://image.civitai.com/xG1nkqKTMzGDvpLrqFT7WA/42f3c9a2-e710-4d18-9dec-dc20ac54ee7f/original=true/42f3c9a2-e710-4d18-9dec-dc20ac54ee7f.mp4"", ""note"": ""Civitai public video item confirms AI-generated video output""}}"
https://www.youtube.com/@ARTificialVideo,ARTificial Video,youtube,14.3K,,,,2026-09-18T01:16:54Z,,English,Midjourney,https://www.youtube.com/@ARTificialVideo/videos,yes,,,api_refresh: YouTube subscribers=14300; videos=2; channelId=UC2BmpDwbYxle6gjImeLv1Vg; recent_title=ARTificial Video - Videos,https://www.youtube.com/feeds/videos.xml?channel_id=UC2BmpDwbYxle6gjImeLv1Vg,https://www.youtube.com/@ARTificialVideo/about,"{""follower_count"": {""source"": ""yt-dlp.channel_info"", ""channelId"": ""UC2BmpDwbYxle6gjImeLv1Vg"", ""profileUrl"": ""https://www.youtube.com/@ARTificialVideo""}, ""bio"": {""source"": ""yt-dlp.channel_description"", ""channel_id"": ""UC2BmpDwbYxle6gjImeLv1Vg"", ""preview"": ""ART made by AIs\n\nThis channel isn't monetized. The ads you see are because of the copyright claims, ""}, ""aigc_verdict"": {""source"": ""ollama.llama3.2"", ""verdict"": ""yes"", ""details"": ""Rule-based keyword extraction fallback""}, ""recent_uploads"": {""sample"": ""https://www.youtube.com/@ARTificialVideo/videos"", ""sample_title"": ""ARTificial Video - Videos""}, ""follower_raw_locale"": ""14300""}"
https://www.tiktok.com/@ailoubfreitas,@ailoubfreitas,tiktok,51.6K,,,,2026-09-18T01:17:26Z,,English,GenAI,https://www.tiktok.com/@ailoubfreitas,yes,,,TikTok scrape: followers=51.6K; bio_link=none,https://www.tiktok.com/@ailoubfreitas,https://www.tiktok.com/@ailoubfreitas,"{""platform"": ""TikTok"", ""handle"": ""@ailoubfreitas"", ""bio_preview"": ""I am Lucas, and I use AI generator for images and art Email: ailoubfreitas@gmail"", ""external_link"": """", ""aigc_verdict"": ""yes"", ""ai_reasoning"": ""Rule-based keyword fallback"", ""follower_raw_locale"": ""51.6K""}"
https://www.instagram.com/dreampix_ai,@dreampix_ai,instagram,50K,,,,2026-09-18T01:17:52Z,,English,GenAI,https://www.instagram.com/dreampix_ai,yes,,,Playwright scrape: followers=50K,https://www.instagram.com/dreampix_ai,https://www.instagram.com/dreampix_ai,"{""platform"": ""Instagram"", ""handle"": ""@dreampix_ai"", ""og_description"": ""50K Followers, 33 Following, 327 Posts - See Instagram photos and videos from DreamPix - AI based content generator (@dr"", ""aigc_verdict"": ""yes"", ""follower_raw_locale"": ""50K""}"
https://www.tiktok.com/@straiart,@straiart,tiktok,249,,,,2026-09-18T01:18:15Z,,English,GenAI,https://www.tiktok.com/@straiart,yes,,,TikTok scrape: followers=249; bio_link=none,https://www.tiktok.com/@straiart,https://www.tiktok.com/@straiart,"{""platform"": ""TikTok"", ""handle"": ""@straiart"", ""bio_preview"": ""Anime and art enthusiast, my art is AI generated! on:https://bit.ly/strPix"", ""external_link"": """", ""aigc_verdict"": ""yes"", ""ai_reasoning"": ""Rule-based keyword fallback"", ""follower_raw_locale"": ""249""}"
https://www.youtube.com/@SandyLeeAI,Sandy Lee AI,youtube,72.3K,,,,2026-09-18T01:18:36Z,,English,GenAI,https://www.youtube.com/@SandyLeeAI/videos,yes,,,api_refresh: YouTube subscribers=72300; videos=2; channelId=UCcrH_UUxL4KFjS3pwaXvMXA; recent_title=Sandy Lee AI - Videos,https://www.youtube.com/feeds/videos.xml?channel_id=UCcrH_UUxL4KFjS3pwaXvMXA,https://www.youtube.com/@SandyLeeAI/about,"{""follower_count"": {""source"": ""yt-dlp.channel_info"", ""channelId"": ""UCcrH_UUxL4KFjS3pwaXvMXA"", ""profileUrl"": ""https://www.youtube.com/@SandyLeeAI""}, ""bio"": {""source"": ""yt-dlp.channel_description"", ""channel_id"": ""UCcrH_UUxL4KFjS3pwaXvMXA"", ""preview"": ""I grew a 550k following across three platforms since 2018. Then I started using AI and hit 10k on a ""}, ""aigc_verdict"": {""source"": ""ollama.llama3.2"", ""verdict"": ""yes"", ""details"": ""Rule-based keyword extraction fallback""}, ""recent_uploads"": {""sample"": ""https://www.youtube.com/@SandyLeeAI/videos"", ""sample_title"": ""Sandy Lee AI - Videos""}, ""follower_raw_locale"": ""72300""}"
https://www.instagram.com/ai_tammy_charles,@ai_tammy_charles,instagram,77,,,,2026-09-18T01:19:04Z,,English,GenAI,https://www.instagram.com/ai_tammy_charles,yes,,,Playwright scrape: followers=77,https://www.instagram.com/ai_tammy_charles,https://www.instagram.com/ai_tammy_charles,"{""platform"": ""Instagram"", ""handle"": ""@ai_tammy_charles"", ""og_description"": ""77 Followers, 82 Following, 232 Posts - See Instagram photos and videos from ATC (@ai_tammy_charles)"", ""aigc_verdict"": ""yes"", ""follower_raw_locale"": ""77""}"
https://www.youtube.com/@graceleungyl,Grace Leung,YouTube,146K,,,,2026-09-18T01:40:16Z,,English,GenAI,https://www.youtube.com/watch?v=L-X6HIrzrBI,yes,,,api_refresh: YouTube subscribers=146000; videos=None; channelId=UCrB7UFnkosBjAhOg3a9NdWw; recent_title=How to Get AI to Recommend Your Brand in 16 minutes | AEO Playbook,https://www.youtube.com/feeds/videos.xml?channel_id=UCrB7UFnkosBjAhOg3a9NdWw,https://www.youtube.com/@graceleungyl/about,"{""follower_count"": {""source"": ""yt-dlp.channel_info"", ""channelId"": ""UCrB7UFnkosBjAhOg3a9NdWw"", ""profileUrl"": ""https://www.youtube.com/@graceleungyl""}, ""bio"": {""source"": ""yt-dlp.channel_description"", ""channel_id"": ""UCrB7UFnkosBjAhOg3a9NdWw"", ""preview"": ""I share all things digital marketing, AI Strategy, professional growth, tech & business! \ud83d\udc4b\n\nI\u2019m Grac""}, ""aigc_verdict"": {""source"": ""ollama.llama3.2"", ""verdict"": ""yes"", ""details"": ""Rule-based keyword extraction fallback""}, ""recent_uploads"": {""sample"": ""https://www.youtube.com/watch?v=L-X6HIrzrBI"", ""sample_title"": ""How to Get AI to Recommend Your Brand in 16 minutes | AEO Playbook""}, ""follower_raw_locale"": ""146000""}"
https://www.youtube.com/@lai7h,Laith Talks AI,YouTube,12.3K,,,,2026-09-18T02:18:27Z,,English,GenAI,https://www.youtube.com/@lai7h/videos,yes,,,api_refresh: YouTube subscribers=12300; videos=2; channelId=UCUdNedSrz6KurDYa5hO94DQ; recent_title=Laith Talks AI - Videos,https://www.youtube.com/feeds/videos.xml?channel_id=UCUdNedSrz6KurDYa5hO94DQ,https://www.youtube.com/@lai7h/about,"{""follower_count"": {""source"": ""yt-dlp.channel_info"", ""channelId"": ""UCUdNedSrz6KurDYa5hO94DQ"", ""profileUrl"": ""https://www.youtube.com/@lai7h""}, ""bio"": {""source"": ""yt-dlp.channel_description"", ""channel_id"": ""UCUdNedSrz6KurDYa5hO94DQ"", ""preview"": ""Helping you make your first dollar using AI! \n""}, ""aigc_verdict"": {""source"": ""ollama.llama3.2"", ""verdict"": ""yes"", ""details"": ""Rule-based keyword extraction fallback""}, ""recent_uploads"": {""sample"": ""https://www.youtube.com/@lai7h/videos"", ""sample_title"": ""Laith Talks AI  - Videos""}, ""follower_raw_locale"": ""12300""}"
https://www.youtube.com/@haddockai,Haddock,youtube,959,,"AIGC, YouTube, AI-Creator",New,2026-09-18T02:41:14Z,,,GenAI,https://www.youtube.com/@haddockai/videos,yes,2026-09-18T02:41:14Z,youtube,api_refresh: YouTube subscribers=959; videos=2; channelId=UCrtj6cag279wOGqC279JCGg; recent_title=Haddock - Videos,https://www.youtube.com/feeds/videos.xml?channel_id=UCrtj6cag279wOGqC279JCGg,https://www.youtube.com/@haddockai/about,"{""follower_count"": {""source"": ""yt-dlp.channel_info"", ""channelId"": ""UCrtj6cag279wOGqC279JCGg"", ""profileUrl"": ""https://www.youtube.com/@haddockai""}, ""bio"": {""source"": ""yt-dlp.channel_description"", ""channel_id"": ""UCrtj6cag279wOGqC279JCGg"", ""preview"": ""Haddock provides Generative AI tools for gaming engines. Our tools include RobloxScripterAI, Minecra""}, ""aigc_verdict"": {""source"": ""ollama.llama3.2"", ""verdict"": ""yes"", ""details"": ""Rule-based keyword extraction fallback""}, ""recent_uploads"": {""sample"": ""https://www.youtube.com/@haddockai/videos"", ""sample_title"": ""Haddock - Videos""}, ""follower_raw_locale"": ""959""}"
https://www.tiktok.com/@robtheaiguy,@robtheaiguy,tiktok,164.2K,,"TikTok, AIGC, Creator",New,2026-09-18T02:47:04Z,,,GenAI,www.skool.com/ai-automation-school/about,yes,2026-09-18T02:47:05Z,tiktok,TikTok scrape: followers=164.2K; bio_link=www.skool.com/ai-automation-school/about,https://www.tiktok.com/@robtheaiguy,https://www.tiktok.com/@robtheaiguy,"{""platform"": ""TikTok"", ""handle"": ""@robtheaiguy"", ""bio_preview"": ""Latest AI Tools & News AI Automations & AI Agents Automate Your Work With AI \ud83d\udc47"", ""external_link"": ""www.skool.com/ai-automation-school/about"", ""aigc_verdict"": ""yes"", ""ai_reasoning"": ""Rule-based keyword fallback"", ""follower_raw_locale"": ""164.2K""}"
https://www.tiktok.com/@beyondframes_,@beyondframes_,TikTok,16.8K,,"TikTok, AIGC, Creator",New,2026-09-18T06:43:24Z,,,GenAI,youtube.com/@tashitfilms?si=VradTEcPhM1Cw4d9,hybrid,2026-09-18T06:33:05Z,tiktok,TikTok scrape: followers=16.8K; bio_link=youtube.com/@tashitfilms?si=VradTEcPhM1Cw4d9,https://www.tiktok.com/@beyondframes_,https://www.tiktok.com/@beyondframes_,"{""platform"": ""TikTok"", ""handle"": ""@beyondframes_"", ""bio_preview"": ""\ud83c\udfac Watch Full Videos on YouTube \ud83d\udd17 Click the link below! \ud83d\udc47"", ""external_link"": ""youtube.com/@tashitfilms?si=VradTEcPhM1Cw4d9"", ""aigc_verdict"": ""hybrid"", ""ai_reasoning"": ""Rule-based keyword fallback"", ""follower_raw_locale"": ""16.8K""}"
https://www.threads.net/@thisisnickys,@thisisnickys,Threads,59.5K,nicky@deeperthanthebrand.com,"Threads, AIGC, Creator",New,2026-09-18T06:44:02Z,,English,GenAI,https://www.nickysaunders.com/&e=AUDzkSuROtE2KZAbAF0eIvEcfK1ZjmxUr2_T71Gi8zZT4leG3vqbX4jnltEDuShdVzVt5wDo-PmdZeGBJhVDYR49zDpd8P42H53VoDKApaXWZLPn,yes,2026-09-18T06:37:24Z,threads,Threads scrape: followers=59.5K; bio_preview=59.5K Followers • 3.1K Threads • Helping you post consistent,https://www.threads.net/@thisisnickys,https://www.threads.net/@thisisnickys,"{""platform"": ""Threads"", ""handle"": ""@thisisnickys"", ""bio_preview"": ""59.5K Followers \u2022 3.1K Threads \u2022 Helping you post consistent content with AI tools & strategy. \ud83d\udce7 nic"", ""external_link"": ""https://l.threads.com/?u=https%3A%2F%2Fwww.nickysaunders.com%2F&e=AUDzkSuROtE2KZAbAF0eIvEcfK1ZjmxUr2_T71Gi8zZT4leG3vqbX4jnltEDuShdVzVt5wDo-PmdZeGBJhVDYR49zDpd8P42H53VoDKApaXWZLPn"", ""aigc_verdict"": ""yes"", ""ai_reasoning"": ""Rule-based keyword fallback"", ""follower_raw_locale"": ""59.5K""}"
